Trade number,Type,Date and time,Signal,Price USD,Size (qty),Size (value),Net PnL USD,Return %,Favorable excursion USD,Favorable excursion %,Adverse excursion USD,Adverse excursion %,Cumulative PnL USD,Cumulative PnL %,Duration (bars)
1,Exit long,2024-01-05 23:30,S1BB_TP1,2056.807,4.8,9823.5648,49.11,0.50,83.54,0.85,-0.15,0.00,49.11,0.49,1
1,Entry long,2024-01-05 23:00,S1BB_LE,2046.576,4.8,9823.5648,49.11,0.50,83.54,0.85,-0.15,0.00,49.11,0.49,1
2,Exit long,2024-01-11 02:00,S1BB_SL,2021.567,4.9,9955.4623,-49.78,-0.50,41.86,0.42,-49.78,-0.50,-0.68,-0.01,32
2,Entry long,2024-01-10 10:00,S1BB_LE,2031.727,4.9,9955.4623,-49.78,-0.50,41.86,0.42,-49.78,-0.50,-0.68,-0.01,32
3,Exit long,2024-01-11 21:30,S1BB_TP1,2037.197,4.9,9933.6279,48.64,0.49,60.27,0.61,-2.8,-0.03,47.96,0.48,26
3,Entry long,2024-01-11 08:30,S1BB_LE,2027.271,4.9,9933.6279,48.64,0.49,60.27,0.61,-2.8,-0.03,47.96,0.48,26
4,Exit long,2024-01-16 17:00,S1BB_SL,2040.748,4.8,9844.824,-49.23,-0.50,36.55,0.37,-49.23,-0.50,-1.27,-0.01,55
4,Entry long,2024-01-15 10:00,S1BB_LE,2051.005,4.8,9844.824,-49.23,-0.50,36.55,0.37,-49.23,-0.50,-1.27,-0.01,55
5,Exit long,2024-01-17 22:00,S1BB_SL,2015.884,4.9,9927.4784,-49.65,-0.50,14.96,0.15,-49.65,-0.50,-50.92,-0.51,6
5,Entry long,2024-01-17 19:00,S1BB_LE,2026.016,4.9,9927.4784,-49.65,-0.50,14.96,0.15,-49.65,-0.50,-50.92,-0.51,6
6,Exit long,2024-01-22 22:30,S1BB_SL,2016.815,4.9,9932.0599,-49.67,-0.50,61,0.61,-49.67,-0.50,-100.58,-1.01,60
6,Entry long,2024-01-19 15:30,S1BB_LE,2026.951,4.9,9932.0599,-49.67,-0.50,61,0.61,-49.67,-0.50,-100.58,-1.01,60
7,Exit long,2024-01-29 17:00,S1BB_TP1,2030.106,4.9,9898.0343,49.49,0.50,67.98,0.69,-21.59,-0.22,-51.1,-0.51,68
7,Entry long,2024-01-26 05:00,S1BB_LE,2020.007,4.9,9898.0343,49.49,0.50,67.98,0.69,-21.59,-0.22,-51.1,-0.51,68
8,Exit long,2024-02-02 01:30,S1BB_TP1,2056.32,4.8,9821.2368,49.1,0.50,93.64,0.95,-30.72,-0.31,-2,-0.02,5
8,Entry long,2024-02-01 23:00,S1BB_LE,2046.091,4.8,9821.2368,49.1,0.50,93.64,0.95,-30.72,-0.31,-2,-0.02,5
9,Exit long,2024-02-02 21:30,S1BB_SL,2045.752,4.8,9868.9632,-49.35,-0.50,7.61,0.08,-49.35,-0.50,-51.35,-0.51,3
9,Entry long,2024-02-02 20:00,S1BB_LE,2056.034,4.8,9868.9632,-49.35,-0.50,7.61,0.08,-49.35,-0.50,-51.35,-0.51,3
10,Exit long,2024-02-07 00:00,S1BB_TP1,2035.722,4.9,9925.4204,49.62,0.50,62.25,0.63,-15.17,-0.15,-1.74,-0.02,42
10,Entry long,2024-02-06 02:00,S1BB_LE,2025.596,4.9,9925.4204,49.62,0.50,62.25,0.63,-15.17,-0.15,-1.74,-0.02,42
11,Exit long,2024-02-08 20:00,S1BB_SL,2025.912,4.9,9976.8606,-49.89,-0.50,41.43,0.42,-49.89,-0.50,-51.63,-0.52,42
11,Entry long,2024-02-07 22:00,S1BB_LE,2036.094,4.9,9976.8606,-49.89,-0.50,41.43,0.42,-49.89,-0.50,-51.63,-0.52,42
12,Exit long,2024-02-12 22:00,S1BB_SL,2014.526,4.9,9920.7899,-49.61,-0.50,14.35,0.14,-49.61,-0.50,-101.24,-1.01,13
12,Entry long,2024-02-12 15:30,S1BB_LE,2024.651,4.9,9920.7899,-49.61,-0.50,14.35,0.14,-49.61,-0.50,-101.24,-1.01,13
13,Exit long,2024-02-19 09:00,S1BB_TP1,2018.339,4.9,9840.6651,49.2,0.50,60.91,0.62,-6.86,-0.07,-52.04,-0.52,15
13,Entry long,2024-02-17 00:30,S1BB_LE,2008.299,4.9,9840.6651,49.2,0.50,60.91,0.62,-6.86,-0.07,-52.04,-0.52,15
14,Exit long,2024-02-20 20:30,S1BB_TP1,2027.028,4.9,9883.0305,49.41,0.50,54.32,0.55,-1.2,-0.01,-2.64,-0.03,21
14,Entry long,2024-02-20 10:00,S1BB_LE,2016.945,4.9,9883.0305,49.41,0.50,54.32,0.55,-1.2,-0.01,-2.64,-0.03,21
15,Exit long,2024-02-23 17:00,S1BB_SL,2017.75,4.9,9936.6659,-49.69,-0.50,34.15,0.34,-49.69,-0.50,-52.33,-0.52,104
15,Entry long,2024-02-21 11:00,S1BB_LE,2027.891,4.9,9936.6659,-49.69,-0.50,34.15,0.34,-49.69,-0.50,-52.33,-0.52,104
16,Exit long,2024-02-24 05:00,S1BB_TP1,2035.249,4.9,9923.1125,49.61,0.50,80.38,0.81,-5.51,-0.06,-2.72,-0.03,17
16,Entry long,2024-02-23 20:30,S1BB_LE,2025.125,4.9,9923.1125,49.61,0.50,80.38,0.81,-5.51,-0.06,-2.72,-0.03,17
17,Exit long,2024-03-01 01:30,S1BB_TP1,2043.124,4.9,9961.5089,49.8,0.50,87.17,0.88,-43.42,-0.44,47.08,0.47,132
17,Entry long,2024-02-27 04:30,S1BB_LE,2032.961,4.9,9961.5089,49.8,0.50,87.17,0.88,-43.42,-0.44,47.08,0.47,132
18,Exit long,2024-03-04 16:00,S1BB_TP2,2086.444,4.8,9842.6928,172.24,1.75,181.29,1.84,-25.73,-0.26,219.32,2.19,41
18,Entry long,2024-03-01 18:30,S1BB_LE,2050.561,4.8,9842.6928,172.24,1.75,181.29,1.84,-25.73,-0.26,219.32,2.19,41
19,Exit long,2024-03-05 21:30,S1BB_TP2,2128.182,4.7,9830.4307,172.02,1.75,189.64,1.93,-6.49,-0.07,391.34,3.91,45
19,Entry long,2024-03-04 22:00,S1BB_LE,2091.581,4.7,9830.4307,172.02,1.75,189.64,1.93,-6.49,-0.07,391.34,3.91,45
20,Exit long,2024-03-06 23:00,S1BB_TP1,2140.127,4.6,9795.6126,48.97,0.50,90.75,0.93,-25.67,-0.26,440.31,4.40,15
20,Entry long,2024-03-06 15:30,S1BB_LE,2129.481,4.6,9795.6126,48.97,0.50,90.75,0.93,-25.67,-0.26,440.31,4.40,15
21,Exit long,2024-03-08 19:30,S1BB_TP1,2168.981,4.6,9927.6832,49.63,0.50,59.01,0.59,-21.12,-0.21,489.94,4.90,33
21,Entry long,2024-03-08 02:00,S1BB_LE,2158.192,4.6,9927.6832,49.63,0.50,59.01,0.59,-21.12,-0.21,489.94,4.90,33
22,Exit long,2024-03-12 20:00,S1BB_SL,2169.421,4.5,9811.458,-49.06,-0.50,24.15,0.25,-49.06,-0.50,440.88,4.41,53
22,Entry long,2024-03-11 16:30,S1BB_LE,2180.324,4.5,9811.458,-49.06,-0.50,24.15,0.25,-49.06,-0.50,440.88,4.41,53
23,Exit long,2024-03-13 23:30,S1BB_TP1,2171.593,4.6,9939.6386,49.69,0.50,63.25,0.64,-3.18,-0.03,490.57,4.91,10
23,Entry long,2024-03-13 18:30,S1BB_LE,2160.791,4.6,9939.6386,49.69,0.50,63.25,0.64,-3.18,-0.03,490.57,4.91,10
24,Exit long,2024-03-21 02:30,S1BB_TP1,2166.307,4.6,9915.4426,49.57,0.50,90.08,0.91,-29.12,-0.29,540.14,5.40,50
24,Entry long,2024-03-20 00:30,S1BB_LE,2155.531,4.6,9915.4426,49.57,0.50,90.08,0.91,-29.12,-0.29,540.14,5.40,50
25,Exit long,2024-03-23 00:30,S1BB_SL,2163.622,4.5,9785.232,-48.93,-0.50,25.35,0.26,-48.93,-0.50,491.2,4.91,7
25,Entry long,2024-03-22 21:00,S1BB_LE,2174.496,4.5,9785.232,-48.93,-0.50,25.35,0.26,-48.93,-0.50,491.2,4.91,7
26,Exit long,2024-03-26 21:30,S1BB_TP1,2179.135,4.6,9974.157,49.86,0.50,146.35,1.47,-23.44,-0.23,541.07,5.41,73
26,Entry long,2024-03-25 08:00,S1BB_LE,2168.295,4.6,9974.157,49.86,0.50,146.35,1.47,-23.44,-0.23,541.07,5.41,73
27,Exit long,2024-03-28 20:30,S1BB_TP1,2205.687,4.5,9876.2175,49.37,0.50,99.79,1.01,-17.95,-0.18,590.44,5.90,19
27,Entry long,2024-03-28 11:00,S1BB_LE,2194.715,4.5,9876.2175,49.37,0.50,99.79,1.01,-17.95,-0.18,590.44,5.90,19
28,Exit long,2024-04-02 16:30,S1BB_TP1,2259.766,4.4,9893.51,49.46,0.50,62.94,0.64,-9.79,-0.10,639.9,6.40,22
28,Entry long,2024-04-02 04:30,S1BB_LE,2248.525,4.4,9893.51,49.46,0.50,62.94,0.64,-9.79,-0.10,639.9,6.40,22
29,Exit long,2024-04-03 04:00,S1BB_TP1,2277.173,4.4,9969.718,49.84,0.50,59.4,0.60,-4.16,-0.04,689.75,6.90,4
29,Entry long,2024-04-03 02:00,S1BB_LE,2265.845,4.4,9969.718,49.84,0.50,59.4,0.60,-4.16,-0.04,689.75,6.90,4
30,Exit long,2024-04-04 14:00,S1BB_TP1,2294.599,4.3,9786.9419,79.83,0.82,124.36,1.27,-9.6,-0.10,769.58,7.70,29
30,Entry long,2024-04-03 22:30,S1BB_LE,2276.033,4.3,9786.9419,79.83,0.82,124.36,1.27,-9.6,-0.10,769.58,7.70,29
31,Exit long,2024-04-05 03:30,S1BB_SL,2283.635,4.3,9868.9816,-49.35,-0.50,45.14,0.46,-49.35,-0.50,720.23,7.20,9
31,Entry long,2024-04-04 23:00,S1BB_LE,2295.112,4.3,9868.9816,-49.35,-0.50,45.14,0.46,-49.35,-0.50,720.23,7.20,9
32,Exit long,2024-04-08 06:00,S1BB_TP2,2329.17,4.3,9843.1816,172.25,1.75,177.84,1.81,-38.17,-0.39,892.48,8.92,26
32,Entry long,2024-04-05 16:00,S1BB_LE,2289.112,4.3,9843.1816,172.25,1.75,177.84,1.81,-38.17,-0.39,892.48,8.92,26
33,Exit long,2024-04-09 16:00,S1BB_TP1,2353.339,4.2,9834.8544,49.17,0.50,64.55,0.66,-21.97,-0.22,941.65,9.42,25
33,Entry long,2024-04-09 02:30,S1BB_LE,2341.632,4.2,9834.8544,49.17,0.50,64.55,0.66,-21.97,-0.22,941.65,9.42,25
34,Exit long,2024-04-10 20:30,S1BB_SL,2341.584,4.2,9884.0784,-49.43,-0.50,28.22,0.29,-49.43,-0.50,892.22,8.92,30
34,Entry long,2024-04-10 04:30,S1BB_LE,2353.352,4.2,9884.0784,-49.43,-0.50,28.22,0.29,-49.43,-0.50,892.22,8.92,30
35,Exit long,2024-04-12 01:30,S1BB_TP1,2354.235,4.2,9838.6008,49.19,0.50,61.45,0.62,-43.38,-0.44,941.41,9.41,8
35,Entry long,2024-04-11 21:30,S1BB_LE,2342.524,4.2,9838.6008,49.19,0.50,61.45,0.62,-43.38,-0.44,941.41,9.41,8
36,Exit long,2024-04-15 21:30,S1BB_SL,2346.22,4.2,9903.6504,-49.53,-0.50,12.93,0.13,-49.53,-0.50,891.88,8.92,3
36,Entry long,2024-04-15 20:00,S1BB_LE,2358.012,4.2,9903.6504,-49.53,-0.50,12.93,0.13,-49.53,-0.50,891.88,8.92,3
37,Exit long,2024-04-16 14:30,S1BB_TP1,2379.182,4.2,9940.8162,51.75,0.52,106.26,1.07,-19.84,-0.20,943.63,9.44,24
37,Entry long,2024-04-16 01:30,S1BB_LE,2366.861,4.2,9940.8162,51.75,0.52,106.26,1.07,-19.84,-0.20,943.63,9.44,24
38,Exit long,2024-04-17 01:00,S1BB_TP1,2391.591,4.2,9994.7148,49.97,0.50,77.81,0.78,-6.74,-0.07,993.6,9.94,3
38,Entry long,2024-04-16 23:30,S1BB_LE,2379.694,4.2,9994.7148,49.97,0.50,77.81,0.78,-6.74,-0.07,993.6,9.94,3
39,Exit long,2024-04-18 00:30,S1BB_SL,2376.513,4.1,9792.6737,-48.97,-0.50,29.04,0.30,-48.97,-0.50,944.63,9.45,16
39,Entry long,2024-04-17 16:30,S1BB_LE,2388.457,4.1,9792.6737,-48.97,-0.50,29.04,0.30,-48.97,-0.50,944.63,9.45,16
40,Exit long,2024-04-19 10:00,S1BB_TP1,2407.588,4.1,9822.0051,49.11,0.50,91.34,0.93,-2.1,-0.02,993.73,9.94,1
40,Entry long,2024-04-19 09:30,S1BB_LE,2395.611,4.1,9822.0051,49.11,0.50,91.34,0.93,-2.1,-0.02,993.73,9.94,1
41,Exit long,2024-04-23 22:00,S1BB_TP1,2323.263,4.3,9940.3358,49.7,0.50,87.65,0.88,-9.92,-0.10,1043.43,10.43,2
41,Entry long,2024-04-23 21:00,S1BB_LE,2311.706,4.3,9940.3358,49.7,0.50,87.65,0.88,-9.92,-0.10,1043.43,10.43,2
42,Exit long,2024-04-24 16:00,S1BB_SL,2316.175,4.2,9776.8272,-48.89,-0.50,14.6,0.15,-48.89,-0.50,994.53,9.95,8
42,Entry long,2024-04-24 12:00,S1BB_LE,2327.816,4.2,9776.8272,-48.89,-0.50,14.6,0.15,-48.89,-0.50,994.53,9.95,8
43,Exit long,2024-04-25 03:30,S1BB_SL,2317.93,4.2,9784.2318,-48.93,-0.50,32.47,0.33,-48.93,-0.50,945.61,9.46,9
43,Entry long,2024-04-24 23:00,S1BB_LE,2329.579,4.2,9784.2318,-48.93,-0.50,32.47,0.33,-48.93,-0.50,945.61,9.46,9
44,Exit long,2024-04-25 23:00,S1BB_TP1,2331.369,4.3,9975.0196,49.87,0.50,108.01,1.08,-63.96,-0.64,995.48,9.95,24
44,Entry long,2024-04-25 11:00,S1BB_LE,2319.772,4.3,9975.0196,49.87,0.50,108.01,1.08,-63.96,-0.64,995.48,9.95,24
45,Exit long,2024-04-26 16:30,S1BB_TP1,2346.353,4.2,9805.6602,49.02,0.50,65.18,0.66,-13.93,-0.14,1044.5,10.44,12
45,Entry long,2024-04-26 10:30,S1BB_LE,2334.681,4.2,9805.6602,49.02,0.50,65.18,0.66,-13.93,-0.14,1044.5,10.44,12
46,Exit long,2024-04-29 21:30,S1BB_SL,2325.479,4.2,9816.0972,-49.09,-0.50,30.13,0.31,-49.09,-0.50,995.41,9.95,11
46,Entry long,2024-04-29 16:00,S1BB_LE,2337.166,4.2,9816.0972,-49.09,-0.50,30.13,0.31,-49.09,-0.50,995.41,9.95,11
47,Exit long,2024-04-30 12:00,S1BB_SL,2325.976,4.2,9818.1972,-49.1,-0.50,38.19,0.39,-49.1,-0.50,946.32,9.46,24
47,Entry long,2024-04-29 23:00,S1BB_LE,2337.666,4.2,9818.1972,-49.1,-0.50,38.19,0.39,-49.1,-0.50,946.32,9.46,24
48,Exit long,2024-05-01 22:30,S1BB_TP1,2303.31,4.3,9854.9636,49.27,0.50,80.19,0.81,-13.55,-0.14,995.58,9.96,9
48,Entry long,2024-05-01 18:00,S1BB_LE,2291.852,4.3,9854.9636,49.27,0.50,80.19,0.81,-13.55,-0.14,995.58,9.96,9
49,Exit long,2024-05-03 20:00,S1BB_SL,2295.747,4.3,9921.3255,-49.61,-0.50,6.34,0.06,-49.61,-0.50,945.97,9.46,14
49,Entry long,2024-05-03 13:00,S1BB_LE,2307.285,4.3,9921.3255,-49.61,-0.50,6.34,0.06,-49.61,-0.50,945.97,9.46,14
50,Exit long,2024-05-06 10:30,S1BB_TP1,2313.48,4.3,9898.4796,49.48,0.50,57.57,0.58,-44.6,-0.45,995.46,9.95,15
50,Entry long,2024-05-04 02:00,S1BB_LE,2301.972,4.3,9898.4796,49.48,0.50,57.57,0.58,-44.6,-0.45,995.46,9.95,15
51,Exit long,2024-05-08 09:30,S1BB_SL,2308.23,4.3,9975.2733,-49.88,-0.50,6.57,0.07,-49.88,-0.50,945.57,9.46,20
51,Entry long,2024-05-07 22:30,S1BB_LE,2319.831,4.3,9975.2733,-49.88,-0.50,6.57,0.07,-49.88,-0.50,945.57,9.46,20
52,Exit long,2024-05-08 16:00,S1BB_SL,2304.364,4.3,9958.5635,-49.8,-0.50,23.41,0.24,-49.8,-0.50,895.77,8.96,9
52,Entry long,2024-05-08 11:30,S1BB_LE,2315.945,4.3,9958.5635,-49.8,-0.50,23.41,0.24,-49.8,-0.50,895.77,8.96,9
53,Exit long,2024-05-10 14:00,S1BB_TP2,2355.962,4.3,9956.4049,174.23,1.75,186.52,1.87,-39.31,-0.39,1070,10.70,82
53,Entry long,2024-05-08 19:00,S1BB_LE,2315.443,4.3,9956.4049,174.23,1.75,186.52,1.87,-39.31,-0.39,1070,10.70,82
54,Exit long,2024-05-13 09:00,S1BB_SL,2357.225,4.2,9950.1024,-49.76,-0.50,1.97,0.02,-49.76,-0.50,1020.25,10.20,11
54,Entry long,2024-05-11 02:30,S1BB_LE,2369.072,4.2,9950.1024,-49.76,-0.50,1.97,0.02,-49.76,-0.50,1020.25,10.20,11
55,Exit long,2024-05-14 22:00,S1BB_TP1,2349.962,4.2,9820.7424,49.1,0.50,78.7,0.80,-15.84,-0.16,1069.35,10.69,27
55,Entry long,2024-05-14 08:30,S1BB_LE,2338.272,4.2,9820.7424,49.1,0.50,78.7,0.80,-15.84,-0.16,1069.35,10.69,27
56,Exit long,2024-05-16 02:30,S1BB_TP1,2385.549,4.2,9969.4644,49.84,0.50,69.59,0.70,-3.7,-0.04,1119.19,11.19,7
56,Entry long,2024-05-15 23:00,S1BB_LE,2373.682,4.2,9969.4644,49.84,0.50,69.59,0.70,-3.7,-0.04,1119.19,11.19,7
57,Exit long,2024-05-20 19:00,S1BB_TP2,2431.699,4.2,9996.4284,216.71,2.17,293.99,2.94,-2.95,-0.03,1335.89,13.36,57
57,Entry long,2024-05-17 13:30,S1BB_LE,2380.102,4.2,9996.4284,216.71,2.17,293.99,2.94,-2.95,-0.03,1335.89,13.36,57
58,Exit long,2024-05-21 04:30,S1BB_SL,2423.071,4.1,9984.5209,-49.93,-0.50,8.7,0.09,-49.93,-0.50,1285.96,12.86,5
58,Entry long,2024-05-21 02:00,S1BB_LE,2435.249,4.1,9984.5209,-49.93,-0.50,8.7,0.09,-49.93,-0.50,1285.96,12.86,5
59,Exit long,2024-05-21 10:00,S1BB_SL,2418.456,4.1,9965.5051,-49.84,-0.50,0.12,0.00,-49.84,-0.50,1236.13,12.36,1
59,Entry long,2024-05-21 09:30,S1BB_LE,2430.611,4.1,9965.5051,-49.84,-0.50,0.12,0.00,-49.84,-0.50,1236.13,12.36,1
60,Exit long,2024-05-22 19:30,S1BB_SL,2407.691,4.1,9921.1431,-49.61,-0.50,57.85,0.58,-49.61,-0.50,1186.52,11.87,47
60,Entry long,2024-05-21 19:00,S1BB_LE,2419.791,4.1,9921.1431,-49.61,-0.50,57.85,0.58,-49.61,-0.50,1186.52,11.87,47
61,Exit long,2024-05-27 11:30,S1BB_TP1,2346.725,4.2,9807.2142,49.03,0.50,52.71,0.54,-14.91,-0.15,1235.55,12.36,43
61,Entry long,2024-05-24 13:00,S1BB_LE,2335.051,4.2,9807.2142,49.03,0.50,52.71,0.54,-14.91,-0.15,1235.55,12.36,43
62,Exit long,2024-05-27 22:30,S1BB_TP1,2356.001,4.2,9845.9802,49.22,0.50,59.93,0.61,-8.49,-0.09,1284.77,12.85,11
62,Entry long,2024-05-27 17:00,S1BB_LE,2344.281,4.2,9845.9802,49.22,0.50,59.93,0.61,-8.49,-0.09,1284.77,12.85,11
63,Exit long,2024-05-29 17:00,S1BB_SL,2342.563,4.2,9888.2112,-49.45,-0.50,41.09,0.42,-49.45,-0.50,1235.33,12.35,39
63,Entry long,2024-05-28 20:30,S1BB_LE,2354.336,4.2,9888.2112,-49.45,-0.50,41.09,0.42,-49.45,-0.50,1235.33,12.35,39
64,Exit long,2024-05-31 21:30,S1BB_TP1,2348.625,4.2,9815.1564,49.07,0.50,95.75,0.98,-27.9,-0.28,1284.4,12.84,54
64,Entry long,2024-05-30 17:30,S1BB_LE,2336.942,4.2,9815.1564,49.07,0.50,95.75,0.98,-27.9,-0.28,1284.4,12.84,54
65,Exit long,2024-06-05 13:30,S1BB_TP1,2339.428,4.2,9776.7222,48.88,0.50,58.33,0.60,-9.2,-0.09,1333.27,13.33,13
65,Entry long,2024-06-05 07:00,S1BB_LE,2327.791,4.2,9776.7222,48.88,0.50,58.33,0.60,-9.2,-0.09,1333.27,13.33,13
66,Exit long,2024-06-06 00:00,S1BB_TP1,2353.62,4.2,9836.5512,48.65,0.49,64.28,0.65,-34.17,-0.35,1381.92,13.82,6
66,Entry long,2024-06-05 21:00,S1BB_LE,2342.036,4.2,9836.5512,48.65,0.49,64.28,0.65,-34.17,-0.35,1381.92,13.82,6
67,Exit long,2024-06-07 13:00,S1BB_TP1,2386.503,4.2,9973.4502,49.86,0.50,54.93,0.55,-24.91,-0.25,1431.79,14.32,25
67,Entry long,2024-06-06 23:30,S1BB_LE,2374.631,4.2,9973.4502,49.86,0.50,54.93,0.55,-24.91,-0.25,1431.79,14.32,25
68,Exit long,2024-06-11 09:00,S1BB_TP1,2307.732,4.3,9873.8836,49.36,0.50,75.54,0.77,-4.09,-0.04,1481.15,14.81,27
68,Entry long,2024-06-10 18:30,S1BB_LE,2296.252,4.3,9873.8836,49.36,0.50,75.54,0.77,-4.09,-0.04,1481.15,14.81,27
69,Exit long,2024-06-11 21:00,S1BB_TP1,2317.467,4.3,9915.5377,49.57,0.50,60.16,0.61,-19.43,-0.20,1530.72,15.31,8
69,Entry long,2024-06-11 17:00,S1BB_LE,2305.939,4.3,9915.5377,49.57,0.50,60.16,0.61,-19.43,-0.20,1530.72,15.31,8
70,Exit long,2024-06-12 21:30,S1BB_TP1,2327.519,4.3,9958.5463,49.79,0.50,110.72,1.11,-23.4,-0.23,1580.51,15.81,14
70,Entry long,2024-06-12 14:30,S1BB_LE,2315.941,4.3,9958.5463,49.79,0.50,110.72,1.11,-23.4,-0.23,1580.51,15.81,14
71,Exit long,2024-06-13 22:00,S1BB_SL,2307.414,4.3,9971.7473,-49.87,-0.50,24.72,0.25,-49.87,-0.50,1530.64,15.31,1
71,Entry long,2024-06-13 21:30,S1BB_LE,2319.011,4.3,9971.7473,-49.87,-0.50,24.72,0.25,-49.87,-0.50,1530.64,15.31,1
72,Exit long,2024-06-17 23:30,S1BB_SL,2312.001,4.3,9991.5703,-49.97,-0.50,17.28,0.17,-49.97,-0.50,1480.67,14.81,4
72,Entry long,2024-06-17 21:30,S1BB_LE,2323.621,4.3,9991.5703,-49.97,-0.50,17.28,0.17,-49.97,-0.50,1480.67,14.81,4
73,Exit long,2024-06-18 18:30,S1BB_SL,2307.398,4.3,9971.6742,-49.86,-0.50,28.75,0.29,-49.86,-0.50,1430.81,14.31,26
73,Entry long,2024-06-18 04:30,S1BB_LE,2318.994,4.3,9971.6742,-49.86,-0.50,28.75,0.29,-49.86,-0.50,1430.81,14.31,26
74,Exit long,2024-06-20 12:30,S1BB_TP1,2338.237,4.2,9771.741,48.85,0.50,52.02,0.53,-33.62,-0.34,1479.66,14.80,68
74,Entry long,2024-06-18 22:00,S1BB_LE,2326.605,4.2,9771.741,48.85,0.50,52.02,0.53,-33.62,-0.34,1479.66,14.80,68
75,Exit long,2024-06-25 23:30,S1BB_SL,2318.938,4.2,9788.4864,-48.95,-0.50,27.42,0.28,-48.95,-0.50,1430.72,14.31,50
75,Entry long,2024-06-24 21:30,S1BB_LE,2330.592,4.2,9788.4864,-48.95,-0.50,27.42,0.28,-48.95,-0.50,1430.72,14.31,50
76,Exit long,2024-07-03 15:30,S1BB_TP1,2339.308,4.2,9776.2182,48.88,0.50,70.18,0.72,-40.2,-0.41,1479.59,14.80,140
76,Entry long,2024-06-28 14:30,S1BB_LE,2327.671,4.2,9776.2182,48.88,0.50,70.18,0.72,-40.2,-0.41,1479.59,14.80,140
77,Exit long,2024-07-09 22:30,S1BB_SL,2355.842,4.2,9944.2644,-49.73,-0.50,15.99,0.16,-49.73,-0.50,1429.87,14.30,1
77,Entry long,2024-07-09 22:00,S1BB_LE,2367.682,4.2,9944.2644,-49.73,-0.50,15.99,0.16,-49.73,-0.50,1429.87,14.30,1
78,Exit long,2024-07-10 22:30,S1BB_TP1,2375.77,4.2,9928.5984,49.64,0.50,95.63,0.96,-7.82,-0.08,1479.5,14.80,38
78,Entry long,2024-07-10 02:30,S1BB_LE,2363.952,4.2,9928.5984,49.64,0.50,95.63,0.96,-7.82,-0.08,1479.5,14.80,38
79,Exit long,2024-07-11 23:00,S1BB_TP2,2417.427,4.2,9978.5742,174.62,1.75,176.94,1.77,-10.71,-0.11,1654.12,16.54,26
79,Entry long,2024-07-11 10:00,S1BB_LE,2375.851,4.2,9978.5742,174.62,1.75,176.94,1.77,-10.71,-0.11,1654.12,16.54,26
80,Exit long,2024-07-16 01:30,S1BB_TP1,2420.899,4.1,9876.3096,49.38,0.50,126.68,1.28,-32.62,-0.33,1703.5,17.03,51
80,Entry long,2024-07-12 23:00,S1BB_LE,2408.856,4.1,9876.3096,49.38,0.50,126.68,1.28,-32.62,-0.33,1703.5,17.03,51
81,Exit long,2024-07-16 18:00,S1BB_TP1,2441.029,4.1,9958.4326,49.79,0.50,59.43,0.60,-16.75,-0.17,1753.28,17.53,15
81,Entry long,2024-07-16 10:30,S1BB_LE,2428.886,4.1,9958.4326,49.79,0.50,59.43,0.60,-16.75,-0.17,1753.28,17.53,15
82,Exit long,2024-07-19 02:30,S1BB_SL,2450.625,4,9851.764,-49.26,-0.50,47.8,0.49,-49.26,-0.50,1704.02,17.04,34
82,Entry long,2024-07-18 09:30,S1BB_LE,2462.941,4,9851.764,-49.26,-0.50,47.8,0.49,-49.26,-0.50,1704.02,17.04,34
83,Exit long,2024-07-22 19:30,S1BB_SL,2398.388,4.1,9882.8122,-49.42,-0.50,7.29,0.07,-49.42,-0.50,1654.6,16.55,26
83,Entry long,2024-07-22 06:30,S1BB_LE,2410.442,4.1,9882.8122,-49.42,-0.50,7.29,0.07,-49.42,-0.50,1654.6,16.55,26
84,Exit long,2024-07-23 19:30,S1BB_TP1,2409.095,4.1,9828.1551,49.13,0.50,61.13,0.62,-37.77,-0.38,1703.73,17.04,30
84,Entry long,2024-07-23 03:30,S1BB_LE,2397.111,4.1,9828.1551,49.13,0.50,61.13,0.62,-37.77,-0.38,1703.73,17.04,30
85,Exit long,2024-07-24 21:00,S1BB_TP1,2419.808,4.1,9871.8611,49.35,0.50,62.64,0.63,-12.59,-0.13,1753.08,17.53,33
85,Entry long,2024-07-24 03:30,S1BB_LE,2407.771,4.1,9871.8611,49.35,0.50,62.64,0.63,-12.59,-0.13,1753.08,17.53,33
86,Exit long,2024-07-31 22:00,S1BB_TP2,2425.609,4.1,9773.9572,171.04,1.75,185.11,1.89,-31.95,-0.33,1924.12,19.24,76
86,Entry long,2024-07-30 07:00,S1BB_LE,2383.892,4.1,9773.9572,171.04,1.75,185.11,1.89,-31.95,-0.33,1924.12,19.24,76
87,Exit long,2024-08-02 01:00,S1BB_SL,2438.486,4,9802.964,-49.02,-0.50,46.2,0.47,-49.02,-0.50,1875.1,18.75,8
87,Entry long,2024-08-01 21:00,S1BB_LE,2450.741,4,9802.964,-49.02,-0.50,46.2,0.47,-49.02,-0.50,1875.1,18.75,8
88,Exit long,2024-08-02 19:30,S1BB_TP1,2458.431,4,9784.804,48.92,0.50,89.08,0.91,-45.54,-0.47,1924.02,19.24,26
88,Entry long,2024-08-02 06:30,S1BB_LE,2446.201,4,9784.804,48.92,0.50,89.08,0.91,-45.54,-0.47,1924.02,19.24,26
89,Exit long,2024-08-06 20:30,S1BB_SL,2399.074,4.1,9885.6371,-49.43,-0.50,21.23,0.21,-49.43,-0.50,1874.59,18.75,7
89,Entry long,2024-08-06 17:00,S1BB_LE,2411.131,4.1,9885.6371,-49.43,-0.50,21.23,0.21,-49.43,-0.50,1874.59,18.75,7
90,Exit long,2024-08-08 06:00,S1BB_SL,2380.766,4.1,9810.1971,-49.06,-0.50,58.83,0.60,-49.06,-0.50,1825.53,18.26,32
90,Entry long,2024-08-07 13:00,S1BB_LE,2392.731,4.1,9810.1971,-49.06,-0.50,58.83,0.60,-49.06,-0.50,1825.53,18.26,32
91,Exit long,2024-08-08 21:00,S1BB_TP1,2402.301,4.1,9800.4391,49,0.50,103.11,1.05,-7.61,-0.08,1874.53,18.75,20
91,Entry long,2024-08-08 11:00,S1BB_LE,2390.351,4.1,9800.4391,49,0.50,103.11,1.05,-7.61,-0.08,1874.53,18.75,20
92,Exit long,2024-08-12 15:00,S1BB_TP1,2435.59,4.1,9936.2434,49.68,0.50,56.32,0.57,-10.27,-0.10,1924.2,19.24,43
92,Entry long,2024-08-09 16:30,S1BB_LE,2423.474,4.1,9936.2434,49.68,0.50,56.32,0.57,-10.27,-0.10,1924.2,19.24,43
93,Exit long,2024-08-14 21:00,S1BB_SL,2453.319,4,9862.596,-49.32,-0.50,57.16,0.58,-49.32,-0.50,1874.88,18.75,48
93,Entry long,2024-08-13 20:00,S1BB_LE,2465.649,4,9862.596,-49.32,-0.50,57.16,0.58,-49.32,-0.50,1874.88,18.75,48
94,Exit long,2024-08-17 03:00,S1BB_TP2,2501.401,4,9833.524,172.08,1.75,188.76,1.92,-32.72,-0.33,2046.96,20.47,51
94,Entry long,2024-08-16 00:30,S1BB_LE,2458.381,4,9833.524,172.08,1.75,188.76,1.92,-32.72,-0.33,2046.96,20.47,51
95,Exit long,2024-08-19 18:30,S1BB_SL,2491.241,3.9,9764.6679,-48.83,-0.50,13.22,0.14,-48.83,-0.50,1998.14,19.98,6
95,Entry long,2024-08-19 15:30,S1BB_LE,2503.761,3.9,9764.6679,-48.83,-0.50,13.22,0.14,-48.83,-0.50,1998.14,19.98,6
96,Exit long,2024-08-20 23:00,S1BB_TP1,2516.864,3.9,9766.9416,48.83,0.50,106.57,1.09,-28.64,-0.29,2046.96,20.47,45
96,Entry long,2024-08-19 23:30,S1BB_LE,2504.344,3.9,9766.9416,48.83,0.50,106.57,1.09,-28.64,-0.29,2046.96,20.47,45
97,Exit long,2024-08-22 20:00,S1BB_SL,2496.917,3.9,9786.9174,-48.94,-0.50,37.61,0.38,-48.94,-0.50,1998.02,19.98,35
97,Entry long,2024-08-22 01:30,S1BB_LE,2509.466,3.9,9786.9174,-48.94,-0.50,37.61,0.38,-48.94,-0.50,1998.02,19.98,35
98,Exit long,2024-08-28 18:30,S1BB_SL,2502.436,3.9,9808.5507,-49.05,-0.50,54.63,0.56,-49.05,-0.50,1948.97,19.49,99
98,Entry long,2024-08-26 15:00,S1BB_LE,2515.013,3.9,9808.5507,-49.05,-0.50,54.63,0.56,-49.05,-0.50,1948.97,19.49,99
99,Exit long,2024-08-30 22:30,S1BB_SL,2506.613,3.9,9824.9229,-49.13,-0.50,36.85,0.38,-49.13,-0.50,1899.84,19.00,44
99,Entry long,2024-08-29 23:30,S1BB_LE,2519.211,3.9,9824.9229,-49.13,-0.50,36.85,0.38,-49.13,-0.50,1899.84,19.00,44
100,Exit long,2024-09-03 19:30,S1BB_SL,2487.776,3.9,9751.0881,-48.76,-0.50,23.44,0.24,-48.76,-0.50,1851.08,18.51,8
100,Entry long,2024-09-03 15:30,S1BB_LE,2500.279,3.9,9751.0881,-48.76,-0.50,23.44,0.24,-48.76,-0.50,1851.08,18.51,8
101,Exit long,2024-09-05 14:30,S1BB_TP1,2504.55,4,9968.364,49.84,0.50,59.48,0.60,-3.56,-0.04,1900.91,19.01,30
101,Entry long,2024-09-04 22:30,S1BB_LE,2492.091,4,9968.364,49.84,0.50,59.48,0.60,-3.56,-0.04,1900.91,19.01,30
102,Exit long,2024-09-10 21:30,S1BB_TP1,2509.927,4,9989.764,49.94,0.50,71.64,0.72,-17.36,-0.17,1950.86,19.51,50
102,Entry long,2024-09-09 19:30,S1BB_LE,2497.441,4,9989.764,49.94,0.50,71.64,0.72,-17.36,-0.17,1950.86,19.51,50
103,Exit long,2024-09-13 10:30,S1BB_TP2,2563.591,3.9,9826.0539,171.95,1.75,189.26,1.93,-3.12,-0.03,2122.81,21.23,27
103,Entry long,2024-09-12 20:00,S1BB_LE,2519.501,3.9,9826.0539,171.95,1.75,189.26,1.93,-3.12,-0.03,2122.81,21.23,27
104,Exit long,2024-09-16 14:00,S1BB_TP1,2588.563,3.8,9787.6068,48.93,0.50,53.03,0.54,-10.29,-0.11,2171.74,21.72,32
104,Entry long,2024-09-13 21:00,S1BB_LE,2575.686,3.8,9787.6068,48.93,0.50,53.03,0.54,-10.29,-0.11,2171.74,21.72,32
105,Exit long,2024-09-17 18:30,S1BB_SL,2569.903,3.8,9814.7122,-49.08,-0.50,15.74,0.16,-49.08,-0.50,2122.66,21.23,26
105,Entry long,2024-09-17 04:30,S1BB_LE,2582.819,3.8,9814.7122,-49.08,-0.50,15.74,0.16,-49.08,-0.50,2122.66,21.23,26
106,Exit long,2024-09-19 02:30,S1BB_TP1,2586.196,3.8,9778.6578,48.89,0.50,101.87,1.04,-29,-0.30,2171.55,21.72,38
106,Entry long,2024-09-18 07:30,S1BB_LE,2573.331,3.8,9778.6578,48.89,0.50,101.87,1.04,-29,-0.30,2171.55,21.72,38
107,Exit long,2024-09-20 17:30,S1BB_TP1,2604.517,3.8,9847.9318,49.23,0.50,80.36,0.82,-2.91,-0.03,2220.78,22.21,13
107,Entry long,2024-09-20 11:00,S1BB_LE,2591.561,3.8,9847.9318,49.23,0.50,80.36,0.82,-2.91,-0.03,2220.78,22.21,13
108,Exit long,2024-09-24 22:30,S1BB_TP1,2638.486,3.8,9976.3718,49.88,0.50,56.12,0.56,-44.37,-0.44,2270.66,22.71,69
108,Entry long,2024-09-23 11:00,S1BB_LE,2625.361,3.8,9976.3718,49.88,0.50,56.12,0.56,-44.37,-0.44,2270.66,22.71,69
109,Exit long,2024-09-26 20:30,S1BB_TP1,2672.708,3.7,9839.8244,49.2,0.50,96.82,0.98,-36.19,-0.37,2319.85,23.20,45
109,Entry long,2024-09-25 21:00,S1BB_LE,2659.412,3.7,9839.8244,49.2,0.50,96.82,0.98,-36.19,-0.37,2319.85,23.20,45
110,Exit long,2024-09-27 22:30,S1BB_SL,2656.688,3.7,9879.148,-49.4,-0.50,3.81,0.04,-49.4,-0.50,2270.45,22.70,3
110,Entry long,2024-09-27 21:00,S1BB_LE,2670.04,3.7,9879.148,-49.4,-0.50,3.81,0.04,-49.4,-0.50,2270.45,22.70,3
111,Exit long,2024-10-02 23:00,S1BB_SL,2646.141,3.7,9839.928,-49.21,-0.50,14.5,0.15,-49.21,-0.50,2221.24,22.21,2
111,Entry long,2024-10-02 22:00,S1BB_LE,2659.44,3.7,9839.928,-49.21,-0.50,14.5,0.15,-49.21,-0.50,2221.24,22.21,2
112,Exit long,2024-10-03 22:00,S1BB_SL,2640.739,3.7,9819.8407,-49.11,-0.50,32.96,0.34,-49.11,-0.50,2172.14,21.72,36
112,Entry long,2024-10-03 03:00,S1BB_LE,2654.011,3.7,9819.8407,-49.11,-0.50,32.96,0.34,-49.11,-0.50,2172.14,21.72,36
113,Exit long,2024-10-04 11:30,S1BB_TP1,2663.394,3.7,9805.7437,48.81,0.50,49.72,0.51,-8.75,-0.09,2220.95,22.21,23
113,Entry long,2024-10-03 23:00,S1BB_LE,2650.201,3.7,9805.7437,48.81,0.50,49.72,0.51,-8.75,-0.09,2220.95,22.21,23
114,Exit long,2024-10-07 20:30,S1BB_SL,2639.941,3.7,9816.8733,-49.09,-0.50,23.76,0.24,-49.09,-0.50,2171.86,21.72,8
114,Entry long,2024-10-07 16:30,S1BB_LE,2653.209,3.7,9816.8733,-49.09,-0.50,23.76,0.24,-49.09,-0.50,2171.86,21.72,8
115,Exit long,2024-10-08 16:00,S1BB_SL,2629.556,3.7,9778.2527,-48.9,-0.50,13.72,0.14,-48.9,-0.50,2122.96,21.23,5
115,Entry long,2024-10-08 13:30,S1BB_LE,2642.771,3.7,9778.2527,-48.9,-0.50,13.72,0.14,-48.9,-0.50,2122.96,21.23,5
116,Exit long,2024-10-08 22:00,S1BB_SL,2633.068,3.7,9791.3137,-48.96,-0.50,24.93,0.25,-48.96,-0.50,2074,20.74,6
116,Entry long,2024-10-08 19:00,S1BB_LE,2646.301,3.7,9791.3137,-48.96,-0.50,24.93,0.25,-48.96,-0.50,2074,20.74,6
117,Exit long,2024-10-09 21:30,S1BB_SL,2608.014,3.8,9960.2598,-49.81,-0.50,5.01,0.05,-49.81,-0.50,2024.19,20.24,5
117,Entry long,2024-10-09 19:00,S1BB_LE,2621.121,3.8,9960.2598,-49.81,-0.50,5.01,0.05,-49.81,-0.50,2024.19,20.24,5
118,Exit long,2024-10-10 21:00,S1BB_TP1,2623.698,3.8,9920.4548,49.6,0.50,65.09,0.66,-33.58,-0.34,2073.79,20.74,23
118,Entry long,2024-10-10 09:30,S1BB_LE,2610.646,3.8,9920.4548,49.6,0.50,65.09,0.66,-33.58,-0.34,2073.79,20.74,23
119,Exit long,2024-10-12 00:30,S1BB_TP1,2659.269,3.7,9790.348,48.95,0.50,56.83,0.58,-20.63,-0.21,2122.74,21.23,8
119,Entry long,2024-10-11 20:30,S1BB_LE,2646.04,3.7,9790.348,48.95,0.50,56.83,0.58,-20.63,-0.21,2122.74,21.23,8
120,Exit long,2024-10-15 13:00,S1BB_SL,2642.19,3.7,9825.2353,-49.13,-0.50,42.18,0.43,-49.13,-0.50,2073.61,20.74,48
120,Entry long,2024-10-14 12:00,S1BB_LE,2655.469,3.7,9825.2353,-49.13,-0.50,42.18,0.43,-49.13,-0.50,2073.61,20.74,48
121,Exit long,2024-10-16 00:30,S1BB_TP1,2663.921,3.7,9807.4753,49.03,0.50,67.49,0.69,-19.11,-0.19,2122.64,21.23,17
121,Entry long,2024-10-15 16:00,S1BB_LE,2650.669,3.7,9807.4753,49.03,0.50,67.49,0.69,-19.11,-0.19,2122.64,21.23,17
122,Exit long,2024-10-16 21:00,S1BB_TP1,2681.187,3.7,9871.0413,49.35,0.50,55.1,0.56,-10,-0.10,2171.99,21.72,22
122,Entry long,2024-10-16 10:00,S1BB_LE,2667.849,3.7,9871.0413,49.35,0.50,55.1,0.56,-10,-0.10,2171.99,21.72,22
123,Exit long,2024-10-17 22:30,S1BB_TP1,2689.168,3.7,9900.4267,49.49,0.50,59.27,0.60,-10.64,-0.11,2221.48,22.21,28
123,Entry long,2024-10-17 08:30,S1BB_LE,2675.791,3.7,9900.4267,49.49,0.50,59.27,0.60,-10.64,-0.11,2221.48,22.21,28
124,Exit long,2024-10-22 19:00,S1BB_TP1,2738.228,3.6,9808.5816,49.04,0.50,53.08,0.54,-2.44,-0.02,2270.52,22.71,20
124,Entry long,2024-10-22 09:00,S1BB_LE,2724.606,3.6,9808.5816,49.04,0.50,53.08,0.54,-2.44,-0.02,2270.52,22.71,20
125,Exit long,2024-10-23 21:00,S1BB_SL,2736.131,3.6,9899.5752,-49.5,-0.50,30.84,0.31,-49.5,-0.50,2221.02,22.21,16
125,Entry long,2024-10-23 13:00,S1BB_LE,2749.882,3.6,9899.5752,-49.5,-0.50,30.84,0.31,-49.5,-0.50,2221.02,22.21,16
126,Exit long,2024-10-25 16:00,S1BB_SL,2723.658,3.6,9854.4456,-49.28,-0.50,0.63,0.01,-49.28,-0.50,2171.74,21.72,25
126,Entry long,2024-10-25 02:30,S1BB_LE,2737.346,3.6,9854.4456,-49.28,-0.50,0.63,0.01,-49.28,-0.50,2171.74,21.72,25
127,Exit long,2024-10-28 06:00,S1BB_TP1,2736.179,3.6,9833.5476,16.7,0.17,58.42,0.59,-23.13,-0.24,2188.44,21.88,16
127,Entry long,2024-10-25 21:00,S1BB_LE,2731.541,3.6,9833.5476,16.7,0.17,58.42,0.59,-23.13,-0.24,2188.44,21.88,16
128,Exit long,2024-10-28 17:30,S1BB_SL,2728.717,3.6,9872.7516,-49.37,-0.50,7.84,0.08,-49.37,-0.50,2139.07,21.39,6
128,Entry long,2024-10-28 14:30,S1BB_LE,2742.431,3.6,9872.7516,-49.37,-0.50,7.84,0.08,-49.37,-0.50,2139.07,21.39,6
129,Exit long,2024-10-29 10:30,S1BB_TP1,2752.664,3.6,9860.2956,49.29,0.50,67.53,0.68,-2.29,-0.02,2188.36,21.88,24
129,Entry long,2024-10-28 21:30,S1BB_LE,2738.971,3.6,9860.2956,49.29,0.50,67.53,0.68,-2.29,-0.02,2188.36,21.88,24
130,Exit long,2024-10-30 06:00,S1BB_TP1,2774.379,3.6,9938.1276,49.64,0.50,51.12,0.51,-1.52,-0.02,2238,22.38,14
130,Entry long,2024-10-29 22:00,S1BB_LE,2760.591,3.6,9938.1276,49.64,0.50,51.12,0.51,-1.52,-0.02,2238,22.38,14
131,Exit long,2024-10-31 21:00,S1BB_SL,2771.492,3.5,9748.9735,-48.75,-0.50,16.27,0.17,-48.75,-0.50,2189.25,21.89,39
131,Entry long,2024-10-31 00:30,S1BB_LE,2785.421,3.5,9748.9735,-48.75,-0.50,16.27,0.17,-48.75,-0.50,2189.25,21.89,39
132,Exit long,2024-11-05 10:30,S1BB_SL,2728.439,3.6,9871.7436,-49.36,-0.50,21.7,0.22,-49.36,-0.50,2139.89,21.40,44
132,Entry long,2024-11-04 11:30,S1BB_LE,2742.151,3.6,9871.7436,-49.36,-0.50,21.7,0.22,-49.36,-0.50,2139.89,21.40,44
133,Exit long,2024-11-06 14:00,S1BB_SL,2724.12,3.6,9856.1196,-49.29,-0.50,43.74,0.44,-49.29,-0.50,2090.6,20.91,44
133,Entry long,2024-11-05 15:00,S1BB_LE,2737.811,3.6,9856.1196,-49.29,-0.50,43.74,0.44,-49.29,-0.50,2090.6,20.91,44
134,Exit long,2024-11-11 07:00,S1BB_SL,2681.813,3.7,9972.5767,-49.87,-0.50,32.29,0.32,-49.87,-0.50,2040.73,20.41,17
134,Entry long,2024-11-08 21:30,S1BB_LE,2695.291,3.7,9972.5767,-49.87,-0.50,32.29,0.32,-49.87,-0.50,2040.73,20.41,17
135,Exit long,2024-11-12 23:30,S1BB_SL,2601.283,3.8,9934.5528,-49.68,-0.50,10.2,0.10,-49.68,-0.50,1991.05,19.91,4
135,Entry long,2024-11-12 21:30,S1BB_LE,2614.356,3.8,9934.5528,-49.68,-0.50,10.2,0.10,-49.68,-0.50,1991.05,19.91,4
136,Exit long,2024-11-13 23:00,S1BB_SL,2595.094,3.8,9910.9168,-49.56,-0.50,40.68,0.41,-49.56,-0.50,1941.49,19.41,27
136,Entry long,2024-11-13 09:30,S1BB_LE,2608.136,3.8,9910.9168,-49.56,-0.50,40.68,0.41,-49.56,-0.50,1941.49,19.41,27
137,Exit long,2024-11-14 23:30,S1BB_TP1,2569.809,3.9,9972.3975,49.86,0.50,62.19,0.62,-11.23,-0.11,1991.35,19.91,3
137,Entry long,2024-11-14 22:00,S1BB_LE,2557.025,3.9,9972.3975,49.86,0.50,62.19,0.62,-11.23,-0.11,1991.35,19.91,3
138,Exit long,2024-11-18 14:00,S1BB_TP1,2581.89,3.8,9762.3748,48.81,0.50,107.21,1.10,-36.69,-0.38,2040.16,20.40,37
138,Entry long,2024-11-15 18:30,S1BB_LE,2569.046,3.8,9762.3748,48.81,0.50,107.21,1.10,-36.69,-0.38,2040.16,20.40,37
139,Exit long,2024-11-20 16:00,S1BB_SL,2618.839,3.7,9738.4037,-48.7,-0.50,36.7,0.38,-48.7,-0.50,1991.46,19.91,21
139,Entry long,2024-11-20 04:30,S1BB_LE,2632.001,3.7,9738.4037,-48.7,-0.50,36.7,0.38,-48.7,-0.50,1991.46,19.91,21
140,Exit long,2024-11-21 02:00,S1BB_TP1,2650.612,3.7,9758.4762,48.79,0.50,66.5,0.68,-15.5,-0.16,2040.25,20.40,9
140,Entry long,2024-11-20 21:30,S1BB_LE,2637.426,3.7,9758.4762,48.79,0.50,66.5,0.68,-15.5,-0.16,2040.25,20.40,9
141,Exit long,2024-11-22 11:30,S1BB_TP1,2685.098,3.7,9885.4417,49.42,0.50,69.41,0.70,-15.04,-0.15,2089.67,20.90,17
141,Entry long,2024-11-22 02:00,S1BB_LE,2671.741,3.7,9885.4417,49.42,0.50,69.41,0.70,-15.04,-0.15,2089.67,20.90,17
142,Exit long,2024-11-27 14:00,S1BB_TP1,2641.451,3.8,9987.5818,49.93,0.50,66.31,0.66,-44.62,-0.45,2139.6,21.40,37
142,Entry long,2024-11-26 18:30,S1BB_LE,2628.311,3.8,9987.5818,49.93,0.50,66.31,0.66,-44.62,-0.45,2139.6,21.40,37
143,Exit long,2024-11-29 22:30,S1BB_TP1,2654.377,3.7,9752.1122,69.08,0.71,113.35,1.16,-9.66,-0.10,2208.68,22.09,57
143,Entry long,2024-11-28 14:30,S1BB_LE,2635.706,3.7,9752.1122,69.08,0.71,113.35,1.16,-9.66,-0.10,2208.68,22.09,57
144,Exit long,2024-12-05 00:00,S1BB_TP1,2654.376,3.7,9772.3364,48.85,0.50,59.16,0.61,-32.77,-0.34,2257.54,22.58,69
144,Entry long,2024-12-03 12:30,S1BB_LE,2641.172,3.7,9772.3364,48.85,0.50,59.16,0.61,-32.77,-0.34,2257.54,22.58,69
145,Exit long,2024-12-05 22:30,S1BB_SL,2639.894,3.7,9816.6957,-49.09,-0.50,5.07,0.05,-49.09,-0.50,2208.45,22.08,17
145,Entry long,2024-12-05 14:00,S1BB_LE,2653.161,3.7,9816.6957,-49.09,-0.50,5.07,0.05,-49.09,-0.50,2208.45,22.08,17
146,Exit long,2024-12-09 18:30,S1BB_TP1,2653.496,3.7,9769.0952,48.84,0.50,67.06,0.69,-47.53,-0.49,2257.29,22.57,33
146,Entry long,2024-12-07 01:00,S1BB_LE,2640.296,3.7,9769.0952,48.84,0.50,67.06,0.69,-47.53,-0.49,2257.29,22.57,33
147,Exit long,2024-12-11 12:30,S1BB_TP1,2690.754,3.7,9869.5687,86.22,0.87,136.53,1.38,-23.63,-0.24,2343.51,23.44,51
147,Entry long,2024-12-10 10:00,S1BB_LE,2667.451,3.7,9869.5687,86.22,0.87,136.53,1.38,-23.63,-0.24,2343.51,23.44,51
148,Exit long,2024-12-12 00:00,S1BB_TP1,2712.665,3.7,9986.9327,49.93,0.50,62.45,0.63,-32.7,-0.33,2393.44,23.93,11
148,Entry long,2024-12-11 18:30,S1BB_LE,2699.171,3.7,9986.9327,49.93,0.50,62.45,0.63,-32.7,-0.33,2393.44,23.93,11
149,Exit long,2024-12-12 21:00,S1BB_SL,2705.121,3.6,9787.3776,-48.94,-0.50,3.61,0.04,-48.94,-0.50,2344.5,23.44,11
149,Entry long,2024-12-12 15:30,S1BB_LE,2718.716,3.6,9787.3776,-48.94,-0.50,3.61,0.04,-48.94,-0.50,2344.5,23.44,11
150,Exit long,2024-12-17 17:30,S1BB_SL,2640.56,3.7,9819.1747,-49.1,-0.50,38.99,0.40,-49.1,-0.50,2295.39,22.95,57
150,Entry long,2024-12-16 12:00,S1BB_LE,2653.831,3.7,9819.1747,-49.1,-0.50,38.99,0.40,-49.1,-0.50,2295.39,22.95,57
151,Exit long,2024-12-19 03:00,S1BB_SL,2632.69,3.7,9789.9077,-48.95,-0.50,21.42,0.22,-48.95,-0.50,2246.44,22.46,48
151,Entry long,2024-12-18 02:00,S1BB_LE,2645.921,3.7,9789.9077,-48.95,-0.50,21.42,0.22,-48.95,-0.50,2246.44,22.46,48
152,Exit long,2024-12-20 23:00,S1BB_TP1,2616.758,3.8,9894.2158,49.46,0.50,55.4,0.56,-31.62,-0.32,2295.9,22.96,26
152,Entry long,2024-12-20 10:00,S1BB_LE,2603.741,3.8,9894.2158,49.46,0.50,55.4,0.56,-31.62,-0.32,2295.9,22.96,26
153,Exit long,2024-12-23 23:00,S1BB_SL,2611.128,3.8,9972.1538,-49.87,-0.50,34.35,0.34,-49.87,-0.50,2246.04,22.46,23
153,Entry long,2024-12-23 11:30,S1BB_LE,2624.251,3.8,9972.1538,-49.87,-0.50,34.35,0.34,-49.87,-0.50,2246.04,22.46,23
154,Exit long,2024-12-26 19:30,S1BB_TP1,2628.637,3.8,9939.1318,49.69,0.50,54.87,0.55,-21.51,-0.22,2295.72,22.96,63
154,Entry long,2024-12-24 08:00,S1BB_LE,2615.561,3.8,9939.1318,49.69,0.50,54.87,0.55,-21.51,-0.22,2295.72,22.96,63
155,Exit long,2024-12-27 21:00,S1BB_SL,2621.939,3.7,9749.9292,-48.75,-0.50,14.89,0.15,-48.75,-0.50,2246.97,22.47,41
155,Entry long,2024-12-26 23:30,S1BB_LE,2635.116,3.7,9749.9292,-48.75,-0.50,14.89,0.15,-48.75,-0.50,2246.97,22.47,41
156,Exit long,2024-12-30 22:00,S1BB_SL,2606.589,3.8,9963.2618,-58.22,-0.58,1.74,0.02,-58.91,-0.59,2188.75,21.89,1
156,Entry long,2024-12-30 21:30,S1BB_LE,2621.911,3.8,9963.2618,-58.22,-0.58,1.74,0.02,-58.91,-0.59,2188.75,21.89,1
157,Exit long,2025-01-03 00:00,S1BB_TP2,2653.581,3.8,9910.1834,173.42,1.75,190.22,1.92,-10.44,-0.11,2362.17,23.62,63
157,Entry long,2024-12-31 15:30,S1BB_LE,2607.943,3.8,9910.1834,173.42,1.75,190.22,1.92,-10.44,-0.11,2362.17,23.62,63
158,Exit long,2025-01-06 13:30,S1BB_SL,2632.292,3.7,9788.4277,-48.95,-0.50,0.44,0.00,-48.95,-0.50,2313.22,23.13,8
158,Entry long,2025-01-06 09:30,S1BB_LE,2645.521,3.7,9788.4277,-48.95,-0.50,0.44,0.00,-48.95,-0.50,2313.22,23.13,8
159,Exit long,2025-01-06 21:30,S1BB_SL,2631.615,3.7,9785.9117,-48.94,-0.50,17.05,0.17,-48.94,-0.50,2264.29,22.64,4
159,Entry long,2025-01-06 19:30,S1BB_LE,2644.841,3.7,9785.9117,-48.94,-0.50,17.05,0.17,-48.94,-0.50,2264.29,22.64,4
160,Exit long,2025-01-07 21:00,S1BB_TP1,2651.429,3.7,9762.228,48.06,0.49,53.06,0.54,-20.96,-0.21,2312.35,23.12,39
160,Entry long,2025-01-07 00:30,S1BB_LE,2638.44,3.7,9762.228,48.06,0.49,53.06,0.54,-20.96,-0.21,2312.35,23.12,39
161,Exit long,2025-01-09 00:00,S1BB_TP1,2664.828,3.7,9810.8164,49.05,0.50,60.08,0.61,-22.95,-0.23,2361.39,23.61,19
161,Entry long,2025-01-08 14:30,S1BB_LE,2651.572,3.7,9810.8164,49.05,0.50,60.08,0.61,-22.95,-0.23,2361.39,23.61,19
162,Exit long,2025-01-09 21:00,S1BB_TP1,2672.992,3.7,9840.8715,49.2,0.50,57.22,0.58,-16.59,-0.17,2410.59,24.11,31
162,Entry long,2025-01-09 04:30,S1BB_LE,2659.695,3.7,9840.8715,49.2,0.50,57.22,0.58,-16.59,-0.17,2410.59,24.11,31
163,Exit long,2025-01-10 22:30,S1BB_TP1,2683.411,3.7,9879.2294,49.39,0.50,86.2,0.87,-25.37,-0.26,2459.98,24.60,36
163,Entry long,2025-01-10 03:30,S1BB_LE,2670.062,3.7,9879.2294,49.39,0.50,86.2,0.87,-25.37,-0.26,2459.98,24.60,36
164,Exit long,2025-01-15 18:00,S1BB_TP1,2684.835,3.7,9884.4723,49.42,0.50,63.2,0.64,-18.44,-0.19,2509.4,25.09,34
164,Entry long,2025-01-15 00:00,S1BB_LE,2671.479,3.7,9884.4723,49.42,0.50,63.2,0.64,-18.44,-0.19,2509.4,25.09,34
165,Exit long,2025-01-17 09:00,S1BB_TP1,2712.059,3.7,9983.2364,51.38,0.51,98.32,0.98,-4.72,-0.05,2560.78,25.61,32
165,Entry long,2025-01-16 16:00,S1BB_LE,2698.172,3.7,9983.2364,51.38,0.51,98.32,0.98,-4.72,-0.05,2560.78,25.61,32
166,Exit long,2025-01-18 05:00,S1BB_SL,2699.235,3.6,9766.0836,-48.84,-0.50,16.2,0.17,-48.84,-0.50,2511.95,25.12,11
166,Entry long,2025-01-17 23:30,S1BB_LE,2712.801,3.6,9766.0836,-48.84,-0.50,16.2,0.17,-48.84,-0.50,2511.95,25.12,11
167,Exit long,2025-01-21 19:00,S1BB_TP1,2717.509,3.6,9729.6876,53.34,0.55,108.75,1.12,-7.2,-0.07,2565.29,25.65,54
167,Entry long,2025-01-20 12:30,S1BB_LE,2702.691,3.6,9729.6876,53.34,0.55,108.75,1.12,-7.2,-0.07,2565.29,25.65,54
168,Exit long,2025-01-23 21:00,S1BB_SL,2740.409,3.6,9915.0516,-49.58,-0.50,1,0.01,-49.58,-0.50,2515.71,25.16,9
168,Entry long,2025-01-23 16:30,S1BB_LE,2754.181,3.6,9915.0516,-49.58,-0.50,1,0.01,-49.58,-0.50,2515.71,25.16,9
169,Exit long,2025-01-24 10:30,S1BB_TP1,2767.749,3.6,9914.3316,49.56,0.50,63.03,0.64,-10.45,-0.11,2565.28,25.65,17
169,Entry long,2025-01-24 01:00,S1BB_LE,2753.981,3.6,9914.3316,49.56,0.50,63.03,0.64,-10.45,-0.11,2565.28,25.65,17
170,Exit long,2025-01-29 00:30,S1BB_TP1,2757.106,3.6,9876.2076,49.37,0.50,58.35,0.59,-9.31,-0.09,2614.65,26.15,13
170,Entry long,2025-01-28 18:00,S1BB_LE,2743.391,3.6,9876.2076,49.37,0.50,58.35,0.59,-9.31,-0.09,2614.65,26.15,13
171,Exit long,2025-01-29 23:30,S1BB_SL,2749.083,3.6,9946.4364,-49.74,-0.50,5.4,0.05,-49.74,-0.50,2564.91,25.65,12
171,Entry long,2025-01-29 17:30,S1BB_LE,2762.899,3.6,9946.4364,-49.74,-0.50,5.4,0.05,-49.74,-0.50,2564.91,25.65,12
172,Exit long,2025-01-31 16:30,S1BB_TP1,2791.904,3.6,9923.5476,127.31,1.28,160.05,1.61,-2.56,-0.03,2692.22,26.92,66
172,Entry long,2025-01-30 05:30,S1BB_LE,2756.541,3.6,9923.5476,127.31,1.28,160.05,1.61,-2.56,-0.03,2692.22,26.92,66
173,Exit long,2025-02-03 07:30,S1BB_SL,2786.248,3.5,9800.8785,-49.01,-0.50,59.36,0.61,-49.01,-0.50,2643.21,26.43,21
173,Entry long,2025-01-31 20:00,S1BB_LE,2800.251,3.5,9800.8785,-49.01,-0.50,59.36,0.61,-49.01,-0.50,2643.21,26.43,21
174,Exit long,2025-02-04 22:30,S1BB_TP1,2835.875,3.5,9876.188,49.37,0.50,56.46,0.57,-1.97,-0.02,2692.58,26.93,3
174,Entry long,2025-02-04 21:00,S1BB_LE,2821.768,3.5,9876.188,49.37,0.50,56.46,0.57,-1.97,-0.02,2692.58,26.93,3
175,Exit long,2025-02-06 15:30,S1BB_SL,2856.565,3.4,9761.1314,-48.81,-0.50,5.84,0.06,-48.81,-0.50,2643.77,26.44,10
175,Entry long,2025-02-06 10:30,S1BB_LE,2870.921,3.4,9761.1314,-48.81,-0.50,5.84,0.06,-48.81,-0.50,2643.77,26.44,10
176,Exit long,2025-02-06 22:30,S1BB_SL,2852.699,3.4,9747.9224,-48.75,-0.50,6,0.06,-48.75,-0.50,2595.03,25.95,4
176,Entry long,2025-02-06 20:30,S1BB_LE,2867.036,3.4,9747.9224,-48.75,-0.50,6,0.06,-48.75,-0.50,2595.03,25.95,4
177,Exit long,2025-02-08 00:00,S1BB_TP1,2869.784,3.5,9994.278,49.97,0.50,109.63,1.10,-11.98,-0.12,2644.99,26.45,35
177,Entry long,2025-02-07 05:30,S1BB_LE,2855.508,3.5,9994.278,49.97,0.50,109.63,1.10,-11.98,-0.12,2644.99,26.45,35
178,Exit long,2025-02-11 08:00,S1BB_TP2,2917.668,3.4,9749.4592,170.61,1.75,183.84,1.89,-6.56,-0.07,2815.61,28.16,46
178,Entry long,2025-02-10 08:00,S1BB_LE,2867.488,3.4,9749.4592,170.61,1.75,183.84,1.89,-6.56,-0.07,2815.61,28.16,46
179,Exit long,2025-02-13 21:30,S1BB_TP1,2909.304,3.4,9841.1674,50.47,0.51,96.39,0.98,-28.09,-0.29,2866.07,28.66,43
179,Entry long,2025-02-12 23:00,S1BB_LE,2894.461,3.4,9841.1674,50.47,0.51,96.39,0.98,-28.09,-0.29,2866.07,28.66,43
180,Exit long,2025-02-14 16:30,S1BB_TP1,2934.786,3.4,9928.6358,49.64,0.50,62.57,0.63,-24.83,-0.25,2915.71,29.16,31
180,Entry long,2025-02-14 00:00,S1BB_LE,2920.187,3.4,9928.6358,49.64,0.50,62.57,0.63,-24.83,-0.25,2915.71,29.16,31
181,Exit long,2025-02-18 20:00,S1BB_TP1,2913.994,3.4,9858.2932,49.29,0.50,54.92,0.56,-26.26,-0.27,2964.99,29.65,34
181,Entry long,2025-02-17 23:30,S1BB_LE,2899.498,3.4,9858.2932,49.29,0.50,54.92,0.56,-26.26,-0.27,2964.99,29.65,34
182,Exit long,2025-02-20 17:30,S1BB_TP1,2950.559,3.4,9981.9954,49.91,0.50,64.81,0.65,-13.13,-0.13,3014.9,30.15,23
182,Entry long,2025-02-20 05:00,S1BB_LE,2935.881,3.4,9981.9954,49.91,0.50,64.81,0.65,-13.13,-0.13,3014.9,30.15,23
183,Exit long,2025-02-21 09:30,S1BB_SL,2926.802,3.3,9706.9863,-48.54,-0.50,27.39,0.28,-48.54,-0.50,2966.36,29.66,3
183,Entry long,2025-02-21 08:00,S1BB_LE,2941.511,3.3,9706.9863,-48.54,-0.50,27.39,0.28,-48.54,-0.50,2966.36,29.66,3
184,Exit long,2025-02-24 09:00,S1BB_SL,2921.147,3.4,9981.8152,-49.92,-0.50,23.87,0.24,-49.92,-0.50,2916.44,29.16,25
184,Entry long,2025-02-21 19:30,S1BB_LE,2935.828,3.4,9981.8152,-49.92,-0.50,23.87,0.24,-49.92,-0.50,2916.44,29.16,25
185,Exit long,2025-02-25 20:30,S1BB_SL,2926.991,3.3,9707.6133,-48.54,-0.50,47.68,0.49,-48.54,-0.50,2867.9,28.68,64
185,Entry long,2025-02-24 11:30,S1BB_LE,2941.701,3.3,9707.6133,-48.54,-0.50,47.68,0.49,-48.54,-0.50,2867.9,28.68,64
186,Exit long,2025-02-27 12:30,S1BB_SL,2898.499,3.4,9904.4244,-49.53,-0.50,25.95,0.26,-49.53,-0.50,2818.37,28.18,21
186,Entry long,2025-02-27 01:00,S1BB_LE,2913.066,3.4,9904.4244,-49.53,-0.50,25.95,0.26,-49.53,-0.50,2818.37,28.18,21
187,Exit long,2025-02-28 11:30,S1BB_SL,2866.395,3.4,9794.7234,-48.98,-0.50,4.82,0.05,-48.98,-0.50,2769.39,27.69,4
187,Entry long,2025-02-28 09:30,S1BB_LE,2880.801,3.4,9794.7234,-48.98,-0.50,4.82,0.05,-48.98,-0.50,2769.39,27.69,4
188,Exit long,2025-03-03 07:30,S1BB_TP1,2868.913,3.5,9991.2435,49.95,0.50,77.92,0.78,-5.24,-0.05,2819.35,28.19,3
188,Entry long,2025-03-01 05:00,S1BB_LE,2854.641,3.5,9991.2435,49.95,0.50,77.92,0.78,-5.24,-0.05,2819.35,28.19,3
189,Exit long,2025-03-04 22:30,S1BB_TP1,2905.796,3.4,9830.5594,49.15,0.50,123.82,1.26,-24.43,-0.25,2868.49,28.68,19
189,Entry long,2025-03-04 13:00,S1BB_LE,2891.341,3.4,9830.5594,49.15,0.50,123.82,1.26,-24.43,-0.25,2868.49,28.68,19
190,Exit long,2025-03-05 21:30,S1BB_SL,2904.146,3.4,9923.7194,-49.62,-0.50,12.92,0.13,-49.62,-0.50,2818.87,28.19,15
190,Entry long,2025-03-05 14:00,S1BB_LE,2918.741,3.4,9923.7194,-49.62,-0.50,12.92,0.13,-49.62,-0.50,2818.87,28.19,15
191,Exit long,2025-03-06 16:30,S1BB_SL,2902.491,3.4,9918.0652,-49.6,-0.50,43.49,0.44,-49.6,-0.50,2769.27,27.69,31
191,Entry long,2025-03-06 00:00,S1BB_LE,2917.078,3.4,9918.0652,-49.6,-0.50,43.49,0.44,-49.6,-0.50,2769.27,27.69,31
192,Exit long,2025-03-07 08:00,S1BB_SL,2900.574,3.4,9911.5134,-49.56,-0.50,26.04,0.26,-49.56,-0.50,2719.71,27.20,16
192,Entry long,2025-03-06 23:00,S1BB_LE,2915.151,3.4,9911.5134,-49.56,-0.50,26.04,0.26,-49.56,-0.50,2719.71,27.20,16
193,Exit long,2025-03-07 23:00,S1BB_TP1,2924.053,3.4,9892.3238,49.46,0.50,70.98,0.72,-20.17,-0.20,2769.17,27.69,18
193,Entry long,2025-03-07 14:00,S1BB_LE,2909.507,3.4,9892.3238,49.46,0.50,70.98,0.72,-20.17,-0.20,2769.17,27.69,18
194,Exit long,2025-03-10 16:30,S1BB_SL,2900.882,3.4,9912.5674,-49.57,-0.50,9.72,0.10,-49.57,-0.50,2719.6,27.20,18
194,Entry long,2025-03-10 07:30,S1BB_LE,2915.461,3.4,9912.5674,-49.57,-0.50,9.72,0.10,-49.57,-0.50,2719.6,27.20,18
195,Exit long,2025-03-13 00:30,S1BB_TP1,2933.665,3.4,9924.8414,49.62,0.50,68.28,0.69,-45.27,-0.46,2769.22,27.69,26
195,Entry long,2025-03-12 11:30,S1BB_LE,2919.071,3.4,9924.8414,49.62,0.50,68.28,0.69,-45.27,-0.46,2769.22,27.69,26
196,Exit long,2025-03-14 14:00,S1BB_TP1,2981.014,3.3,9721.9023,115.44,1.19,157.9,1.62,-24.07,-0.25,2884.66,28.85,39
196,Entry long,2025-03-13 17:30,S1BB_LE,2946.031,3.3,9721.9023,115.44,1.19,157.9,1.62,-24.07,-0.25,2884.66,28.85,39
197,Exit long,2025-03-18 13:00,S1BB_TP1,3008.805,3.3,9879.6621,49.39,0.50,77.06,0.78,-39.14,-0.40,2934.06,29.34,57
197,Entry long,2025-03-17 07:30,S1BB_LE,2993.837,3.3,9879.6621,49.39,0.50,77.06,0.78,-39.14,-0.40,2934.06,29.34,57
198,Exit long,2025-03-20 08:30,S1BB_TP1,3051.368,3.2,9715.8048,48.57,0.50,61.86,0.64,-44.4,-0.46,2982.63,29.83,39
198,Entry long,2025-03-19 12:00,S1BB_LE,3036.189,3.2,9715.8048,48.57,0.50,61.86,0.64,-44.4,-0.46,2982.63,29.83,39
199,Exit long,2025-03-21 21:30,S1BB_SL,3019.158,3.2,9709.8592,-48.55,-0.50,12.19,0.13,-48.55,-0.50,2934.08,29.34,3
199,Entry long,2025-03-21 20:00,S1BB_LE,3034.331,3.2,9709.8592,-48.55,-0.50,12.19,0.13,-48.55,-0.50,2934.08,29.34,3
200,Exit long,2025-03-24 22:30,S1BB_SL,3009.865,3.3,9982.4703,-49.92,-0.50,27.49,0.28,-49.92,-0.50,2884.16,28.84,15
200,Entry long,2025-03-24 15:00,S1BB_LE,3024.991,3.3,9982.4703,-49.92,-0.50,27.49,0.28,-49.92,-0.50,2884.16,28.84,15
201,Exit long,2025-03-27 21:00,S1BB_TP1,3041.246,3.3,9986.1861,49.93,0.50,98.48,0.99,-46.17,-0.46,2934.09,29.34,67
201,Entry long,2025-03-26 10:30,S1BB_LE,3026.117,3.3,9986.1861,49.93,0.50,98.48,0.99,-46.17,-0.46,2934.09,29.34,67
202,Exit long,2025-03-31 21:30,S1BB_TP1,3107.197,3.2,9868.4192,74.61,0.76,140.91,1.43,-33.65,-0.34,3008.7,30.09,41
202,Entry long,2025-03-29 00:00,S1BB_LE,3083.881,3.2,9868.4192,74.61,0.76,140.91,1.43,-33.65,-0.34,3008.7,30.09,41
203,Exit long,2025-04-03 04:00,S1BB_SL,3107.285,3.2,9993.2832,-49.97,-0.50,41.08,0.41,-49.97,-0.50,2958.73,29.59,38
203,Entry long,2025-04-02 09:00,S1BB_LE,3122.901,3.2,9993.2832,-49.97,-0.50,41.08,0.41,-49.97,-0.50,2958.73,29.59,38
204,Exit long,2025-04-03 06:00,S1BB_SL,3123.125,3.1,9730.3451,-48.66,-0.50,30.13,0.31,-48.66,-0.50,2910.07,29.10,1
204,Entry long,2025-04-03 04:30,S1BB_LE,3138.821,3.1,9730.3451,-48.66,-0.50,30.13,0.31,-48.66,-0.50,2910.07,29.10,1
205,Exit long,2025-04-04 19:30,S1BB_TP1,3125.745,3.2,9952.6272,49.76,0.50,85.23,0.86,-4.23,-0.04,2959.83,29.60,1
205,Entry long,2025-04-04 19:00,S1BB_LE,3110.196,3.2,9952.6272,49.76,0.50,85.23,0.86,-4.23,-0.04,2959.83,29.60,1
206,Exit long,2025-04-09 20:00,S1BB_TP2,3061.25,3.3,9928.3833,173.74,1.75,212.6,2.14,-32.69,-0.33,3133.57,31.34,20
206,Entry long,2025-04-09 10:00,S1BB_LE,3008.601,3.3,9928.3833,173.74,1.75,212.6,2.14,-32.69,-0.33,3133.57,31.34,20
207,Exit long,2025-04-11 13:30,S1BB_TP2,3200.764,3.2,9981.4688,260.98,2.61,322.92,3.24,-19.85,-0.20,3394.54,33.95,36
207,Entry long,2025-04-10 18:30,S1BB_LE,3119.209,3.2,9981.4688,260.98,2.61,322.92,3.24,-19.85,-0.20,3394.54,33.95,36
208,Exit long,2025-04-14 16:00,S1BB_SL,3218.341,3,9703.545,-48.52,-0.50,10.97,0.11,-48.52,-0.50,3346.02,33.46,11
208,Entry long,2025-04-14 10:30,S1BB_LE,3234.515,3,9703.545,-48.52,-0.50,10.97,0.11,-48.52,-0.50,3346.02,33.46,11
209,Exit long,2025-04-15 12:30,S1BB_TP1,3228.642,3.1,9959.0011,49.79,0.50,54.65,0.55,-16.82,-0.17,3395.81,33.96,15
209,Entry long,2025-04-15 04:00,S1BB_LE,3212.581,3.1,9959.0011,49.79,0.50,54.65,0.55,-16.82,-0.17,3395.81,33.96,15
210,Exit long,2025-04-17 09:30,S1BB_TP2,3333.954,3,9683.625,318.24,3.29,390.14,4.03,-7.59,-0.08,3714.05,37.14,59
210,Entry long,2025-04-16 02:00,S1BB_LE,3227.875,3,9683.625,318.24,3.29,390.14,4.03,-7.59,-0.08,3714.05,37.14,59
211,Exit long,2025-04-17 14:00,S1BB_SL,3325.084,2.9,9691.2026,-48.46,-0.50,10.86,0.11,-48.46,-0.50,3665.59,36.66,3
211,Entry long,2025-04-17 12:30,S1BB_LE,3341.794,2.9,9691.2026,-48.46,-0.50,10.86,0.11,-48.46,-0.50,3665.59,36.66,3
212,Exit long,2025-04-21 11:00,S1BB_TP2,3378.846,3,9962.205,174.33,1.75,193.64,1.94,-8.93,-0.09,3839.92,38.40,12
212,Entry long,2025-04-18 04:00,S1BB_LE,3320.735,3,9962.205,174.33,1.75,193.64,1.94,-8.93,-0.09,3839.92,38.40,12
213,Exit long,2025-04-24 11:00,S1BB_TP1,3327.404,3,9932.553,49.66,0.50,170.05,1.71,-10.13,-0.10,3889.58,38.90,9
213,Entry long,2025-04-24 06:30,S1BB_LE,3310.851,3,9932.553,49.66,0.50,170.05,1.71,-10.13,-0.10,3889.58,38.90,9
214,Exit long,2025-04-25 07:00,S1BB_TP1,3353.416,2.9,9676.5286,48.38,0.50,98.77,1.02,-11.8,-0.12,3937.96,39.38,9
214,Entry long,2025-04-25 01:30,S1BB_LE,3336.734,2.9,9676.5286,48.38,0.50,98.77,1.02,-11.8,-0.12,3937.96,39.38,9
215,Exit long,2025-04-28 06:30,S1BB_TP1,3309.881,3,9880.245,49.4,0.50,132.41,1.34,-17.25,-0.17,3987.36,39.87,6
215,Entry long,2025-04-26 02:30,S1BB_LE,3293.415,3,9880.245,49.4,0.50,132.41,1.34,-17.25,-0.17,3987.36,39.87,6
216,Exit long,2025-04-28 22:30,S1BB_TP1,3310.553,3,9882.252,49.41,0.50,65.36,0.66,-22.05,-0.22,4036.76,40.37,5
216,Entry long,2025-04-28 20:00,S1BB_LE,3294.084,3,9882.252,49.41,0.50,65.36,0.66,-22.05,-0.22,4036.76,40.37,5
217,Exit long,2025-04-30 12:00,S1BB_SL,3302.812,3,9958.233,-49.8,-0.50,31.89,0.32,-49.8,-0.50,3986.97,39.87,21
217,Entry long,2025-04-30 00:30,S1BB_LE,3319.411,3,9958.233,-49.8,-0.50,31.89,0.32,-49.8,-0.50,3986.97,39.87,21
218,Exit long,2025-05-02 08:30,S1BB_TP1,3241.912,3.1,9999.9335,49.99,0.50,57.12,0.57,-4.06,-0.04,4036.96,40.37,8
218,Entry long,2025-05-02 03:30,S1BB_LE,3225.785,3.1,9999.9335,49.99,0.50,57.12,0.57,-4.06,-0.04,4036.96,40.37,8
219,Exit long,2025-05-05 10:00,S1BB_TP1,3260.461,3,9732.723,48.66,0.50,80.31,0.83,-10.07,-0.10,4085.62,40.86,5
219,Entry long,2025-05-05 07:30,S1BB_LE,3244.241,3,9732.723,48.66,0.50,80.31,0.83,-10.07,-0.10,4085.62,40.86,5
220,Exit long,2025-05-07 17:00,S1BB_SL,3374.035,2.9,9833.8739,-49.17,-0.50,1.8,0.02,-49.17,-0.50,4036.45,40.36,3
220,Entry long,2025-05-07 15:30,S1BB_LE,3390.991,2.9,9833.8739,-49.17,-0.50,1.8,0.02,-49.17,-0.50,4036.45,40.36,3
221,Exit long,2025-05-08 03:00,S1BB_SL,3374.423,2.9,9835.0049,-49.18,-0.50,19.6,0.20,-49.18,-0.50,3987.27,39.87,16
221,Entry long,2025-05-07 19:00,S1BB_LE,3391.381,2.9,9835.0049,-49.18,-0.50,19.6,0.20,-49.18,-0.50,3987.27,39.87,16
222,Exit long,2025-05-08 11:00,S1BB_TP1,3397.365,2.9,9803.3456,49.01,0.50,99.3,1.01,-4.78,-0.05,4036.28,40.36,4
222,Entry long,2025-05-08 09:00,S1BB_LE,3380.464,2.9,9803.3456,49.01,0.50,99.3,1.01,-4.78,-0.05,4036.28,40.36,4
223,Exit long,2025-05-09 19:30,S1BB_TP1,3331.075,3,9943.512,49.71,0.50,71.75,0.72,-5.67,-0.06,4086,40.86,14
223,Entry long,2025-05-09 12:30,S1BB_LE,3314.504,3,9943.512,49.71,0.50,71.75,0.72,-5.67,-0.06,4086,40.86,14
224,Exit long,2025-05-13 09:30,S1BB_SL,3221.601,3,9713.373,-48.57,-0.50,16.86,0.17,-48.57,-0.50,4037.43,40.37,10
224,Entry long,2025-05-13 03:30,S1BB_LE,3237.791,3,9713.373,-48.57,-0.50,16.86,0.17,-48.57,-0.50,4037.43,40.37,10
225,Exit long,2025-05-14 09:30,S1BB_SL,3237.341,3,9760.833,-48.81,-0.50,10.41,0.11,-48.81,-0.50,3988.62,39.89,16
225,Entry long,2025-05-14 00:30,S1BB_LE,3253.611,3,9760.833,-48.81,-0.50,10.41,0.11,-48.81,-0.50,3988.62,39.89,16
226,Exit long,2025-05-15 20:30,S1BB_TP1,3181.684,3.1,9814.1536,49.07,0.50,62.94,0.64,-6.54,-0.07,4037.68,40.38,6
226,Entry long,2025-05-15 17:30,S1BB_LE,3165.856,3.1,9814.1536,49.07,0.50,62.94,0.64,-6.54,-0.07,4037.68,40.38,6
227,Exit long,2025-05-19 08:30,S1BB_TP2,3245.245,3.1,9887.2361,173.02,1.75,187.24,1.89,-15.3,-0.15,4210.71,42.11,11
227,Entry long,2025-05-17 02:00,S1BB_LE,3189.431,3.1,9887.2361,173.02,1.75,187.24,1.89,-15.3,-0.15,4210.71,42.11,11
228,Exit long,2025-05-20 08:30,S1BB_SL,3215.994,3,9696.468,-48.49,-0.50,49.3,0.51,-48.49,-0.50,4162.22,41.62,31
228,Entry long,2025-05-19 16:00,S1BB_LE,3232.156,3,9696.468,-48.49,-0.50,49.3,0.51,-48.49,-0.50,4162.22,41.62,31
229,Exit long,2025-05-20 19:30,S1BB_TP1,3238.27,3.1,9988.6991,49.94,0.50,60.6,0.61,-0.92,-0.01,4212.16,42.12,6
229,Entry long,2025-05-20 16:30,S1BB_LE,3222.161,3.1,9988.6991,49.94,0.50,60.6,0.61,-0.92,-0.01,4212.16,42.12,6
230,Exit long,2025-05-22 13:30,S1BB_TP1,3326.62,3,9930.213,49.65,0.50,105.99,1.07,-22.85,-0.23,4261.8,42.62,24
230,Entry long,2025-05-22 00:30,S1BB_LE,3310.071,3,9930.213,49.65,0.50,105.99,1.07,-22.85,-0.23,4261.8,42.62,24
231,Exit long,2025-05-23 23:00,S1BB_TP2,3356.997,3,9897.783,173.21,1.75,196.26,1.98,-37.49,-0.38,4435.01,44.35,31
231,Entry long,2025-05-23 07:30,S1BB_LE,3299.261,3,9897.783,173.21,1.75,196.26,1.98,-37.49,-0.38,4435.01,44.35,31
232,Exit long,2025-05-27 13:30,S1BB_SL,3319.953,2.9,9676.2502,-48.39,-0.50,38.84,0.40,-48.39,-0.50,4386.63,43.87,23
232,Entry long,2025-05-26 22:30,S1BB_LE,3336.638,2.9,9676.2502,-48.39,-0.50,38.84,0.40,-48.39,-0.50,4386.63,43.87,23
233,Exit long,2025-05-28 17:00,S1BB_TP1,3320.476,3,9911.874,49.55,0.50,59.65,0.60,-2.88,-0.03,4436.18,44.36,5
233,Entry long,2025-05-28 14:30,S1BB_LE,3303.958,3,9911.874,49.55,0.50,59.65,0.60,-2.88,-0.03,4436.18,44.36,5
234,Exit long,2025-05-30 21:30,S1BB_SL,3287.414,3,9911.805,-49.56,-0.50,13.31,0.13,-49.56,-0.50,4386.62,43.87,1
234,Entry long,2025-05-30 21:00,S1BB_LE,3303.935,3,9911.805,-49.56,-0.50,13.31,0.13,-49.56,-0.50,4386.62,43.87,1
235,Exit long,2025-06-02 07:30,S1BB_TP1,3310.309,3,9881.523,49.4,0.50,68.55,0.69,-16.47,-0.17,4436.02,44.36,7
235,Entry long,2025-05-31 03:00,S1BB_LE,3293.841,3,9881.523,49.4,0.50,68.55,0.69,-16.47,-0.17,4436.02,44.36,7
236,Exit long,2025-06-04 10:00,S1BB_TP1,3369.825,2.9,9723.8769,48.62,0.50,56.75,0.58,-19.91,-0.20,4484.64,44.85,11
236,Entry long,2025-06-04 03:30,S1BB_LE,3353.061,2.9,9723.8769,48.62,0.50,56.75,0.58,-19.91,-0.20,4484.64,44.85,11
237,Exit long,2025-06-04 18:30,S1BB_SL,3347.521,2.9,9756.5976,-48.79,-0.50,1.03,0.01,-48.79,-0.50,4435.85,44.36,2
237,Entry long,2025-06-04 17:30,S1BB_LE,3364.344,2.9,9756.5976,-48.79,-0.50,1.03,0.01,-48.79,-0.50,4435.85,44.36,2
238,Exit long,2025-06-05 17:30,S1BB_TP1,3386.111,2.9,9770.8714,48.85,0.50,64.01,0.66,-24.19,-0.25,4484.7,44.85,36
238,Entry long,2025-06-04 22:30,S1BB_LE,3369.266,2.9,9770.8714,48.85,0.50,64.01,0.66,-24.19,-0.25,4484.7,44.85,36
239,Exit long,2025-06-10 09:30,S1BB_SL,3305.195,3,9965.418,-49.83,-0.50,49.18,0.49,-49.83,-0.50,4434.87,44.35,20
239,Entry long,2025-06-09 22:30,S1BB_LE,3321.806,3,9965.418,-49.83,-0.50,49.18,0.49,-49.83,-0.50,4434.87,44.35,20
240,Exit long,2025-06-10 22:00,S1BB_TP1,3342.006,3,9976.143,49.88,0.50,71.37,0.72,-4.82,-0.05,4484.74,44.85,14
240,Entry long,2025-06-10 15:00,S1BB_LE,3325.381,3,9976.143,49.88,0.50,71.37,0.72,-4.82,-0.05,4484.74,44.85,14
241,Exit long,2025-06-12 15:30,S1BB_TP1,3357.384,3,9996.933,75.22,0.75,136.68,1.37,-38.97,-0.39,4559.96,45.60,59
241,Entry long,2025-06-11 09:00,S1BB_LE,3332.311,3,9996.933,75.22,0.75,136.68,1.37,-38.97,-0.39,4559.96,45.60,59
242,Exit long,2025-06-17 11:00,S1BB_SL,3385.845,2.9,9868.2969,-49.35,-0.50,1.48,0.01,-49.35,-0.50,4510.61,45.11,6
242,Entry long,2025-06-17 08:00,S1BB_LE,3402.861,2.9,9868.2969,-49.35,-0.50,1.48,0.01,-49.35,-0.50,4510.61,45.11,6
243,Exit long,2025-06-17 17:00,S1BB_SL,3376.572,2.9,9841.2689,-49.21,-0.50,5.88,0.06,-49.21,-0.50,4461.4,44.61,7
243,Entry long,2025-06-17 13:30,S1BB_LE,3393.541,2.9,9841.2689,-49.21,-0.50,5.88,0.06,-49.21,-0.50,4461.4,44.61,7
244,Exit long,2025-06-17 22:00,S1BB_SL,3381.248,2.9,9854.8989,-49.28,-0.50,5.8,0.06,-49.28,-0.50,4412.13,44.12,6
244,Entry long,2025-06-17 19:00,S1BB_LE,3398.241,2.9,9854.8989,-49.28,-0.50,5.8,0.06,-49.28,-0.50,4412.13,44.12,6
245,Exit long,2025-06-18 10:00,S1BB_SL,3373.378,2.9,9831.9599,-49.16,-0.50,17.43,0.18,-49.16,-0.50,4362.96,43.63,14
245,Entry long,2025-06-18 02:00,S1BB_LE,3390.331,2.9,9831.9599,-49.16,-0.50,17.43,0.18,-49.16,-0.50,4362.96,43.63,14
246,Exit long,2025-06-18 15:00,S1BB_SL,3378.034,2.9,9845.5319,-49.23,-0.50,14.58,0.15,-49.23,-0.50,4313.73,43.14,5
246,Entry long,2025-06-18 12:30,S1BB_LE,3395.011,2.9,9845.5319,-49.23,-0.50,14.58,0.15,-49.23,-0.50,4313.73,43.14,5
247,Exit long,2025-06-19 03:00,S1BB_SL,3369.676,2.9,9821.1719,-49.11,-0.50,29.66,0.30,-49.11,-0.50,4264.62,42.65,12
247,Entry long,2025-06-18 21:00,S1BB_LE,3386.611,2.9,9821.1719,-49.11,-0.50,29.66,0.30,-49.11,-0.50,4264.62,42.65,12
248,Exit long,2025-06-20 10:30,S1BB_SL,3352.376,2.9,9770.7496,-48.86,-0.50,18,0.18,-48.86,-0.50,4215.76,42.16,14
248,Entry long,2025-06-20 00:00,S1BB_LE,3369.224,2.9,9770.7496,-48.86,-0.50,18,0.18,-48.86,-0.50,4215.76,42.16,14
249,Exit long,2025-06-24 00:30,S1BB_TP1,3381.814,2.9,9758.4739,48.79,0.50,82.85,0.85,-26.96,-0.28,4264.54,42.65,14
249,Entry long,2025-06-23 17:30,S1BB_LE,3364.991,2.9,9758.4739,48.79,0.50,82.85,0.85,-26.96,-0.28,4264.54,42.65,14
250,Exit long,2025-06-26 16:00,S1BB_TP1,3345.84,3,9987.588,49.93,0.50,54.85,0.55,-14.34,-0.14,4314.48,43.14,29
250,Entry long,2025-06-26 00:30,S1BB_LE,3329.196,3,9987.588,49.93,0.50,54.85,0.55,-14.34,-0.14,4314.48,43.14,29
251,Exit long,2025-06-27 08:00,S1BB_SL,3315.927,3,9997.773,-49.99,-0.50,6.78,0.07,-49.99,-0.50,4264.48,42.64,9
251,Entry long,2025-06-27 02:30,S1BB_LE,3332.591,3,9997.773,-49.99,-0.50,6.78,0.07,-49.99,-0.50,4264.48,42.64,9
252,Exit long,2025-07-01 01:00,S1BB_TP1,3296.701,3,9840.903,49.2,0.50,54.69,0.56,-17.69,-0.18,4313.68,43.14,29
252,Entry long,2025-06-30 10:30,S1BB_LE,3280.301,3,9840.903,49.2,0.50,54.69,0.56,-17.69,-0.18,4313.68,43.14,29
253,Exit long,2025-07-03 04:30,S1BB_TP1,3356.589,2.9,9685.6839,48.42,0.50,58.64,0.61,-36.59,-0.38,4362.11,43.62,32
253,Entry long,2025-07-02 12:30,S1BB_LE,3339.891,2.9,9685.6839,48.42,0.50,58.64,0.61,-36.59,-0.38,4362.11,43.62,32
254,Exit long,2025-07-03 20:30,S1BB_SL,3342.593,2.9,9742.2339,-48.71,-0.50,12.55,0.13,-48.71,-0.50,4313.39,43.13,13
254,Entry long,2025-07-03 14:00,S1BB_LE,3359.391,2.9,9742.2339,-48.71,-0.50,12.55,0.13,-48.71,-0.50,4313.39,43.13,13
255,Exit long,2025-07-10 04:00,S1BB_TP1,3312.861,3,9889.143,49.44,0.50,61.56,0.62,-14,-0.14,4362.83,43.63,14
255,Entry long,2025-07-09 21:00,S1BB_LE,3296.381,3,9889.143,49.44,0.50,61.56,0.62,-14,-0.14,4362.83,43.63,14
256,Exit long,2025-07-11 14:30,S1BB_TP1,3340.851,3,9972.693,49.86,0.50,59.4,0.60,-7.94,-0.08,4412.69,44.13,20
256,Entry long,2025-07-11 03:30,S1BB_LE,3324.231,3,9972.693,49.86,0.50,59.4,0.60,-7.94,-0.08,4412.69,44.13,20
257,Exit long,2025-07-14 20:00,S1BB_SL,3357.697,2.9,9786.2559,-48.93,-0.50,1.13,0.01,-48.93,-0.50,4363.76,43.64,9
257,Entry long,2025-07-14 15:30,S1BB_LE,3374.571,2.9,9786.2559,-48.93,-0.50,1.13,0.01,-48.93,-0.50,4363.76,43.64,9
258,Exit long,2025-07-17 00:00,S1BB_SL,3343.649,2.9,9753.4946,-56.91,-0.58,41.2,0.42,-79.95,-0.82,4306.85,43.07,1
258,Entry long,2025-07-16 23:30,S1BB_LE,3363.274,2.9,9753.4946,-56.91,-0.58,41.2,0.42,-79.95,-0.82,4306.85,43.07,1
259,Exit long,2025-07-22 09:00,S1BB_TP1,3390.094,2.9,9701.7789,129.49,1.33,166.08,1.71,-21.91,-0.23,4436.34,44.36,79
259,Entry long,2025-07-18 15:30,S1BB_LE,3345.441,2.9,9701.7789,129.49,1.33,166.08,1.71,-21.91,-0.23,4436.34,44.36,79
260,Exit long,2025-07-22 22:00,S1BB_TP1,3408.12,2.9,9834.3814,49.17,0.50,84.43,0.86,-1.28,-0.01,4485.51,44.86,4
260,Entry long,2025-07-22 20:00,S1BB_LE,3391.166,2.9,9834.3814,49.17,0.50,84.43,0.86,-1.28,-0.01,4485.51,44.86,4
261,Exit long,2025-07-23 21:00,S1BB_SL,3411.267,2.9,9942.3919,-49.72,-0.50,15.72,0.16,-49.72,-0.50,4435.79,44.36,8
261,Entry long,2025-07-23 17:00,S1BB_LE,3428.411,2.9,9942.3919,-49.72,-0.50,15.72,0.16,-49.72,-0.50,4435.79,44.36,8
262,Exit long,2025-07-25 13:30,S1BB_SL,3356.712,2.9,9783.3849,-48.92,-0.50,5.07,0.05,-48.92,-0.50,4386.87,43.87,27
262,Entry long,2025-07-24 23:00,S1BB_LE,3373.581,2.9,9783.3849,-48.92,-0.50,5.07,0.05,-48.92,-0.50,4386.87,43.87,27
263,Exit long,2025-07-28 21:30,S1BB_SL,3318.706,2.9,9672.6136,-48.37,-0.50,28.9,0.30,-48.37,-0.50,4338.5,43.39,24
263,Entry long,2025-07-28 09:30,S1BB_LE,3335.384,2.9,9672.6136,-48.37,-0.50,28.9,0.30,-48.37,-0.50,4338.5,43.39,24
264,Exit long,2025-07-30 20:30,S1BB_SL,3312.225,3,9986.613,-49.94,-0.50,15.75,0.16,-49.94,-0.50,4288.56,42.89,41
264,Entry long,2025-07-29 23:00,S1BB_LE,3328.871,3,9986.613,-49.94,-0.50,15.75,0.16,-49.94,-0.50,4288.56,42.89,41
265,Exit long,2025-08-01 21:30,S1BB_TP2,3350.332,3,9878.133,172.86,1.75,185.95,1.88,-23.14,-0.23,4461.43,44.61,18
265,Entry long,2025-08-01 12:30,S1BB_LE,3292.711,3,9878.133,172.86,1.75,185.95,1.88,-23.14,-0.23,4461.43,44.61,18
266,Exit long,2025-08-07 16:00,S1BB_TP1,3390.508,2.9,9783.5589,48.91,0.50,69.25,0.71,-45.32,-0.46,4510.34,45.10,80
266,Entry long,2025-08-05 22:00,S1BB_LE,3373.641,2.9,9783.5589,48.91,0.50,69.25,0.71,-45.32,-0.46,4510.34,45.10,80
267,Exit long,2025-08-08 04:30,S1BB_TP1,3397.589,2.9,9803.9923,49.02,0.50,61.54,0.63,-17.43,-0.18,4559.36,45.59,15
267,Entry long,2025-08-07 21:00,S1BB_LE,3380.687,2.9,9803.9923,49.02,0.50,61.54,0.63,-17.43,-0.18,4559.36,45.59,15
268,Exit long,2025-08-08 19:00,S1BB_SL,3380.92,2.9,9853.9419,-49.27,-0.50,18.38,0.19,-49.27,-0.50,4510.08,45.10,13
268,Entry long,2025-08-08 12:30,S1BB_LE,3397.911,2.9,9853.9419,-49.27,-0.50,18.38,0.19,-49.27,-0.50,4510.08,45.10,13
269,Exit long,2025-08-09 01:30,S1BB_SL,3380.71,2.9,9853.33,-49.27,-0.50,9.14,0.09,-49.27,-0.50,4460.81,44.61,2
269,Entry long,2025-08-09 00:30,S1BB_LE,3397.7,2.9,9853.33,-49.27,-0.50,9.14,0.09,-49.27,-0.50,4460.81,44.61,2
270,Exit long,2025-08-14 09:00,S1BB_TP1,3366.569,2.9,9714.4809,48.57,0.50,72.41,0.75,-21.41,-0.22,4509.38,45.09,62
270,Entry long,2025-08-13 00:00,S1BB_LE,3349.821,2.9,9714.4809,48.57,0.50,72.41,0.75,-21.41,-0.22,4509.38,45.09,62
271,Exit long,2025-08-18 07:00,S1BB_SL,3326.58,2.9,9695.5642,-48.48,-0.50,5.31,0.05,-48.48,-0.50,4460.9,44.61,13
271,Entry long,2025-08-15 23:30,S1BB_LE,3343.298,2.9,9695.5642,-48.48,-0.50,5.31,0.05,-48.48,-0.50,4460.9,44.61,13
272,Exit long,2025-08-18 13:00,S1BB_TP1,3357.132,2.9,9687.2499,48.43,0.50,52.2,0.54,-2.92,-0.03,4509.33,45.09,7
272,Entry long,2025-08-18 09:30,S1BB_LE,3340.431,2.9,9687.2499,48.43,0.50,52.2,0.54,-2.92,-0.03,4509.33,45.09,7
273,Exit long,2025-08-19 22:30,S1BB_SL,3321.28,2.9,9680.1159,-48.4,-0.50,21.4,0.22,-48.4,-0.50,4460.93,44.61,23
273,Entry long,2025-08-19 11:00,S1BB_LE,3337.971,2.9,9680.1159,-48.4,-0.50,21.4,0.22,-48.4,-0.50,4460.93,44.61,23
274,Exit long,2025-08-22 12:30,S1BB_SL,3328.496,2.9,9701.1496,-48.51,-0.50,8.49,0.09,-48.51,-0.50,4412.42,44.12,28
274,Entry long,2025-08-21 21:30,S1BB_LE,3345.224,2.9,9701.1496,-48.51,-0.50,8.49,0.09,-48.51,-0.50,4412.42,44.12,28
275,Exit long,2025-08-25 08:30,S1BB_TP1,3364.104,2.9,9667.6749,88.23,0.91,130.85,1.35,-0.22,0.00,4500.65,45.01,19
275,Entry long,2025-08-22 22:00,S1BB_LE,3333.681,2.9,9667.6749,88.23,0.91,130.85,1.35,-0.22,0.00,4500.65,45.01,19
276,Exit long,2025-08-26 07:00,S1BB_SL,3353.617,2.9,9774.3659,-48.88,-0.50,16.88,0.17,-48.88,-0.50,4451.77,44.52,16
276,Entry long,2025-08-25 22:00,S1BB_LE,3370.471,2.9,9774.3659,-48.88,-0.50,16.88,0.17,-48.88,-0.50,4451.77,44.52,16
277,Exit long,2025-08-28 17:00,S1BB_TP1,3400.01,2.9,9810.9784,49.05,0.50,53.89,0.55,-46.72,-0.48,4500.82,45.01,108
277,Entry long,2025-08-26 09:00,S1BB_LE,3383.096,2.9,9810.9784,49.05,0.50,53.89,0.55,-46.72,-0.48,4500.82,45.01,108
278,Exit long,2025-08-29 22:30,S1BB_TP1,3433.582,2.9,9907.8529,49.53,0.50,60.42,0.61,-8.98,-0.09,4550.35,45.50,3
278,Entry long,2025-08-29 21:00,S1BB_LE,3416.501,2.9,9907.8529,49.53,0.50,60.42,0.61,-8.98,-0.09,4550.35,45.50,3
279,Exit long,2025-09-02 09:30,S1BB_TP1,3495.018,2.8,9737.3668,48.68,0.50,56.4,0.58,-15.36,-0.16,4599.04,45.99,15
279,Entry long,2025-09-01 22:30,S1BB_LE,3477.631,2.8,9737.3668,48.68,0.50,56.4,0.58,-15.36,-0.16,4599.04,45.99,15
280,Exit long,2025-09-03 21:00,S1BB_TP2,3550.199,2.8,9769.5948,170.96,1.75,174.58,1.79,-1.77,-0.02,4770,47.70,44
280,Entry long,2025-09-02 22:00,S1BB_LE,3489.141,2.8,9769.5948,170.96,1.75,174.58,1.79,-1.77,-0.02,4770,47.70,44
281,Exit long,2025-09-08 18:30,S1BB_TP2,3613.463,2.8,9943.6848,174.01,1.75,199.29,2.00,-18.71,-0.19,4944.01,49.44,66
281,Entry long,2025-09-05 08:30,S1BB_LE,3551.316,2.8,9943.6848,174.01,1.75,199.29,2.00,-18.71,-0.19,4944.01,49.44,66
282,Exit long,2025-09-10 18:00,S1BB_TP1,3654.662,2.7,9818.4987,49.09,0.50,52.86,0.54,-0.49,0.00,4993.1,49.93,12
282,Entry long,2025-09-10 12:00,S1BB_LE,3636.481,2.7,9818.4987,49.09,0.50,52.86,0.54,-0.49,0.00,4993.1,49.93,12
283,Exit long,2025-09-12 13:00,S1BB_TP1,3653.144,2.7,9814.4217,49.07,0.50,58.61,0.60,-22.37,-0.23,5042.17,50.42,27
283,Entry long,2025-09-11 22:30,S1BB_LE,3634.971,2.7,9814.4217,49.07,0.50,58.61,0.60,-22.37,-0.23,5042.17,50.42,27
284,Exit long,2025-09-15 08:30,S1BB_SL,3634.456,2.7,9862.3467,-49.32,-0.50,2.54,0.03,-49.32,-0.50,4992.85,49.93,18
284,Entry long,2025-09-12 22:30,S1BB_LE,3652.721,2.7,9862.3467,-49.32,-0.50,2.54,0.03,-49.32,-0.50,4992.85,49.93,18
285,Exit long,2025-09-16 23:00,S1BB_TP1,3681.397,2.7,9844.0407,95.73,0.97,154.41,1.57,-33.67,-0.34,5088.58,50.89,68
285,Entry long,2025-09-15 12:00,S1BB_LE,3645.941,2.7,9844.0407,95.73,0.97,154.41,1.57,-33.67,-0.34,5088.58,50.89,68
286,Exit long,2025-09-20 02:30,S1BB_TP1,3681.666,2.7,9891.0477,49.45,0.50,52.43,0.53,-19.43,-0.20,5138.03,51.38,9
286,Entry long,2025-09-19 22:00,S1BB_LE,3663.351,2.7,9891.0477,49.45,0.50,52.43,0.53,-19.43,-0.20,5138.03,51.38,9
287,Exit long,2025-09-23 22:00,S1BB_TP1,3771.925,2.6,9758.2186,48.79,0.50,98.59,1.01,-11.53,-0.12,5186.82,51.87,16
287,Entry long,2025-09-23 14:00,S1BB_LE,3753.161,2.6,9758.2186,48.79,0.50,98.59,1.01,-11.53,-0.12,5186.82,51.87,16
288,Exit long,2025-09-24 23:30,S1BB_SL,3749.249,2.6,9797.0366,-48.99,-0.50,29.43,0.30,-48.99,-0.50,5137.83,51.38,21
288,Entry long,2025-09-24 13:00,S1BB_LE,3768.091,2.6,9797.0366,-48.99,-0.50,29.43,0.30,-48.99,-0.50,5137.83,51.38,21
289,Exit long,2025-09-25 21:30,S1BB_SL,3726.066,2.6,9736.4566,-48.68,-0.50,43.71,0.45,-48.68,-0.50,5089.15,50.89,14
289,Entry long,2025-09-25 14:30,S1BB_LE,3744.791,2.6,9736.4566,-48.68,-0.50,43.71,0.45,-48.68,-0.50,5089.15,50.89,14
290,Exit long,2025-09-26 11:00,S1BB_SL,3736.274,2.6,9763.1326,-48.82,-0.50,4.37,0.04,-48.82,-0.50,5040.33,50.40,14
290,Entry long,2025-09-26 03:00,S1BB_LE,3755.051,2.6,9763.1326,-48.82,-0.50,4.37,0.04,-48.82,-0.50,5040.33,50.40,14
291,Exit long,2025-09-27 03:30,S1BB_TP1,3765.443,2.6,9741.4486,48.7,0.50,96.56,0.99,-20.02,-0.21,5089.03,50.89,28
291,Entry long,2025-09-26 13:30,S1BB_LE,3746.711,2.6,9741.4486,48.7,0.50,96.56,0.99,-20.02,-0.21,5089.03,50.89,28
292,Exit long,2025-10-02 20:00,S1BB_TP1,3885.134,2.5,9664.515,48.32,0.50,65.76,0.68,-10.72,-0.11,5137.35,51.37,18
292,Entry long,2025-10-02 11:00,S1BB_LE,3865.806,2.5,9664.515,48.32,0.50,65.76,0.68,-10.72,-0.11,5137.35,51.37,18
293,Exit long,2025-10-03 11:30,S1BB_SL,3839.071,2.5,9645.91,-48.23,-0.50,13.44,0.14,-48.23,-0.50,5089.12,50.89,8
293,Entry long,2025-10-03 07:30,S1BB_LE,3858.364,2.5,9645.91,-48.23,-0.50,13.44,0.14,-48.23,-0.50,5089.12,50.89,8
294,Exit long,2025-10-03 21:30,S1BB_TP1,3880.021,2.5,9651.7975,48.26,0.50,59.53,0.62,-15.43,-0.16,5137.37,51.37,14
294,Entry long,2025-10-03 14:30,S1BB_LE,3860.719,2.5,9651.7975,48.26,0.50,59.53,0.62,-15.43,-0.16,5137.37,51.37,14
295,Exit long,2025-10-08 09:00,S1BB_TP1,3985.608,2.5,9914.4525,49.57,0.50,83.95,0.85,-10.56,-0.11,5186.94,51.87,23
295,Entry long,2025-10-07 20:30,S1BB_LE,3965.781,2.5,9914.4525,49.57,0.50,83.95,0.85,-10.56,-0.11,5186.94,51.87,23
296,Exit long,2025-10-09 21:30,S1BB_SL,4018.725,2.4,9693.4104,-48.47,-0.50,45.81,0.47,-48.47,-0.50,5138.47,51.38,17
296,Entry long,2025-10-09 13:00,S1BB_LE,4038.921,2.4,9693.4104,-48.47,-0.50,45.81,0.47,-48.47,-0.50,5138.47,51.38,17
297,Exit long,2025-10-13 13:30,S1BB_TP2,4069.226,2.5,9998.1025,174.96,1.75,197.12,1.97,-11.68,-0.12,5313.43,53.13,19
297,Entry long,2025-10-11 03:00,S1BB_LE,3999.241,2.5,9998.1025,174.96,1.75,197.12,1.97,-11.68,-0.12,5313.43,53.13,19
298,Exit long,2025-10-15 08:00,S1BB_TP1,4158.669,2.4,9931.1544,49.65,0.50,70.25,0.71,-25.02,-0.25,5363.08,53.63,15
298,Entry long,2025-10-14 23:30,S1BB_LE,4137.981,2.4,9931.1544,49.65,0.50,70.25,0.71,-25.02,-0.25,5363.08,53.63,15
299,Exit long,2025-10-16 08:30,S1BB_TP1,4219.381,2.3,9656.2993,48.28,0.50,66.26,0.69,-5.91,-0.06,5411.36,54.11,10
299,Entry long,2025-10-16 02:30,S1BB_LE,4198.391,2.3,9656.2993,48.28,0.50,66.26,0.69,-5.91,-0.06,5411.36,54.11,10
300,Exit long,2025-10-21 09:30,S1BB_TP2,4345.947,2.3,9798.8993,196.78,2.01,278.51,2.84,-34.4,-0.35,5608.14,56.08,32
300,Entry long,2025-10-20 16:30,S1BB_LE,4260.391,2.3,9798.8993,196.78,2.01,278.51,2.84,-34.4,-0.35,5608.14,56.08,32
301,Exit long,2025-10-23 04:00,S1BB_TP1,4094.078,2.4,9776.9064,48.88,0.50,95.57,0.98,-0.33,0.00,5657.02,56.57,3
301,Entry long,2025-10-23 02:30,S1BB_LE,4073.711,2.4,9776.9064,48.88,0.50,95.57,0.98,-0.33,0.00,5657.02,56.57,3
302,Exit long,2025-10-24 10:00,S1BB_SL,4115.777,2.4,9927.5064,-49.64,-0.50,2.49,0.03,-59.15,-0.60,5607.38,56.07,1
302,Entry long,2025-10-24 09:30,S1BB_LE,4136.461,2.4,9927.5064,-49.64,-0.50,2.49,0.03,-59.15,-0.60,5607.38,56.07,1
303,Exit long,2025-10-25 00:30,S1BB_TP1,4134.587,2.4,9873.6432,49.37,0.50,59.98,0.61,-39.7,-0.40,5656.74,56.57,6
303,Entry long,2025-10-24 21:30,S1BB_LE,4114.018,2.4,9873.6432,49.37,0.50,59.98,0.61,-39.7,-0.40,5656.74,56.57,6
304,Exit long,2025-10-29 10:30,S1BB_SL,3950.796,2.5,9926.6275,-49.64,-0.50,29.11,0.29,-49.64,-0.50,5607.11,56.07,4
304,Entry long,2025-10-29 08:30,S1BB_LE,3970.651,2.5,9926.6275,-49.64,-0.50,29.11,0.29,-49.64,-0.50,5607.11,56.07,4
305,Exit long,2025-10-31 17:00,S1BB_SL,4000.795,2.4,9650.1624,-48.25,-0.50,14.18,0.15,-48.25,-0.50,5558.85,55.59,2
305,Entry long,2025-10-31 16:00,S1BB_LE,4020.901,2.4,9650.1624,-48.25,-0.50,14.18,0.15,-48.25,-0.50,5558.85,55.59,2
306,Exit long,2025-11-01 00:00,S1BB_SL,3998.913,2.4,9645.624,-48.23,-0.50,41.35,0.43,-48.23,-0.50,5510.62,55.11,7
306,Entry long,2025-10-31 20:30,S1BB_LE,4019.01,2.4,9645.624,-48.23,-0.50,41.35,0.43,-48.23,-0.50,5510.62,55.11,7
307,Exit long,2025-11-03 16:00,S1BB_TP1,4023.949,2.4,9609.4344,48.04,0.50,57.89,0.60,-15.48,-0.16,5558.66,55.59,10
307,Entry long,2025-11-03 11:00,S1BB_LE,4003.931,2.4,9609.4344,48.04,0.50,57.89,0.60,-15.48,-0.16,5558.66,55.59,10
308,Exit long,2025-11-04 07:00,S1BB_SL,3994.148,2.4,9634.1304,-48.18,-0.50,39.15,0.41,-48.18,-0.50,5510.49,55.10,17
308,Entry long,2025-11-03 21:30,S1BB_LE,4014.221,2.4,9634.1304,-48.18,-0.50,39.15,0.41,-48.18,-0.50,5510.49,55.10,17
309,Exit long,2025-11-04 21:30,S1BB_SL,3979.95,2.5,9999.8775,-50,-0.50,1.6,0.02,-50,-0.50,5460.48,54.60,10
309,Entry long,2025-11-04 16:30,S1BB_LE,3999.951,2.5,9999.8775,-50,-0.50,1.6,0.02,-50,-0.50,5460.48,54.60,10
310,Exit long,2025-11-06 18:00,S1BB_TP1,4005.97,2.5,9965.1025,49.82,0.50,77.03,0.77,-10.01,-0.10,5510.31,55.10,13
310,Entry long,2025-11-06 11:30,S1BB_LE,3986.041,2.5,9965.1025,49.82,0.50,77.03,0.77,-10.01,-0.10,5510.31,55.10,13
311,Exit long,2025-11-07 17:00,S1BB_TP1,4008.414,2.5,9971.1825,49.85,0.50,55.02,0.55,-8.23,-0.08,5560.16,55.60,16
311,Entry long,2025-11-07 09:00,S1BB_LE,3988.473,2.5,9971.1825,49.85,0.50,55.02,0.55,-8.23,-0.08,5560.16,55.60,16
312,Exit long,2025-11-10 17:00,S1BB_TP2,4077.804,2.4,9618.4104,168.32,1.75,185.83,1.93,-37.21,-0.39,5728.48,57.28,30
312,Entry long,2025-11-08 01:00,S1BB_LE,4007.671,2.4,9618.4104,168.32,1.75,185.83,1.93,-37.21,-0.39,5728.48,57.28,30
313,Exit long,2025-11-12 12:00,S1BB_SL,4108.819,2.4,9910.7232,-49.56,-0.50,38.6,0.39,-49.56,-0.50,5678.92,56.79,12
313,Entry long,2025-11-12 05:00,S1BB_LE,4129.468,2.4,9910.7232,-49.56,-0.50,38.6,0.39,-49.56,-0.50,5678.92,56.79,12
314,Exit long,2025-11-13 03:00,S1BB_TP2,4203.49,2.4,9914.8704,173.51,1.75,193.1,1.95,-32.35,-0.33,5852.43,58.52,20
314,Entry long,2025-11-12 17:00,S1BB_LE,4131.196,2.4,9914.8704,173.51,1.75,193.1,1.95,-32.35,-0.33,5852.43,58.52,20
315,Exit long,2025-11-18 23:00,S1BB_TP1,4054.974,2.4,9683.5224,48.42,0.50,113.22,1.17,-13.95,-0.14,5900.84,59.01,11
315,Entry long,2025-11-18 17:30,S1BB_LE,4034.801,2.4,9683.5224,48.42,0.50,113.22,1.17,-13.95,-0.14,5900.84,59.01,11
316,Exit long,2025-11-20 09:30,S1BB_SL,4085.039,2.4,9853.3632,-49.27,-0.50,8.77,0.09,-49.27,-0.50,5851.57,58.52,2
316,Entry long,2025-11-20 08:30,S1BB_LE,4105.568,2.4,9853.3632,-49.27,-0.50,8.77,0.09,-49.27,-0.50,5851.57,58.52,2
317,Exit long,2025-11-21 00:30,S1BB_SL,4061.44,2.4,9796.4424,-48.99,-0.50,62.37,0.64,-48.99,-0.50,5802.58,58.03,7
317,Entry long,2025-11-20 21:00,S1BB_LE,4081.851,2.4,9796.4424,-48.99,-0.50,62.37,0.64,-48.99,-0.50,5802.58,58.03,7
318,Exit long,2025-11-21 09:00,S1BB_SL,4063.976,2.4,9802.5576,-49.02,-0.50,11.16,0.11,-49.02,-0.50,5753.57,57.54,8
318,Entry long,2025-11-21 04:00,S1BB_LE,4084.399,2.4,9802.5576,-49.02,-0.50,11.16,0.11,-49.02,-0.50,5753.57,57.54,8
319,Exit long,2025-11-22 01:00,S1BB_TP1,4085.948,2.4,9757.4904,48.78,0.50,85.31,0.87,-25.83,-0.26,5802.35,58.02,8
319,Entry long,2025-11-21 21:00,S1BB_LE,4065.621,2.4,9757.4904,48.78,0.50,85.31,0.87,-25.83,-0.26,5802.35,58.02,8
320,Exit long,2025-11-25 07:00,S1BB_TP2,4133.9,2.4,9750.7248,170.64,1.75,185.26,1.90,-7,-0.07,5972.99,59.73,27
320,Entry long,2025-11-24 16:30,S1BB_LE,4062.802,2.4,9750.7248,170.64,1.75,185.26,1.90,-7,-0.07,5972.99,59.73,27
321,Exit long,2025-11-25 22:30,S1BB_SL,4126.682,2.4,9953.8104,-49.77,-0.50,3.07,0.03,-49.77,-0.50,5923.22,59.23,1
321,Entry long,2025-11-25 22:00,S1BB_LE,4147.421,2.4,9953.8104,-49.77,-0.50,3.07,0.03,-49.77,-0.50,5923.22,59.23,1
322,Exit long,2025-11-26 11:30,S1BB_TP1,4163.443,2.4,9942.5544,49.71,0.50,63.05,0.63,-10.6,-0.11,5972.93,59.73,5
322,Entry long,2025-11-26 09:00,S1BB_LE,4142.731,2.4,9942.5544,49.71,0.50,63.05,0.63,-10.6,-0.11,5972.93,59.73,5
323,Exit long,2025-11-28 11:30,S1BB_TP1,4182.679,2.4,9988.4904,49.94,0.50,75.19,0.75,-46.67,-0.47,6022.86,60.23,61
323,Entry long,2025-11-27 00:30,S1BB_LE,4161.871,2.4,9988.4904,49.94,0.50,75.19,0.75,-46.67,-0.47,6022.86,60.23,61
324,Exit long,2025-11-29 03:00,S1BB_TP1,4217.683,2.3,9652.4123,48.26,0.50,69.22,0.72,-25.96,-0.27,6071.12,60.71,9
324,Entry long,2025-11-28 22:30,S1BB_LE,4196.701,2.3,9652.4123,48.26,0.50,69.22,0.72,-25.96,-0.27,6071.12,60.71,9
325,Exit long,2025-12-02 23:00,S1BB_SL,4206.297,2.3,9723.1028,-48.62,-0.50,4.7,0.05,-48.62,-0.50,6022.5,60.23,1
325,Entry long,2025-12-02 22:30,S1BB_LE,4227.436,2.3,9723.1028,-48.62,-0.50,4.7,0.05,-48.62,-0.50,6022.5,60.23,1
326,Exit long,2025-12-03 22:00,S1BB_TP1,4231.269,2.3,9683.5037,48.42,0.50,70.36,0.73,-36.54,-0.38,6070.92,60.71,32
326,Entry long,2025-12-03 05:00,S1BB_LE,4210.219,2.3,9683.5037,48.42,0.50,70.36,0.73,-36.54,-0.38,6070.92,60.71,32
327,Exit long,2025-12-04 11:00,S1BB_SL,4191.93,2.3,9689.8908,-48.45,-0.50,8.77,0.09,-48.45,-0.50,6022.47,60.22,3
327,Entry long,2025-12-04 09:30,S1BB_LE,4212.996,2.3,9689.8908,-48.45,-0.50,8.77,0.09,-48.45,-0.50,6022.47,60.22,3
328,Exit long,2025-12-05 13:30,S1BB_TP1,4218.246,2.3,9653.7003,48.27,0.50,55.29,0.57,-27.84,-0.29,6070.73,60.71,35
328,Entry long,2025-12-04 19:00,S1BB_LE,4197.261,2.3,9653.7003,48.27,0.50,55.29,0.57,-27.84,-0.29,6070.73,60.71,35
329,Exit long,2025-12-08 23:00,S1BB_SL,4192.661,2.3,9691.5813,-48.46,-0.50,2.14,0.02,-48.46,-0.50,6022.27,60.22,4
329,Entry long,2025-12-08 21:00,S1BB_LE,4213.731,2.3,9691.5813,-48.46,-0.50,2.14,0.02,-48.46,-0.50,6022.27,60.22,4
330,Exit long,2025-12-09 14:00,S1BB_SL,4171.418,2.3,9642.4763,-48.21,-0.50,14.81,0.15,-48.21,-0.50,5974.06,59.74,11
330,Entry long,2025-12-09 08:30,S1BB_LE,4192.381,2.3,9642.4763,-48.21,-0.50,14.81,0.15,-48.21,-0.50,5974.06,59.74,11
331,Exit long,2025-12-11 03:30,S1BB_SL,4186.134,2.3,9676.4933,-48.39,-0.50,32.73,0.34,-48.39,-0.50,5925.67,59.26,66
331,Entry long,2025-12-09 17:30,S1BB_LE,4207.171,2.3,9676.4933,-48.39,-0.50,32.73,0.34,-48.39,-0.50,5925.67,59.26,66
332,Exit long,2025-12-15 22:00,S1BB_TP1,4329.007,2.3,9907.1833,49.53,0.50,98.78,1.00,-5.05,-0.05,5975.2,59.75,26
332,Entry long,2025-12-15 09:00,S1BB_LE,4307.471,2.3,9907.1833,49.53,0.50,98.78,1.00,-5.05,-0.05,5975.2,59.75,26
333,Exit long,2025-12-16 10:30,S1BB_SL,4287.285,2.3,9910.3113,-49.56,-0.50,7.82,0.08,-49.56,-0.50,5925.65,59.26,1
333,Entry long,2025-12-16 10:00,S1BB_LE,4308.831,2.3,9910.3113,-49.56,-0.50,7.82,0.08,-49.56,-0.50,5925.65,59.26,1
334,Exit long,2025-12-16 23:00,S1BB_TP1,4315.932,2.3,9877.2603,49.38,0.50,93.54,0.95,-8.83,-0.09,5975.03,59.75,4
334,Entry long,2025-12-16 21:00,S1BB_LE,4294.461,2.3,9877.2603,49.38,0.50,93.54,0.95,-8.83,-0.09,5975.03,59.75,4
335,Exit long,2025-12-17 22:00,S1BB_TP1,4334.705,2.3,9920.2243,49.6,0.50,75.46,0.76,-15.72,-0.16,6024.63,60.25,26
335,Entry long,2025-12-17 09:00,S1BB_LE,4313.141,2.3,9920.2243,49.6,0.50,75.46,0.76,-15.72,-0.16,6024.63,60.25,26
336,Exit long,2025-12-19 01:00,S1BB_TP1,4354.252,2.3,9964.9593,49.82,0.50,97.93,0.98,-55.9,-0.56,6074.45,60.74,5
336,Entry long,2025-12-18 22:30,S1BB_LE,4332.591,2.3,9964.9593,49.82,0.50,97.93,0.98,-55.9,-0.56,6074.45,60.74,5
337,Exit long,2025-12-20 01:00,S1BB_TP1,4349.162,2.3,9953.3098,49.76,0.50,63.01,0.63,-18.41,-0.19,6124.21,61.24,19
337,Entry long,2025-12-19 15:30,S1BB_LE,4327.526,2.3,9953.3098,49.76,0.50,63.01,0.63,-18.41,-0.19,6124.21,61.24,19
338,Exit long,2025-12-26 18:30,S1BB_TP1,4519.947,2.2,9894.4142,49.47,0.50,74.41,0.75,-20.04,-0.20,6173.68,61.74,22
338,Entry long,2025-12-26 07:30,S1BB_LE,4497.461,2.2,9894.4142,49.47,0.50,74.41,0.75,-20.04,-0.20,6173.68,61.74,22
339,Exit long,2025-12-29 08:00,S1BB_SL,4502.518,2.2,9955.319,-49.78,-0.50,55.83,0.56,-49.78,-0.50,6123.9,61.24,18
339,Entry long,2025-12-26 22:00,S1BB_LE,4525.145,2.2,9955.319,-49.78,-0.50,55.83,0.56,-49.78,-0.50,6123.9,61.24,18
340,Exit long,2025-12-31 12:30,S1BB_SL,4339.364,2.2,9594.5762,-47.98,-0.50,22.13,0.23,-47.98,-0.50,6075.93,60.76,4
340,Entry long,2025-12-31 10:30,S1BB_LE,4361.171,2.2,9594.5762,-47.98,-0.50,22.13,0.23,-47.98,-0.50,6075.93,60.76,4
341,Exit long,2026-01-01 00:00,S1BB_SL,4324.155,2.3,9995.5378,-49.98,-0.50,17.21,0.17,-49.98,-0.50,6025.94,60.26,4
341,Entry long,2025-12-31 22:00,S1BB_LE,4345.886,2.3,9995.5378,-49.98,-0.50,17.21,0.17,-49.98,-0.50,6025.94,60.26,4
342,Exit long,2026-01-02 21:30,S1BB_TP1,4370.597,2.2,9566.1082,49.21,0.51,119.07,1.24,-15.86,-0.17,6075.15,60.75,27
342,Entry long,2026-01-02 08:00,S1BB_LE,4348.231,2.2,9566.1082,49.21,0.51,119.07,1.24,-15.86,-0.17,6075.15,60.75,27
343,Exit long,2026-01-06 23:00,S1BB_TP1,4482.581,2.2,9812.6182,49.06,0.50,67.49,0.69,-40.01,-0.41,6124.21,61.24,25
343,Entry long,2026-01-06 10:30,S1BB_LE,4460.281,2.2,9812.6182,49.06,0.50,67.49,0.69,-40.01,-0.41,6124.21,61.24,25
344,Exit long,2026-01-08 09:30,S1BB_SL,4441.739,2.2,9820.9342,-49.11,-0.50,5.3,0.05,-49.11,-0.50,6075.1,60.75,15
344,Entry long,2026-01-08 01:00,S1BB_LE,4464.061,2.2,9820.9342,-49.11,-0.50,5.3,0.05,-49.11,-0.50,6075.1,60.75,15
345,Exit long,2026-01-09 02:00,S1BB_TP1,4455.154,2.2,9752.5802,48.76,0.50,71.34,0.73,-11.9,-0.12,6123.86,61.24,6
345,Entry long,2026-01-08 23:00,S1BB_LE,4432.991,2.2,9752.5802,48.76,0.50,71.34,0.73,-11.9,-0.12,6123.86,61.24,6
346,Exit long,2026-01-13 14:30,S1BB_SL,4578.149,2.1,9662.4276,-48.31,-0.50,2,0.02,-48.31,-0.50,6075.55,60.76,2
346,Entry long,2026-01-13 13:30,S1BB_LE,4601.156,2.1,9662.4276,-48.31,-0.50,2,0.02,-48.31,-0.50,6075.55,60.76,2
347,Exit long,2026-01-13 23:00,S1BB_TP1,4624.125,2.1,9662.3541,48.31,0.50,70.26,0.73,-2.03,-0.02,6123.85,61.24,3
347,Entry long,2026-01-13 21:30,S1BB_LE,4601.121,2.1,9662.3541,48.31,0.50,70.26,0.73,-2.03,-0.02,6123.85,61.24,3
348,Exit long,2026-01-14 13:30,S1BB_TP1,4631.894,2.1,9678.5871,48.39,0.50,64.83,0.67,-6.25,-0.06,6172.24,61.72,9
348,Entry long,2026-01-14 09:00,S1BB_LE,4608.851,2.1,9678.5871,48.39,0.50,64.83,0.67,-6.25,-0.06,6172.24,61.72,9
349,Exit long,2026-01-15 07:00,S1BB_SL,4611.655,2.1,9733.1451,-48.67,-0.50,14.28,0.15,-48.67,-0.50,6123.57,61.24,5
349,Entry long,2026-01-15 03:30,S1BB_LE,4634.831,2.1,9733.1451,-48.67,-0.50,14.28,0.15,-48.67,-0.50,6123.57,61.24,5
350,Exit long,2026-01-16 21:00,S1BB_SL,4584.479,2.1,9675.7878,-48.38,-0.50,18.1,0.19,-48.38,-0.50,6075.19,60.75,10
350,Entry long,2026-01-16 16:00,S1BB_LE,4607.518,2.1,9675.7878,-48.38,-0.50,18.1,0.19,-48.38,-0.50,6075.19,60.75,10
351,Exit long,2026-01-19 07:30,S1BB_TP2,4676.287,2.1,9651.3081,168.89,1.75,199.54,2.07,-0.002,0.00,6244.09,62.44,1
351,Entry long,2026-01-19 07:00,S1BB_LE,4595.861,2.1,9651.3081,168.89,1.75,199.54,2.07,-0.002,0.00,6244.09,62.44,1
352,Exit long,2026-01-21 02:30,S1BB_TP2,4754.966,2.1,9813.6927,171.74,1.75,195.39,1.99,-1.44,-0.01,6415.82,64.16,30
352,Entry long,2026-01-20 11:30,S1BB_LE,4673.187,2.1,9813.6927,171.74,1.75,195.39,1.99,-1.44,-0.01,6415.82,64.16,30
353,Exit long,2026-01-23 16:00,S1BB_TP2,4942.299,2,9642.462,242.14,2.51,292.28,3.03,-21.64,-0.22,6657.96,66.58,50
353,Entry long,2026-01-22 14:00,S1BB_LE,4821.231,2,9642.462,242.14,2.51,292.28,3.03,-21.64,-0.22,6657.96,66.58,50
354,Exit long,2026-01-24 01:30,S1BB_TP1,4964.639,2,9879.882,49.4,0.50,96.56,0.98,-14.81,-0.15,6707.35,67.07,6
354,Entry long,2026-01-23 22:30,S1BB_LE,4939.941,2,9879.882,49.4,0.50,96.56,0.98,-14.81,-0.15,6707.35,67.07,6
355,Exit long,2026-01-27 18:00,S1BB_TP1,5093.3,1.9,9629.1278,48.14,0.50,62.37,0.65,-20.87,-0.22,6755.5,67.55,15
355,Entry long,2026-01-27 10:30,S1BB_LE,5067.962,1.9,9629.1278,48.14,0.50,62.37,0.65,-20.87,-0.22,6755.5,67.55,15
356,Exit long,2026-01-28 09:30,S1BB_TP2,5187.877,1.9,9687.4388,169.53,1.75,197.37,2.04,-43.8,-0.45,6925.02,69.25,16
356,Entry long,2026-01-28 00:30,S1BB_LE,5098.652,1.9,9687.4388,169.53,1.75,197.37,2.04,-43.8,-0.45,6925.02,69.25,16
357,Exit long,2026-02-03 08:30,S1BB_TP2,4820.284,2.1,9948.5001,174.1,1.75,195.95,1.97,-44.95,-0.45,7099.12,70.99,2
357,Entry long,2026-02-03 07:30,S1BB_LE,4737.381,2.1,9948.5001,174.1,1.75,195.95,1.97,-44.95,-0.45,7099.12,70.99,2
358,Exit long,2026-02-05 09:00,S1BB_SL,4994.382,1.9,9537.0139,-47.69,-0.50,8.05,0.08,-47.69,-0.50,7051.43,70.51,3
358,Entry long,2026-02-05 07:30,S1BB_LE,5019.481,1.9,9537.0139,-47.69,-0.50,8.05,0.08,-47.69,-0.50,7051.43,70.51,3
359,Exit long,2026-02-06 03:00,S1BB_SL,4844.734,2,9738.162,-48.69,-0.50,12.32,0.13,-48.69,-0.50,7002.74,70.03,2
359,Entry long,2026-02-06 02:00,S1BB_LE,4869.081,2,9738.162,-48.69,-0.50,12.32,0.13,-48.69,-0.50,7002.74,70.03,2
360,Exit long,2026-02-06 13:30,S1BB_TP1,4848.17,2,9648.102,48.24,0.50,56.44,0.58,-35.5,-0.37,7050.98,70.51,3
360,Entry long,2026-02-06 12:00,S1BB_LE,4824.051,2,9648.102,48.24,0.50,56.44,0.58,-35.5,-0.37,7050.98,70.51,3
361,Exit long,2026-02-10 01:00,S1BB_TP1,5063.187,1.9,9572.1981,47.86,0.50,82.1,0.86,-28.06,-0.29,7098.83,70.99,4
361,Entry long,2026-02-09 23:00,S1BB_LE,5037.999,1.9,9572.1981,47.86,0.50,82.1,0.86,-28.06,-0.29,7098.83,70.99,4
362,Exit long,2026-02-10 22:30,S1BB_TP1,5060.365,1.9,9566.8629,47.83,0.50,82.61,0.86,-30.57,-0.32,7146.66,71.47,12
362,Entry long,2026-02-10 16:30,S1BB_LE,5035.191,1.9,9566.8629,47.83,0.50,82.61,0.86,-30.57,-0.32,7146.66,71.47,12
363,Exit long,2026-02-11 20:30,S1BB_TP1,5071.822,1.9,9588.5229,47.94,0.50,137.88,1.44,-36.2,-0.38,7194.6,71.95,26
363,Entry long,2026-02-11 07:30,S1BB_LE,5046.591,1.9,9588.5229,47.94,0.50,137.88,1.44,-36.2,-0.38,7194.6,71.95,26
364,Exit long,2026-02-12 07:00,S1BB_SL,5062.161,1.9,9666.4419,-48.34,-0.50,23.96,0.25,-48.34,-0.50,7146.27,71.46,9
364,Entry long,2026-02-12 01:30,S1BB_LE,5087.601,1.9,9666.4419,-48.34,-0.50,23.96,0.25,-48.34,-0.50,7146.27,71.46,9
365,Exit long,2026-02-12 22:30,S1BB_SL,5045.774,1.9,9635.1489,-48.18,-0.50,23.96,0.25,-48.18,-0.50,7098.09,70.98,10
365,Entry long,2026-02-12 17:30,S1BB_LE,5071.131,1.9,9635.1489,-48.18,-0.50,23.96,0.25,-48.18,-0.50,7098.09,70.98,10
366,Exit long,2026-02-14 00:30,S1BB_TP1,5011.703,2,9973.542,49.86,0.50,94.1,0.94,-46.18,-0.46,7147.95,71.48,5
366,Entry long,2026-02-13 22:00,S1BB_LE,4986.771,2,9973.542,49.86,0.50,94.1,0.94,-46.18,-0.46,7147.95,71.48,5
367,Exit long,2026-02-16 22:30,S1BB_SL,4982.91,1.9,9515.1069,-47.58,-0.50,17.61,0.19,-47.58,-0.50,7100.38,71.00,11
367,Entry long,2026-02-16 17:00,S1BB_LE,5007.951,1.9,9515.1069,-47.58,-0.50,17.61,0.19,-47.58,-0.50,7100.38,71.00,11
368,Exit long,2026-02-17 21:00,S1BB_SL,4917.747,2,9884.922,-49.43,-0.50,3.14,0.03,-49.43,-0.50,7050.95,70.51,1
368,Entry long,2026-02-17 20:30,S1BB_LE,4942.461,2,9884.922,-49.43,-0.50,3.14,0.03,-49.43,-0.50,7050.95,70.51,1
369,Exit long,2026-02-18 18:30,S1BB_TP1,4911.467,2,9774.066,48.87,0.50,110.53,1.13,-8.81,-0.09,7099.82,71.00,18
369,Entry long,2026-02-18 09:30,S1BB_LE,4887.033,2,9774.066,48.87,0.50,110.53,1.13,-8.81,-0.09,7099.82,71.00,18
370,Exit long,2026-02-19 02:30,S1BB_TP1,4980.604,2,9911.652,49.56,0.50,110.15,1.11,-14.41,-0.15,7149.37,71.49,10
370,Entry long,2026-02-18 21:30,S1BB_LE,4955.826,2,9911.652,49.56,0.50,110.15,1.11,-14.41,-0.15,7149.37,71.49,10
371,Exit long,2026-02-20 00:30,S1BB_SL,4990.571,1.9,9529.7369,-47.65,-0.50,12.6,0.13,-47.65,-0.50,7101.72,71.02,2
371,Entry long,2026-02-19 23:30,S1BB_LE,5015.651,1.9,9529.7369,-47.65,-0.50,12.6,0.13,-47.65,-0.50,7101.72,71.02,2
372,Exit long,2026-02-20 18:00,S1BB_TP1,5026.748,1.9,9503.3079,47.51,0.50,77.71,0.82,-39.03,-0.41,7149.23,71.49,24
372,Entry long,2026-02-20 05:00,S1BB_LE,5001.741,1.9,9503.3079,47.51,0.50,77.71,0.82,-39.03,-0.41,7149.23,71.49,24
373,Exit long,2026-02-25 07:00,S1BB_SL,5132.387,1.9,9800.5401,-49,-0.50,28.5,0.29,-49,-0.50,7100.23,71.00,7
373,Entry long,2026-02-25 02:30,S1BB_LE,5158.179,1.9,9800.5401,-49,-0.50,28.5,0.29,-49,-0.50,7100.23,71.00,7
374,Exit long,2026-02-25 19:00,S1BB_SL,5159.393,1.9,9852.1099,-49.26,-0.50,47.95,0.49,-49.26,-0.50,7050.96,70.51,19
374,Entry long,2026-02-25 09:30,S1BB_LE,5185.321,1.9,9852.1099,-49.26,-0.50,47.95,0.49,-49.26,-0.50,7050.96,70.51,19
375,Exit long,2026-02-26 18:30,S1BB_SL,5166.527,1.9,9865.7329,-49.33,-0.50,24.66,0.25,-49.33,-0.50,7001.63,70.02,13
375,Entry long,2026-02-26 12:00,S1BB_LE,5192.491,1.9,9865.7329,-49.33,-0.50,24.66,0.25,-49.33,-0.50,7001.63,70.02,13
376,Exit long,2026-03-02 19:30,S1BB_TP2,5378.449,1.9,9841.2989,377.75,3.84,455.41,4.63,-37.64,-0.38,7379.39,73.79,81
376,Entry long,2026-02-27 01:00,S1BB_LE,5179.631,1.9,9841.2989,377.75,3.84,455.41,4.63,-37.64,-0.38,7379.39,73.79,81
377,Exit long,2026-03-03 09:30,S1BB_TP1,5372.561,1.8,9622.4994,48.11,0.50,61.26,0.64,-16.84,-0.17,7427.5,74.27,3
377,Entry long,2026-03-03 08:00,S1BB_LE,5345.833,1.8,9622.4994,48.11,0.50,61.26,0.64,-16.84,-0.17,7427.5,74.27,3
378,Exit long,2026-03-05 11:00,S1BB_TP1,5190.734,1.9,9813.3309,49.06,0.50,57.08,0.58,-11.15,-0.11,7476.56,74.77,6
378,Entry long,2026-03-05 08:00,S1BB_LE,5164.911,1.9,9813.3309,49.06,0.50,57.08,0.58,-11.15,-0.11,7476.56,74.77,6
379,Exit long,2026-03-06 23:30,S1BB_TP1,5156.138,1.9,9747.9253,48.74,0.50,78.08,0.80,-5.68,-0.06,7525.3,75.25,1
379,Entry long,2026-03-06 23:00,S1BB_LE,5130.487,1.9,9747.9253,48.74,0.50,78.08,0.80,-5.68,-0.06,7525.3,75.25,1
380,Exit long,2026-03-10 03:30,S1BB_TP1,5129.368,1.9,9697.315,48.48,0.50,76.63,0.79,-28.94,-0.30,7573.78,75.74,6
380,Entry long,2026-03-10 00:30,S1BB_LE,5103.85,1.9,9697.315,48.48,0.50,76.63,0.79,-28.94,-0.30,7573.78,75.74,6
381,Exit long,2026-03-11 15:30,S1BB_SL,5188.664,1.9,9908.0041,-49.54,-0.50,11.01,0.11,-49.54,-0.50,7524.24,75.24,12
381,Entry long,2026-03-11 09:30,S1BB_LE,5214.739,1.9,9908.0041,-49.54,-0.50,11.01,0.11,-49.54,-0.50,7524.24,75.24,12
382,Exit long,2026-03-12 22:30,S1BB_SL,5140.378,1.9,9815.8009,-49.08,-0.50,48.56,0.49,-49.08,-0.50,7475.16,74.75,15
382,Entry long,2026-03-12 15:00,S1BB_LE,5166.211,1.9,9815.8009,-49.08,-0.50,48.56,0.49,-49.08,-0.50,7475.16,74.75,15
383,Exit long,2026-03-13 22:00,S1BB_SL,5088.39,1.9,9716.5259,-48.58,-0.50,15.01,0.15,-48.58,-0.50,7426.57,74.27,3
383,Entry long,2026-03-13 20:30,S1BB_LE,5113.961,1.9,9716.5259,-48.58,-0.50,15.01,0.15,-48.58,-0.50,7426.57,74.27,3
384,Exit long,2026-03-16 22:30,S1BB_SL,4997.017,1.9,9542.0451,-47.71,-0.50,30.37,0.32,-47.71,-0.50,7378.86,73.79,4
384,Entry long,2026-03-16 20:30,S1BB_LE,5022.129,1.9,9542.0451,-47.71,-0.50,30.37,0.32,-47.71,-0.50,7378.86,73.79,4
385,Exit long,2026-03-17 13:00,S1BB_TP1,5037.25,1.9,9523.1629,47.61,0.50,56.86,0.60,-33.86,-0.36,7426.47,74.26,18
385,Entry long,2026-03-17 03:00,S1BB_LE,5012.191,1.9,9523.1629,47.61,0.50,56.86,0.60,-33.86,-0.36,7426.47,74.26,18
386,Exit long,2026-03-18 16:30,S1BB_SL,4979.169,1.9,9507.9629,-47.54,-0.50,23.22,0.24,-47.54,-0.50,7378.93,73.79,15
386,Entry long,2026-03-18 09:00,S1BB_LE,5004.191,1.9,9507.9629,-47.54,-0.50,23.22,0.24,-47.54,-0.50,7378.93,73.79,15
387,Exit long,2026-03-24 08:00,S1BB_SL,4419.571,2.2,9771.9182,-48.86,-0.50,10.49,0.11,-48.86,-0.50,7330.07,73.30,1
387,Entry long,2026-03-24 07:30,S1BB_LE,4441.781,2.2,9771.9182,-48.86,-0.50,10.49,0.11,-48.86,-0.50,7330.07,73.30,1
388,Exit long,2026-03-24 19:00,S1BB_TP1,4434.431,2.2,9707.2162,48.53,0.50,65.4,0.67,-48.36,-0.50,7378.6,73.79,7
388,Entry long,2026-03-24 15:30,S1BB_LE,4412.371,2.2,9707.2162,48.53,0.50,65.4,0.67,-48.36,-0.50,7378.6,73.79,7
389,Exit long,2026-03-25 01:00,S1BB_SL,4393.76,2.2,9714.8502,-48.58,-0.50,33.09,0.34,-48.58,-0.50,7330.02,73.30,4
389,Entry long,2026-03-24 23:00,S1BB_LE,4415.841,2.2,9714.8502,-48.58,-0.50,33.09,0.34,-48.58,-0.50,7330.02,73.30,4
390,Exit long,2026-03-25 07:00,S1BB_TP1,4477.892,2.2,9802.353,49.01,0.50,65.81,0.67,-19.23,-0.20,7379.03,73.79,3
390,Entry long,2026-03-25 04:30,S1BB_LE,4455.615,2.2,9802.353,49.01,0.50,65.81,0.67,-19.23,-0.20,7379.03,73.79,3
391,Exit long,2026-03-26 23:30,S1BB_SL,4436.645,2.2,9809.6702,-49.05,-0.50,45.28,0.46,-49.05,-0.50,7329.98,73.30,2
391,Entry long,2026-03-26 22:30,S1BB_LE,4458.941,2.2,9809.6702,-49.05,-0.50,45.28,0.46,-49.05,-0.50,7329.98,73.30,2
392,Exit long,2026-03-27 16:00,S1BB_TP1,4439.13,2.2,9717.5012,48.58,0.50,127.99,1.32,-0.76,-0.01,7378.56,73.79,12
392,Entry long,2026-03-27 10:00,S1BB_LE,4417.046,2.2,9717.5012,48.58,0.50,127.99,1.32,-0.76,-0.01,7378.56,73.79,12
393,Exit long,2026-03-27 23:30,S1BB_TP2,4532.818,2.2,9800.6898,171.51,1.75,221.43,2.26,-7.75,-0.08,7550.07,75.50,2
393,Entry long,2026-03-27 22:30,S1BB_LE,4454.859,2.2,9800.6898,171.51,1.75,221.43,2.26,-7.75,-0.08,7550.07,75.50,2
394,Exit long,2026-03-30 14:00,S1BB_TP1,4518.484,2.2,9891.211,49.45,0.50,71.6,0.72,-22.49,-0.23,7599.53,76.00,4
394,Entry long,2026-03-30 12:00,S1BB_LE,4496.005,2.2,9891.211,49.45,0.50,71.6,0.72,-22.49,-0.23,7599.53,76.00,4
395,Exit long,2026-03-31 10:00,S1BB_TP1,4604.279,2.1,9620.8854,48.1,0.50,80.07,0.83,-9.04,-0.09,7647.63,76.48,1
395,Entry long,2026-03-31 09:30,S1BB_LE,4581.374,2.1,9620.8854,48.1,0.50,80.07,0.83,-9.04,-0.09,7647.63,76.48,1
396,Exit long,2026-03-31 22:00,S1BB_TP1,4605.211,2.1,9622.8321,48.11,0.50,57.71,0.60,-31.52,-0.33,7695.74,76.96,4
396,Entry long,2026-03-31 20:00,S1BB_LE,4582.301,2.1,9622.8321,48.11,0.50,57.71,0.60,-31.52,-0.33,7695.74,76.96,4
397,Exit long,2026-04-07 18:30,S1BB_SL,4655.027,2.1,9824.6841,-49.13,-0.50,33.85,0.34,-49.13,-0.50,7646.61,76.47,4
397,Entry long,2026-04-07 16:30,S1BB_LE,4678.421,2.1,9824.6841,-49.13,-0.50,33.85,0.34,-49.13,-0.50,7646.61,76.47,4
398,Exit long,2026-04-08 03:30,S1BB_TP1,4683.46,2.1,9786.3381,48.93,0.50,89.45,0.91,-6.51,-0.07,7695.54,76.96,4
398,Entry long,2026-04-08 01:30,S1BB_LE,4660.161,2.1,9786.3381,48.93,0.50,89.45,0.91,-6.51,-0.07,7695.54,76.96,4
399,Exit long,2026-04-09 19:30,S1BB_TP1,4743.951,2.1,9912.7371,49.56,0.50,57.02,0.58,-36.71,-0.37,7745.1,77.45,13
399,Entry long,2026-04-09 13:00,S1BB_LE,4720.351,2.1,9912.7371,49.56,0.50,57.02,0.58,-36.71,-0.37,7745.1,77.45,13
400,Exit long,2026-04-10 22:30,S1BB_TP1,4785.464,2.1,9999.4797,49.99,0.50,70.23,0.70,-7.12,-0.07,7795.09,77.95,6
400,Entry long,2026-04-10 19:30,S1BB_LE,4761.657,2.1,9999.4797,49.99,0.50,70.23,0.70,-7.12,-0.07,7795.09,77.95,6
401,Exit long,2026-04-13 22:00,S1BB_SL,4709.695,2.1,9940.0623,-49.7,-0.50,23.68,0.24,-49.7,-0.50,7745.39,77.45,1
401,Entry long,2026-04-13 21:30,S1BB_LE,4733.363,2.1,9940.0623,-49.7,-0.50,23.68,0.24,-49.7,-0.50,7745.39,77.45,1
402,Exit long,2026-04-14 07:00,S1BB_TP1,4756.634,2.1,9939.2391,49.69,0.50,56.03,0.56,-21.65,-0.22,7795.08,77.95,10
402,Entry long,2026-04-14 01:00,S1BB_LE,4732.971,2.1,9939.2391,49.69,0.50,56.03,0.56,-21.65,-0.22,7795.08,77.95,10
403,Exit long,2026-04-14 22:30,S1BB_TP1,4806.975,2,9566.122,47.83,0.50,69.96,0.73,-6.57,-0.07,7842.91,78.43,2
403,Entry long,2026-04-14 21:30,S1BB_LE,4783.061,2,9566.122,47.83,0.50,69.96,0.73,-6.57,-0.07,7842.91,78.43,2
404,Exit long,2026-04-15 23:00,S1BB_SL,4797.609,2,9643.438,-48.22,-0.50,17.86,0.19,-48.22,-0.50,7794.69,77.95,3
404,Entry long,2026-04-15 21:30,S1BB_LE,4821.719,2,9643.438,-48.22,-0.50,17.86,0.19,-48.22,-0.50,7794.69,77.95,3
405,Exit long,2026-04-16 21:30,S1BB_SL,4790.853,2,9629.858,-48.15,-0.50,46.96,0.49,-48.15,-0.50,7746.54,77.47,28
405,Entry long,2026-04-16 07:30,S1BB_LE,4814.929,2,9629.858,-48.15,-0.50,46.96,0.49,-48.15,-0.50,7746.54,77.47,28
406,Exit long,2026-04-17 09:30,S1BB_SL,4768.569,2,9589.622,-52.48,-0.55,1.72,0.02,-55.52,-0.58,7694.06,76.94,1
406,Entry long,2026-04-17 09:00,S1BB_LE,4794.811,2,9589.622,-52.48,-0.55,1.72,0.02,-55.52,-0.58,7694.06,76.94,1
407,Exit long,2026-04-17 22:00,S1BB_TP2,4876.897,2,9586.042,167.75,1.75,195.89,2.04,-29.3,-0.31,7861.81,78.62,20
407,Entry long,2026-04-17 12:00,S1BB_LE,4793.021,2,9586.042,167.75,1.75,195.89,2.04,-29.3,-0.31,7861.81,78.62,20
408,Exit long,2026-04-23 09:30,S1BB_SL,4724.341,2.1,9970.9743,-49.86,-0.50,3.88,0.04,-49.86,-0.50,7811.95,78.12,1
408,Entry long,2026-04-23 09:00,S1BB_LE,4748.083,2.1,9970.9743,-49.86,-0.50,3.88,0.04,-49.86,-0.50,7811.95,78.12,1
409,Exit long,2026-04-24 01:00,S1BB_SL,4709.389,2.1,9939.4176,-49.7,-0.50,21.19,0.21,-49.7,-0.50,7762.25,77.62,9
409,Entry long,2026-04-23 20:30,S1BB_LE,4733.056,2.1,9939.4176,-49.7,-0.50,21.19,0.21,-49.7,-0.50,7762.25,77.62,9
410,Exit long,2026-04-24 19:30,S1BB_TP1,4711.259,2.1,9844.4241,49.22,0.50,62.03,0.63,-28.46,-0.29,7811.47,78.11,6
410,Entry long,2026-04-24 16:30,S1BB_LE,4687.821,2.1,9844.4241,49.22,0.50,62.03,0.63,-28.46,-0.29,7811.47,78.11,6
411,Exit long,2026-04-27 21:00,S1BB_SL,4694.529,2.1,9908.0541,-49.54,-0.50,25.34,0.26,-49.54,-0.50,7761.93,77.62,20
411,Entry long,2026-04-27 11:00,S1BB_LE,4718.121,2.1,9908.0541,-49.54,-0.50,25.34,0.26,-49.54,-0.50,7761.93,77.62,20
412,Exit long,2026-04-28 13:00,S1BB_SL,4664.311,2.1,9844.2771,-49.22,-0.50,28.41,0.29,-49.22,-0.50,7712.7,77.13,12
412,Entry long,2026-04-28 07:00,S1BB_LE,4687.751,2.1,9844.2771,-49.22,-0.50,28.41,0.29,-49.22,-0.50,7712.7,77.13,12
413,Exit long,2026-04-30 09:30,S1BB_TP1,4571.654,2.1,9552.7131,47.76,0.50,70.73,0.74,-4.62,-0.05,7760.46,77.60,6
413,Entry long,2026-04-30 06:30,S1BB_LE,4548.911,2.1,9552.7131,47.76,0.50,70.73,0.74,-4.62,-0.05,7760.46,77.60,6
414,Exit long,2026-05-01 12:30,S1BB_TP1,4613.309,2.1,9595.7925,92.16,0.96,162.8,1.70,-0.56,-0.01,7852.62,78.53,42
414,Entry long,2026-04-30 14:30,S1BB_LE,4569.425,2.1,9595.7925,92.16,0.96,162.8,1.70,-0.56,-0.01,7852.62,78.53,42
415,Exit long,2026-05-06 14:00,S1BB_TP2,4661.696,2.1,9621.1941,168.37,1.75,178.92,1.86,-5.59,-0.06,8020.99,80.21,13
415,Entry long,2026-05-06 07:30,S1BB_LE,4581.521,2.1,9621.1941,168.37,1.75,178.92,1.86,-5.59,-0.06,8020.99,80.21,13
416,Exit long,2026-05-08 00:00,S1BB_TP1,4721.639,2.1,9860.4366,55.01,0.56,145.5,1.48,-22.5,-0.23,8075.99,80.76,35
416,Entry long,2026-05-07 06:30,S1BB_LE,4695.446,2.1,9860.4366,55.01,0.56,145.5,1.48,-22.5,-0.23,8075.99,80.76,35
417,Exit long,2026-05-08 15:00,S1BB_SL,4699.136,2.1,9917.7771,-49.59,-0.50,24.9,0.25,-49.59,-0.50,8026.4,80.26,10
417,Entry long,2026-05-08 10:00,S1BB_LE,4722.751,2.1,9917.7771,-49.59,-0.50,24.9,0.25,-49.59,-0.50,8026.4,80.26,10
418,Exit long,2026-05-08 22:00,S1BB_TP1,4743.31,2.1,9911.3973,49.55,0.50,62.32,0.63,-36.11,-0.36,8075.95,80.76,6
418,Entry long,2026-05-08 19:00,S1BB_LE,4719.713,2.1,9911.3973,49.55,0.50,62.32,0.63,-36.11,-0.36,8075.95,80.76,6
419,Exit long,2026-05-11 06:00,S1BB_SL,4686.149,2.1,9923.9091,-83,-0.84,3.65,0.04,-83,-0.84,7992.96,79.93,5
419,Entry long,2026-05-09 02:30,S1BB_LE,4725.671,2.1,9923.9091,-83,-0.84,3.65,0.04,-83,-0.84,7992.96,79.93,5
420,Exit long,2026-05-14 02:30,S1BB_SL,4683.252,2.1,9884.2527,-49.42,-0.50,3.24,0.03,-49.42,-0.50,7943.53,79.44,4
420,Entry long,2026-05-14 00:30,S1BB_LE,4706.787,2.1,9884.2527,-49.42,-0.50,3.24,0.03,-49.42,-0.50,7943.53,79.44,4
421,Exit long,2026-05-14 11:30,S1BB_SL,4673.586,2.1,9863.8533,-49.32,-0.50,20.89,0.21,-49.32,-0.50,7894.21,78.94,10
421,Entry long,2026-05-14 06:30,S1BB_LE,4697.073,2.1,9863.8533,-49.32,-0.50,20.89,0.21,-49.32,-0.50,7894.21,78.94,10
422,Exit long,2026-05-14 21:30,S1BB_SL,4678.504,2.1,9874.2336,-49.38,-0.50,35.56,0.36,-49.38,-0.50,7844.84,78.45,17
422,Entry long,2026-05-14 13:00,S1BB_LE,4702.016,2.1,9874.2336,-49.38,-0.50,35.56,0.36,-49.38,-0.50,7844.84,78.45,17
423,Exit long,2026-05-18 21:00,S1BB_TP1,4563.327,2.2,9989.375,49.94,0.50,79.85,0.80,-25.18,-0.25,7894.78,78.95,16
423,Entry long,2026-05-18 13:00,S1BB_LE,4540.625,2.2,9989.375,49.94,0.50,79.85,0.80,-25.18,-0.25,7894.78,78.95,16
424,Exit long,2026-05-19 07:30,S1BB_TP1,4580.84,2.1,9571.9071,47.86,0.50,64.99,0.68,-1.26,-0.01,7942.64,79.43,5
424,Entry long,2026-05-19 04:00,S1BB_LE,4558.051,2.1,9571.9071,47.86,0.50,64.99,0.68,-1.26,-0.01,7942.64,79.43,5
425,Exit long,2026-05-21 10:00,S1BB_TP2,4556.7,2.2,9852.3282,172.41,1.75,203.63,2.07,-25.52,-0.26,8115.05,81.15,34
425,Entry long,2026-05-20 16:00,S1BB_LE,4478.331,2.2,9852.3282,172.41,1.75,203.63,2.07,-25.52,-0.26,8115.05,81.15,34
426,Exit long,2026-05-22 10:30,S1BB_SL,4518.909,2.2,9991.5618,-49.96,-0.50,38.94,0.39,-49.96,-0.50,8065.09,80.65,16
426,Entry long,2026-05-22 01:30,S1BB_LE,4541.619,2.2,9991.5618,-49.96,-0.50,38.94,0.39,-49.96,-0.50,8065.09,80.65,16
427,Exit long,2026-05-26 08:00,S1BB_TP1,4552.519,2.2,9942.0464,73.5,0.74,134.55,1.35,-34.24,-0.34,8138.58,81.39,51
427,Entry long,2026-05-23 02:00,S1BB_LE,4519.112,2.2,9942.0464,73.5,0.74,134.55,1.35,-34.24,-0.34,8138.58,81.39,51
428,Exit long,2026-06-02 09:30,S1BB_SL,4464.057,2.2,9870.2802,-49.35,-0.50,23.65,0.24,-49.35,-0.50,8089.23,80.89,11
428,Entry long,2026-06-02 03:00,S1BB_LE,4486.491,2.2,9870.2802,-49.35,-0.50,23.65,0.24,-49.35,-0.50,8089.23,80.89,11
429,Exit long,2026-06-02 13:30,S1BB_TP1,4517.716,2.2,9889.5302,49.45,0.50,58.76,0.59,-5.54,-0.06,8138.67,81.39,4
429,Entry long,2026-06-02 11:30,S1BB_LE,4495.241,2.2,9889.5302,49.45,0.50,58.76,0.59,-5.54,-0.06,8138.67,81.39,4
430,Exit long,2026-06-04 13:00,S1BB_TP1,4479.54,2.2,9805.961,49.03,0.50,59.63,0.61,-31.58,-0.32,8187.7,81.88,10
430,Entry long,2026-06-04 08:00,S1BB_LE,4457.255,2.2,9805.961,49.03,0.50,59.63,0.61,-31.58,-0.32,8187.7,81.88,10
431,Exit long,2026-06-09 22:30,S1BB_SL,4303.621,2.3,9948.0727,-49.74,-0.50,88.07,0.89,-49.74,-0.50,8137.96,81.38,52
431,Entry long,2026-06-08 19:30,S1BB_LE,4325.249,2.3,9948.0727,-49.74,-0.50,88.07,0.89,-49.74,-0.50,8137.96,81.38,52
432,Exit long,2026-06-12 09:00,S1BB_TP2,4195.309,2.4,9842.8584,225.88,2.29,348.9,3.54,-0.94,-0.01,8363.84,83.64,13
432,Entry long,2026-06-12 01:30,S1BB_LE,4101.191,2.4,9842.8584,225.88,2.29,348.9,3.54,-0.94,-0.01,8363.84,83.64,13
433,Exit long,2026-06-13 03:30,S1BB_SL,4204.392,2.3,9718.6983,-48.6,-0.50,22.97,0.24,-48.6,-0.50,8315.24,83.15,8
433,Entry long,2026-06-12 23:30,S1BB_LE,4225.521,2.3,9718.6983,-48.6,-0.50,22.97,0.24,-48.6,-0.50,8315.24,83.15,8
434,Exit long,2026-06-16 21:00,S1BB_TP1,4352.011,2.3,9959.8303,49.8,0.50,56.85,0.57,-39.77,-0.40,8365.04,83.65,18
434,Entry long,2026-06-16 12:00,S1BB_LE,4330.361,2.3,9959.8303,49.8,0.50,56.85,0.57,-39.77,-0.40,8365.04,83.65,18
435,Exit long,2026-06-17 12:30,S1BB_SL,4318.887,2.3,9983.3593,-49.92,-0.50,21.09,0.21,-49.92,-0.50,8315.12,83.15,21
435,Entry long,2026-06-17 01:00,S1BB_LE,4340.591,2.3,9983.3593,-49.92,-0.50,21.09,0.21,-49.92,-0.50,8315.12,83.15,21
436,Exit long,2026-06-17 22:30,S1BB_TP1,4357.117,2.3,9971.5143,49.85,0.50,65.87,0.66,-6.88,-0.07,8364.97,83.65,2
436,Entry long,2026-06-17 21:30,S1BB_LE,4335.441,2.3,9971.5143,49.85,0.50,65.87,0.66,-6.88,-0.07,8364.97,83.65,2
437,Exit long,2026-06-19 21:30,S1BB_SL,4158.025,2.3,9611.5183,-48.06,-0.50,9.29,0.10,-48.06,-0.50,8316.91,83.17,1
437,Entry long,2026-06-19 21:00,S1BB_LE,4178.921,2.3,9611.5183,-48.06,-0.50,9.29,0.10,-48.06,-0.50,8316.91,83.17,1
438,Exit long,2026-06-22 11:00,S1BB_SL,4179.729,2.3,9661.6882,-48.31,-0.50,46.91,0.49,-48.31,-0.50,8268.6,82.69,4
438,Entry long,2026-06-22 09:00,S1BB_LE,4200.734,2.3,9661.6882,-48.31,-0.50,46.91,0.49,-48.31,-0.50,8268.6,82.69,4
439,Exit long,2026-06-23 09:30,S1BB_SL,4169.96,2.3,9639.1068,-48.2,-0.50,17.31,0.18,-48.2,-0.50,8220.4,82.20,4
439,Entry long,2026-06-23 07:30,S1BB_LE,4190.916,2.3,9639.1068,-48.2,-0.50,17.31,0.18,-48.2,-0.50,8220.4,82.20,4
440,Exit long,2026-06-25 14:00,S1BB_SL,3976.027,2.5,9990.0225,-49.95,-0.50,10.05,0.10,-49.95,-0.50,8170.45,81.70,2
440,Entry long,2026-06-25 13:00,S1BB_LE,3996.009,2.5,9990.0225,-49.95,-0.50,10.05,0.10,-49.95,-0.50,8170.45,81.70,2
441,Exit long,2026-06-26 00:30,S1BB_TP1,4032.391,2.4,9629.5944,48.14,0.50,76.17,0.79,-32.95,-0.34,8218.59,82.19,7
441,Entry long,2026-06-25 21:00,S1BB_LE,4012.331,2.4,9629.5944,48.14,0.50,76.17,0.79,-32.95,-0.34,8218.59,82.19,7
442,Exit long,2026-06-26 19:00,S1BB_TP1,4052.18,2.4,9676.8504,48.38,0.50,56.47,0.58,-15.51,-0.16,8266.97,82.67,8
442,Entry long,2026-06-26 15:00,S1BB_LE,4032.021,2.4,9676.8504,48.38,0.50,56.47,0.58,-15.51,-0.16,8266.97,82.67,8
443,Exit long,2026-06-29 13:00,S1BB_SL,4048.067,2.4,9764.1864,-48.83,-0.50,2.57,0.03,-48.83,-0.50,8218.15,82.18,2
443,Entry long,2026-06-29 12:00,S1BB_LE,4068.411,2.4,9764.1864,-48.83,-0.50,2.57,0.03,-48.83,-0.50,8218.15,82.18,2
444,Exit long,2026-07-02 02:30,S1BB_TP2,4060.829,2.5,9967.8275,184.25,1.85,321.36,3.22,-1.68,-0.02,8402.39,84.02,16
444,Entry long,2026-07-01 18:30,S1BB_LE,3987.131,2.5,9967.8275,184.25,1.85,321.36,3.22,-1.68,-0.02,8402.39,84.02,16
445,Exit long,2026-07-03 22:00,S1BB_TP1,4159.939,2.4,9882.1704,101.68,1.03,187.39,1.90,-42.31,-0.43,8504.07,85.04,48
445,Entry long,2026-07-02 21:00,S1BB_LE,4117.571,2.4,9882.1704,101.68,1.03,187.39,1.90,-42.31,-0.43,8504.07,85.04,48
446,Exit long,2026-07-06 11:00,S1BB_SL,4163.547,2.3,9624.2833,-48.13,-0.50,43.1,0.45,-48.13,-0.50,8455.95,84.56,9
446,Entry long,2026-07-06 06:30,S1BB_LE,4184.471,2.3,9624.2833,-48.13,-0.50,43.1,0.45,-48.13,-0.50,8455.95,84.56,9
447,Exit long,2026-07-07 09:00,S1BB_SL,4134.593,2.4,9972.8904,-49.87,-0.50,31.65,0.32,-49.87,-0.50,8406.08,84.06,13
447,Entry long,2026-07-07 01:30,S1BB_LE,4155.371,2.4,9972.8904,-49.87,-0.50,31.65,0.32,-49.87,-0.50,8406.08,84.06,13
448,Exit long,2026-07-07 20:00,S1BB_TP1,4156.468,2.4,9925.8984,49.62,0.50,53.78,0.54,-10.08,-0.10,8455.71,84.56,2
448,Entry long,2026-07-07 19:00,S1BB_LE,4135.791,2.4,9925.8984,49.62,0.50,53.78,0.54,-10.08,-0.10,8455.71,84.56,2
449,Exit long,2026-07-09 21:30,S1BB_TP1,4122.768,2.4,9845.4192,49.22,0.50,65.64,0.67,-21.09,-0.21,8504.93,85.05,14
449,Entry long,2026-07-09 14:30,S1BB_LE,4102.258,2.4,9845.4192,49.22,0.50,65.64,0.67,-21.09,-0.21,8504.93,85.05,14
450,Exit long,2026-07-10 15:30,S1BB_SL,4104.593,2.4,9900.5304,-49.51,-0.50,6.29,0.06,-49.51,-0.50,8455.42,84.55,8
450,Entry long,2026-07-10 11:30,S1BB_LE,4125.221,2.4,9900.5304,-49.51,-0.50,6.29,0.06,-49.51,-0.50,8455.42,84.55,8
451,Exit long,2026-07-11 04:30,Open,4120.378,2.4,9874.5384,14.37,0.15,15.81,0.16,-40.73,-0.41,8469.79,84.70,8
451,Entry long,2026-07-11 00:30,S1BB_LE,4114.391,2.4,9874.5384,14.37,0.15,15.81,0.16,-40.73,-0.41,8469.79,84.70,8