Trade number,Type,Date and time,Signal,Price USD,Size (qty),Size (value),Net PnL USD,Return %,Favorable excursion USD,Favorable excursion %,Adverse excursion USD,Adverse excursion %,Cumulative PnL USD,Cumulative PnL %,Duration (bars)
1,Exit long,2024-01-05 23:30,S1BB_TP1,2057.094,4.8,9824.9328,49.12,0.50,82.17,0.84,-26.21,-0.27,49.12,0.49,2
1,Entry long,2024-01-05 22:30,S1BB_LE,2046.861,4.8,9824.9328,49.12,0.50,82.17,0.84,-26.21,-0.27,49.12,0.49,2
2,Exit long,2024-01-11 02:00,S1BB_SL,2021.567,4.9,9955.4623,-49.78,-0.50,41.86,0.42,-49.78,-0.50,-0.67,-0.01,32
2,Entry long,2024-01-10 10:00,S1BB_LE,2031.727,4.9,9955.4623,-49.78,-0.50,41.86,0.42,-49.78,-0.50,-0.67,-0.01,32
3,Exit long,2024-01-11 21:30,S1BB_TP1,2037.197,4.9,9933.6279,48.64,0.49,60.27,0.61,-2.8,-0.03,47.97,0.48,26
3,Entry long,2024-01-11 08:30,S1BB_LE,2027.271,4.9,9933.6279,48.64,0.49,60.27,0.61,-2.8,-0.03,47.97,0.48,26
4,Exit long,2024-01-16 17:00,S1BB_SL,2040.748,4.8,9844.824,-49.23,-0.50,36.55,0.37,-49.23,-0.50,-1.26,-0.01,55
4,Entry long,2024-01-15 10:00,S1BB_LE,2051.005,4.8,9844.824,-49.23,-0.50,36.55,0.37,-49.23,-0.50,-1.26,-0.01,55
5,Exit long,2024-01-17 22:00,S1BB_SL,2015.884,4.9,9927.4784,-49.65,-0.50,14.96,0.15,-49.65,-0.50,-50.91,-0.51,6
5,Entry long,2024-01-17 19:00,S1BB_LE,2026.016,4.9,9927.4784,-49.65,-0.50,14.96,0.15,-49.65,-0.50,-50.91,-0.51,6
6,Exit long,2024-01-19 22:00,S1BB_TP1,2033.803,4.9,9916.0614,49.57,0.50,77,0.78,-0.91,-0.01,-1.34,-0.01,14
6,Entry long,2024-01-19 15:00,S1BB_LE,2023.686,4.9,9916.0614,49.57,0.50,77,0.78,-0.91,-0.01,-1.34,-0.01,14
7,Exit long,2024-01-24 23:30,S1BB_SL,2015.969,4.9,9927.8949,-49.65,-0.50,57.96,0.58,-49.65,-0.50,-50.98,-0.51,99
7,Entry long,2024-01-22 20:00,S1BB_LE,2026.101,4.9,9927.8949,-49.65,-0.50,57.96,0.58,-49.65,-0.50,-50.98,-0.51,99
8,Exit long,2024-01-29 17:00,S1BB_TP1,2030.106,4.9,9898.0343,49.49,0.50,67.98,0.69,-21.59,-0.22,-1.5,-0.01,68
8,Entry long,2024-01-26 05:00,S1BB_LE,2020.007,4.9,9898.0343,49.49,0.50,67.98,0.69,-21.59,-0.22,-1.5,-0.01,68
9,Exit long,2024-01-30 23:00,S1BB_TP1,2042.843,4.9,9960.1369,49.79,0.50,78.1,0.78,-17.77,-0.18,48.3,0.48,35
9,Entry long,2024-01-30 04:30,S1BB_LE,2032.681,4.9,9960.1369,49.79,0.50,78.1,0.78,-17.77,-0.18,48.3,0.48,35
10,Exit long,2024-02-01 02:30,S1BB_TP1,2046.089,4.9,9975.9639,49.87,0.50,98.34,0.99,-17.2,-0.17,98.17,0.98,41
10,Entry long,2024-01-31 05:00,S1BB_LE,2035.911,4.9,9975.9639,49.87,0.50,98.34,0.99,-17.2,-0.17,98.17,0.98,41
11,Exit long,2024-02-02 21:30,S1BB_SL,2045.087,4.8,9865.752,-49.33,-0.50,10.82,0.11,-49.33,-0.50,48.83,0.49,4
11,Entry long,2024-02-02 19:30,S1BB_LE,2055.365,4.8,9865.752,-49.33,-0.50,10.82,0.11,-49.33,-0.50,48.83,0.49,4
12,Exit long,2024-02-07 00:00,S1BB_TP1,2035.722,4.9,9925.4204,49.62,0.50,62.25,0.63,-15.17,-0.15,98.45,0.98,42
12,Entry long,2024-02-06 02:00,S1BB_LE,2025.596,4.9,9925.4204,49.62,0.50,62.25,0.63,-15.17,-0.15,98.45,0.98,42
13,Exit long,2024-02-08 20:00,S1BB_SL,2025.912,4.9,9976.8606,-49.89,-0.50,41.43,0.42,-49.89,-0.50,48.56,0.49,42
13,Entry long,2024-02-07 22:00,S1BB_LE,2036.094,4.9,9976.8606,-49.89,-0.50,41.43,0.42,-49.89,-0.50,48.56,0.49,42
14,Exit long,2024-02-12 22:00,S1BB_SL,2014.526,4.9,9920.7899,-49.61,-0.50,14.35,0.14,-49.61,-0.50,-1.05,-0.01,13
14,Entry long,2024-02-12 15:30,S1BB_LE,2024.651,4.9,9920.7899,-49.61,-0.50,14.35,0.14,-49.61,-0.50,-1.05,-0.01,13
15,Exit long,2024-02-13 21:30,S1BB_SL,2011.288,4.9,9904.8404,-49.53,-0.50,56.1,0.57,-49.53,-0.50,-50.58,-0.51,35
15,Entry long,2024-02-13 03:00,S1BB_LE,2021.396,4.9,9904.8404,-49.53,-0.50,56.1,0.57,-49.53,-0.50,-50.58,-0.51,35
16,Exit long,2024-02-19 09:00,S1BB_TP1,2017.915,4.9,9838.5973,49.19,0.50,62.98,0.64,-4.79,-0.05,-1.4,-0.01,16
16,Entry long,2024-02-17 00:00,S1BB_LE,2007.877,4.9,9838.5973,49.19,0.50,62.98,0.64,-4.79,-0.05,-1.4,-0.01,16
17,Exit long,2024-02-20 21:30,S1BB_TP1,2027.5,4.9,9885.3286,49.42,0.50,54.17,0.55,-16.29,-0.16,48.03,0.48,29
17,Entry long,2024-02-20 07:00,S1BB_LE,2017.414,4.9,9885.3286,49.42,0.50,54.17,0.55,-16.29,-0.16,48.03,0.48,29
18,Exit long,2024-02-23 17:00,S1BB_SL,2017.461,4.9,9935.2449,-49.69,-0.50,35.57,0.36,-49.69,-0.50,-1.66,-0.02,105
18,Entry long,2024-02-21 10:30,S1BB_LE,2027.601,4.9,9935.2449,-49.69,-0.50,35.57,0.36,-49.69,-0.50,-1.66,-0.02,105
19,Exit long,2024-02-26 07:00,S1BB_TP1,2033.942,4.9,9916.7376,49.58,0.50,86.76,0.87,-4.53,-0.05,47.92,0.48,20
19,Entry long,2024-02-23 20:00,S1BB_LE,2023.824,4.9,9916.7376,49.58,0.50,86.76,0.87,-4.53,-0.05,47.92,0.48,20
20,Exit long,2024-03-01 01:30,S1BB_TP1,2043.124,4.9,9961.5089,49.8,0.50,87.17,0.88,-43.42,-0.44,97.72,0.98,132
20,Entry long,2024-02-27 04:30,S1BB_LE,2032.961,4.9,9961.5089,49.8,0.50,87.17,0.88,-43.42,-0.44,97.72,0.98,132
21,Exit long,2024-03-04 16:00,S1BB_TP2,2086.444,4.8,9842.6928,172.24,1.75,181.29,1.84,-25.73,-0.26,269.96,2.70,41
21,Entry long,2024-03-01 18:30,S1BB_LE,2050.561,4.8,9842.6928,172.24,1.75,181.29,1.84,-25.73,-0.26,269.96,2.70,41
22,Exit long,2024-03-05 21:30,S1BB_TP2,2128.182,4.7,9830.4307,172.02,1.75,189.64,1.93,-6.49,-0.07,441.98,4.42,45
22,Entry long,2024-03-04 22:00,S1BB_LE,2091.581,4.7,9830.4307,172.02,1.75,189.64,1.93,-6.49,-0.07,441.98,4.42,45
23,Exit long,2024-03-06 23:00,S1BB_TP1,2140.127,4.6,9795.6126,48.97,0.50,90.75,0.93,-25.67,-0.26,490.95,4.91,15
23,Entry long,2024-03-06 15:30,S1BB_LE,2129.481,4.6,9795.6126,48.97,0.50,90.75,0.93,-25.67,-0.26,490.95,4.91,15
24,Exit long,2024-03-08 18:00,S1BB_TP1,2167.788,4.6,9922.2184,49.61,0.50,64.47,0.65,-15.66,-0.16,540.56,5.41,31
24,Entry long,2024-03-08 01:30,S1BB_LE,2157.004,4.6,9922.2184,49.61,0.50,64.47,0.65,-15.66,-0.16,540.56,5.41,31
25,Exit long,2024-03-12 19:00,S1BB_SL,2170.687,4.5,9817.182,-49.09,-0.50,18.42,0.19,-49.09,-0.50,491.47,4.91,40
25,Entry long,2024-03-11 22:00,S1BB_LE,2181.596,4.5,9817.182,-49.09,-0.50,18.42,0.19,-49.09,-0.50,491.47,4.91,40
26,Exit long,2024-03-13 23:30,S1BB_TP1,2171.593,4.6,9939.6386,49.69,0.50,63.25,0.64,-3.18,-0.03,541.16,5.41,10
26,Entry long,2024-03-13 18:30,S1BB_LE,2160.791,4.6,9939.6386,49.69,0.50,63.25,0.64,-3.18,-0.03,541.16,5.41,10
27,Exit long,2024-03-21 02:30,S1BB_TP1,2166.307,4.6,9915.4426,49.57,0.50,90.08,0.91,-29.12,-0.29,590.73,5.91,50
27,Entry long,2024-03-20 00:30,S1BB_LE,2155.531,4.6,9915.4426,49.57,0.50,90.08,0.91,-29.12,-0.29,590.73,5.91,50
28,Exit long,2024-03-23 00:30,S1BB_SL,2163.622,4.5,9785.232,-48.93,-0.50,25.35,0.26,-48.93,-0.50,541.79,5.42,7
28,Entry long,2024-03-22 21:00,S1BB_LE,2174.496,4.5,9785.232,-48.93,-0.50,25.35,0.26,-48.93,-0.50,541.79,5.42,7
29,Exit long,2024-03-26 21:30,S1BB_TP1,2179.135,4.6,9974.157,49.86,0.50,146.35,1.47,-23.44,-0.23,591.66,5.92,73
29,Entry long,2024-03-25 08:00,S1BB_LE,2168.295,4.6,9974.157,49.86,0.50,146.35,1.47,-23.44,-0.23,591.66,5.92,73
30,Exit long,2024-04-02 16:30,S1BB_TP1,2259.766,4.4,9893.51,49.46,0.50,62.94,0.64,-9.79,-0.10,641.12,6.41,22
30,Entry long,2024-04-02 04:30,S1BB_LE,2248.525,4.4,9893.51,49.46,0.50,62.94,0.64,-9.79,-0.10,641.12,6.41,22
31,Exit long,2024-04-03 04:00,S1BB_TP1,2277.173,4.4,9969.718,49.84,0.50,59.4,0.60,-4.16,-0.04,690.96,6.91,4
31,Entry long,2024-04-03 02:00,S1BB_LE,2265.845,4.4,9969.718,49.84,0.50,59.4,0.60,-4.16,-0.04,690.96,6.91,4
32,Exit long,2024-04-04 14:00,S1BB_TP1,2294.599,4.3,9786.9419,79.83,0.82,124.36,1.27,-9.6,-0.10,770.79,7.71,29
32,Entry long,2024-04-03 22:30,S1BB_LE,2276.033,4.3,9786.9419,79.83,0.82,124.36,1.27,-9.6,-0.10,770.79,7.71,29
33,Exit long,2024-04-05 03:30,S1BB_SL,2283.635,4.3,9868.9816,-49.35,-0.50,45.14,0.46,-49.35,-0.50,721.44,7.21,9
33,Entry long,2024-04-04 23:00,S1BB_LE,2295.112,4.3,9868.9816,-49.35,-0.50,45.14,0.46,-49.35,-0.50,721.44,7.21,9
34,Exit long,2024-04-05 22:00,S1BB_TP1,2297.54,4.3,9830.2773,49.14,0.50,75.5,0.77,-25.27,-0.26,770.59,7.71,13
34,Entry long,2024-04-05 15:30,S1BB_LE,2286.111,4.3,9830.2773,49.14,0.50,75.5,0.77,-25.27,-0.26,770.59,7.71,13
35,Exit long,2024-04-09 19:30,S1BB_TP1,2349.58,4.2,9819.1464,49.09,0.50,115.11,1.17,-6.27,-0.06,819.68,8.20,33
35,Entry long,2024-04-09 02:00,S1BB_LE,2337.892,4.2,9819.1464,49.09,0.50,115.11,1.17,-6.27,-0.06,819.68,8.20,33
36,Exit long,2024-04-10 20:30,S1BB_SL,2341.584,4.2,9884.0784,-49.43,-0.50,28.22,0.29,-49.43,-0.50,770.25,7.70,30
36,Entry long,2024-04-10 04:30,S1BB_LE,2353.352,4.2,9884.0784,-49.43,-0.50,28.22,0.29,-49.43,-0.50,770.25,7.70,30
37,Exit long,2024-04-12 19:30,S1BB_TP2,2390.999,4.2,9833.7204,208.48,2.12,248.93,2.53,-38.5,-0.39,978.73,9.79,43
37,Entry long,2024-04-11 21:00,S1BB_LE,2341.362,4.2,9833.7204,208.48,2.12,248.93,2.53,-38.5,-0.39,978.73,9.79,43
38,Exit long,2024-04-15 21:30,S1BB_SL,2346.22,4.2,9903.6504,-49.53,-0.50,12.93,0.13,-49.53,-0.50,929.2,9.29,3
38,Entry long,2024-04-15 20:00,S1BB_LE,2358.012,4.2,9903.6504,-49.53,-0.50,12.93,0.13,-49.53,-0.50,929.2,9.29,3
39,Exit long,2024-04-16 14:30,S1BB_TP1,2379.182,4.2,9899.7612,92.8,0.94,147.31,1.49,-13.38,-0.14,1022,10.22,25
39,Entry long,2024-04-16 01:00,S1BB_LE,2357.086,4.2,9899.7612,92.8,0.94,147.31,1.49,-13.38,-0.14,1022,10.22,25
40,Exit long,2024-04-16 22:00,S1BB_SL,2366.229,4.2,9989.5362,-51.37,-0.51,0.58,0.01,-56,-0.56,970.63,9.71,1
40,Entry long,2024-04-16 21:30,S1BB_LE,2378.461,4.2,9989.5362,-51.37,-0.51,0.58,0.01,-56,-0.56,970.63,9.71,1
41,Exit long,2024-04-17 01:00,S1BB_TP1,2394.854,4.1,9770.0581,48.84,0.50,62.64,0.64,-22.35,-0.23,1019.47,10.19,4
41,Entry long,2024-04-16 23:00,S1BB_LE,2382.941,4.1,9770.0581,48.84,0.50,62.64,0.64,-22.35,-0.23,1019.47,10.19,4
42,Exit long,2024-04-18 00:30,S1BB_SL,2376.513,4.1,9792.6737,-48.97,-0.50,29.04,0.30,-48.97,-0.50,970.5,9.71,16
42,Entry long,2024-04-17 16:30,S1BB_LE,2388.457,4.1,9792.6737,-48.97,-0.50,29.04,0.30,-48.97,-0.50,970.5,9.71,16
43,Exit long,2024-04-19 10:00,S1BB_TP1,2407.588,4.1,9822.0051,49.11,0.50,91.34,0.93,-2.1,-0.02,1019.61,10.20,1
43,Entry long,2024-04-19 09:30,S1BB_LE,2395.611,4.1,9822.0051,49.11,0.50,91.34,0.93,-2.1,-0.02,1019.61,10.20,1
44,Exit long,2024-04-23 22:30,S1BB_TP1,2319.801,4.3,9925.5223,49.62,0.50,102.46,1.03,-13.82,-0.14,1069.23,10.69,4
44,Entry long,2024-04-23 20:30,S1BB_LE,2308.261,4.3,9925.5223,49.62,0.50,102.46,1.03,-13.82,-0.14,1069.23,10.69,4
45,Exit long,2024-04-24 16:00,S1BB_SL,2316.175,4.2,9776.8272,-48.89,-0.50,14.6,0.15,-48.89,-0.50,1020.34,10.20,8
45,Entry long,2024-04-24 12:00,S1BB_LE,2327.816,4.2,9776.8272,-48.89,-0.50,14.6,0.15,-48.89,-0.50,1020.34,10.20,8
46,Exit long,2024-04-25 11:00,S1BB_SL,2310.419,4.3,9984.7333,-49.93,-0.50,65.7,0.66,-49.93,-0.50,970.41,9.70,23
46,Entry long,2024-04-24 22:30,S1BB_LE,2322.031,4.3,9984.7333,-49.93,-0.50,65.7,0.66,-49.93,-0.50,970.41,9.70,23
47,Exit long,2024-04-25 23:00,S1BB_TP1,2331.05,4.3,9973.6522,49.86,0.50,109.37,1.10,-28.91,-0.29,1020.27,10.20,18
47,Entry long,2024-04-25 14:00,S1BB_LE,2319.454,4.3,9973.6522,49.86,0.50,109.37,1.10,-28.91,-0.29,1020.27,10.20,18
48,Exit long,2024-04-26 16:30,S1BB_TP1,2346.353,4.2,9805.6602,49.02,0.50,65.18,0.66,-13.93,-0.14,1069.29,10.69,12
48,Entry long,2024-04-26 10:30,S1BB_LE,2334.681,4.2,9805.6602,49.02,0.50,65.18,0.66,-13.93,-0.14,1069.29,10.69,12
49,Exit long,2024-04-29 21:30,S1BB_SL,2325.479,4.2,9816.0972,-49.09,-0.50,30.13,0.31,-49.09,-0.50,1020.21,10.20,11
49,Entry long,2024-04-29 16:00,S1BB_LE,2337.166,4.2,9816.0972,-49.09,-0.50,30.13,0.31,-49.09,-0.50,1020.21,10.20,11
50,Exit long,2024-05-01 22:30,S1BB_TP1,2303.31,4.3,9854.9636,49.27,0.50,80.19,0.81,-13.55,-0.14,1069.48,10.69,9
50,Entry long,2024-05-01 18:00,S1BB_LE,2291.852,4.3,9854.9636,49.27,0.50,80.19,0.81,-13.55,-0.14,1069.48,10.69,9
51,Exit long,2024-05-03 20:00,S1BB_SL,2295.747,4.3,9921.3255,-49.61,-0.50,6.34,0.06,-49.61,-0.50,1019.86,10.20,14
51,Entry long,2024-05-03 13:00,S1BB_LE,2307.285,4.3,9921.3255,-49.61,-0.50,6.34,0.06,-49.61,-0.50,1019.86,10.20,14
52,Exit long,2024-05-06 10:30,S1BB_TP1,2311.203,4.3,9888.7358,49.44,0.50,67.31,0.68,-34.86,-0.35,1069.3,10.69,16
52,Entry long,2024-05-04 01:30,S1BB_LE,2299.706,4.3,9888.7358,49.44,0.50,67.31,0.68,-34.86,-0.35,1069.3,10.69,16
53,Exit long,2024-05-08 09:30,S1BB_SL,2308.23,4.3,9975.2733,-49.88,-0.50,6.57,0.07,-49.88,-0.50,1019.42,10.19,20
53,Entry long,2024-05-07 22:30,S1BB_LE,2319.831,4.3,9975.2733,-49.88,-0.50,6.57,0.07,-49.88,-0.50,1019.42,10.19,20
54,Exit long,2024-05-08 16:00,S1BB_SL,2304.364,4.3,9958.5635,-49.8,-0.50,23.41,0.24,-49.8,-0.50,969.62,9.70,9
54,Entry long,2024-05-08 11:30,S1BB_LE,2315.945,4.3,9958.5635,-49.8,-0.50,23.41,0.24,-49.8,-0.50,969.62,9.70,9
55,Exit long,2024-05-10 14:00,S1BB_TP2,2355.962,4.3,9956.4049,174.23,1.75,186.52,1.87,-39.31,-0.39,1143.85,11.44,82
55,Entry long,2024-05-08 19:00,S1BB_LE,2315.443,4.3,9956.4049,174.23,1.75,186.52,1.87,-39.31,-0.39,1143.85,11.44,82
56,Exit long,2024-05-13 09:00,S1BB_SL,2357.703,4.2,9952.1184,-49.77,-0.50,5.91,0.06,-49.77,-0.50,1094.08,10.94,12
56,Entry long,2024-05-11 02:00,S1BB_LE,2369.552,4.2,9952.1184,-49.77,-0.50,5.91,0.06,-49.77,-0.50,1094.08,10.94,12
57,Exit long,2024-05-14 22:00,S1BB_TP1,2349.962,4.2,9820.7424,49.1,0.50,78.7,0.80,-15.84,-0.16,1143.18,11.43,27
57,Entry long,2024-05-14 08:30,S1BB_LE,2338.272,4.2,9820.7424,49.1,0.50,78.7,0.80,-15.84,-0.16,1143.18,11.43,27
58,Exit long,2024-05-20 19:00,S1BB_TP2,2431.699,4.2,9999.6162,213.52,2.14,290.8,2.91,-30.5,-0.30,1356.7,13.57,63
58,Entry long,2024-05-17 10:30,S1BB_LE,2380.861,4.2,9999.6162,213.52,2.14,290.8,2.91,-30.5,-0.30,1356.7,13.57,63
59,Exit long,2024-05-21 09:30,S1BB_SL,2421.967,4.1,9979.9699,-49.91,-0.50,13.25,0.13,-49.91,-0.50,1306.8,13.07,14
59,Entry long,2024-05-21 01:30,S1BB_LE,2434.139,4.1,9979.9699,-49.91,-0.50,13.25,0.13,-49.91,-0.50,1306.8,13.07,14
60,Exit long,2024-05-22 19:30,S1BB_SL,2407.691,4.1,9921.1431,-49.61,-0.50,57.85,0.58,-49.61,-0.50,1257.19,12.57,47
60,Entry long,2024-05-21 19:00,S1BB_LE,2419.791,4.1,9921.1431,-49.61,-0.50,57.85,0.58,-49.61,-0.50,1257.19,12.57,47
61,Exit long,2024-05-27 11:30,S1BB_TP1,2346.725,4.2,9807.2142,49.03,0.50,52.71,0.54,-14.91,-0.15,1306.22,13.06,43
61,Entry long,2024-05-24 13:00,S1BB_LE,2335.051,4.2,9807.2142,49.03,0.50,52.71,0.54,-14.91,-0.15,1306.22,13.06,43
62,Exit long,2024-05-28 14:00,S1BB_SL,2342.957,4.2,9889.8744,-49.45,-0.50,4.95,0.05,-49.45,-0.50,1256.76,12.57,8
62,Entry long,2024-05-28 10:00,S1BB_LE,2354.732,4.2,9889.8744,-49.45,-0.50,4.95,0.05,-49.45,-0.50,1256.76,12.57,8
63,Exit long,2024-05-29 17:00,S1BB_SL,2342.563,4.2,9888.2112,-49.45,-0.50,41.09,0.42,-49.45,-0.50,1207.31,12.07,39
63,Entry long,2024-05-28 20:30,S1BB_LE,2354.336,4.2,9888.2112,-49.45,-0.50,41.09,0.42,-49.45,-0.50,1207.31,12.07,39
64,Exit long,2024-05-30 22:00,S1BB_TP1,2346.705,4.2,9807.1302,49.03,0.50,57.03,0.58,-19.87,-0.20,1256.35,12.56,10
64,Entry long,2024-05-30 17:00,S1BB_LE,2335.031,4.2,9807.1302,49.03,0.50,57.03,0.58,-19.87,-0.20,1256.35,12.56,10
65,Exit long,2024-05-31 22:30,S1BB_SL,2334.111,4.2,9852.5364,-49.27,-0.50,58.37,0.59,-49.27,-0.50,1207.08,12.07,15
65,Entry long,2024-05-31 15:00,S1BB_LE,2345.842,4.2,9852.5364,-49.27,-0.50,58.37,0.59,-49.27,-0.50,1207.08,12.07,15
66,Exit long,2024-06-06 20:00,S1BB_TP1,2358.099,4.2,9811.6242,92.39,0.94,163.21,1.66,-9.66,-0.10,1299.47,12.99,45
66,Entry long,2024-06-05 20:30,S1BB_LE,2336.101,4.2,9811.6242,92.39,0.94,163.21,1.66,-9.66,-0.10,1299.47,12.99,45
67,Exit long,2024-06-07 06:30,S1BB_TP1,2375.88,4.2,9929.0562,49.64,0.50,60.52,0.61,-0.68,-0.01,1349.11,13.49,13
67,Entry long,2024-06-06 23:00,S1BB_LE,2364.061,4.2,9929.0562,49.64,0.50,60.52,0.61,-0.68,-0.01,1349.11,13.49,13
68,Exit long,2024-06-11 09:00,S1BB_TP1,2307.732,4.3,9873.8836,49.36,0.50,75.54,0.77,-4.09,-0.04,1398.47,13.98,27
68,Entry long,2024-06-10 18:30,S1BB_LE,2296.252,4.3,9873.8836,49.36,0.50,75.54,0.77,-4.09,-0.04,1398.47,13.98,27
69,Exit long,2024-06-13 03:00,S1BB_TP1,2318.478,4.3,9919.8635,49.59,0.50,149.4,1.51,-23.76,-0.24,1448.06,14.48,67
69,Entry long,2024-06-11 16:30,S1BB_LE,2306.945,4.3,9919.8635,49.59,0.50,149.4,1.51,-23.76,-0.24,1448.06,14.48,67
70,Exit long,2024-06-13 21:30,S1BB_SL,2311.704,4.3,9990.2846,-49.96,-0.50,6.18,0.06,-49.96,-0.50,1398.11,13.98,1
70,Entry long,2024-06-13 21:00,S1BB_LE,2323.322,4.3,9990.2846,-49.96,-0.50,6.18,0.06,-49.96,-0.50,1398.11,13.98,1
71,Exit long,2024-06-14 16:30,S1BB_TP1,2316.444,4.3,9911.1603,49.55,0.50,72.24,0.73,-8.69,-0.09,1447.65,14.48,15
71,Entry long,2024-06-14 09:00,S1BB_LE,2304.921,4.3,9911.1603,49.55,0.50,72.24,0.73,-8.69,-0.09,1447.65,14.48,15
72,Exit long,2024-06-17 23:30,S1BB_SL,2312.001,4.3,9991.5703,-49.97,-0.50,17.28,0.17,-49.97,-0.50,1397.69,13.98,4
72,Entry long,2024-06-17 21:30,S1BB_LE,2323.621,4.3,9991.5703,-49.97,-0.50,17.28,0.17,-49.97,-0.50,1397.69,13.98,4
73,Exit long,2024-06-18 18:30,S1BB_SL,2307.398,4.3,9971.6742,-49.86,-0.50,28.75,0.29,-49.86,-0.50,1347.83,13.48,26
73,Entry long,2024-06-18 04:30,S1BB_LE,2318.994,4.3,9971.6742,-49.86,-0.50,28.75,0.29,-49.86,-0.50,1347.83,13.48,26
74,Exit long,2024-06-20 12:30,S1BB_TP1,2338.237,4.2,9771.741,48.85,0.50,52.02,0.53,-33.62,-0.34,1396.68,13.97,68
74,Entry long,2024-06-18 22:00,S1BB_LE,2326.605,4.2,9771.741,48.85,0.50,52.02,0.53,-33.62,-0.34,1396.68,13.97,68
75,Exit long,2024-06-25 23:30,S1BB_SL,2317.903,4.2,9784.1184,-48.93,-0.50,31.79,0.32,-48.93,-0.50,1347.75,13.48,13
75,Entry long,2024-06-25 17:00,S1BB_LE,2329.552,4.2,9784.1184,-48.93,-0.50,31.79,0.32,-48.93,-0.50,1347.75,13.48,13
76,Exit long,2024-07-03 15:30,S1BB_TP1,2339.308,4.2,9776.2182,48.88,0.50,70.18,0.72,-40.2,-0.41,1396.63,13.97,140
76,Entry long,2024-06-28 14:30,S1BB_LE,2327.671,4.2,9776.2182,48.88,0.50,70.18,0.72,-40.2,-0.41,1396.63,13.97,140
77,Exit long,2024-07-08 10:30,S1BB_TP1,2383.899,4.2,9905.0742,107.3,1.08,145.15,1.47,-44.36,-0.45,1503.93,15.04,69
77,Entry long,2024-07-04 19:30,S1BB_LE,2358.351,4.2,9905.0742,107.3,1.08,145.15,1.47,-44.36,-0.45,1503.93,15.04,69
78,Exit long,2024-07-09 22:30,S1BB_SL,2355.842,4.2,9944.2644,-49.73,-0.50,15.99,0.16,-49.73,-0.50,1454.2,14.54,1
78,Entry long,2024-07-09 22:00,S1BB_LE,2367.682,4.2,9944.2644,-49.73,-0.50,15.99,0.16,-49.73,-0.50,1454.2,14.54,1
79,Exit long,2024-07-10 22:30,S1BB_TP1,2375.77,4.2,9928.5984,49.64,0.50,95.63,0.96,-7.82,-0.08,1503.84,15.04,38
79,Entry long,2024-07-10 02:30,S1BB_LE,2363.952,4.2,9928.5984,49.64,0.50,95.63,0.96,-7.82,-0.08,1503.84,15.04,38
80,Exit long,2024-07-11 23:00,S1BB_TP2,2417.427,4.2,9978.5742,174.62,1.75,176.94,1.77,-10.71,-0.11,1678.46,16.78,26
80,Entry long,2024-07-11 10:00,S1BB_LE,2375.851,4.2,9978.5742,174.62,1.75,176.94,1.77,-10.71,-0.11,1678.46,16.78,26
81,Exit long,2024-07-16 01:30,S1BB_TP1,2420.125,4.1,9873.1526,49.36,0.50,129.83,1.32,-29.46,-0.30,1727.82,17.28,52
81,Entry long,2024-07-12 22:30,S1BB_LE,2408.086,4.1,9873.1526,49.36,0.50,129.83,1.32,-29.46,-0.30,1727.82,17.28,52
82,Exit long,2024-07-16 18:30,S1BB_TP1,2439.436,4.1,9951.9341,49.75,0.50,65.93,0.66,-10.25,-0.10,1777.57,17.78,17
82,Entry long,2024-07-16 10:00,S1BB_LE,2427.301,4.1,9951.9341,49.75,0.50,65.93,0.66,-10.25,-0.10,1777.57,17.78,17
83,Exit long,2024-07-22 19:30,S1BB_SL,2398.388,4.1,9882.8122,-49.42,-0.50,7.29,0.07,-49.42,-0.50,1728.15,17.28,26
83,Entry long,2024-07-22 06:30,S1BB_LE,2410.442,4.1,9882.8122,-49.42,-0.50,7.29,0.07,-49.42,-0.50,1728.15,17.28,26
84,Exit long,2024-07-23 19:30,S1BB_TP1,2409.095,4.1,9828.1551,49.13,0.50,61.13,0.62,-37.77,-0.38,1777.28,17.77,30
84,Entry long,2024-07-23 03:30,S1BB_LE,2397.111,4.1,9828.1551,49.13,0.50,61.13,0.62,-37.77,-0.38,1777.28,17.77,30
85,Exit long,2024-07-24 21:00,S1BB_TP1,2419.808,4.1,9871.8611,49.35,0.50,62.64,0.63,-12.59,-0.13,1826.64,18.27,33
85,Entry long,2024-07-24 03:30,S1BB_LE,2407.771,4.1,9871.8611,49.35,0.50,62.64,0.63,-12.59,-0.13,1826.64,18.27,33
86,Exit long,2024-07-26 11:30,S1BB_TP1,2375.649,4.2,9928.0902,49.64,0.50,65.35,0.66,-34.57,-0.35,1876.27,18.76,7
86,Entry long,2024-07-26 08:00,S1BB_LE,2363.831,4.2,9928.0902,49.64,0.50,65.35,0.66,-34.57,-0.35,1876.27,18.76,7
87,Exit long,2024-07-29 22:30,S1BB_SL,2382.775,4.1,9818.475,-49.1,-0.50,8.12,0.08,-49.1,-0.50,1827.17,18.27,8
87,Entry long,2024-07-29 18:30,S1BB_LE,2394.75,4.1,9818.475,-49.1,-0.50,8.12,0.08,-49.1,-0.50,1827.17,18.27,8
88,Exit long,2024-07-31 22:00,S1BB_TP2,2425.609,4.1,9773.9572,171.04,1.75,185.11,1.89,-31.95,-0.33,1998.21,19.98,76
88,Entry long,2024-07-30 07:00,S1BB_LE,2383.892,4.1,9773.9572,171.04,1.75,185.11,1.89,-31.95,-0.33,1998.21,19.98,76
89,Exit long,2024-08-02 12:30,S1BB_TP1,2455.958,4,9774.964,48.87,0.50,74.2,0.76,-36.96,-0.38,2047.08,20.47,30
89,Entry long,2024-08-01 20:30,S1BB_LE,2443.741,4,9774.964,48.87,0.50,74.2,0.76,-36.96,-0.38,2047.08,20.47,30
90,Exit long,2024-08-06 20:30,S1BB_SL,2399.074,4.1,9885.6371,-49.43,-0.50,21.23,0.21,-49.43,-0.50,1997.65,19.98,7
90,Entry long,2024-08-06 17:00,S1BB_LE,2411.131,4.1,9885.6371,-49.43,-0.50,21.23,0.21,-49.43,-0.50,1997.65,19.98,7
91,Exit long,2024-08-08 21:00,S1BB_TP1,2403.79,4.1,9806.5112,49.03,0.50,97.04,0.99,-45.64,-0.47,2046.68,20.47,63
91,Entry long,2024-08-07 12:30,S1BB_LE,2391.832,4.1,9806.5112,49.03,0.50,97.04,0.99,-45.64,-0.47,2046.68,20.47,63
92,Exit long,2024-08-12 15:00,S1BB_TP1,2435.59,4.1,9936.2434,49.68,0.50,56.32,0.57,-10.27,-0.10,2096.35,20.96,43
92,Entry long,2024-08-09 16:30,S1BB_LE,2423.474,4.1,9936.2434,49.68,0.50,56.32,0.57,-10.27,-0.10,2096.35,20.96,43
93,Exit long,2024-08-14 21:00,S1BB_SL,2452.073,4,9857.584,-49.29,-0.50,62.18,0.63,-49.29,-0.50,2047.06,20.47,49
93,Entry long,2024-08-13 19:30,S1BB_LE,2464.396,4,9857.584,-49.29,-0.50,62.18,0.63,-49.29,-0.50,2047.06,20.47,49
94,Exit long,2024-08-17 03:00,S1BB_TP2,2501.371,4,9833.404,172.08,1.75,188.88,1.92,-32.6,-0.33,2219.14,22.19,52
94,Entry long,2024-08-16 00:00,S1BB_LE,2458.351,4,9833.404,172.08,1.75,188.88,1.92,-32.6,-0.33,2219.14,22.19,52
95,Exit long,2024-08-19 18:30,S1BB_SL,2491.241,3.9,9764.6679,-48.83,-0.50,13.22,0.14,-48.83,-0.50,2170.31,21.70,6
95,Entry long,2024-08-19 15:30,S1BB_LE,2503.761,3.9,9764.6679,-48.83,-0.50,13.22,0.14,-48.83,-0.50,2170.31,21.70,6
96,Exit long,2024-08-20 23:00,S1BB_TP1,2513.716,3.9,9754.7229,48.77,0.50,118.79,1.22,-16.42,-0.17,2219.08,22.19,46
96,Entry long,2024-08-19 23:00,S1BB_LE,2501.211,3.9,9754.7229,48.77,0.50,118.79,1.22,-16.42,-0.17,2219.08,22.19,46
97,Exit long,2024-08-22 20:00,S1BB_SL,2496.917,3.9,9786.9174,-48.94,-0.50,37.61,0.38,-48.94,-0.50,2170.14,21.70,35
97,Entry long,2024-08-22 01:30,S1BB_LE,2509.466,3.9,9786.9174,-48.94,-0.50,37.61,0.38,-48.94,-0.50,2170.14,21.70,35
98,Exit long,2024-08-28 18:30,S1BB_SL,2502.436,3.9,9808.5507,-49.05,-0.50,54.63,0.56,-49.05,-0.50,2121.09,21.21,99
98,Entry long,2024-08-26 15:00,S1BB_LE,2515.013,3.9,9808.5507,-49.05,-0.50,54.63,0.56,-49.05,-0.50,2121.09,21.21,99
99,Exit long,2024-08-30 22:00,S1BB_SL,2509.795,3.9,9837.3951,-49.19,-0.50,17.36,0.18,-49.19,-0.50,2071.9,20.72,15
99,Entry long,2024-08-30 14:30,S1BB_LE,2522.409,3.9,9837.3951,-49.19,-0.50,17.36,0.18,-49.19,-0.50,2071.9,20.72,15
100,Exit long,2024-09-03 19:30,S1BB_SL,2485.41,4,9991.604,-49.96,-0.50,33.56,0.34,-49.96,-0.50,2021.93,20.22,9
100,Entry long,2024-09-03 15:00,S1BB_LE,2497.901,4,9991.604,-49.96,-0.50,33.56,0.34,-49.96,-0.50,2021.93,20.22,9
101,Exit long,2024-09-05 14:00,S1BB_TP1,2501.686,4,9956.964,49.78,0.50,52.32,0.53,-29.36,-0.29,2071.71,20.72,34
101,Entry long,2024-09-04 20:00,S1BB_LE,2489.241,4,9956.964,49.78,0.50,52.32,0.53,-29.36,-0.29,2071.71,20.72,34
102,Exit long,2024-09-10 21:30,S1BB_TP1,2508.791,4,9985.244,49.92,0.50,76.16,0.76,-14.04,-0.14,2121.63,21.22,53
102,Entry long,2024-09-09 18:00,S1BB_LE,2496.311,4,9985.244,49.92,0.50,76.16,0.76,-14.04,-0.14,2121.63,21.22,53
103,Exit long,2024-09-13 10:30,S1BB_TP2,2563.591,3.9,9826.0539,171.95,1.75,189.26,1.93,-3.12,-0.03,2293.58,22.94,27
103,Entry long,2024-09-12 20:00,S1BB_LE,2519.501,3.9,9826.0539,171.95,1.75,189.26,1.93,-3.12,-0.03,2293.58,22.94,27
104,Exit long,2024-09-17 12:30,S1BB_SL,2575.209,3.8,9834.9738,-49.18,-0.50,1.55,0.02,-49.18,-0.50,2244.4,22.44,27
104,Entry long,2024-09-16 22:00,S1BB_LE,2588.151,3.8,9834.9738,-49.18,-0.50,1.55,0.02,-49.18,-0.50,2244.4,22.44,27
105,Exit long,2024-09-17 17:30,S1BB_SL,2572.273,3.8,9823.7638,-49.13,-0.50,6.68,0.07,-49.13,-0.50,2195.28,21.95,6
105,Entry long,2024-09-17 14:30,S1BB_LE,2585.201,3.8,9823.7638,-49.13,-0.50,6.68,0.07,-49.13,-0.50,2195.28,21.95,6
106,Exit long,2024-09-19 02:30,S1BB_TP1,2586.196,3.8,9778.6578,48.89,0.50,101.87,1.04,-29,-0.30,2244.16,22.44,38
106,Entry long,2024-09-18 07:30,S1BB_LE,2573.331,3.8,9778.6578,48.89,0.50,101.87,1.04,-29,-0.30,2244.16,22.44,38
107,Exit long,2024-09-23 15:30,S1BB_TP1,2615.944,3.8,9837.8162,102.77,1.04,161.35,1.64,-0.28,0.00,2346.93,23.47,56
107,Entry long,2024-09-20 10:30,S1BB_LE,2588.899,3.8,9837.8162,102.77,1.04,161.35,1.64,-0.28,0.00,2346.93,23.47,56
108,Exit long,2024-09-24 23:30,S1BB_TP1,2640.124,3.8,9982.5658,49.91,0.50,81.32,0.81,-17.16,-0.17,2396.84,23.97,51
108,Entry long,2024-09-23 21:00,S1BB_LE,2626.991,3.8,9982.5658,49.91,0.50,81.32,0.81,-17.16,-0.17,2396.84,23.97,51
109,Exit long,2024-09-26 20:30,S1BB_TP1,2672.772,3.7,9840.0612,49.2,0.50,96.58,0.98,-36.42,-0.37,2446.03,24.46,46
109,Entry long,2024-09-25 20:30,S1BB_LE,2659.476,3.7,9840.0612,49.2,0.50,96.58,0.98,-36.42,-0.37,2446.03,24.46,46
110,Exit long,2024-09-27 22:30,S1BB_SL,2656.688,3.7,9879.148,-49.4,-0.50,3.81,0.04,-49.4,-0.50,2396.63,23.97,3
110,Entry long,2024-09-27 21:00,S1BB_LE,2670.04,3.7,9879.148,-49.4,-0.50,3.81,0.04,-49.4,-0.50,2396.63,23.97,3
111,Exit long,2024-10-02 23:00,S1BB_SL,2644.525,3.7,9833.9192,-49.18,-0.50,20.51,0.21,-49.18,-0.50,2347.46,23.47,3
111,Entry long,2024-10-02 21:30,S1BB_LE,2657.816,3.7,9833.9192,-49.18,-0.50,20.51,0.21,-49.18,-0.50,2347.46,23.47,3
112,Exit long,2024-10-03 22:00,S1BB_SL,2639.585,3.7,9815.5487,-49.08,-0.50,37.26,0.38,-49.08,-0.50,2298.37,22.98,37
112,Entry long,2024-10-03 02:30,S1BB_LE,2652.851,3.7,9815.5487,-49.08,-0.50,37.26,0.38,-49.08,-0.50,2298.37,22.98,37
113,Exit long,2024-10-04 11:30,S1BB_TP1,2663.394,3.7,9805.7437,48.81,0.50,49.72,0.51,-8.75,-0.09,2347.19,23.47,23
113,Entry long,2024-10-03 23:00,S1BB_LE,2650.201,3.7,9805.7437,48.81,0.50,49.72,0.51,-8.75,-0.09,2347.19,23.47,23
114,Exit long,2024-10-07 20:30,S1BB_SL,2638.747,3.7,9812.4333,-49.07,-0.50,28.2,0.29,-49.07,-0.50,2298.12,22.98,9
114,Entry long,2024-10-07 16:00,S1BB_LE,2652.009,3.7,9812.4333,-49.07,-0.50,28.2,0.29,-49.07,-0.50,2298.12,22.98,9
115,Exit long,2024-10-08 16:00,S1BB_SL,2629.556,3.7,9778.2527,-48.9,-0.50,13.72,0.14,-48.9,-0.50,2249.22,22.49,5
115,Entry long,2024-10-08 13:30,S1BB_LE,2642.771,3.7,9778.2527,-48.9,-0.50,13.72,0.14,-48.9,-0.50,2249.22,22.49,5
116,Exit long,2024-10-08 22:00,S1BB_SL,2633.068,3.7,9791.3137,-48.96,-0.50,24.93,0.25,-48.96,-0.50,2200.26,22.00,6
116,Entry long,2024-10-08 19:00,S1BB_LE,2646.301,3.7,9791.3137,-48.96,-0.50,24.93,0.25,-48.96,-0.50,2200.26,22.00,6
117,Exit long,2024-10-09 21:30,S1BB_SL,2608.014,3.8,9960.2598,-49.81,-0.50,5.01,0.05,-49.81,-0.50,2150.45,21.50,5
117,Entry long,2024-10-09 19:00,S1BB_LE,2621.121,3.8,9960.2598,-49.81,-0.50,5.01,0.05,-49.81,-0.50,2150.45,21.50,5
118,Exit long,2024-10-10 21:00,S1BB_TP1,2623.698,3.8,9920.4548,49.6,0.50,65.09,0.66,-33.58,-0.34,2200.05,22.00,23
118,Entry long,2024-10-10 09:30,S1BB_LE,2610.646,3.8,9920.4548,49.6,0.50,65.09,0.66,-33.58,-0.34,2200.05,22.00,23
119,Exit long,2024-10-11 23:30,S1BB_TP1,2657.901,3.7,9785.3123,48.92,0.50,53.91,0.55,-15.59,-0.16,2248.97,22.49,7
119,Entry long,2024-10-11 20:00,S1BB_LE,2644.679,3.7,9785.3123,48.92,0.50,53.91,0.55,-15.59,-0.16,2248.97,22.49,7
120,Exit long,2024-10-15 12:30,S1BB_SL,2642.839,3.7,9827.6477,-49.14,-0.50,39.77,0.40,-49.14,-0.50,2199.83,22.00,48
120,Entry long,2024-10-14 11:30,S1BB_LE,2656.121,3.7,9827.6477,-49.14,-0.50,39.77,0.40,-49.14,-0.50,2199.83,22.00,48
121,Exit long,2024-10-16 00:30,S1BB_TP1,2665.19,3.7,9812.1484,49.05,0.50,62.82,0.64,-23.78,-0.24,2248.88,22.49,18
121,Entry long,2024-10-15 15:30,S1BB_LE,2651.932,3.7,9812.1484,49.05,0.50,62.82,0.64,-23.78,-0.24,2248.88,22.49,18
122,Exit long,2024-10-16 21:00,S1BB_TP1,2681.187,3.7,9871.0413,49.35,0.50,55.1,0.56,-10,-0.10,2298.23,22.98,22
122,Entry long,2024-10-16 10:00,S1BB_LE,2667.849,3.7,9871.0413,49.35,0.50,55.1,0.56,-10,-0.10,2298.23,22.98,22
123,Exit long,2024-10-17 22:30,S1BB_TP1,2689.168,3.7,9900.4267,49.49,0.50,59.27,0.60,-10.64,-0.11,2347.73,23.48,28
123,Entry long,2024-10-17 08:30,S1BB_LE,2675.791,3.7,9900.4267,49.49,0.50,59.27,0.60,-10.64,-0.11,2347.73,23.48,28
124,Exit long,2024-10-22 19:00,S1BB_TP1,2738.228,3.6,9808.5816,49.04,0.50,53.08,0.54,-2.44,-0.02,2396.77,23.97,20
124,Entry long,2024-10-22 09:00,S1BB_LE,2724.606,3.6,9808.5816,49.04,0.50,53.08,0.54,-2.44,-0.02,2396.77,23.97,20
125,Exit long,2024-10-23 21:00,S1BB_SL,2735.312,3.6,9896.6124,-49.49,-0.50,33.81,0.34,-49.49,-0.50,2347.28,23.47,17
125,Entry long,2024-10-23 12:30,S1BB_LE,2749.059,3.6,9896.6124,-49.49,-0.50,33.81,0.34,-49.49,-0.50,2347.28,23.47,17
126,Exit long,2024-10-25 16:00,S1BB_SL,2723.658,3.6,9854.4456,-49.28,-0.50,0.63,0.01,-49.28,-0.50,2298,22.98,25
126,Entry long,2024-10-25 02:30,S1BB_LE,2737.346,3.6,9854.4456,-49.28,-0.50,0.63,0.01,-49.28,-0.50,2298,22.98,25
127,Exit long,2024-10-28 06:00,S1BB_TP1,2736.179,3.6,9833.5476,16.7,0.17,58.42,0.59,-23.13,-0.24,2314.7,23.15,16
127,Entry long,2024-10-25 21:00,S1BB_LE,2731.541,3.6,9833.5476,16.7,0.17,58.42,0.59,-23.13,-0.24,2314.7,23.15,16
128,Exit long,2024-10-29 10:30,S1BB_TP1,2752.102,3.6,9858.2796,49.29,0.50,69.55,0.71,-38.51,-0.39,2363.99,23.64,39
128,Entry long,2024-10-28 14:00,S1BB_LE,2738.411,3.6,9858.2796,49.29,0.50,69.55,0.71,-38.51,-0.39,2363.99,23.64,39
129,Exit long,2024-10-29 23:00,S1BB_TP1,2768.883,3.6,9918.3924,49.59,0.50,59.87,0.60,-9.91,-0.10,2413.57,24.14,3
129,Entry long,2024-10-29 21:30,S1BB_LE,2755.109,3.6,9918.3924,49.59,0.50,59.87,0.60,-9.91,-0.10,2413.57,24.14,3
130,Exit long,2024-11-01 22:30,S1BB_SL,2739.999,3.6,9913.5684,-49.57,-0.50,30.46,0.31,-49.57,-0.50,2364,23.64,3
130,Entry long,2024-11-01 21:00,S1BB_LE,2753.769,3.6,9913.5684,-49.57,-0.50,30.46,0.31,-49.57,-0.50,2364,23.64,3
131,Exit long,2024-11-05 10:30,S1BB_SL,2729.613,3.6,9875.9916,-49.38,-0.50,17.46,0.18,-49.38,-0.50,2314.61,23.15,31
131,Entry long,2024-11-04 18:00,S1BB_LE,2743.331,3.6,9875.9916,-49.38,-0.50,17.46,0.18,-49.38,-0.50,2314.61,23.15,31
132,Exit long,2024-11-06 14:00,S1BB_SL,2724.12,3.6,9856.1196,-49.29,-0.50,43.74,0.44,-49.29,-0.50,2265.33,22.65,44
132,Entry long,2024-11-05 15:00,S1BB_LE,2737.811,3.6,9856.1196,-49.29,-0.50,43.74,0.44,-49.29,-0.50,2265.33,22.65,44
133,Exit long,2024-11-11 07:00,S1BB_SL,2678.46,3.7,9960.1077,-49.81,-0.50,44.76,0.45,-49.81,-0.50,2215.52,22.16,18
133,Entry long,2024-11-08 21:00,S1BB_LE,2691.921,3.7,9960.1077,-49.81,-0.50,44.76,0.45,-49.81,-0.50,2215.52,22.16,18
134,Exit long,2024-11-12 23:30,S1BB_SL,2601.283,3.8,9934.5528,-49.68,-0.50,10.2,0.10,-49.68,-0.50,2165.84,21.66,4
134,Entry long,2024-11-12 21:30,S1BB_LE,2614.356,3.8,9934.5528,-49.68,-0.50,10.2,0.10,-49.68,-0.50,2165.84,21.66,4
135,Exit long,2024-11-13 23:00,S1BB_SL,2595.094,3.8,9910.9168,-49.56,-0.50,40.68,0.41,-49.56,-0.50,2116.28,21.16,27
135,Entry long,2024-11-13 09:30,S1BB_LE,2608.136,3.8,9910.9168,-49.56,-0.50,40.68,0.41,-49.56,-0.50,2116.28,21.16,27
136,Exit long,2024-11-14 23:30,S1BB_TP1,2569.809,3.9,9972.3975,49.86,0.50,62.19,0.62,-11.23,-0.11,2166.14,21.66,3
136,Entry long,2024-11-14 22:00,S1BB_LE,2557.025,3.9,9972.3975,49.86,0.50,62.19,0.62,-11.23,-0.11,2166.14,21.66,3
137,Exit long,2024-11-18 14:00,S1BB_TP1,2581.89,3.8,9762.3748,48.81,0.50,107.21,1.10,-36.69,-0.38,2214.95,22.15,37
137,Entry long,2024-11-15 18:30,S1BB_LE,2569.046,3.8,9762.3748,48.81,0.50,107.21,1.10,-36.69,-0.38,2214.95,22.15,37
138,Exit long,2024-11-20 16:00,S1BB_SL,2618.839,3.7,9738.4037,-48.7,-0.50,36.7,0.38,-48.7,-0.50,2166.25,21.66,21
138,Entry long,2024-11-20 04:30,S1BB_LE,2632.001,3.7,9738.4037,-48.7,-0.50,36.7,0.38,-48.7,-0.50,2166.25,21.66,21
139,Exit long,2024-11-20 23:30,S1BB_TP1,2644.888,3.7,9737.4047,48.68,0.50,63.53,0.65,-2.64,-0.03,2214.93,22.15,5
139,Entry long,2024-11-20 21:00,S1BB_LE,2631.731,3.7,9737.4047,48.68,0.50,63.53,0.65,-2.64,-0.03,2214.93,22.15,5
140,Exit long,2024-11-22 11:30,S1BB_TP1,2685.098,3.7,9885.4417,49.42,0.50,69.41,0.70,-15.04,-0.15,2264.35,22.64,17
140,Entry long,2024-11-22 02:00,S1BB_LE,2671.741,3.7,9885.4417,49.42,0.50,69.41,0.70,-15.04,-0.15,2264.35,22.64,17
141,Exit long,2024-11-27 14:00,S1BB_TP1,2641.451,3.8,9987.5818,49.93,0.50,66.31,0.66,-44.62,-0.45,2314.28,23.14,37
141,Entry long,2024-11-26 18:30,S1BB_LE,2628.311,3.8,9987.5818,49.93,0.50,66.31,0.66,-44.62,-0.45,2314.28,23.14,37
142,Exit long,2024-11-29 22:30,S1BB_TP1,2654.377,3.7,9752.1122,69.08,0.71,113.35,1.16,-9.66,-0.10,2383.37,23.83,57
142,Entry long,2024-11-28 14:30,S1BB_LE,2635.706,3.7,9752.1122,69.08,0.71,113.35,1.16,-9.66,-0.10,2383.37,23.83,57
143,Exit long,2024-12-04 21:00,S1BB_SL,2632.62,3.7,9789.6487,-48.95,-0.50,20.72,0.21,-48.95,-0.50,2334.41,23.34,20
143,Entry long,2024-12-04 11:00,S1BB_LE,2645.851,3.7,9789.6487,-48.95,-0.50,20.72,0.21,-48.95,-0.50,2334.41,23.34,20
144,Exit long,2024-12-05 22:30,S1BB_SL,2639.894,3.7,9816.6957,-49.09,-0.50,5.07,0.05,-49.09,-0.50,2285.32,22.85,17
144,Entry long,2024-12-05 14:00,S1BB_LE,2653.161,3.7,9816.6957,-49.09,-0.50,5.07,0.05,-49.09,-0.50,2285.32,22.85,17
145,Exit long,2024-12-09 20:30,S1BB_TP1,2653.3,3.7,9768.3737,48.84,0.50,75.4,0.77,-46.81,-0.48,2334.16,23.34,25
145,Entry long,2024-12-09 08:00,S1BB_LE,2640.101,3.7,9768.3737,48.84,0.50,75.4,0.77,-46.81,-0.48,2334.16,23.34,25
146,Exit long,2024-12-11 12:30,S1BB_TP1,2690.754,3.7,9869.5687,86.22,0.87,136.53,1.38,-23.63,-0.24,2420.38,24.20,51
146,Entry long,2024-12-10 10:00,S1BB_LE,2667.451,3.7,9869.5687,86.22,0.87,136.53,1.38,-23.63,-0.24,2420.38,24.20,51
147,Exit long,2024-12-12 00:00,S1BB_TP1,2712.665,3.7,9986.9327,49.93,0.50,62.45,0.63,-32.7,-0.33,2470.31,24.70,11
147,Entry long,2024-12-11 18:30,S1BB_LE,2699.171,3.7,9986.9327,49.93,0.50,62.45,0.63,-32.7,-0.33,2470.31,24.70,11
148,Exit long,2024-12-12 21:00,S1BB_SL,2704.748,3.6,9786.0276,-48.93,-0.50,7.52,0.08,-48.93,-0.50,2421.37,24.21,12
148,Entry long,2024-12-12 15:00,S1BB_LE,2718.341,3.6,9786.0276,-48.93,-0.50,7.52,0.08,-48.93,-0.50,2421.37,24.21,12
149,Exit long,2024-12-17 17:30,S1BB_SL,2639.922,3.7,9816.7993,-49.09,-0.50,41.37,0.42,-49.09,-0.50,2372.29,23.72,58
149,Entry long,2024-12-16 11:30,S1BB_LE,2653.189,3.7,9816.7993,-49.09,-0.50,41.37,0.42,-49.09,-0.50,2372.29,23.72,58
150,Exit long,2024-12-19 03:00,S1BB_SL,2632.69,3.7,9789.9077,-48.95,-0.50,21.42,0.22,-48.95,-0.50,2323.33,23.23,48
150,Entry long,2024-12-18 02:00,S1BB_LE,2645.921,3.7,9789.9077,-48.95,-0.50,21.42,0.22,-48.95,-0.50,2323.33,23.23,48
151,Exit long,2024-12-23 18:30,S1BB_TP1,2618.924,3.8,9874.2658,77.65,0.79,132.24,1.34,-11.67,-0.12,2400.98,24.01,64
151,Entry long,2024-12-20 09:30,S1BB_LE,2598.491,3.8,9874.2658,77.65,0.79,132.24,1.34,-11.67,-0.12,2400.98,24.01,64
152,Exit long,2024-12-26 19:30,S1BB_TP1,2628.667,3.8,9939.2458,49.69,0.50,54.75,0.55,-21.63,-0.22,2450.67,24.51,64
152,Entry long,2024-12-24 07:30,S1BB_LE,2615.591,3.8,9939.2458,49.69,0.50,54.75,0.55,-21.63,-0.22,2450.67,24.51,64
153,Exit long,2024-12-27 21:00,S1BB_SL,2620.64,3.7,9745.1007,-48.73,-0.50,16.65,0.17,-48.73,-0.50,2401.93,24.02,18
153,Entry long,2024-12-27 12:00,S1BB_LE,2633.811,3.7,9745.1007,-48.73,-0.50,16.65,0.17,-48.73,-0.50,2401.93,24.02,18
154,Exit long,2024-12-30 21:30,S1BB_SL,2608.248,3.8,9961.1528,-49.81,-0.50,4.54,0.05,-49.81,-0.50,2352.12,23.52,1
154,Entry long,2024-12-30 21:00,S1BB_LE,2621.356,3.8,9961.1528,-49.81,-0.50,4.54,0.05,-49.81,-0.50,2352.12,23.52,1
155,Exit long,2025-01-03 00:00,S1BB_TP2,2653.395,3.8,9909.4918,173.41,1.75,190.91,1.93,-9.75,-0.10,2525.53,25.26,64
155,Entry long,2024-12-31 15:00,S1BB_LE,2607.761,3.8,9909.4918,173.41,1.75,190.91,1.93,-9.75,-0.10,2525.53,25.26,64
156,Exit long,2025-01-06 15:00,S1BB_SL,2630.013,3.7,9779.9547,-48.91,-0.50,15.46,0.16,-48.91,-0.50,2476.63,24.77,12
156,Entry long,2025-01-06 09:00,S1BB_LE,2643.231,3.7,9779.9547,-48.91,-0.50,15.46,0.16,-48.91,-0.50,2476.63,24.77,12
157,Exit long,2025-01-06 21:30,S1BB_SL,2631.615,3.7,9785.9117,-48.94,-0.50,17.05,0.17,-48.94,-0.50,2427.69,24.28,4
157,Entry long,2025-01-06 19:30,S1BB_LE,2644.841,3.7,9785.9117,-48.94,-0.50,17.05,0.17,-48.94,-0.50,2427.69,24.28,4
158,Exit long,2025-01-07 21:00,S1BB_TP1,2650.757,3.7,9759.0127,48.79,0.50,56.27,0.58,-5.17,-0.05,2476.48,24.76,23
158,Entry long,2025-01-07 09:30,S1BB_LE,2637.571,3.7,9759.0127,48.79,0.50,56.27,0.58,-5.17,-0.05,2476.48,24.76,23
159,Exit long,2025-01-09 00:00,S1BB_TP1,2663.197,3.7,9804.8113,49.02,0.50,66.09,0.67,-16.94,-0.17,2525.49,25.25,20
159,Entry long,2025-01-08 14:00,S1BB_LE,2649.949,3.7,9804.8113,49.02,0.50,66.09,0.67,-16.94,-0.17,2525.49,25.25,20
160,Exit long,2025-01-10 17:00,S1BB_TP1,2679.549,3.7,9865.6837,48.65,0.49,52.09,0.53,-22.69,-0.23,2574.14,25.74,50
160,Entry long,2025-01-09 15:00,S1BB_LE,2666.401,3.7,9865.6837,48.65,0.49,52.09,0.53,-22.69,-0.23,2574.14,25.74,50
161,Exit long,2025-01-13 19:30,S1BB_SL,2676.756,3.7,9953.7733,-49.78,-0.50,4.3,0.04,-49.78,-0.50,2524.37,25.24,10
161,Entry long,2025-01-13 14:30,S1BB_LE,2690.209,3.7,9953.7733,-49.78,-0.50,4.3,0.04,-49.78,-0.50,2524.37,25.24,10
162,Exit long,2025-01-15 18:00,S1BB_TP1,2684.835,3.7,9884.4723,49.42,0.50,63.2,0.64,-18.44,-0.19,2573.78,25.74,34
162,Entry long,2025-01-15 00:00,S1BB_LE,2671.479,3.7,9884.4723,49.42,0.50,63.2,0.64,-18.44,-0.19,2573.78,25.74,34
163,Exit long,2025-01-17 09:00,S1BB_TP1,2712.059,3.7,9983.2364,51.38,0.51,98.32,0.98,-4.72,-0.05,2625.17,26.25,32
163,Entry long,2025-01-16 16:00,S1BB_LE,2698.172,3.7,9983.2364,51.38,0.51,98.32,0.98,-4.72,-0.05,2625.17,26.25,32
164,Exit long,2025-01-18 04:00,S1BB_SL,2701.832,3.6,9775.4796,-48.88,-0.50,6.8,0.07,-48.88,-0.50,2576.28,25.76,31
164,Entry long,2025-01-17 12:30,S1BB_LE,2715.411,3.6,9775.4796,-48.88,-0.50,6.8,0.07,-48.88,-0.50,2576.28,25.76,31
165,Exit long,2025-01-21 19:00,S1BB_TP1,2717.509,3.6,9732.5316,50.5,0.52,105.91,1.09,-10.05,-0.10,2626.78,26.27,55
165,Entry long,2025-01-20 12:00,S1BB_LE,2703.481,3.6,9732.5316,50.5,0.52,105.91,1.09,-10.05,-0.10,2626.78,26.27,55
166,Exit long,2025-01-23 21:00,S1BB_SL,2740.409,3.6,9915.0516,-49.58,-0.50,1,0.01,-49.58,-0.50,2577.2,25.77,9
166,Entry long,2025-01-23 16:30,S1BB_LE,2754.181,3.6,9915.0516,-49.58,-0.50,1,0.01,-49.58,-0.50,2577.2,25.77,9
167,Exit long,2025-01-24 10:30,S1BB_TP1,2767.749,3.6,9914.3316,49.56,0.50,63.03,0.64,-10.45,-0.11,2626.77,26.27,17
167,Entry long,2025-01-24 01:00,S1BB_LE,2753.981,3.6,9914.3316,49.56,0.50,63.03,0.64,-10.45,-0.11,2626.77,26.27,17
168,Exit long,2025-01-29 01:00,S1BB_TP1,2757.521,3.6,9877.6908,49.38,0.50,56.86,0.58,-10.79,-0.11,2676.15,26.76,15
168,Entry long,2025-01-28 17:30,S1BB_LE,2743.803,3.6,9877.6908,49.38,0.50,56.86,0.58,-10.79,-0.11,2676.15,26.76,15
169,Exit long,2025-01-29 23:00,S1BB_SL,2750.259,3.6,9950.6916,-49.76,-0.50,1.15,0.01,-49.76,-0.50,2626.39,26.26,12
169,Entry long,2025-01-29 17:00,S1BB_LE,2764.081,3.6,9950.6916,-49.76,-0.50,1.15,0.01,-49.76,-0.50,2626.39,26.26,12
170,Exit long,2025-01-30 16:00,S1BB_TP1,2768.582,3.6,9917.3124,49.58,0.50,53.43,0.54,-3.29,-0.03,2675.98,26.76,20
170,Entry long,2025-01-30 05:00,S1BB_LE,2754.809,3.6,9917.3124,49.58,0.50,53.43,0.54,-3.29,-0.03,2675.98,26.76,20
171,Exit long,2025-02-03 07:30,S1BB_SL,2786.248,3.5,9800.8785,-49.01,-0.50,59.36,0.61,-49.01,-0.50,2626.97,26.27,21
171,Entry long,2025-01-31 20:00,S1BB_LE,2800.251,3.5,9800.8785,-49.01,-0.50,59.36,0.61,-49.01,-0.50,2626.97,26.27,21
172,Exit long,2025-02-04 21:30,S1BB_TP1,2834.507,3.5,9871.421,49.35,0.50,58.5,0.59,-28.07,-0.28,2676.32,26.76,7
172,Entry long,2025-02-04 18:00,S1BB_LE,2820.406,3.5,9871.421,49.35,0.50,58.5,0.59,-28.07,-0.28,2676.32,26.76,7
173,Exit long,2025-02-06 15:30,S1BB_SL,2857.097,3.4,9762.9504,-48.82,-0.50,6.27,0.06,-48.82,-0.50,2627.5,26.27,11
173,Entry long,2025-02-06 10:00,S1BB_LE,2871.456,3.4,9762.9504,-48.82,-0.50,6.27,0.06,-48.82,-0.50,2627.5,26.27,11
174,Exit long,2025-02-06 22:30,S1BB_SL,2852.699,3.4,9747.9224,-48.75,-0.50,6,0.06,-48.75,-0.50,2578.75,25.79,4
174,Entry long,2025-02-06 20:30,S1BB_LE,2867.036,3.4,9747.9224,-48.75,-0.50,6,0.06,-48.75,-0.50,2578.75,25.79,4
175,Exit long,2025-02-08 00:00,S1BB_TP1,2870.732,3.5,9997.5785,49.98,0.50,106.33,1.06,-15.28,-0.15,2628.74,26.29,36
175,Entry long,2025-02-07 05:00,S1BB_LE,2856.451,3.5,9997.5785,49.98,0.50,106.33,1.06,-15.28,-0.15,2628.74,26.29,36
176,Exit long,2025-02-11 08:00,S1BB_TP2,2917.668,3.4,9749.4592,170.61,1.75,183.84,1.89,-6.56,-0.07,2799.35,27.99,46
176,Entry long,2025-02-10 08:00,S1BB_LE,2867.488,3.4,9749.4592,170.61,1.75,183.84,1.89,-6.56,-0.07,2799.35,27.99,46
177,Exit long,2025-02-12 21:00,S1BB_SL,2878.293,3.4,9835.3772,-49.18,-0.50,4.29,0.04,-49.18,-0.50,2750.17,27.50,10
177,Entry long,2025-02-12 16:00,S1BB_LE,2892.758,3.4,9835.3772,-49.18,-0.50,4.29,0.04,-49.18,-0.50,2750.17,27.50,10
178,Exit long,2025-02-13 16:30,S1BB_TP1,2910.118,3.4,9845.1794,49.22,0.50,92.37,0.94,-32.1,-0.33,2799.39,27.99,34
178,Entry long,2025-02-12 22:30,S1BB_LE,2895.641,3.4,9845.1794,49.22,0.50,92.37,0.94,-32.1,-0.33,2799.39,27.99,34
179,Exit long,2025-02-14 16:30,S1BB_TP1,2934.786,3.4,9928.6358,49.64,0.50,62.57,0.63,-24.83,-0.25,2849.03,28.49,31
179,Entry long,2025-02-14 00:00,S1BB_LE,2920.187,3.4,9928.6358,49.64,0.50,62.57,0.63,-24.83,-0.25,2849.03,28.49,31
180,Exit long,2025-02-18 15:00,S1BB_TP1,2913.63,3.4,9857.0624,49.28,0.50,56.15,0.57,-25.03,-0.25,2898.3,28.98,12
180,Entry long,2025-02-18 09:00,S1BB_LE,2899.136,3.4,9857.0624,49.28,0.50,56.15,0.57,-25.03,-0.25,2898.3,28.98,12
181,Exit long,2025-02-20 02:00,S1BB_SL,2920.295,3.4,9978.9014,-49.9,-0.50,40.86,0.41,-49.9,-0.50,2848.41,28.48,23
181,Entry long,2025-02-19 14:30,S1BB_LE,2934.971,3.4,9978.9014,-49.9,-0.50,40.86,0.41,-49.9,-0.50,2848.41,28.48,23
182,Exit long,2025-02-20 17:30,S1BB_TP1,2950.559,3.4,9981.9954,49.91,0.50,64.81,0.65,-13.13,-0.13,2898.31,28.98,23
182,Entry long,2025-02-20 05:00,S1BB_LE,2935.881,3.4,9981.9954,49.91,0.50,64.81,0.65,-13.13,-0.13,2898.31,28.98,23
183,Exit long,2025-02-21 13:00,S1BB_SL,2925.658,3.4,9997.2274,-49.99,-0.50,32.13,0.32,-49.99,-0.50,2848.32,28.48,11
183,Entry long,2025-02-21 07:30,S1BB_LE,2940.361,3.4,9997.2274,-49.99,-0.50,32.13,0.32,-49.99,-0.50,2848.32,28.48,11
184,Exit long,2025-02-24 09:00,S1BB_SL,2921.147,3.4,9981.8152,-49.92,-0.50,23.87,0.24,-49.92,-0.50,2798.41,27.98,25
184,Entry long,2025-02-21 19:30,S1BB_LE,2935.828,3.4,9981.8152,-49.92,-0.50,23.87,0.24,-49.92,-0.50,2798.41,27.98,25
185,Exit long,2025-02-25 20:30,S1BB_SL,2926.991,3.3,9707.6133,-48.54,-0.50,47.68,0.49,-48.54,-0.50,2749.86,27.50,64
185,Entry long,2025-02-24 11:30,S1BB_LE,2941.701,3.3,9707.6133,-48.54,-0.50,47.68,0.49,-48.54,-0.50,2749.86,27.50,64
186,Exit long,2025-02-27 12:30,S1BB_SL,2898.499,3.4,9904.4244,-49.53,-0.50,25.95,0.26,-49.53,-0.50,2700.34,27.00,21
186,Entry long,2025-02-27 01:00,S1BB_LE,2913.066,3.4,9904.4244,-49.53,-0.50,25.95,0.26,-49.53,-0.50,2700.34,27.00,21
187,Exit long,2025-02-28 11:30,S1BB_SL,2866.395,3.4,9794.7234,-48.98,-0.50,4.82,0.05,-48.98,-0.50,2651.35,26.51,4
187,Entry long,2025-02-28 09:30,S1BB_LE,2880.801,3.4,9794.7234,-48.98,-0.50,4.82,0.05,-48.98,-0.50,2651.35,26.51,4
188,Exit long,2025-03-03 07:30,S1BB_TP1,2868.913,3.5,9991.2435,49.95,0.50,77.92,0.78,-5.24,-0.05,2701.31,27.01,3
188,Entry long,2025-03-01 05:00,S1BB_LE,2854.641,3.5,9991.2435,49.95,0.50,77.92,0.78,-5.24,-0.05,2701.31,27.01,3
189,Exit long,2025-03-04 16:30,S1BB_TP1,2913.744,3.4,9857.6914,49.04,0.50,50.15,0.51,-10.76,-0.11,2750.35,27.50,2
189,Entry long,2025-03-04 15:30,S1BB_LE,2899.321,3.4,9857.6914,49.04,0.50,50.15,0.51,-10.76,-0.11,2750.35,27.50,2
190,Exit long,2025-03-05 21:30,S1BB_SL,2904.146,3.4,9923.7194,-49.62,-0.50,12.92,0.13,-49.62,-0.50,2700.72,27.01,15
190,Entry long,2025-03-05 14:00,S1BB_LE,2918.741,3.4,9923.7194,-49.62,-0.50,12.92,0.13,-49.62,-0.50,2700.72,27.01,15
191,Exit long,2025-03-06 16:30,S1BB_SL,2902.491,3.4,9918.0652,-49.6,-0.50,43.49,0.44,-49.6,-0.50,2651.13,26.51,31
191,Entry long,2025-03-06 00:00,S1BB_LE,2917.078,3.4,9918.0652,-49.6,-0.50,43.49,0.44,-49.6,-0.50,2651.13,26.51,31
192,Exit long,2025-03-07 08:00,S1BB_SL,2900.574,3.4,9911.5134,-49.56,-0.50,26.04,0.26,-49.56,-0.50,2601.56,26.02,16
192,Entry long,2025-03-06 23:00,S1BB_LE,2915.151,3.4,9911.5134,-49.56,-0.50,26.04,0.26,-49.56,-0.50,2601.56,26.02,16
193,Exit long,2025-03-07 23:00,S1BB_TP1,2924.053,3.4,9892.3238,49.46,0.50,70.98,0.72,-20.17,-0.20,2651.02,26.51,18
193,Entry long,2025-03-07 14:00,S1BB_LE,2909.507,3.4,9892.3238,49.46,0.50,70.98,0.72,-20.17,-0.20,2651.02,26.51,18
194,Exit long,2025-03-10 16:30,S1BB_SL,2900.882,3.4,9912.5674,-49.57,-0.50,9.72,0.10,-49.57,-0.50,2601.45,26.01,18
194,Entry long,2025-03-10 07:30,S1BB_LE,2915.461,3.4,9912.5674,-49.57,-0.50,9.72,0.10,-49.57,-0.50,2601.45,26.01,18
195,Exit long,2025-03-11 01:00,S1BB_SL,2893.484,3.4,9887.2884,-49.44,-0.50,1.34,0.01,-49.44,-0.50,2552.01,25.52,3
195,Entry long,2025-03-10 23:30,S1BB_LE,2908.026,3.4,9887.2884,-49.44,-0.50,1.34,0.01,-49.44,-0.50,2552.01,25.52,3
196,Exit long,2025-03-13 00:30,S1BB_TP1,2933.665,3.4,9924.8414,49.62,0.50,68.28,0.69,-45.27,-0.46,2601.63,26.02,26
196,Entry long,2025-03-12 11:30,S1BB_LE,2919.071,3.4,9924.8414,49.62,0.50,68.28,0.69,-45.27,-0.46,2601.63,26.02,26
197,Exit long,2025-03-14 14:00,S1BB_TP1,2981.014,3.3,9706.8543,130.49,1.34,172.95,1.78,-9.02,-0.09,2732.12,27.32,40
197,Entry long,2025-03-13 17:00,S1BB_LE,2941.471,3.3,9706.8543,130.49,1.34,172.95,1.78,-9.02,-0.09,2732.12,27.32,40
198,Exit long,2025-03-18 09:30,S1BB_TP1,3004.095,3.3,9864.1983,49.32,0.50,52.33,0.53,-23.68,-0.24,2781.44,27.81,51
198,Entry long,2025-03-17 07:00,S1BB_LE,2989.151,3.3,9864.1983,49.32,0.50,52.33,0.53,-23.68,-0.24,2781.44,27.81,51
199,Exit long,2025-03-20 08:30,S1BB_TP1,3051.368,3.2,9715.8048,48.57,0.50,61.86,0.64,-44.4,-0.46,2830.01,28.30,39
199,Entry long,2025-03-19 12:00,S1BB_LE,3036.189,3.2,9715.8048,48.57,0.50,61.86,0.64,-44.4,-0.46,2830.01,28.30,39
200,Exit long,2025-03-21 13:30,S1BB_SL,3025.506,3.2,9730.2752,-48.66,-0.50,21.76,0.22,-48.66,-0.50,2781.35,27.81,25
200,Entry long,2025-03-21 00:00,S1BB_LE,3040.711,3.2,9730.2752,-48.66,-0.50,21.76,0.22,-48.66,-0.50,2781.35,27.81,25
201,Exit long,2025-03-21 21:30,S1BB_SL,3016.272,3.2,9700.5792,-48.51,-0.50,21.47,0.22,-48.51,-0.50,2732.84,27.33,4
201,Entry long,2025-03-21 19:30,S1BB_LE,3031.431,3.2,9700.5792,-48.51,-0.50,21.47,0.22,-48.51,-0.50,2732.84,27.33,4
202,Exit long,2025-03-24 23:00,S1BB_SL,3006.866,3.3,9972.5241,-49.87,-0.50,37.43,0.38,-49.87,-0.50,2682.98,26.83,18
202,Entry long,2025-03-24 14:00,S1BB_LE,3021.977,3.3,9972.5241,-49.87,-0.50,37.43,0.38,-49.87,-0.50,2682.98,26.83,18
203,Exit long,2025-03-27 21:00,S1BB_TP1,3040.039,3.3,9982.2228,49.91,0.50,102.45,1.03,-42.21,-0.42,2732.88,27.33,59
203,Entry long,2025-03-26 14:30,S1BB_LE,3024.916,3.3,9982.2228,49.91,0.50,102.45,1.03,-42.21,-0.42,2732.88,27.33,59
204,Exit long,2025-04-03 04:00,S1BB_SL,3105.962,3.2,9989.0272,-49.95,-0.50,45.34,0.45,-49.95,-0.50,2682.93,26.83,39
204,Entry long,2025-04-02 08:30,S1BB_LE,3121.571,3.2,9989.0272,-49.95,-0.50,45.34,0.45,-49.95,-0.50,2682.93,26.83,39
205,Exit long,2025-04-03 06:00,S1BB_SL,3123.125,3.1,9730.3451,-48.66,-0.50,30.13,0.31,-48.66,-0.50,2634.28,26.34,1
205,Entry long,2025-04-03 04:30,S1BB_LE,3138.821,3.1,9730.3451,-48.66,-0.50,30.13,0.31,-48.66,-0.50,2634.28,26.34,1
206,Exit long,2025-04-04 19:30,S1BB_TP1,3125.745,3.2,9952.6272,49.76,0.50,85.23,0.86,-4.23,-0.04,2684.03,26.84,1
206,Entry long,2025-04-04 19:00,S1BB_LE,3110.196,3.2,9952.6272,49.76,0.50,85.23,0.86,-4.23,-0.04,2684.03,26.84,1
207,Exit long,2025-04-09 20:00,S1BB_TP2,3061.25,3.3,9928.3833,173.74,1.75,212.6,2.14,-32.69,-0.33,2857.78,28.58,20
207,Entry long,2025-04-09 10:00,S1BB_LE,3008.601,3.3,9928.3833,173.74,1.75,212.6,2.14,-32.69,-0.33,2857.78,28.58,20
208,Exit long,2025-04-11 13:30,S1BB_TP2,3200.764,3.2,9981.4688,260.98,2.61,322.92,3.24,-19.85,-0.20,3118.75,31.19,36
208,Entry long,2025-04-10 18:30,S1BB_LE,3119.209,3.2,9981.4688,260.98,2.61,322.92,3.24,-19.85,-0.20,3118.75,31.19,36
209,Exit long,2025-04-14 13:00,S1BB_SL,3223.372,3,9718.713,-48.6,-0.50,18.48,0.19,-48.6,-0.50,3070.15,30.70,6
209,Entry long,2025-04-14 10:00,S1BB_LE,3239.571,3,9718.713,-48.6,-0.50,18.48,0.19,-48.6,-0.50,3070.15,30.70,6
210,Exit long,2025-04-15 12:30,S1BB_TP1,3228.642,3.1,9959.0011,49.79,0.50,54.65,0.55,-16.82,-0.17,3119.94,31.20,15
210,Entry long,2025-04-15 04:00,S1BB_LE,3212.581,3.1,9959.0011,49.79,0.50,54.65,0.55,-16.82,-0.17,3119.94,31.20,15
211,Exit long,2025-04-21 10:00,S1BB_TP2,3377.153,3,9957.213,174.25,1.75,178.11,1.79,-24.92,-0.25,3294.19,32.94,13
211,Entry long,2025-04-18 02:30,S1BB_LE,3319.071,3,9957.213,174.25,1.75,178.11,1.79,-24.92,-0.25,3294.19,32.94,13
212,Exit long,2025-04-23 21:00,S1BB_SL,3310.799,3,9988.452,-56.05,-0.56,0.17,0.00,-57.24,-0.57,3238.14,32.38,1
212,Entry long,2025-04-23 20:30,S1BB_LE,3329.484,3,9988.452,-56.05,-0.56,0.17,0.00,-57.24,-0.57,3238.14,32.38,1
213,Exit long,2025-04-24 11:00,S1BB_TP1,3327.404,3,9932.553,49.66,0.50,170.05,1.71,-10.13,-0.10,3287.79,32.88,9
213,Entry long,2025-04-24 06:30,S1BB_LE,3310.851,3,9932.553,49.66,0.50,170.05,1.71,-10.13,-0.10,3287.79,32.88,9
214,Exit long,2025-04-25 07:00,S1BB_TP1,3353.416,2.9,9676.5286,48.38,0.50,98.77,1.02,-11.8,-0.12,3336.17,33.36,9
214,Entry long,2025-04-25 01:30,S1BB_LE,3336.734,2.9,9676.5286,48.38,0.50,98.77,1.02,-11.8,-0.12,3336.17,33.36,9
215,Exit long,2025-04-28 06:30,S1BB_TP1,3309.881,3,9880.245,49.4,0.50,132.41,1.34,-17.25,-0.17,3385.57,33.86,6
215,Entry long,2025-04-26 02:30,S1BB_LE,3293.415,3,9880.245,49.4,0.50,132.41,1.34,-17.25,-0.17,3385.57,33.86,6
216,Exit long,2025-04-29 02:30,S1BB_TP2,3347.673,3,9870.294,172.73,1.75,179.8,1.82,-10.09,-0.10,3558.29,35.58,14
216,Entry long,2025-04-28 19:30,S1BB_LE,3290.098,3,9870.294,172.73,1.75,179.8,1.82,-10.09,-0.10,3558.29,35.58,14
217,Exit long,2025-04-29 22:00,S1BB_SL,3300.763,3,9952.053,-49.76,-0.50,11.7,0.12,-53.72,-0.54,3508.53,35.09,1
217,Entry long,2025-04-29 21:30,S1BB_LE,3317.351,3,9952.053,-49.76,-0.50,11.7,0.12,-53.72,-0.54,3508.53,35.09,1
218,Exit long,2025-04-30 12:00,S1BB_SL,3302.812,3,9958.233,-49.8,-0.50,31.89,0.32,-49.8,-0.50,3458.73,34.59,21
218,Entry long,2025-04-30 00:30,S1BB_LE,3319.411,3,9958.233,-49.8,-0.50,31.89,0.32,-49.8,-0.50,3458.73,34.59,21
219,Exit long,2025-05-02 08:30,S1BB_TP1,3239.959,3.1,9993.9071,49.97,0.50,63.14,0.63,-0.67,-0.01,3508.7,35.09,9
219,Entry long,2025-05-02 03:00,S1BB_LE,3223.841,3.1,9993.9071,49.97,0.50,63.14,0.63,-0.67,-0.01,3508.7,35.09,9
220,Exit long,2025-05-05 10:00,S1BB_TP1,3260.461,3,9732.723,48.66,0.50,80.31,0.83,-10.07,-0.10,3557.36,35.57,5
220,Entry long,2025-05-05 07:30,S1BB_LE,3244.241,3,9732.723,48.66,0.50,80.31,0.83,-10.07,-0.10,3557.36,35.57,5
221,Exit long,2025-05-07 17:00,S1BB_SL,3375.467,2.9,9838.0499,-49.2,-0.50,14.35,0.15,-49.2,-0.50,3508.16,35.08,4
221,Entry long,2025-05-07 15:00,S1BB_LE,3392.431,2.9,9838.0499,-49.2,-0.50,14.35,0.15,-49.2,-0.50,3508.16,35.08,4
222,Exit long,2025-05-08 03:00,S1BB_SL,3370.405,2.9,9823.2947,-49.12,-0.50,10.38,0.11,-49.12,-0.50,3459.04,34.59,1
222,Entry long,2025-05-08 02:30,S1BB_LE,3387.343,2.9,9823.2947,-49.12,-0.50,10.38,0.11,-49.12,-0.50,3459.04,34.59,1
223,Exit long,2025-05-08 11:00,S1BB_TP1,3397.365,2.9,9803.3456,49.01,0.50,99.3,1.01,-4.78,-0.05,3508.06,35.08,4
223,Entry long,2025-05-08 09:00,S1BB_LE,3380.464,2.9,9803.3456,49.01,0.50,99.3,1.01,-4.78,-0.05,3508.06,35.08,4
224,Exit long,2025-05-09 09:30,S1BB_SL,3302.349,3,9966.363,-59.32,-0.60,1.56,0.02,-73.58,-0.74,3448.74,34.49,1
224,Entry long,2025-05-09 09:00,S1BB_LE,3322.121,3,9966.363,-59.32,-0.60,1.56,0.02,-73.58,-0.74,3448.74,34.49,1
225,Exit long,2025-05-09 19:30,S1BB_TP1,3331.075,3,9943.512,49.71,0.50,71.75,0.72,-5.67,-0.06,3498.45,34.98,14
225,Entry long,2025-05-09 12:30,S1BB_LE,3314.504,3,9943.512,49.71,0.50,71.75,0.72,-5.67,-0.06,3498.45,34.98,14
226,Exit long,2025-05-13 09:30,S1BB_SL,3221.601,3,9713.373,-48.57,-0.50,16.86,0.17,-48.57,-0.50,3449.88,34.50,10
226,Entry long,2025-05-13 03:30,S1BB_LE,3237.791,3,9713.373,-48.57,-0.50,16.86,0.17,-48.57,-0.50,3449.88,34.50,10
227,Exit long,2025-05-14 09:30,S1BB_SL,3237.341,3,9760.833,-48.81,-0.50,10.41,0.11,-48.81,-0.50,3401.07,34.01,16
227,Entry long,2025-05-14 00:30,S1BB_LE,3253.611,3,9760.833,-48.81,-0.50,10.41,0.11,-48.81,-0.50,3401.07,34.01,16
228,Exit long,2025-05-15 20:30,S1BB_TP1,3181.684,3.1,9814.1536,49.07,0.50,62.94,0.64,-6.54,-0.07,3450.14,34.50,6
228,Entry long,2025-05-15 17:30,S1BB_LE,3165.856,3.1,9814.1536,49.07,0.50,62.94,0.64,-6.54,-0.07,3450.14,34.50,6
229,Exit long,2025-05-19 08:30,S1BB_TP2,3245.245,3.1,9887.2361,173.02,1.75,187.24,1.89,-15.3,-0.15,3623.16,36.23,11
229,Entry long,2025-05-17 02:00,S1BB_LE,3189.431,3.1,9887.2361,173.02,1.75,187.24,1.89,-15.3,-0.15,3623.16,36.23,11
230,Exit long,2025-05-20 08:30,S1BB_SL,3215.994,3,9696.468,-48.49,-0.50,49.3,0.51,-48.49,-0.50,3574.68,35.75,31
230,Entry long,2025-05-19 16:00,S1BB_LE,3232.156,3,9696.468,-48.49,-0.50,49.3,0.51,-48.49,-0.50,3574.68,35.75,31
231,Exit long,2025-05-20 19:30,S1BB_TP1,3238.994,3.1,9990.9311,49.95,0.50,58.37,0.58,-14.95,-0.15,3624.63,36.25,7
231,Entry long,2025-05-20 16:00,S1BB_LE,3222.881,3.1,9990.9311,49.95,0.50,58.37,0.58,-14.95,-0.15,3624.63,36.25,7
232,Exit long,2025-05-22 13:30,S1BB_TP1,3328.439,3,9935.643,49.67,0.50,100.56,1.01,-28.28,-0.28,3674.3,36.74,25
232,Entry long,2025-05-22 00:00,S1BB_LE,3311.881,3,9935.643,49.67,0.50,100.56,1.01,-28.28,-0.28,3674.3,36.74,25
233,Exit long,2025-05-23 23:00,S1BB_TP2,3356.997,3,9897.783,173.21,1.75,196.26,1.98,-37.49,-0.38,3847.51,38.48,31
233,Entry long,2025-05-23 07:30,S1BB_LE,3299.261,3,9897.783,173.21,1.75,196.26,1.98,-37.49,-0.38,3847.51,38.48,31
234,Exit long,2025-05-27 13:30,S1BB_SL,3321.698,2.9,9681.3339,-48.41,-0.50,33.75,0.35,-48.41,-0.50,3799.1,37.99,24
234,Entry long,2025-05-26 22:00,S1BB_LE,3338.391,2.9,9681.3339,-48.41,-0.50,33.75,0.35,-48.41,-0.50,3799.1,37.99,24
235,Exit long,2025-05-28 18:00,S1BB_TP1,3323.756,3,9921.663,49.61,0.50,54.87,0.55,-27.43,-0.28,3848.71,38.49,8
235,Entry long,2025-05-28 14:00,S1BB_LE,3307.221,3,9921.663,49.61,0.50,54.87,0.55,-27.43,-0.28,3848.71,38.49,8
236,Exit long,2025-05-30 21:30,S1BB_SL,3285.022,3,9904.593,-49.53,-0.50,20.52,0.21,-49.53,-0.50,3799.18,37.99,2
236,Entry long,2025-05-30 20:30,S1BB_LE,3301.531,3,9904.593,-49.53,-0.50,20.52,0.21,-49.53,-0.50,3799.18,37.99,2
237,Exit long,2025-06-02 07:30,S1BB_TP1,3310.942,3,9883.413,49.41,0.50,66.66,0.67,-18.36,-0.19,3848.59,38.49,8
237,Entry long,2025-05-31 02:30,S1BB_LE,3294.471,3,9883.413,49.41,0.50,66.66,0.67,-18.36,-0.19,3848.59,38.49,8
238,Exit long,2025-06-04 10:00,S1BB_TP1,3370.521,2.9,9725.8866,48.62,0.50,54.74,0.56,-21.92,-0.23,3897.22,38.97,9
238,Entry long,2025-06-04 04:30,S1BB_LE,3353.754,2.9,9725.8866,48.62,0.50,54.74,0.56,-21.92,-0.23,3897.22,38.97,9
239,Exit long,2025-06-04 19:00,S1BB_SL,3345.859,2.9,9751.7546,-48.76,-0.50,6.77,0.07,-48.76,-0.50,3848.45,38.48,4
239,Entry long,2025-06-04 17:00,S1BB_LE,3362.674,2.9,9751.7546,-48.76,-0.50,6.77,0.07,-48.76,-0.50,3848.45,38.48,4
240,Exit long,2025-06-04 23:00,S1BB_TP1,3374.93,2.9,9738.6089,48.69,0.50,77.08,0.79,-21.83,-0.22,3897.14,38.97,3
240,Entry long,2025-06-04 21:30,S1BB_LE,3358.141,2.9,9738.6089,48.69,0.50,77.08,0.79,-21.83,-0.22,3897.14,38.97,3
241,Exit long,2025-06-05 19:30,S1BB_TP1,3392.015,2.9,9787.9089,48.93,0.50,82.07,0.84,-3.82,-0.04,3946.08,39.46,5
241,Entry long,2025-06-05 17:00,S1BB_LE,3375.141,2.9,9787.9089,48.93,0.50,82.07,0.84,-3.82,-0.04,3946.08,39.46,5
242,Exit long,2025-06-10 09:30,S1BB_SL,3305.195,3,9965.418,-49.83,-0.50,49.18,0.49,-49.83,-0.50,3896.24,38.96,20
242,Entry long,2025-06-09 22:30,S1BB_LE,3321.806,3,9965.418,-49.83,-0.50,49.18,0.49,-49.83,-0.50,3896.24,38.96,20
243,Exit long,2025-06-10 21:30,S1BB_TP1,3342.579,3,9977.853,49.88,0.50,69.66,0.70,-6.53,-0.07,3946.13,39.46,14
243,Entry long,2025-06-10 14:30,S1BB_LE,3325.951,3,9977.853,49.88,0.50,69.66,0.70,-6.53,-0.07,3946.13,39.46,14
244,Exit long,2025-06-12 15:30,S1BB_TP1,3357.384,3,9992.592,79.56,0.80,141.02,1.41,-34.63,-0.35,4025.69,40.26,60
244,Entry long,2025-06-11 08:30,S1BB_LE,3330.864,3,9992.592,79.56,0.80,141.02,1.41,-34.63,-0.35,4025.69,40.26,60
245,Exit long,2025-06-17 11:00,S1BB_SL,3385.845,2.9,9868.2969,-49.35,-0.50,1.48,0.01,-49.35,-0.50,3976.34,39.76,6
245,Entry long,2025-06-17 08:00,S1BB_LE,3402.861,2.9,9868.2969,-49.35,-0.50,1.48,0.01,-49.35,-0.50,3976.34,39.76,6
246,Exit long,2025-06-17 17:00,S1BB_SL,3376.98,2.9,9842.4579,-49.22,-0.50,4.7,0.05,-49.22,-0.50,3927.12,39.27,8
246,Entry long,2025-06-17 13:00,S1BB_LE,3393.951,2.9,9842.4579,-49.22,-0.50,4.7,0.05,-49.22,-0.50,3927.12,39.27,8
247,Exit long,2025-06-17 22:00,S1BB_SL,3381.248,2.9,9854.8989,-49.28,-0.50,5.8,0.06,-49.28,-0.50,3877.84,38.78,6
247,Entry long,2025-06-17 19:00,S1BB_LE,3398.241,2.9,9854.8989,-49.28,-0.50,5.8,0.06,-49.28,-0.50,3877.84,38.78,6
248,Exit long,2025-06-18 10:00,S1BB_SL,3373.378,2.9,9831.9599,-49.16,-0.50,17.43,0.18,-49.16,-0.50,3828.68,38.29,14
248,Entry long,2025-06-18 02:00,S1BB_LE,3390.331,2.9,9831.9599,-49.16,-0.50,17.43,0.18,-49.16,-0.50,3828.68,38.29,14
249,Exit long,2025-06-18 22:00,S1BB_SL,3374.104,2.9,9834.0769,-49.18,-0.50,26.04,0.26,-49.18,-0.50,3779.51,37.80,20
249,Entry long,2025-06-18 12:00,S1BB_LE,3391.061,2.9,9834.0769,-49.18,-0.50,26.04,0.26,-49.18,-0.50,3779.51,37.80,20
250,Exit long,2025-06-20 10:30,S1BB_SL,3352.376,2.9,9770.7496,-48.86,-0.50,18,0.18,-48.86,-0.50,3730.65,37.31,14
250,Entry long,2025-06-20 00:00,S1BB_LE,3369.224,2.9,9770.7496,-48.86,-0.50,18,0.18,-48.86,-0.50,3730.65,37.31,14
251,Exit long,2025-06-24 00:30,S1BB_TP1,3381.814,2.9,9758.4739,48.79,0.50,82.85,0.85,-26.96,-0.28,3779.43,37.79,14
251,Entry long,2025-06-23 17:30,S1BB_LE,3364.991,2.9,9758.4739,48.79,0.50,82.85,0.85,-26.96,-0.28,3779.43,37.79,14
252,Exit long,2025-06-26 16:00,S1BB_TP1,3345.84,3,9987.588,49.93,0.50,54.85,0.55,-14.34,-0.14,3829.36,38.29,29
252,Entry long,2025-06-26 00:30,S1BB_LE,3329.196,3,9987.588,49.93,0.50,54.85,0.55,-14.34,-0.14,3829.36,38.29,29
253,Exit long,2025-06-27 08:00,S1BB_SL,3315.815,3,9997.437,-49.99,-0.50,7.23,0.07,-49.99,-0.50,3779.37,37.79,10
253,Entry long,2025-06-27 02:00,S1BB_LE,3332.479,3,9997.437,-49.99,-0.50,7.23,0.07,-49.99,-0.50,3779.37,37.79,10
254,Exit long,2025-06-30 14:30,S1BB_TP1,3290.339,3,9821.913,49.1,0.50,53.4,0.54,-1.4,-0.01,3828.48,38.28,9
254,Entry long,2025-06-30 10:00,S1BB_LE,3273.971,3,9821.913,49.1,0.50,53.4,0.54,-1.4,-0.01,3828.48,38.28,9
255,Exit long,2025-07-03 04:30,S1BB_TP1,3356.549,2.9,9685.5679,48.42,0.50,58.75,0.61,-36.47,-0.38,3876.9,38.77,33
255,Entry long,2025-07-02 12:00,S1BB_LE,3339.851,2.9,9685.5679,48.42,0.50,58.75,0.61,-36.47,-0.38,3876.9,38.77,33
256,Exit long,2025-07-03 20:30,S1BB_SL,3342.593,2.9,9742.2339,-48.71,-0.50,12.55,0.13,-48.71,-0.50,3828.19,38.28,13
256,Entry long,2025-07-03 14:00,S1BB_LE,3359.391,2.9,9742.2339,-48.71,-0.50,12.55,0.13,-48.71,-0.50,3828.19,38.28,13
257,Exit long,2025-07-10 04:00,S1BB_TP1,3312.861,3,9889.143,49.44,0.50,61.56,0.62,-14,-0.14,3877.63,38.78,14
257,Entry long,2025-07-09 21:00,S1BB_LE,3296.381,3,9889.143,49.44,0.50,61.56,0.62,-14,-0.14,3877.63,38.78,14
258,Exit long,2025-07-11 14:30,S1BB_TP1,3340.851,3,9972.693,49.86,0.50,59.4,0.60,-7.94,-0.08,3927.49,39.27,20
258,Entry long,2025-07-11 03:30,S1BB_LE,3324.231,3,9972.693,49.86,0.50,59.4,0.60,-7.94,-0.08,3927.49,39.27,20
259,Exit long,2025-07-14 20:30,S1BB_SL,3351.939,2.9,9769.4736,-48.85,-0.50,17.91,0.18,-48.85,-0.50,3878.64,38.79,11
259,Entry long,2025-07-14 15:00,S1BB_LE,3368.784,2.9,9769.4736,-48.85,-0.50,17.91,0.18,-48.85,-0.50,3878.64,38.79,11
260,Exit long,2025-07-17 00:00,S1BB_SL,3343.649,2.9,9753.4946,-56.91,-0.58,41.2,0.42,-79.95,-0.82,3821.72,38.22,1
260,Entry long,2025-07-16 23:30,S1BB_LE,3363.274,2.9,9753.4946,-56.91,-0.58,41.2,0.42,-79.95,-0.82,3821.72,38.22,1
261,Exit long,2025-07-18 21:00,S1BB_TP1,3358.655,2.9,9691.6463,48.45,0.50,56.04,0.58,-4.24,-0.04,3870.18,38.70,12
261,Entry long,2025-07-18 15:00,S1BB_LE,3341.947,2.9,9691.6463,48.45,0.50,56.04,0.58,-4.24,-0.04,3870.18,38.70,12
262,Exit long,2025-07-21 20:00,S1BB_TP1,3374.739,2.9,9738.0579,48.69,0.50,51.44,0.53,-21.9,-0.22,3918.86,39.19,21
262,Entry long,2025-07-21 09:30,S1BB_LE,3357.951,2.9,9738.0579,48.69,0.50,51.44,0.53,-21.9,-0.22,3918.86,39.19,21
263,Exit long,2025-07-22 22:00,S1BB_TP1,3408.12,2.9,9834.3814,49.17,0.50,84.43,0.86,-1.28,-0.01,3968.03,39.68,4
263,Entry long,2025-07-22 20:00,S1BB_LE,3391.166,2.9,9834.3814,49.17,0.50,84.43,0.86,-1.28,-0.01,3968.03,39.68,4
264,Exit long,2025-07-23 21:00,S1BB_SL,3411.267,2.9,9942.3919,-49.72,-0.50,15.72,0.16,-49.72,-0.50,3918.31,39.18,8
264,Entry long,2025-07-23 17:00,S1BB_LE,3428.411,2.9,9942.3919,-49.72,-0.50,15.72,0.16,-49.72,-0.50,3918.31,39.18,8
265,Exit long,2025-07-25 13:30,S1BB_SL,3356.712,2.9,9783.3849,-48.92,-0.50,5.07,0.05,-48.92,-0.50,3869.39,38.69,27
265,Entry long,2025-07-24 23:00,S1BB_LE,3373.581,2.9,9783.3849,-48.92,-0.50,5.07,0.05,-48.92,-0.50,3869.39,38.69,27
266,Exit long,2025-07-28 21:30,S1BB_SL,3318.706,2.9,9672.6136,-48.37,-0.50,28.9,0.30,-48.37,-0.50,3821.02,38.21,24
266,Entry long,2025-07-28 09:30,S1BB_LE,3335.384,2.9,9672.6136,-48.37,-0.50,28.9,0.30,-48.37,-0.50,3821.02,38.21,24
267,Exit long,2025-07-30 21:00,S1BB_SL,3307.728,3,9973.053,-49.87,-0.50,29.31,0.29,-49.87,-0.50,3771.16,37.71,43
267,Entry long,2025-07-29 22:30,S1BB_LE,3324.351,3,9973.053,-49.87,-0.50,29.31,0.29,-49.87,-0.50,3771.16,37.71,43
268,Exit long,2025-08-01 21:30,S1BB_TP2,3350.332,3,9878.133,172.86,1.75,185.95,1.88,-23.14,-0.23,3944.02,39.44,18
268,Entry long,2025-08-01 12:30,S1BB_LE,3292.711,3,9878.133,172.86,1.75,185.95,1.88,-23.14,-0.23,3944.02,39.44,18
269,Exit long,2025-08-06 00:00,S1BB_TP1,3387.046,2.9,9773.5713,48.86,0.50,58.76,0.60,-3.4,-0.03,3992.88,39.93,5
269,Entry long,2025-08-05 21:30,S1BB_LE,3370.197,2.9,9773.5713,48.86,0.50,58.76,0.60,-3.4,-0.03,3992.88,39.93,5
270,Exit long,2025-08-07 16:00,S1BB_TP1,3388.488,2.9,9777.7299,48.89,0.50,75.08,0.77,-19.53,-0.20,4041.77,40.42,34
270,Entry long,2025-08-06 22:00,S1BB_LE,3371.631,2.9,9777.7299,48.89,0.50,75.08,0.77,-19.53,-0.20,4041.77,40.42,34
271,Exit long,2025-08-08 04:30,S1BB_TP1,3397.589,2.9,9803.9923,49.02,0.50,61.54,0.63,-17.43,-0.18,4090.78,40.91,15
271,Entry long,2025-08-07 21:00,S1BB_LE,3380.687,2.9,9803.9923,49.02,0.50,61.54,0.63,-17.43,-0.18,4090.78,40.91,15
272,Exit long,2025-08-08 19:00,S1BB_SL,3380.92,2.9,9853.9419,-49.27,-0.50,18.38,0.19,-49.27,-0.50,4041.51,40.42,13
272,Entry long,2025-08-08 12:30,S1BB_LE,3397.911,2.9,9853.9419,-49.27,-0.50,18.38,0.19,-49.27,-0.50,4041.51,40.42,13
273,Exit long,2025-08-08 22:30,S1BB_SL,3382.626,2.9,9858.9154,-49.3,-0.50,4.62,0.05,-49.3,-0.50,3992.21,39.92,1
273,Entry long,2025-08-08 22:00,S1BB_LE,3399.626,2.9,9858.9154,-49.3,-0.50,4.62,0.05,-49.3,-0.50,3992.21,39.92,1
274,Exit long,2025-08-14 09:00,S1BB_TP1,3366.569,2.9,9714.4809,48.57,0.50,72.41,0.75,-21.41,-0.22,4040.78,40.41,62
274,Entry long,2025-08-13 00:00,S1BB_LE,3349.821,2.9,9714.4809,48.57,0.50,72.41,0.75,-21.41,-0.22,4040.78,40.41,62
275,Exit long,2025-08-18 07:00,S1BB_SL,3326.58,2.9,9695.5642,-48.48,-0.50,5.31,0.05,-48.48,-0.50,3992.3,39.92,13
275,Entry long,2025-08-15 23:30,S1BB_LE,3343.298,2.9,9695.5642,-48.48,-0.50,5.31,0.05,-48.48,-0.50,3992.3,39.92,13
276,Exit long,2025-08-18 13:00,S1BB_TP1,3357.202,2.9,9687.4529,48.43,0.50,51.99,0.54,-3.12,-0.03,4040.73,40.41,8
276,Entry long,2025-08-18 09:00,S1BB_LE,3340.501,2.9,9687.4529,48.43,0.50,51.99,0.54,-3.12,-0.03,4040.73,40.41,8
277,Exit long,2025-08-20 01:00,S1BB_SL,3316.815,2.9,9667.1036,-48.34,-0.50,34.41,0.36,-48.34,-0.50,3992.39,39.92,29
277,Entry long,2025-08-19 10:30,S1BB_LE,3333.484,2.9,9667.1036,-48.34,-0.50,34.41,0.36,-48.34,-0.50,3992.39,39.92,29
278,Exit long,2025-08-22 20:00,S1BB_SL,3325.09,2.9,9691.2229,-48.46,-0.50,18.41,0.19,-48.46,-0.50,3943.93,39.44,44
278,Entry long,2025-08-21 21:00,S1BB_LE,3341.801,2.9,9691.2229,-48.46,-0.50,18.41,0.19,-48.46,-0.50,3943.93,39.44,44
279,Exit long,2025-08-25 08:30,S1BB_TP1,3364.104,2.9,9667.6749,88.23,0.91,130.85,1.35,-0.22,0.00,4032.15,40.32,19
279,Entry long,2025-08-22 22:00,S1BB_LE,3333.681,2.9,9667.6749,88.23,0.91,130.85,1.35,-0.22,0.00,4032.15,40.32,19
280,Exit long,2025-08-26 09:00,S1BB_TP1,3382.699,2.9,9761.0259,48.8,0.50,59.85,0.61,-42.66,-0.44,4080.95,40.81,26
280,Entry long,2025-08-25 19:00,S1BB_LE,3365.871,2.9,9761.0259,48.8,0.50,59.85,0.61,-42.66,-0.44,4080.95,40.81,26
281,Exit long,2025-08-28 20:30,S1BB_TP1,3401.342,2.9,9814.8209,49.07,0.50,70.64,0.72,-31.32,-0.32,4130.02,41.30,53
281,Entry long,2025-08-27 17:00,S1BB_LE,3384.421,2.9,9814.8209,49.07,0.50,70.64,0.72,-31.32,-0.32,4130.02,41.30,53
282,Exit long,2025-09-01 09:00,S1BB_TP1,3438.754,2.9,9896.7169,75.67,0.76,120.06,1.21,-24.58,-0.25,4205.69,42.06,31
282,Entry long,2025-08-29 16:30,S1BB_LE,3412.661,2.9,9896.7169,75.67,0.76,120.06,1.21,-24.58,-0.25,4205.69,42.06,31
283,Exit long,2025-09-02 09:30,S1BB_TP1,3492.586,2.8,9730.5908,48.65,0.50,63.18,0.65,-8.58,-0.09,4254.34,42.54,16
283,Entry long,2025-09-01 22:00,S1BB_LE,3475.211,2.8,9730.5908,48.65,0.50,63.18,0.65,-8.58,-0.09,4254.34,42.54,16
284,Exit long,2025-09-03 21:00,S1BB_TP2,3550.199,2.8,9769.5948,170.96,1.75,174.58,1.79,-1.77,-0.02,4425.31,44.25,44
284,Entry long,2025-09-02 22:00,S1BB_LE,3489.141,2.8,9769.5948,170.96,1.75,174.58,1.79,-1.77,-0.02,4425.31,44.25,44
285,Exit long,2025-09-08 18:30,S1BB_TP2,3616.337,2.8,9951.5948,174.15,1.75,191.38,1.92,-2.32,-0.02,4599.46,45.99,42
285,Entry long,2025-09-05 20:30,S1BB_LE,3554.141,2.8,9951.5948,174.15,1.75,191.38,1.92,-2.32,-0.02,4599.46,45.99,42
286,Exit long,2025-09-10 18:00,S1BB_TP1,3652.652,2.7,9813.0987,49.06,0.50,58.26,0.59,-2.5,-0.03,4648.52,46.49,13
286,Entry long,2025-09-10 11:30,S1BB_LE,3634.481,2.7,9813.0987,49.06,0.50,58.26,0.59,-2.5,-0.03,4648.52,46.49,13
287,Exit long,2025-09-11 13:30,S1BB_SL,3627.312,2.7,9842.9607,-49.22,-0.50,9.69,0.10,-49.22,-0.50,4599.3,45.99,10
287,Entry long,2025-09-11 08:30,S1BB_LE,3645.541,2.7,9842.9607,-49.22,-0.50,9.69,0.10,-49.22,-0.50,4599.3,45.99,10
288,Exit long,2025-09-12 10:30,S1BB_TP1,3648.372,2.7,9801.5994,49.01,0.50,55.83,0.57,-12.22,-0.12,4648.3,46.48,23
288,Entry long,2025-09-11 22:00,S1BB_LE,3630.222,2.7,9801.5994,49.01,0.50,55.83,0.57,-12.22,-0.12,4648.3,46.48,23
289,Exit long,2025-09-15 08:30,S1BB_SL,3632.874,2.7,9858.0537,-49.29,-0.50,8.58,0.09,-49.29,-0.50,4599.01,45.99,25
289,Entry long,2025-09-12 19:00,S1BB_LE,3651.131,2.7,9858.0537,-49.29,-0.50,8.58,0.09,-49.29,-0.50,4599.01,45.99,25
290,Exit long,2025-09-16 23:00,S1BB_TP1,3681.397,2.7,9844.0407,95.73,0.97,154.41,1.57,-33.67,-0.34,4694.74,46.95,68
290,Entry long,2025-09-15 12:00,S1BB_LE,3645.941,2.7,9844.0407,95.73,0.97,154.41,1.57,-33.67,-0.34,4694.74,46.95,68
291,Exit long,2025-09-17 10:30,S1BB_SL,3674.982,2.7,9972.3177,-49.87,-0.50,5.15,0.05,-49.87,-0.50,4644.88,46.45,10
291,Entry long,2025-09-17 04:30,S1BB_LE,3693.451,2.7,9972.3177,-49.87,-0.50,5.15,0.05,-49.87,-0.50,4644.88,46.45,10
292,Exit long,2025-09-20 02:30,S1BB_TP1,3681.666,2.7,9891.0477,49.45,0.50,52.43,0.53,-19.43,-0.20,4694.33,46.94,9
292,Entry long,2025-09-19 22:00,S1BB_LE,3663.351,2.7,9891.0477,49.45,0.50,52.43,0.53,-19.43,-0.20,4694.33,46.94,9
293,Exit long,2025-09-23 22:00,S1BB_TP1,3768.89,2.6,9750.3666,48.75,0.50,106.44,1.09,-3.68,-0.04,4743.07,47.43,17
293,Entry long,2025-09-23 13:30,S1BB_LE,3750.141,2.6,9750.3666,48.75,0.50,106.44,1.09,-3.68,-0.04,4743.07,47.43,17
294,Exit long,2025-09-24 23:30,S1BB_SL,3749.249,2.6,9797.0366,-48.99,-0.50,29.43,0.30,-48.99,-0.50,4694.08,46.94,21
294,Entry long,2025-09-24 13:00,S1BB_LE,3768.091,2.6,9797.0366,-48.99,-0.50,29.43,0.30,-48.99,-0.50,4694.08,46.94,21
295,Exit long,2025-09-25 21:30,S1BB_SL,3726.066,2.6,9736.4566,-48.68,-0.50,43.71,0.45,-48.68,-0.50,4645.4,46.45,14
295,Entry long,2025-09-25 14:30,S1BB_LE,3744.791,2.6,9736.4566,-48.68,-0.50,43.71,0.45,-48.68,-0.50,4645.4,46.45,14
296,Exit long,2025-09-27 03:30,S1BB_TP1,3768.728,2.6,9749.948,48.74,0.50,88.06,0.90,-40.83,-0.42,4694.14,46.94,48
296,Entry long,2025-09-26 02:30,S1BB_LE,3749.98,2.6,9749.948,48.74,0.50,88.06,0.90,-40.83,-0.42,4694.14,46.94,48
297,Exit long,2025-10-02 20:00,S1BB_TP1,3885.134,2.5,9664.515,48.32,0.50,65.76,0.68,-10.72,-0.11,4742.46,47.42,18
297,Entry long,2025-10-02 11:00,S1BB_LE,3865.806,2.5,9664.515,48.32,0.50,65.76,0.68,-10.72,-0.11,4742.46,47.42,18
298,Exit long,2025-10-03 21:30,S1BB_TP1,3876.288,2.5,9642.51,48.21,0.50,68.82,0.71,-48.05,-0.50,4790.67,47.91,29
298,Entry long,2025-10-03 07:00,S1BB_LE,3857.004,2.5,9642.51,48.21,0.50,68.82,0.71,-48.05,-0.50,4790.67,47.91,29
299,Exit long,2025-10-08 09:00,S1BB_TP1,3986.659,2.5,9917.065,49.58,0.50,81.33,0.82,-13.18,-0.13,4840.26,48.40,24
299,Entry long,2025-10-07 20:00,S1BB_LE,3966.826,2.5,9917.065,49.58,0.50,81.33,0.82,-13.18,-0.13,4840.26,48.40,24
300,Exit long,2025-10-09 21:30,S1BB_SL,4018.078,2.4,9691.8504,-48.46,-0.50,47.37,0.49,-48.46,-0.50,4791.79,47.92,18
300,Entry long,2025-10-09 12:30,S1BB_LE,4038.271,2.4,9691.8504,-48.46,-0.50,47.37,0.49,-48.46,-0.50,4791.79,47.92,18
301,Exit long,2025-10-15 08:00,S1BB_TP1,4158.669,2.4,9931.1544,49.65,0.50,70.25,0.71,-25.02,-0.25,4841.44,48.41,15
301,Entry long,2025-10-14 23:30,S1BB_LE,4137.981,2.4,9931.1544,49.65,0.50,70.25,0.71,-25.02,-0.25,4841.44,48.41,15
302,Exit long,2025-10-16 08:30,S1BB_TP1,4219.381,2.3,9656.2993,48.28,0.50,66.26,0.69,-5.91,-0.06,4889.72,48.90,10
302,Entry long,2025-10-16 02:30,S1BB_LE,4198.391,2.3,9656.2993,48.28,0.50,66.26,0.69,-5.91,-0.06,4889.72,48.90,10
303,Exit long,2025-10-21 09:30,S1BB_TP2,4345.947,2.3,9798.8993,196.78,2.01,278.51,2.84,-34.4,-0.35,5086.5,50.86,32
303,Entry long,2025-10-20 16:30,S1BB_LE,4260.391,2.3,9798.8993,196.78,2.01,278.51,2.84,-34.4,-0.35,5086.5,50.86,32
304,Exit long,2025-10-23 04:00,S1BB_TP1,4090.4,2.4,9768.1224,48.84,0.50,104.35,1.07,-8.73,-0.09,5135.34,51.35,4
304,Entry long,2025-10-23 02:00,S1BB_LE,4070.051,2.4,9768.1224,48.84,0.50,104.35,1.07,-8.73,-0.09,5135.34,51.35,4
305,Exit long,2025-10-23 14:30,S1BB_TP1,4115.777,2.4,9828.7248,49.14,0.50,102.27,1.04,-38,-0.39,5184.48,51.84,6
305,Entry long,2025-10-23 11:30,S1BB_LE,4095.302,2.4,9828.7248,49.14,0.50,102.27,1.04,-38,-0.39,5184.48,51.84,6
306,Exit long,2025-10-24 10:00,S1BB_SL,4115.777,2.4,9927.5064,-49.64,-0.50,2.49,0.03,-59.15,-0.60,5134.84,51.35,1
306,Entry long,2025-10-24 09:30,S1BB_LE,4136.461,2.4,9927.5064,-49.64,-0.50,2.49,0.03,-59.15,-0.60,5134.84,51.35,1
307,Exit long,2025-10-25 00:30,S1BB_TP1,4134.587,2.4,9873.6432,49.37,0.50,59.98,0.61,-39.7,-0.40,5184.2,51.84,6
307,Entry long,2025-10-24 21:30,S1BB_LE,4114.018,2.4,9873.6432,49.37,0.50,59.98,0.61,-39.7,-0.40,5184.2,51.84,6
308,Exit long,2025-10-29 10:30,S1BB_SL,3944.747,2.5,9911.4275,-49.56,-0.50,44.31,0.45,-49.56,-0.50,5134.64,51.35,5
308,Entry long,2025-10-29 08:00,S1BB_LE,3964.571,2.5,9911.4275,-49.56,-0.50,44.31,0.45,-49.56,-0.50,5134.64,51.35,5
309,Exit long,2025-10-31 17:00,S1BB_SL,4002.795,2.4,9654.9864,-48.28,-0.50,9.35,0.10,-48.28,-0.50,5086.36,50.86,3
309,Entry long,2025-10-31 15:30,S1BB_LE,4022.911,2.4,9654.9864,-48.28,-0.50,9.35,0.10,-48.28,-0.50,5086.36,50.86,3
310,Exit long,2025-11-01 00:00,S1BB_SL,3998.913,2.4,9645.624,-48.23,-0.50,41.35,0.43,-48.23,-0.50,5038.13,50.38,7
310,Entry long,2025-10-31 20:30,S1BB_LE,4019.01,2.4,9645.624,-48.23,-0.50,41.35,0.43,-48.23,-0.50,5038.13,50.38,7
311,Exit long,2025-11-03 16:00,S1BB_TP1,4023.949,2.4,9609.4344,48.04,0.50,57.89,0.60,-15.48,-0.16,5086.17,50.86,10
311,Entry long,2025-11-03 11:00,S1BB_LE,4003.931,2.4,9609.4344,48.04,0.50,57.89,0.60,-15.48,-0.16,5086.17,50.86,10
312,Exit long,2025-11-04 07:00,S1BB_SL,3994.148,2.4,9634.1304,-48.18,-0.50,39.15,0.41,-48.18,-0.50,5038,50.38,17
312,Entry long,2025-11-03 21:30,S1BB_LE,4014.221,2.4,9634.1304,-48.18,-0.50,39.15,0.41,-48.18,-0.50,5038,50.38,17
313,Exit long,2025-11-04 21:30,S1BB_SL,3973.693,2.5,9984.1575,-49.92,-0.50,17.52,0.18,-49.92,-0.50,4988.07,49.88,11
313,Entry long,2025-11-04 16:00,S1BB_LE,3993.663,2.5,9984.1575,-49.92,-0.50,17.52,0.18,-49.92,-0.50,4988.07,49.88,11
314,Exit long,2025-11-06 18:00,S1BB_TP1,4005.97,2.5,9965.1025,49.82,0.50,77.03,0.77,-10.01,-0.10,5037.9,50.38,13
314,Entry long,2025-11-06 11:30,S1BB_LE,3986.041,2.5,9965.1025,49.82,0.50,77.03,0.77,-10.01,-0.10,5037.9,50.38,13
315,Exit long,2025-11-10 08:00,S1BB_TP1,4011.429,2.5,9978.6825,49.89,0.50,89.77,0.90,-19.18,-0.19,5087.79,50.88,45
315,Entry long,2025-11-07 08:30,S1BB_LE,3991.473,2.5,9978.6825,49.89,0.50,89.77,0.90,-19.18,-0.19,5087.79,50.88,45
316,Exit long,2025-11-12 12:00,S1BB_SL,4108.819,2.4,9910.7232,-49.56,-0.50,38.6,0.39,-49.56,-0.50,5038.23,50.38,12
316,Entry long,2025-11-12 05:00,S1BB_LE,4129.468,2.4,9910.7232,-49.56,-0.50,38.6,0.39,-49.56,-0.50,5038.23,50.38,12
317,Exit long,2025-11-13 03:00,S1BB_TP2,4203.49,2.4,9914.8704,173.51,1.75,193.1,1.95,-32.35,-0.33,5211.73,52.12,20
317,Entry long,2025-11-12 17:00,S1BB_LE,4131.196,2.4,9914.8704,173.51,1.75,193.1,1.95,-32.35,-0.33,5211.73,52.12,20
318,Exit long,2025-11-17 19:00,S1BB_SL,4063.032,2.4,9800.2824,-49.01,-0.50,14.42,0.15,-49.01,-0.50,5162.73,51.63,3
318,Entry long,2025-11-17 17:30,S1BB_LE,4083.451,2.4,9800.2824,-49.01,-0.50,14.42,0.15,-49.01,-0.50,5162.73,51.63,3
319,Exit long,2025-11-18 23:00,S1BB_TP1,4056.823,2.4,9687.9384,48.44,0.50,108.81,1.12,-18.36,-0.19,5211.16,52.11,12
319,Entry long,2025-11-18 17:00,S1BB_LE,4036.641,2.4,9687.9384,48.44,0.50,108.81,1.12,-18.36,-0.19,5211.16,52.11,12
320,Exit long,2025-11-19 14:00,S1BB_TP1,4094.751,2.4,9778.5144,48.89,0.50,58.15,0.59,-5.34,-0.05,5260.05,52.60,3
320,Entry long,2025-11-19 12:30,S1BB_LE,4074.381,2.4,9778.5144,48.89,0.50,58.15,0.59,-5.34,-0.05,5260.05,52.60,3
321,Exit long,2025-11-20 09:30,S1BB_SL,4083.869,2.4,9850.5408,-49.26,-0.50,14,0.14,-49.26,-0.50,5210.8,52.11,3
321,Entry long,2025-11-20 08:00,S1BB_LE,4104.392,2.4,9850.5408,-49.26,-0.50,14,0.14,-49.26,-0.50,5210.8,52.11,3
322,Exit long,2025-11-20 23:30,S1BB_TP1,4093.572,2.4,9775.6968,48.88,0.50,83.12,0.85,-16.77,-0.17,5259.67,52.60,6
322,Entry long,2025-11-20 20:30,S1BB_LE,4073.207,2.4,9775.6968,48.88,0.50,83.12,0.85,-16.77,-0.17,5259.67,52.60,6
323,Exit long,2025-11-21 09:00,S1BB_SL,4063.679,2.4,9801.8424,-49.01,-0.50,11.88,0.12,-49.01,-0.50,5210.66,52.11,9
323,Entry long,2025-11-21 03:30,S1BB_LE,4084.101,2.4,9801.8424,-49.01,-0.50,11.88,0.12,-49.01,-0.50,5210.66,52.11,9
324,Exit long,2025-11-22 01:00,S1BB_TP1,4085.948,2.4,9757.4904,48.78,0.50,85.31,0.87,-25.83,-0.26,5259.45,52.59,8
324,Entry long,2025-11-21 21:00,S1BB_LE,4065.621,2.4,9757.4904,48.78,0.50,85.31,0.87,-25.83,-0.26,5259.45,52.59,8
325,Exit long,2025-11-24 21:00,S1BB_TP1,4080.3,2.4,9744.0024,48.72,0.50,57.67,0.59,-1.38,-0.01,5308.16,53.08,10
325,Entry long,2025-11-24 16:00,S1BB_LE,4060.001,2.4,9744.0024,48.72,0.50,57.67,0.59,-1.38,-0.01,5308.16,53.08,10
326,Exit long,2025-11-25 22:30,S1BB_SL,4121.11,2.4,9940.3704,-49.71,-0.50,21.57,0.22,-49.71,-0.50,5258.46,52.58,2
326,Entry long,2025-11-25 21:30,S1BB_LE,4141.821,2.4,9940.3704,-49.71,-0.50,21.57,0.22,-49.71,-0.50,5258.46,52.58,2
327,Exit long,2025-11-26 12:00,S1BB_TP1,4162.308,2.4,9939.8424,49.7,0.50,66.66,0.67,-17.23,-0.17,5308.15,53.08,7
327,Entry long,2025-11-26 08:30,S1BB_LE,4141.601,2.4,9939.8424,49.7,0.50,66.66,0.67,-17.23,-0.17,5308.15,53.08,7
328,Exit long,2025-11-28 11:30,S1BB_TP1,4182.679,2.4,9988.4904,49.94,0.50,75.19,0.75,-46.67,-0.47,5358.09,53.58,61
328,Entry long,2025-11-27 00:30,S1BB_LE,4161.871,2.4,9988.4904,49.94,0.50,75.19,0.75,-46.67,-0.47,5358.09,53.58,61
329,Exit long,2025-11-29 00:00,S1BB_TP1,4203.392,2.3,9619.7063,48.1,0.50,61.73,0.64,-0.22,0.00,5406.19,54.06,4
329,Entry long,2025-11-28 22:00,S1BB_LE,4182.481,2.3,9619.7063,48.1,0.50,61.73,0.64,-0.22,0.00,5406.19,54.06,4
330,Exit long,2025-12-02 23:00,S1BB_SL,4191.328,2.3,9688.4993,-48.44,-0.50,42.16,0.44,-48.44,-0.50,5357.74,53.58,2
330,Entry long,2025-12-02 22:00,S1BB_LE,4212.391,2.3,9688.4993,-48.44,-0.50,42.16,0.44,-48.44,-0.50,5357.74,53.58,2
331,Exit long,2025-12-03 22:00,S1BB_TP1,4231.269,2.3,9683.5037,48.42,0.50,70.36,0.73,-36.54,-0.38,5406.16,54.06,32
331,Entry long,2025-12-03 05:00,S1BB_LE,4210.219,2.3,9683.5037,48.42,0.50,70.36,0.73,-36.54,-0.38,5406.16,54.06,32
332,Exit long,2025-12-04 11:00,S1BB_SL,4190.551,2.3,9686.7053,-48.44,-0.50,11.96,0.12,-48.44,-0.50,5357.72,53.58,4
332,Entry long,2025-12-04 09:00,S1BB_LE,4211.611,2.3,9686.7053,-48.44,-0.50,11.96,0.12,-48.44,-0.50,5357.72,53.58,4
333,Exit long,2025-12-05 14:00,S1BB_TP1,4220.085,2.3,9657.9093,48.29,0.50,51.08,0.53,-32.05,-0.33,5406.01,54.06,37
333,Entry long,2025-12-04 18:30,S1BB_LE,4199.091,2.3,9657.9093,48.29,0.50,51.08,0.53,-32.05,-0.33,5406.01,54.06,37
334,Exit long,2025-12-08 23:00,S1BB_SL,4192.661,2.3,9691.5813,-48.46,-0.50,2.14,0.02,-48.46,-0.50,5357.55,53.58,4
334,Entry long,2025-12-08 21:00,S1BB_LE,4213.731,2.3,9691.5813,-48.46,-0.50,2.14,0.02,-48.46,-0.50,5357.55,53.58,4
335,Exit long,2025-12-09 14:00,S1BB_SL,4173.726,2.3,9647.8123,-48.24,-0.50,9.47,0.10,-48.24,-0.50,5309.3,53.09,12
335,Entry long,2025-12-09 08:00,S1BB_LE,4194.701,2.3,9647.8123,-48.24,-0.50,9.47,0.10,-48.24,-0.50,5309.3,53.09,12
336,Exit long,2025-12-11 03:30,S1BB_SL,4186.134,2.3,9676.4933,-48.39,-0.50,32.73,0.34,-48.39,-0.50,5260.92,52.61,66
336,Entry long,2025-12-09 17:30,S1BB_LE,4207.171,2.3,9676.4933,-48.39,-0.50,32.73,0.34,-48.39,-0.50,5260.92,52.61,66
337,Exit long,2025-12-15 22:00,S1BB_TP1,4329.007,2.3,9907.1833,49.53,0.50,98.78,1.00,-5.05,-0.05,5310.45,53.10,26
337,Entry long,2025-12-15 09:00,S1BB_LE,4307.471,2.3,9907.1833,49.53,0.50,98.78,1.00,-5.05,-0.05,5310.45,53.10,26
338,Exit long,2025-12-16 10:30,S1BB_SL,4289.892,2.3,9916.3373,-49.59,-0.50,14.81,0.15,-49.59,-0.50,5260.86,52.61,2
338,Entry long,2025-12-16 09:30,S1BB_LE,4311.451,2.3,9916.3373,-49.59,-0.50,14.81,0.15,-49.59,-0.50,5260.86,52.61,2
339,Exit long,2025-12-16 23:00,S1BB_TP1,4312.952,2.3,9870.4408,49.35,0.50,100.36,1.02,-9.02,-0.09,5310.21,53.10,5
339,Entry long,2025-12-16 20:30,S1BB_LE,4291.496,2.3,9870.4408,49.35,0.50,100.36,1.02,-9.02,-0.09,5310.21,53.10,5
340,Exit long,2025-12-17 22:00,S1BB_TP1,4334.886,2.3,9920.6383,49.6,0.50,75.05,0.76,-16.14,-0.16,5359.81,53.60,27
340,Entry long,2025-12-17 08:30,S1BB_LE,4313.321,2.3,9920.6383,49.6,0.50,75.05,0.76,-16.14,-0.16,5359.81,53.60,27
341,Exit long,2025-12-18 22:30,S1BB_SL,4314.807,2.3,9973.9293,-49.87,-0.50,11.31,0.11,-49.87,-0.50,5309.94,53.10,1
341,Entry long,2025-12-18 22:00,S1BB_LE,4336.491,2.3,9973.9293,-49.87,-0.50,11.31,0.11,-49.87,-0.50,5309.94,53.10,1
342,Exit long,2025-12-20 01:00,S1BB_TP1,4347.79,2.3,9950.1703,49.75,0.50,66.15,0.66,-15.27,-0.15,5359.69,53.60,20
342,Entry long,2025-12-19 15:00,S1BB_LE,4326.161,2.3,9950.1703,49.75,0.50,66.15,0.66,-15.27,-0.15,5359.69,53.60,20
343,Exit long,2025-12-26 18:30,S1BB_TP1,4519.947,2.2,9894.4142,49.47,0.50,74.41,0.75,-20.04,-0.20,5409.16,54.09,22
343,Entry long,2025-12-26 07:30,S1BB_LE,4497.461,2.2,9894.4142,49.47,0.50,74.41,0.75,-20.04,-0.20,5409.16,54.09,22
344,Exit long,2025-12-31 11:00,S1BB_SL,4344.11,2.2,9605.0702,-48.03,-0.50,11.66,0.12,-48.03,-0.50,5361.13,53.61,2
344,Entry long,2025-12-31 10:00,S1BB_LE,4365.941,2.2,9605.0702,-48.03,-0.50,11.66,0.12,-48.03,-0.50,5361.13,53.61,2
345,Exit long,2026-01-01 00:00,S1BB_SL,4324.155,2.3,9995.5378,-49.98,-0.50,17.21,0.17,-49.98,-0.50,5311.15,53.11,4
345,Entry long,2025-12-31 22:00,S1BB_LE,4345.886,2.3,9995.5378,-49.98,-0.50,17.21,0.17,-49.98,-0.50,5311.15,53.11,4
346,Exit long,2026-01-02 11:00,S1BB_TP1,4362.459,2.3,9984.5093,49.15,0.49,51.01,0.51,-6.09,-0.06,5360.29,53.60,7
346,Entry long,2026-01-02 07:30,S1BB_LE,4341.091,2.3,9984.5093,49.15,0.49,51.01,0.51,-6.09,-0.06,5360.29,53.60,7
347,Exit long,2026-01-06 23:00,S1BB_TP1,4486.772,2.2,9821.7922,49.11,0.50,58.32,0.59,-24.02,-0.24,5409.4,54.09,5
347,Entry long,2026-01-06 20:30,S1BB_LE,4464.451,2.2,9821.7922,49.11,0.50,58.32,0.59,-24.02,-0.24,5409.4,54.09,5
348,Exit long,2026-01-08 09:30,S1BB_SL,4441.739,2.2,9820.9342,-49.11,-0.50,5.3,0.05,-49.11,-0.50,5360.29,53.60,15
348,Entry long,2026-01-08 01:00,S1BB_LE,4464.061,2.2,9820.9342,-49.11,-0.50,5.3,0.05,-49.11,-0.50,5360.29,53.60,15
349,Exit long,2026-01-09 02:00,S1BB_TP1,4455.154,2.2,9752.5802,48.76,0.50,71.34,0.73,-11.9,-0.12,5409.05,54.09,6
349,Entry long,2026-01-08 23:00,S1BB_LE,4432.991,2.2,9752.5802,48.76,0.50,71.34,0.73,-11.9,-0.12,5409.05,54.09,6
350,Exit long,2026-01-13 14:30,S1BB_SL,4573.368,2.1,9652.3371,-48.26,-0.50,12.09,0.13,-48.26,-0.50,5360.78,53.61,3
350,Entry long,2026-01-13 13:00,S1BB_LE,4596.351,2.1,9652.3371,-48.26,-0.50,12.09,0.13,-48.26,-0.50,5360.78,53.61,3
351,Exit long,2026-01-13 22:30,S1BB_TP1,4615.603,2.1,9644.5461,48.22,0.50,64.91,0.67,-31.55,-0.33,5409.01,54.09,11
351,Entry long,2026-01-13 17:00,S1BB_LE,4592.641,2.1,9644.5461,48.22,0.50,64.91,0.67,-31.55,-0.33,5409.01,54.09,11
352,Exit long,2026-01-14 13:30,S1BB_TP1,4632.512,2.1,9679.8786,48.4,0.50,63.54,0.66,-10.64,-0.11,5457.4,54.57,10
352,Entry long,2026-01-14 08:30,S1BB_LE,4609.466,2.1,9679.8786,48.4,0.50,63.54,0.66,-10.64,-0.11,5457.4,54.57,10
353,Exit long,2026-01-15 07:00,S1BB_SL,4611.856,2.1,9733.5693,-48.67,-0.50,16.73,0.17,-48.67,-0.50,5408.73,54.09,6
353,Entry long,2026-01-15 03:00,S1BB_LE,4635.033,2.1,9733.5693,-48.67,-0.50,16.73,0.17,-48.67,-0.50,5408.73,54.09,6
354,Exit long,2026-01-15 21:30,S1BB_SL,4587.049,2.1,9681.2121,-48.41,-0.50,27.18,0.28,-48.41,-0.50,5360.32,53.60,12
354,Entry long,2026-01-15 15:30,S1BB_LE,4610.101,2.1,9681.2121,-48.41,-0.50,27.18,0.28,-48.41,-0.50,5360.32,53.60,12
355,Exit long,2026-01-16 21:00,S1BB_SL,4588.382,2.1,9684.0261,-48.42,-0.50,9.87,0.10,-48.42,-0.50,5311.9,53.12,14
355,Entry long,2026-01-16 14:00,S1BB_LE,4611.441,2.1,9684.0261,-48.42,-0.50,9.87,0.10,-48.42,-0.50,5311.9,53.12,14
356,Exit long,2026-01-19 07:30,S1BB_TP2,4676.287,2.1,9651.3081,168.89,1.75,199.54,2.07,-0.002,0.00,5480.79,54.81,1
356,Entry long,2026-01-19 07:00,S1BB_LE,4595.861,2.1,9651.3081,168.89,1.75,199.54,2.07,-0.002,0.00,5480.79,54.81,1
357,Exit long,2026-01-20 13:00,S1BB_TP1,4694.969,2.1,9810.6351,48.8,0.50,53.32,0.54,-12.59,-0.13,5529.59,55.30,5
357,Entry long,2026-01-20 10:30,S1BB_LE,4671.731,2.1,9810.6351,48.8,0.50,53.32,0.54,-12.59,-0.13,5529.59,55.30,5
358,Exit long,2026-01-23 16:00,S1BB_TP2,4942.299,2,9642.462,242.14,2.51,292.28,3.03,-21.64,-0.22,5771.73,57.72,50
358,Entry long,2026-01-22 14:00,S1BB_LE,4821.231,2,9642.462,242.14,2.51,292.28,3.03,-21.64,-0.22,5771.73,57.72,50
359,Exit long,2026-01-24 01:30,S1BB_TP1,4964.639,2,9879.882,49.4,0.50,96.56,0.98,-14.81,-0.15,5821.12,58.21,6
359,Entry long,2026-01-23 22:30,S1BB_LE,4939.941,2,9879.882,49.4,0.50,96.56,0.98,-14.81,-0.15,5821.12,58.21,6
360,Exit long,2026-01-27 18:00,S1BB_TP1,5093.3,1.9,9629.1278,48.14,0.50,62.37,0.65,-20.87,-0.22,5869.27,58.69,15
360,Entry long,2026-01-27 10:30,S1BB_LE,5067.962,1.9,9629.1278,48.14,0.50,62.37,0.65,-20.87,-0.22,5869.27,58.69,15
361,Exit long,2026-01-28 09:30,S1BB_TP2,5187.877,1.9,9687.4388,169.53,1.75,197.37,2.04,-43.8,-0.45,6038.79,60.39,16
361,Entry long,2026-01-28 00:30,S1BB_LE,5098.652,1.9,9687.4388,169.53,1.75,197.37,2.04,-43.8,-0.45,6038.79,60.39,16
362,Exit long,2026-02-03 08:30,S1BB_TP2,4820.284,2.1,9948.5001,174.1,1.75,195.95,1.97,-44.95,-0.45,6212.89,62.13,2
362,Entry long,2026-02-03 07:30,S1BB_LE,4737.381,2.1,9948.5001,174.1,1.75,195.95,1.97,-44.95,-0.45,6212.89,62.13,2
363,Exit long,2026-02-05 09:00,S1BB_SL,4994.382,1.9,9537.0139,-47.69,-0.50,8.05,0.08,-47.69,-0.50,6165.2,61.65,3
363,Entry long,2026-02-05 07:30,S1BB_LE,5019.481,1.9,9537.0139,-47.69,-0.50,8.05,0.08,-47.69,-0.50,6165.2,61.65,3
364,Exit long,2026-02-06 03:00,S1BB_SL,4843.014,2,9734.704,-48.68,-0.50,35.04,0.36,-48.68,-0.50,6116.53,61.17,3
364,Entry long,2026-02-06 01:30,S1BB_LE,4867.352,2,9734.704,-48.68,-0.50,35.04,0.36,-48.68,-0.50,6116.53,61.17,3
365,Exit long,2026-02-06 14:00,S1BB_TP2,4895.744,2,9623.086,168.4,1.75,183.34,1.91,-22.51,-0.23,6284.93,62.85,5
365,Entry long,2026-02-06 11:30,S1BB_LE,4811.543,2,9623.086,168.4,1.75,183.34,1.91,-22.51,-0.23,6284.93,62.85,5
366,Exit long,2026-02-10 01:00,S1BB_TP1,5063.187,1.9,9572.1981,47.86,0.50,82.1,0.86,-28.06,-0.29,6332.78,63.33,4
366,Entry long,2026-02-09 23:00,S1BB_LE,5037.999,1.9,9572.1981,47.86,0.50,82.1,0.86,-28.06,-0.29,6332.78,63.33,4
367,Exit long,2026-02-10 22:30,S1BB_TP1,5060.365,1.9,9566.8629,47.83,0.50,82.61,0.86,-30.57,-0.32,6380.61,63.81,12
367,Entry long,2026-02-10 16:30,S1BB_LE,5035.191,1.9,9566.8629,47.83,0.50,82.61,0.86,-30.57,-0.32,6380.61,63.81,12
368,Exit long,2026-02-11 20:30,S1BB_TP1,5071.822,1.9,9588.5229,47.94,0.50,137.88,1.44,-36.2,-0.38,6428.55,64.29,26
368,Entry long,2026-02-11 07:30,S1BB_LE,5046.591,1.9,9588.5229,47.94,0.50,137.88,1.44,-36.2,-0.38,6428.55,64.29,26
369,Exit long,2026-02-12 07:00,S1BB_SL,5062.161,1.9,9666.4419,-48.34,-0.50,23.96,0.25,-48.34,-0.50,6380.22,63.80,9
369,Entry long,2026-02-12 01:30,S1BB_LE,5087.601,1.9,9666.4419,-48.34,-0.50,23.96,0.25,-48.34,-0.50,6380.22,63.80,9
370,Exit long,2026-02-12 14:30,S1BB_SL,5050.003,1.9,9643.2239,-48.22,-0.50,1.67,0.02,-48.22,-0.50,6332,63.32,1
370,Entry long,2026-02-12 14:00,S1BB_LE,5075.381,1.9,9643.2239,-48.22,-0.50,1.67,0.02,-48.22,-0.50,6332,63.32,1
371,Exit long,2026-02-12 22:30,S1BB_SL,5049.993,1.9,9643.2049,-48.22,-0.50,4.63,0.05,-48.22,-0.50,6283.78,62.84,1
371,Entry long,2026-02-12 22:00,S1BB_LE,5075.371,1.9,9643.2049,-48.22,-0.50,4.63,0.05,-48.22,-0.50,6283.78,62.84,1
372,Exit long,2026-02-14 00:30,S1BB_TP1,5011.703,2,9973.542,49.86,0.50,94.1,0.94,-46.18,-0.46,6333.65,63.34,5
372,Entry long,2026-02-13 22:00,S1BB_LE,4986.771,2,9973.542,49.86,0.50,94.1,0.94,-46.18,-0.46,6333.65,63.34,5
373,Exit long,2026-02-16 22:30,S1BB_SL,4982.91,1.9,9515.1069,-47.58,-0.50,17.61,0.19,-47.58,-0.50,6286.07,62.86,11
373,Entry long,2026-02-16 17:00,S1BB_LE,5007.951,1.9,9515.1069,-47.58,-0.50,17.61,0.19,-47.58,-0.50,6286.07,62.86,11
374,Exit long,2026-02-17 21:00,S1BB_SL,4917.747,2,9884.922,-49.43,-0.50,3.14,0.03,-49.43,-0.50,6236.64,62.37,1
374,Entry long,2026-02-17 20:30,S1BB_LE,4942.461,2,9884.922,-49.43,-0.50,3.14,0.03,-49.43,-0.50,6236.64,62.37,1
375,Exit long,2026-02-18 18:30,S1BB_TP1,4911.467,2,9774.066,48.87,0.50,110.53,1.13,-8.81,-0.09,6285.51,62.86,18
375,Entry long,2026-02-18 09:30,S1BB_LE,4887.033,2,9774.066,48.87,0.50,110.53,1.13,-8.81,-0.09,6285.51,62.86,18
376,Exit long,2026-02-19 07:00,S1BB_TP1,4967.383,2,9885.342,49.42,0.50,136.46,1.38,-0.002,0.00,6334.93,63.35,18
376,Entry long,2026-02-18 21:00,S1BB_LE,4942.671,2,9885.342,49.42,0.50,136.46,1.38,-0.002,0.00,6334.93,63.35,18
377,Exit long,2026-02-19 17:00,S1BB_TP1,5004.116,2,9958.442,49.79,0.50,85.64,0.86,-6.08,-0.06,6384.72,63.85,9
377,Entry long,2026-02-19 12:30,S1BB_LE,4979.221,2,9958.442,49.79,0.50,85.64,0.86,-6.08,-0.06,6384.72,63.85,9
378,Exit long,2026-02-20 00:30,S1BB_SL,4990.571,1.9,9529.7369,-47.65,-0.50,12.6,0.13,-47.65,-0.50,6337.07,63.37,2
378,Entry long,2026-02-19 23:30,S1BB_LE,5015.651,1.9,9529.7369,-47.65,-0.50,12.6,0.13,-47.65,-0.50,6337.07,63.37,2
379,Exit long,2026-02-20 18:00,S1BB_TP1,5026.748,1.9,9503.3079,47.51,0.50,77.71,0.82,-39.03,-0.41,6384.58,63.85,24
379,Entry long,2026-02-20 05:00,S1BB_LE,5001.741,1.9,9503.3079,47.51,0.50,77.71,0.82,-39.03,-0.41,6384.58,63.85,24
380,Exit long,2026-02-25 07:00,S1BB_SL,5137.543,1.9,9810.3859,-49.05,-0.50,18.66,0.19,-49.05,-0.50,6335.53,63.36,8
380,Entry long,2026-02-25 02:00,S1BB_LE,5163.361,1.9,9810.3859,-49.05,-0.50,18.66,0.19,-49.05,-0.50,6335.53,63.36,8
381,Exit long,2026-02-25 19:00,S1BB_SL,5159.393,1.9,9852.1099,-49.26,-0.50,47.95,0.49,-49.26,-0.50,6286.27,62.86,19
381,Entry long,2026-02-25 09:30,S1BB_LE,5185.321,1.9,9852.1099,-49.26,-0.50,47.95,0.49,-49.26,-0.50,6286.27,62.86,19
382,Exit long,2026-02-26 18:30,S1BB_SL,5166.527,1.9,9865.7329,-49.33,-0.50,24.66,0.25,-49.33,-0.50,6236.93,62.37,13
382,Entry long,2026-02-26 12:00,S1BB_LE,5192.491,1.9,9865.7329,-49.33,-0.50,24.66,0.25,-49.33,-0.50,6236.93,62.37,13
383,Exit long,2026-03-02 19:30,S1BB_TP2,5378.449,1.9,9841.2989,377.75,3.84,455.41,4.63,-37.64,-0.38,6614.69,66.15,81
383,Entry long,2026-02-27 01:00,S1BB_LE,5179.631,1.9,9841.2989,377.75,3.84,455.41,4.63,-37.64,-0.38,6614.69,66.15,81
384,Exit long,2026-03-03 09:30,S1BB_TP1,5372.561,1.8,9622.4994,48.11,0.50,61.26,0.64,-16.84,-0.17,6662.8,66.63,3
384,Entry long,2026-03-03 08:00,S1BB_LE,5345.833,1.8,9622.4994,48.11,0.50,61.26,0.64,-16.84,-0.17,6662.8,66.63,3
385,Exit long,2026-03-05 11:00,S1BB_TP1,5190.734,1.9,9813.3309,49.06,0.50,57.08,0.58,-11.15,-0.11,6711.86,67.12,6
385,Entry long,2026-03-05 08:00,S1BB_LE,5164.911,1.9,9813.3309,49.06,0.50,57.08,0.58,-11.15,-0.11,6711.86,67.12,6
386,Exit long,2026-03-06 14:00,S1BB_TP1,5111.55,1.9,9663.6299,48.32,0.50,109.67,1.13,-39.29,-0.41,6760.18,67.60,12
386,Entry long,2026-03-06 08:00,S1BB_LE,5086.121,1.9,9663.6299,48.32,0.50,109.67,1.13,-39.29,-0.41,6760.18,67.60,12
387,Exit long,2026-03-06 23:30,S1BB_TP1,5156.138,1.9,9747.9253,48.74,0.50,78.08,0.80,-5.68,-0.06,6808.91,68.09,1
387,Entry long,2026-03-06 23:00,S1BB_LE,5130.487,1.9,9747.9253,48.74,0.50,78.08,0.80,-5.68,-0.06,6808.91,68.09,1
388,Exit long,2026-03-10 03:30,S1BB_TP1,5129.368,1.9,9697.315,48.48,0.50,76.63,0.79,-28.94,-0.30,6857.4,68.57,6
388,Entry long,2026-03-10 00:30,S1BB_LE,5103.85,1.9,9697.315,48.48,0.50,76.63,0.79,-28.94,-0.30,6857.4,68.57,6
389,Exit long,2026-03-11 15:30,S1BB_SL,5189.251,1.9,9909.1251,-49.55,-0.50,14.99,0.15,-49.55,-0.50,6807.85,68.08,13
389,Entry long,2026-03-11 09:00,S1BB_LE,5215.329,1.9,9909.1251,-49.55,-0.50,14.99,0.15,-49.55,-0.50,6807.85,68.08,13
390,Exit long,2026-03-12 06:30,S1BB_SL,5157.05,1.9,9847.6354,-49.24,-0.50,1.52,0.02,-49.24,-0.50,6758.61,67.59,3
390,Entry long,2026-03-12 04:00,S1BB_LE,5182.966,1.9,9847.6354,-49.24,-0.50,1.52,0.02,-49.24,-0.50,6758.61,67.59,3
391,Exit long,2026-03-12 22:30,S1BB_SL,5140.378,1.9,9815.8009,-49.08,-0.50,48.56,0.49,-49.08,-0.50,6709.53,67.10,15
391,Entry long,2026-03-12 15:00,S1BB_LE,5166.211,1.9,9815.8009,-49.08,-0.50,48.56,0.49,-49.08,-0.50,6709.53,67.10,15
392,Exit long,2026-03-13 22:30,S1BB_SL,5082.18,1.9,9704.668,-48.53,-0.50,26.87,0.28,-48.53,-0.50,6661,66.61,5
392,Entry long,2026-03-13 20:00,S1BB_LE,5107.72,1.9,9704.668,-48.53,-0.50,26.87,0.28,-48.53,-0.50,6661,66.61,5
393,Exit long,2026-03-16 22:30,S1BB_SL,4997.017,1.9,9542.0451,-47.71,-0.50,30.37,0.32,-47.71,-0.50,6613.29,66.13,4
393,Entry long,2026-03-16 20:30,S1BB_LE,5022.129,1.9,9542.0451,-47.71,-0.50,30.37,0.32,-47.71,-0.50,6613.29,66.13,4
394,Exit long,2026-03-17 13:00,S1BB_TP1,5037.25,1.9,9523.1629,47.61,0.50,56.86,0.60,-33.86,-0.36,6660.9,66.61,18
394,Entry long,2026-03-17 03:00,S1BB_LE,5012.191,1.9,9523.1629,47.61,0.50,56.86,0.60,-33.86,-0.36,6660.9,66.61,18
395,Exit long,2026-03-18 16:30,S1BB_SL,4979.169,1.9,9507.9629,-47.54,-0.50,23.22,0.24,-47.54,-0.50,6613.36,66.13,15
395,Entry long,2026-03-18 09:00,S1BB_LE,5004.191,1.9,9507.9629,-47.54,-0.50,23.22,0.24,-47.54,-0.50,6613.36,66.13,15
396,Exit long,2026-03-24 08:00,S1BB_SL,4419.571,2.2,9771.9182,-48.86,-0.50,10.49,0.11,-48.86,-0.50,6564.5,65.64,1
396,Entry long,2026-03-24 07:30,S1BB_LE,4441.781,2.2,9771.9182,-48.86,-0.50,10.49,0.11,-48.86,-0.50,6564.5,65.64,1
397,Exit long,2026-03-24 18:00,S1BB_TP1,4423.824,2.2,9683.9952,48.42,0.50,69.09,0.71,-25.14,-0.26,6612.91,66.13,6
397,Entry long,2026-03-24 15:00,S1BB_LE,4401.816,2.2,9683.9952,48.42,0.50,69.09,0.71,-25.14,-0.26,6612.91,66.13,6
398,Exit long,2026-03-25 01:00,S1BB_SL,4393.76,2.2,9714.8502,-48.58,-0.50,33.09,0.34,-48.58,-0.50,6564.34,65.64,4
398,Entry long,2026-03-24 23:00,S1BB_LE,4415.841,2.2,9714.8502,-48.58,-0.50,33.09,0.34,-48.58,-0.50,6564.34,65.64,4
399,Exit long,2026-03-25 07:00,S1BB_TP1,4477.892,2.2,9802.353,49.01,0.50,65.81,0.67,-19.23,-0.20,6613.35,66.13,3
399,Entry long,2026-03-25 04:30,S1BB_LE,4455.615,2.2,9802.353,49.01,0.50,65.81,0.67,-19.23,-0.20,6613.35,66.13,3
400,Exit long,2026-03-26 23:30,S1BB_SL,4436.645,2.2,9809.6702,-49.05,-0.50,45.28,0.46,-49.05,-0.50,6564.29,65.64,2
400,Entry long,2026-03-26 22:30,S1BB_LE,4458.941,2.2,9809.6702,-49.05,-0.50,45.28,0.46,-49.05,-0.50,6564.29,65.64,2
401,Exit long,2026-03-27 16:00,S1BB_TP1,4439.13,2.2,9717.5012,48.58,0.50,127.99,1.32,-0.76,-0.01,6612.88,66.13,12
401,Entry long,2026-03-27 10:00,S1BB_LE,4417.046,2.2,9717.5012,48.58,0.50,127.99,1.32,-0.76,-0.01,6612.88,66.13,12
402,Exit long,2026-03-27 23:30,S1BB_TP2,4532.818,2.2,9800.6898,171.51,1.75,221.43,2.26,-7.75,-0.08,6784.39,67.84,2
402,Entry long,2026-03-27 22:30,S1BB_LE,4454.859,2.2,9800.6898,171.51,1.75,221.43,2.26,-7.75,-0.08,6784.39,67.84,2
403,Exit long,2026-03-30 15:00,S1BB_TP1,4529.498,2.2,9915.323,49.57,0.50,96.35,0.97,-46.61,-0.47,6833.96,68.34,7
403,Entry long,2026-03-30 11:30,S1BB_LE,4506.965,2.2,9915.323,49.57,0.50,96.35,0.97,-46.61,-0.47,6833.96,68.34,7
404,Exit long,2026-03-31 10:30,S1BB_TP1,4570.388,2.1,9550.0671,47.75,0.50,150.89,1.58,-34,-0.36,6881.71,68.82,3
404,Entry long,2026-03-31 09:00,S1BB_LE,4547.651,2.1,9550.0671,47.75,0.50,150.89,1.58,-34,-0.36,6881.71,68.82,3
405,Exit long,2026-03-31 22:00,S1BB_TP1,4605.211,2.1,9622.8321,48.11,0.50,57.71,0.60,-31.52,-0.33,6929.82,69.30,4
405,Entry long,2026-03-31 20:00,S1BB_LE,4582.301,2.1,9622.8321,48.11,0.50,57.71,0.60,-31.52,-0.33,6929.82,69.30,4
406,Exit long,2026-04-06 20:00,S1BB_TP1,4671.178,2.1,9760.674,48.8,0.50,123.5,1.27,-48.68,-0.50,6978.62,69.79,18
406,Entry long,2026-04-06 11:00,S1BB_LE,4647.94,2.1,9760.674,48.8,0.50,123.5,1.27,-48.68,-0.50,6978.62,69.79,18
407,Exit long,2026-04-07 13:30,S1BB_SL,4632.807,2.1,9785.2503,-56.36,-0.58,4.07,0.04,-61.94,-0.63,6922.26,69.22,1
407,Entry long,2026-04-07 13:00,S1BB_LE,4659.643,2.1,9785.2503,-56.36,-0.58,4.07,0.04,-61.94,-0.63,6922.26,69.22,1
408,Exit long,2026-04-07 18:30,S1BB_SL,4655.027,2.1,9824.6841,-49.13,-0.50,33.85,0.34,-49.13,-0.50,6873.14,68.73,4
408,Entry long,2026-04-07 16:30,S1BB_LE,4678.421,2.1,9824.6841,-49.13,-0.50,33.85,0.34,-49.13,-0.50,6873.14,68.73,4
409,Exit long,2026-04-08 04:00,S1BB_TP1,4698.887,2.1,9818.5731,49.09,0.50,90.79,0.92,-38.75,-0.39,6922.23,69.22,4
409,Entry long,2026-04-08 02:00,S1BB_LE,4675.511,2.1,9818.5731,49.09,0.50,90.79,0.92,-38.75,-0.39,6922.23,69.22,4
410,Exit long,2026-04-09 19:30,S1BB_TP1,4743.951,2.1,9912.7371,49.56,0.50,57.02,0.58,-36.71,-0.37,6971.79,69.72,13
410,Entry long,2026-04-09 13:00,S1BB_LE,4720.351,2.1,9912.7371,49.56,0.50,57.02,0.58,-36.71,-0.37,6971.79,69.72,13
411,Exit long,2026-04-10 15:00,S1BB_SL,4742.1,2,9531.862,-47.66,-0.50,0.1,0.00,-47.66,-0.50,6924.12,69.24,2
411,Entry long,2026-04-10 14:00,S1BB_LE,4765.931,2,9531.862,-47.66,-0.50,0.1,0.00,-47.66,-0.50,6924.12,69.24,2
412,Exit long,2026-04-10 22:30,S1BB_TP1,4780.915,2.1,9989.9751,49.95,0.50,79.73,0.80,-8.8,-0.09,6974.07,69.74,7
412,Entry long,2026-04-10 19:00,S1BB_LE,4757.131,2.1,9989.9751,49.95,0.50,79.73,0.80,-8.8,-0.09,6974.07,69.74,7
413,Exit long,2026-04-13 22:00,S1BB_SL,4709.695,2.1,9940.0623,-49.7,-0.50,23.68,0.24,-49.7,-0.50,6924.37,69.24,1
413,Entry long,2026-04-13 21:30,S1BB_LE,4733.363,2.1,9940.0623,-49.7,-0.50,23.68,0.24,-49.7,-0.50,6924.37,69.24,1
414,Exit long,2026-04-14 22:30,S1BB_TP1,4806.975,2,9566.122,47.83,0.50,69.96,0.73,-6.57,-0.07,6972.2,69.72,2
414,Entry long,2026-04-14 21:30,S1BB_LE,4783.061,2,9566.122,47.83,0.50,69.96,0.73,-6.57,-0.07,6972.2,69.72,2
415,Exit long,2026-04-15 23:00,S1BB_SL,4797.609,2,9643.438,-48.22,-0.50,17.86,0.19,-48.22,-0.50,6923.98,69.24,3
415,Entry long,2026-04-15 21:30,S1BB_LE,4821.719,2,9643.438,-48.22,-0.50,17.86,0.19,-48.22,-0.50,6923.98,69.24,3
416,Exit long,2026-04-16 21:30,S1BB_SL,4790.853,2,9629.858,-48.15,-0.50,46.96,0.49,-48.15,-0.50,6875.82,68.76,28
416,Entry long,2026-04-16 07:30,S1BB_LE,4814.929,2,9629.858,-48.15,-0.50,46.96,0.49,-48.15,-0.50,6875.82,68.76,28
417,Exit long,2026-04-17 09:30,S1BB_SL,4768.569,2,9589.622,-52.48,-0.55,1.72,0.02,-55.52,-0.58,6823.34,68.23,1
417,Entry long,2026-04-17 09:00,S1BB_LE,4794.811,2,9589.622,-52.48,-0.55,1.72,0.02,-55.52,-0.58,6823.34,68.23,1
418,Exit long,2026-04-17 22:00,S1BB_TP2,4879.858,2,9591.862,167.85,1.75,190.07,1.98,-28.02,-0.29,6991.19,69.91,10
418,Entry long,2026-04-17 17:00,S1BB_LE,4795.931,2,9591.862,167.85,1.75,190.07,1.98,-28.02,-0.29,6991.19,69.91,10
419,Exit long,2026-04-21 20:30,S1BB_SL,4770.517,2,9588.982,-47.95,-0.50,5.06,0.05,-47.95,-0.50,6943.25,69.43,1
419,Entry long,2026-04-21 20:00,S1BB_LE,4794.491,2,9588.982,-47.95,-0.50,5.06,0.05,-47.95,-0.50,6943.25,69.43,1
420,Exit long,2026-04-23 09:30,S1BB_SL,4724.341,2.1,9970.9743,-49.86,-0.50,3.88,0.04,-49.86,-0.50,6893.39,68.93,1
420,Entry long,2026-04-23 09:00,S1BB_LE,4748.083,2.1,9970.9743,-49.86,-0.50,3.88,0.04,-49.86,-0.50,6893.39,68.93,1
421,Exit long,2026-04-24 01:30,S1BB_SL,4696.937,2.1,9913.1361,-49.57,-0.50,47.47,0.48,-49.57,-0.50,6843.82,68.44,11
421,Entry long,2026-04-23 20:00,S1BB_LE,4720.541,2.1,9913.1361,-49.57,-0.50,47.47,0.48,-49.57,-0.50,6843.82,68.44,11
422,Exit long,2026-04-24 23:30,S1BB_TP1,4717.892,2.1,9858.2841,49.29,0.50,96.39,0.98,-42.32,-0.43,6893.11,68.93,15
422,Entry long,2026-04-24 16:00,S1BB_LE,4694.421,2.1,9858.2841,49.29,0.50,96.39,0.98,-42.32,-0.43,6893.11,68.93,15
423,Exit long,2026-04-27 21:00,S1BB_SL,4694.529,2.1,9908.0541,-49.54,-0.50,25.34,0.26,-49.54,-0.50,6843.57,68.44,20
423,Entry long,2026-04-27 11:00,S1BB_LE,4718.121,2.1,9908.0541,-49.54,-0.50,25.34,0.26,-49.54,-0.50,6843.57,68.44,20
424,Exit long,2026-04-28 13:00,S1BB_SL,4664.311,2.1,9844.2771,-49.22,-0.50,28.41,0.29,-49.22,-0.50,6794.34,67.94,12
424,Entry long,2026-04-28 07:00,S1BB_LE,4687.751,2.1,9844.2771,-49.22,-0.50,28.41,0.29,-49.22,-0.50,6794.34,67.94,12
425,Exit long,2026-04-29 15:00,S1BB_SL,4575.756,2.1,9657.3771,-48.29,-0.50,18.96,0.20,-48.29,-0.50,6746.05,67.46,7
425,Entry long,2026-04-29 11:30,S1BB_LE,4598.751,2.1,9657.3771,-48.29,-0.50,18.96,0.20,-48.29,-0.50,6746.05,67.46,7
426,Exit long,2026-04-30 09:00,S1BB_TP1,4566.81,2.1,9542.5911,47.71,0.50,63.14,0.66,-11.7,-0.12,6793.76,67.94,6
426,Entry long,2026-04-30 06:00,S1BB_LE,4544.091,2.1,9542.5911,47.71,0.50,63.14,0.66,-11.7,-0.12,6793.76,67.94,6
427,Exit long,2026-05-01 12:30,S1BB_TP1,4613.309,2.1,9595.7925,92.16,0.96,162.8,1.70,-0.56,-0.01,6885.92,68.86,42
427,Entry long,2026-04-30 14:30,S1BB_LE,4569.425,2.1,9595.7925,92.16,0.96,162.8,1.70,-0.56,-0.01,6885.92,68.86,42
428,Exit long,2026-05-02 03:30,S1BB_TP1,4612.03,2.1,9637.0806,48.18,0.50,149.51,1.55,-5.91,-0.06,6934.1,69.34,12
428,Entry long,2026-05-01 21:30,S1BB_LE,4589.086,2.1,9637.0806,48.18,0.50,149.51,1.55,-5.91,-0.06,6934.1,69.34,12
429,Exit long,2026-05-06 14:00,S1BB_TP2,4661.696,2.1,9621.1941,168.37,1.75,178.92,1.86,-5.59,-0.06,7102.47,71.02,13
429,Entry long,2026-05-06 07:30,S1BB_LE,4581.521,2.1,9621.1941,168.37,1.75,178.92,1.86,-5.59,-0.06,7102.47,71.02,13
430,Exit long,2026-05-08 15:00,S1BB_SL,4699.136,2.1,9917.7771,-49.59,-0.50,24.9,0.25,-49.59,-0.50,7052.88,70.53,10
430,Entry long,2026-05-08 10:00,S1BB_LE,4722.751,2.1,9917.7771,-49.59,-0.50,24.9,0.25,-49.59,-0.50,7052.88,70.53,10
431,Exit long,2026-05-08 22:00,S1BB_TP1,4744.182,2.1,9913.2201,49.56,0.50,60.5,0.61,-37.93,-0.38,7102.44,71.02,7
431,Entry long,2026-05-08 18:30,S1BB_LE,4720.581,2.1,9913.2201,49.56,0.50,60.5,0.61,-37.93,-0.38,7102.44,71.02,7
432,Exit long,2026-05-11 06:00,S1BB_SL,4686.149,2.1,9923.9091,-83,-0.84,3.65,0.04,-83,-0.84,7019.44,70.19,5
432,Entry long,2026-05-09 02:30,S1BB_LE,4725.671,2.1,9923.9091,-83,-0.84,3.65,0.04,-83,-0.84,7019.44,70.19,5
433,Exit long,2026-05-14 02:30,S1BB_SL,4683.252,2.1,9884.2527,-49.42,-0.50,3.24,0.03,-49.42,-0.50,6970.02,69.70,4
433,Entry long,2026-05-14 00:30,S1BB_LE,4706.787,2.1,9884.2527,-49.42,-0.50,3.24,0.03,-49.42,-0.50,6970.02,69.70,4
434,Exit long,2026-05-14 11:30,S1BB_SL,4673.586,2.1,9863.8533,-49.32,-0.50,20.89,0.21,-49.32,-0.50,6920.7,69.21,10
434,Entry long,2026-05-14 06:30,S1BB_LE,4697.073,2.1,9863.8533,-49.32,-0.50,20.89,0.21,-49.32,-0.50,6920.7,69.21,10
435,Exit long,2026-05-14 21:30,S1BB_SL,4678.828,2.1,9874.9161,-49.38,-0.50,34.88,0.35,-49.38,-0.50,6871.32,68.71,18
435,Entry long,2026-05-14 12:30,S1BB_LE,4702.341,2.1,9874.9161,-49.38,-0.50,34.88,0.35,-49.38,-0.50,6871.32,68.71,18
436,Exit long,2026-05-18 21:00,S1BB_TP1,4563.327,2.2,9989.375,49.94,0.50,79.85,0.80,-25.18,-0.25,6921.26,69.21,16
436,Entry long,2026-05-18 13:00,S1BB_LE,4540.625,2.2,9989.375,49.94,0.50,79.85,0.80,-25.18,-0.25,6921.26,69.21,16
437,Exit long,2026-05-19 07:30,S1BB_TP1,4580.84,2.1,9571.9071,47.86,0.50,64.99,0.68,-1.26,-0.01,6969.12,69.69,5
437,Entry long,2026-05-19 04:00,S1BB_LE,4558.051,2.1,9571.9071,47.86,0.50,64.99,0.68,-1.26,-0.01,6969.12,69.69,5
438,Exit long,2026-05-21 09:30,S1BB_TP2,4560.979,2.2,9861.5792,172.57,1.75,194.38,1.97,-34.77,-0.35,7141.7,71.42,34
438,Entry long,2026-05-20 15:30,S1BB_LE,4482.536,2.2,9861.5792,172.57,1.75,194.38,1.97,-34.77,-0.35,7141.7,71.42,34
439,Exit long,2026-05-22 02:30,S1BB_TP1,4541.836,2.2,9942.3302,49.71,0.50,88.17,0.89,-11.9,-0.12,7191.4,71.91,3
439,Entry long,2026-05-22 01:00,S1BB_LE,4519.241,2.2,9942.3302,49.71,0.50,88.17,0.89,-11.9,-0.12,7191.4,71.91,3
440,Exit long,2026-05-26 08:00,S1BB_TP1,4552.519,2.2,9951.5482,63.99,0.64,125.05,1.26,-43.74,-0.44,7255.4,72.55,54
440,Entry long,2026-05-23 00:30,S1BB_LE,4523.431,2.2,9951.5482,63.99,0.64,125.05,1.26,-43.74,-0.44,7255.4,72.55,54
441,Exit long,2026-05-27 14:00,S1BB_SL,4488.454,2.2,9924.2242,-49.63,-0.50,37.26,0.38,-49.63,-0.50,7205.77,72.06,14
441,Entry long,2026-05-27 07:00,S1BB_LE,4511.011,2.2,9924.2242,-49.63,-0.50,37.26,0.38,-49.63,-0.50,7205.77,72.06,14
442,Exit long,2026-06-02 09:30,S1BB_SL,4464.057,2.2,9870.2802,-49.35,-0.50,23.65,0.24,-49.35,-0.50,7156.42,71.56,11
442,Entry long,2026-06-02 03:00,S1BB_LE,4486.491,2.2,9870.2802,-49.35,-0.50,23.65,0.24,-49.35,-0.50,7156.42,71.56,11
443,Exit long,2026-06-04 11:00,S1BB_TP1,4473.114,2.2,9791.8942,48.96,0.50,58.14,0.59,-17.51,-0.18,7205.37,72.05,7
443,Entry long,2026-06-04 07:30,S1BB_LE,4450.861,2.2,9791.8942,48.96,0.50,58.14,0.59,-17.51,-0.18,7205.37,72.05,7
444,Exit long,2026-06-09 22:30,S1BB_SL,4303.621,2.3,9948.0727,-49.74,-0.50,88.07,0.89,-49.74,-0.50,7155.63,71.56,52
444,Entry long,2026-06-08 19:30,S1BB_LE,4325.249,2.3,9948.0727,-49.74,-0.50,88.07,0.89,-49.74,-0.50,7155.63,71.56,52
445,Exit long,2026-06-12 09:00,S1BB_TP2,4195.309,2.4,9842.8584,225.88,2.29,348.9,3.54,-0.94,-0.01,7381.51,73.82,13
445,Entry long,2026-06-12 01:30,S1BB_LE,4101.191,2.4,9842.8584,225.88,2.29,348.9,3.54,-0.94,-0.01,7381.51,73.82,13
446,Exit long,2026-06-13 03:30,S1BB_SL,4204.392,2.3,9718.6983,-48.6,-0.50,22.97,0.24,-48.6,-0.50,7332.92,73.33,8
446,Entry long,2026-06-12 23:30,S1BB_LE,4225.521,2.3,9718.6983,-48.6,-0.50,22.97,0.24,-48.6,-0.50,7332.92,73.33,8
447,Exit long,2026-06-16 17:00,S1BB_TP1,4342.76,2.3,9938.6588,49.69,0.50,62.41,0.63,-18.6,-0.19,7382.61,73.83,11
447,Entry long,2026-06-16 11:30,S1BB_LE,4321.156,2.3,9938.6588,49.69,0.50,62.41,0.63,-18.6,-0.19,7382.61,73.83,11
448,Exit long,2026-06-17 12:30,S1BB_SL,4322.847,2.3,9992.5133,-49.97,-0.50,11.94,0.12,-49.97,-0.50,7332.64,73.33,22
448,Entry long,2026-06-17 00:30,S1BB_LE,4344.571,2.3,9992.5133,-49.97,-0.50,11.94,0.12,-49.97,-0.50,7332.64,73.33,22
449,Exit long,2026-06-17 22:30,S1BB_TP1,4355.036,2.3,9966.7533,49.83,0.50,70.63,0.71,-21.85,-0.22,7382.47,73.82,3
449,Entry long,2026-06-17 21:00,S1BB_LE,4333.371,2.3,9966.7533,49.83,0.50,70.63,0.71,-21.85,-0.22,7382.47,73.82,3
450,Exit long,2026-06-19 21:30,S1BB_SL,4158.025,2.3,9611.5183,-48.06,-0.50,9.29,0.10,-48.06,-0.50,7334.41,73.34,1
450,Entry long,2026-06-19 21:00,S1BB_LE,4178.921,2.3,9611.5183,-48.06,-0.50,9.29,0.10,-48.06,-0.50,7334.41,73.34,1
451,Exit long,2026-06-22 11:00,S1BB_TP1,4177.604,2.4,9976.3704,49.88,0.50,154.34,1.55,-49.8,-0.50,7384.29,73.84,7
451,Entry long,2026-06-22 07:30,S1BB_LE,4156.821,2.4,9976.3704,49.88,0.50,154.34,1.55,-49.8,-0.50,7384.29,73.84,7
452,Exit long,2026-06-23 09:30,S1BB_SL,4169.96,2.3,9639.1068,-48.2,-0.50,17.31,0.18,-48.2,-0.50,7336.09,73.36,4
452,Entry long,2026-06-23 07:30,S1BB_LE,4190.916,2.3,9639.1068,-48.2,-0.50,17.31,0.18,-48.2,-0.50,7336.09,73.36,4
453,Exit long,2026-06-25 19:30,S1BB_SL,3973.958,2.5,9984.8225,-49.93,-0.50,9.43,0.09,-49.93,-0.50,7286.16,72.86,4
453,Entry long,2026-06-25 17:30,S1BB_LE,3993.929,2.5,9984.8225,-49.93,-0.50,9.43,0.09,-49.93,-0.50,7286.16,72.86,4
454,Exit long,2026-06-26 00:30,S1BB_TP1,4032.391,2.4,9629.5944,48.14,0.50,76.17,0.79,-32.95,-0.34,7334.31,73.34,7
454,Entry long,2026-06-25 21:00,S1BB_LE,4012.331,2.4,9629.5944,48.14,0.50,76.17,0.79,-32.95,-0.34,7334.31,73.34,7
455,Exit long,2026-06-26 18:00,S1BB_TP1,4044.303,2.4,9658.0416,48.29,0.50,72.13,0.75,-8.7,-0.09,7382.59,73.83,7
455,Entry long,2026-06-26 14:30,S1BB_LE,4024.184,2.4,9658.0416,48.29,0.50,72.13,0.75,-8.7,-0.09,7382.59,73.83,7
456,Exit long,2026-06-29 12:30,S1BB_SL,4052.01,2.4,9773.6952,-48.87,-0.50,2.51,0.03,-48.87,-0.50,7333.72,73.34,2
456,Entry long,2026-06-29 11:30,S1BB_LE,4072.373,2.4,9773.6952,-48.87,-0.50,2.51,0.03,-48.87,-0.50,7333.72,73.34,2
457,Exit long,2026-06-29 16:30,S1BB_SL,4045.737,2.4,9758.5656,-48.8,-0.50,5.98,0.06,-48.8,-0.50,7284.92,72.85,2
457,Entry long,2026-06-29 15:30,S1BB_LE,4066.069,2.4,9758.5656,-48.8,-0.50,5.98,0.06,-48.8,-0.50,7284.92,72.85,2
458,Exit long,2026-07-02 02:30,S1BB_TP2,4060.829,2.5,9961.015,191.06,1.92,328.17,3.29,-8.29,-0.08,7475.98,74.76,17
458,Entry long,2026-07-01 18:00,S1BB_LE,3984.406,2.5,9961.015,191.06,1.92,328.17,3.29,-8.29,-0.08,7475.98,74.76,17
459,Exit long,2026-07-03 22:00,S1BB_TP1,4159.939,2.4,9882.1704,101.68,1.03,187.39,1.90,-42.31,-0.43,7577.66,75.78,48
459,Entry long,2026-07-02 21:00,S1BB_LE,4117.571,2.4,9882.1704,101.68,1.03,187.39,1.90,-42.31,-0.43,7577.66,75.78,48