time,open,high,low,close
2012-10-12,1767.35,1773.3,1752.5,1753.5
2012-10-15,1753.5,1754.75,1728.94,1735.6
2012-10-16,1735.6,1748.23,1734.6,1747.9
2012-10-17,1747.32,1753.5,1743.06,1748.8
2012-10-18,1748.75,1752.16,1738.37,1740.97
2012-10-19,1740.98,1743.34,1716.46,1721.1
2012-10-22,1721.1,1729.4,1713.5,1727.65
2012-10-23,1727.55,1730.1,1703.7,1705.75
2012-10-24,1705.6,1714.3,1698.8,1701.87
2012-10-25,1701.38,1718,1701.38,1710.75
2012-10-26,1710.74,1718.79,1700.98,1710.3
2012-10-29,1711,1717.29,1706.2,1709.2
2012-10-30,1708.8,1715.19,1705.3,1708.8
2012-10-31,1708.49,1726,1708.49,1719.5
2012-11-01,1720.7,1727.01,1713.3,1713.8
2012-11-02,1713.6,1716.87,1674.85,1677.4
2012-11-05,1677.3,1686.3,1672.9,1684.7
2012-11-06,1684.87,1720.91,1683.4,1715.9
2012-11-07,1715.69,1731.84,1703.33,1717.29
2012-11-08,1717.49,1735.14,1712.92,1731.16
2012-11-09,1731.12,1738.8,1727.36,1730.7
2012-11-12,1730.4,1737.96,1725.9,1728
2012-11-13,1727.89,1732.9,1718.22,1724.72
2012-11-14,1724.67,1734,1720.95,1726.22
2012-11-15,1726.24,1727.95,1705.09,1715.63
2012-11-16,1715.44,1717.42,1706.07,1713.3
2012-11-19,1713.7,1735.56,1713.5,1731.5
2012-11-20,1731.24,1735.65,1722,1726.75
2012-11-21,1726.7,1731.99,1719.93,1728.64
2012-11-23,1729.2,1754.4,1728.2,1749.2
2012-11-26,1752,1752.27,1746.13,1748.43
2012-11-27,1748.31,1751.82,1740.2,1741.8
2012-11-28,1741.92,1743.11,1706.12,1719.56
2012-11-29,1719.4,1728.71,1718.27,1725.7
2012-11-30,1725.7,1731.7,1708.4,1714.6
2012-12-03,1714.8,1722.7,1712.4,1715.69
2012-12-04,1715.49,1718.19,1691.46,1697.3
2012-12-05,1697.3,1706.91,1685.02,1693.62
2012-12-06,1693.8,1703.26,1686.12,1699.59
2012-12-07,1699.75,1705.5,1683.25,1704.04
2012-12-10,1703.8,1717.3,1702.5,1712.54
2012-12-11,1712.8,1714.4,1705.04,1709.9
2012-12-12,1709.9,1723.3,1707.48,1711.47
2012-12-13,1711.24,1711.8,1689.62,1697
2012-12-14,1696.79,1700.47,1693.7,1695.56
2012-12-17,1695.6,1699.8,1686.87,1697.95
2012-12-18,1697.81,1703.1,1661,1670.89
2012-12-19,1670.95,1676.72,1663.3,1667.1
2012-12-20,1666.97,1671.9,1636,1647.37
2012-12-21,1647.8,1659.71,1635.4,1656.87
2012-12-24,1656.7,1665.91,1652.23,1658.2
2012-12-26,1658.2,1667.9,1650.2,1659.3
2012-12-27,1658.9,1665.43,1652.91,1663.76
2012-12-28,1663.83,1666.3,1653.4,1655.59
2012-12-31,1655.4,1680.4,1654.8,1674.95
2013-01-02,1675.34,1694.86,1670.35,1686.54
2013-01-03,1686.35,1689.94,1660.6,1663.8
2013-01-04,1663.59,1664.18,1626.18,1655.49
2013-01-07,1655.2,1662.6,1643.17,1646.82
2013-01-08,1646.6,1662.54,1646.2,1659.03
2013-01-09,1659.02,1665.9,1651.7,1657.54
2013-01-10,1657.63,1678.83,1653.7,1674.8
2013-01-11,1675.08,1677,1653.61,1662.59
2013-01-14,1662.3,1674.8,1659,1667.27
2013-01-15,1667.54,1685.21,1666.2,1679.18
2013-01-16,1678.94,1684.85,1673.8,1679.9
2013-01-17,1679.57,1697.5,1667,1687.1
2013-01-18,1687.35,1695.3,1683.6,1683.9
2013-01-22,1692.25,1695.1,1683.95,1692.4
2013-01-23,1685.43,1686.1,1665.28,1685.38
2013-01-24,1667.8,1672.36,1656.25,1667.69
2013-01-25,1667.8,1672.36,1656.25,1658.15
2013-01-28,1658.2,1662.4,1652.3,1655.3
2013-01-29,1655.75,1666.01,1654.3,1663.3
2013-01-30,1663.2,1684.05,1662.6,1676.67
2013-01-31,1676.6,1680.8,1658.13,1663.35
2013-02-01,1663.2,1682.1,1659.8,1666.66
2013-02-04,1666.7,1677.6,1661.8,1674.3
2013-02-05,1674.3,1685.3,1666.87,1672.62
2013-02-06,1672.8,1679.7,1668.56,1677.22
2013-02-07,1677.6,1683.3,1663.33,1670.88
2013-02-08,1670.9,1673.7,1665.26,1667.1
2013-02-11,1666.7,1669.7,1644.06,1647.94
2013-02-12,1647.85,1653.4,1639.46,1651.2
2013-02-13,1650.8,1653.8,1640.3,1642.33
2013-02-14,1642.5,1650,1632.7,1634.9
2013-02-15,1634.7,1636.2,1598.18,1609.64
2013-02-19,1609.2,1615.3,1600.88,1604.6
2013-02-20,1604.9,1609.6,1558.7,1564.23
2013-02-21,1564.15,1584.9,1554.8,1576.3
2013-02-22,1576,1587.3,1570.09,1581.19
2013-02-25,1580.7,1597,1575,1592.99
2013-02-26,1592.95,1620.23,1584.61,1613.34
2013-02-27,1613.57,1614.8,1592.2,1596.65
2013-02-28,1597.05,1603,1574.8,1579.52
2013-03-01,1579.55,1587.3,1565.11,1575.7
2013-03-04,1575.5,1584.9,1569.3,1573.9
2013-03-05,1573.75,1586.5,1571.7,1575.13
2013-03-06,1575.5,1585,1567.6,1583.62
2013-03-07,1583.3,1585.5,1574.8,1578.53
2013-03-08,1578.77,1583.9,1561.7,1578.3
2013-03-11,1578.3,1583.35,1575.3,1580.05
2013-03-12,1581.29,1598.5,1579.8,1592.34
2013-03-13,1592.8,1599.5,1585.89,1588.05
2013-03-14,1587.64,1593.5,1577.05,1590.11
2013-03-15,1589.9,1599,1588.4,1592.2
2013-03-18,1592.2,1611.4,1591.45,1604.19
2013-03-19,1603.89,1615.9,1600.29,1611.78
2013-03-20,1611.7,1614.85,1600.8,1606.75
2013-03-21,1606.65,1616.88,1604.2,1612.45
2013-03-22,1614.79,1616.2,1603.8,1608.6
2013-03-25,1608.16,1613.71,1590.02,1605
2013-03-26,1605.15,1606.1,1594.87,1597
2013-03-27,1598.8,1608.4,1591.55,1604.95
2013-03-28,1605,1607.8,1594,1595.05
2013-04-01,1593.65,1601.1,1593.65,1599.15
2013-04-02,1599.25,1603.9,1573.99,1575.7
2013-04-03,1576.2,1577.3,1549.99,1557.9
2013-04-04,1557.6,1559.6,1540.18,1554.09
2013-04-05,1554.09,1581.5,1549.1,1581.5
2013-04-08,1580.9,1583.01,1567.55,1572.25
2013-04-09,1572.47,1590.55,1570.1,1584.45
2013-04-10,1585.09,1588.6,1555.4,1558.75
2013-04-11,1559.15,1568.4,1553.2,1559.65
2013-04-12,1560,1564.7,1480.3,1480.3
2013-04-15,1478.91,1495.7,1335.3,1351.8
2013-04-16,1355.56,1403.6,1321.5,1367.8
2013-04-17,1369.35,1395.2,1364.7,1376.85
2013-04-18,1376.9,1402.04,1336.6,1390.65
2013-04-19,1393.45,1425.05,1385.6,1405.8
2013-04-22,1401.2,1439,1401.2,1424.8
2013-04-23,1425.79,1432.78,1405.11,1412.15
2013-04-24,1412.99,1434.01,1412,1430.35
2013-04-25,1430.7,1469.22,1427.35,1466.3
2013-04-26,1467.19,1485.4,1448.37,1462.28
2013-04-29,1467.28,1478.83,1462,1474.45
2013-04-30,1474.45,1480.2,1461.26,1474.7
2013-05-01,1475.25,1478.06,1440.72,1455.7
2013-05-02,1456.6,1473.71,1448.6,1466
2013-05-03,1466.35,1487.98,1456.55,1470.2
2013-05-06,1469.75,1478.9,1464.89,1469.25
2013-05-07,1469.5,1470.7,1441.63,1451.65
2013-05-08,1452.3,1476.74,1447.4,1473.3
2013-05-09,1473.17,1476.38,1453.1,1456.4
2013-05-10,1457.6,1462.2,1419.98,1447.8
2013-05-13,1448.2,1448.99,1425.7,1430.35
2013-05-14,1430.2,1445.45,1421.46,1424.65
2013-05-15,1425.35,1430.81,1388.6,1392
2013-05-16,1393.55,1398.33,1369.93,1385.65
2013-05-17,1386.45,1392.95,1355.1,1359.6
2013-05-20,1358.7,1399.6,1338.1,1393.7
2013-05-21,1393.7,1401.53,1360.05,1375.2
2013-05-22,1374.92,1414.3,1354.3,1369.5
2013-05-23,1368.61,1398.31,1356.2,1390.35
2013-05-24,1390.95,1398.4,1382.1,1386.2
2013-05-28,1394.95,1402.1,1373.95,1380.65
2013-05-29,1380.65,1395.4,1379.9,1393.3
2013-05-30,1393.3,1418,1388.5,1412.4
2013-05-31,1413.26,1421.9,1384.7,1387.81
2013-06-03,1388.32,1416.93,1388.32,1410.3
2013-06-04,1411.44,1415.2,1389.2,1398.45
2013-06-05,1398.25,1410.6,1396,1400.7
2013-06-06,1400.8,1423.8,1391.84,1413.4
2013-06-07,1412.77,1417.98,1377.8,1384.1
2013-06-10,1383.03,1389.01,1376.18,1385.5
2013-06-11,1386.3,1387.7,1366.14,1377.98
2013-06-12,1376.95,1394.56,1374,1387.6
2013-06-13,1387.6,1395,1374.76,1384.1
2013-06-14,1384.15,1392.5,1378.45,1391
2013-06-17,1389.93,1392.1,1380.79,1384.35
2013-06-18,1383.3,1386.06,1361.18,1361.18
2013-06-19,1366.2,1376.57,1348.9,1350.4
2013-06-20,1350.85,1351.35,1275.66,1275.66
2013-06-21,1278.24,1302.5,1269.1,1297.9
2013-06-24,1296.59,1301.5,1276.38,1282.26
2013-06-25,1282.31,1289.54,1271.96,1277.15
2013-06-26,1277.1,1278.1,1221.6,1222.16
2013-06-27,1225.61,1245,1196.6,1200
2013-06-28,1200.25,1235.24,1180.2,1234.8
2013-07-01,1232.68,1261.8,1225.1,1249.14
2013-07-02,1252.8,1267.5,1239.4,1242.6
2013-07-03,1241.65,1260,1237,1252.6
2013-07-05,1246.05,1250.54,1208.5,1222.93
2013-07-08,1221.86,1238.71,1215.5,1236.55
2013-07-09,1236.05,1260.56,1233.4,1248.87
2013-07-10,1248.85,1267,1243.7,1261.42
2013-07-11,1266.47,1298.9,1264.9,1285.55
2013-07-12,1285.66,1288.6,1268.14,1284.2
2013-07-15,1284.23,1294.75,1274.45,1282.15
2013-07-16,1282.2,1295.6,1276.9,1292.7
2013-07-17,1290.85,1300.8,1270.6,1273.9
2013-07-18,1273.9,1288.8,1273.9,1284.1
2013-07-19,1282.4,1298,1282.1,1295.9
2013-07-22,1296.06,1339.44,1296.06,1334.75
2013-07-23,1334.75,1348.5,1327.07,1347.2
2013-07-24,1347.15,1347.68,1313.45,1320.4
2013-07-25,1320.85,1337.83,1309.19,1333.23
2013-07-26,1332.55,1340.7,1312.68,1333.2
2013-07-29,1332.8,1338.3,1323.19,1326.6
2013-07-30,1326.8,1330.2,1317.3,1319.66
2013-07-31,1326.4,1339.2,1305.6,1322.4
2013-08-01,1322.77,1331.05,1307.8,1308.1
2013-08-02,1308.05,1318.44,1283.45,1313
2013-08-05,1311.4,1320.8,1297.79,1303.6
2013-08-06,1301.75,1307,1279.64,1282.05
2013-08-07,1281.55,1289.36,1273.14,1286.45
2013-08-08,1286.5,1314.5,1282.7,1311.44
2013-08-09,1312.25,1317.3,1305.2,1314
2013-08-12,1313.55,1344.08,1313.55,1334.25
2013-08-13,1336,1341.6,1319.08,1319.88
2013-08-14,1320.5,1336.45,1315.7,1330.37
2013-08-15,1335.1,1370.06,1319.13,1365.7
2013-08-16,1364.95,1379.6,1357.9,1376
2013-08-19,1376.1,1384.5,1362.76,1365.1
2013-08-20,1365,1377.6,1352.3,1370.75
2013-08-21,1370.5,1379.1,1360.05,1363.27
2013-08-22,1366.15,1381.7,1354.9,1376.1
2013-08-23,1376.5,1400.3,1368.93,1397.1
2013-08-26,1397.3,1407.1,1389.8,1404.85
2013-08-27,1405,1423.8,1395.4,1416.25
2013-08-28,1415.4,1433.85,1413.1,1418.05
2013-08-29,1418.23,1418.42,1402.65,1407.95
2013-08-30,1407.35,1411.45,1392.23,1395.2
2013-09-03,1391.44,1416.4,1384.65,1411.19
2013-09-04,1411.4,1415,1384.86,1391.35
2013-09-05,1390.95,1399.9,1364.9,1366.45
2013-09-06,1366.6,1393.5,1359.6,1390.8
2013-09-09,1390.39,1394.2,1382.31,1386.34
2013-09-10,1386.75,1391.25,1358.05,1363.15
2013-09-11,1363.55,1368.7,1356.4,1365.7
2013-09-12,1365.49,1366.5,1320.4,1320.87
2013-09-13,1320.91,1330.9,1305.1,1327.1
2013-09-16,1333.13,1334.87,1302.8,1311.3
2013-09-17,1310.4,1323.85,1306.12,1309.35
2013-09-18,1310.25,1367.52,1291.5,1362.15
2013-09-19,1361.3,1375.4,1358.4,1365.3
2013-09-20,1366,1368.49,1324.6,1325
2013-09-23,1325.13,1331.84,1313.3,1321.1
2013-09-24,1321.25,1329.28,1306.13,1323
2013-09-25,1323.1,1338.1,1316.84,1332.7
2013-09-26,1332.75,1339.35,1318.9,1323.1
2013-09-27,1322.77,1344.02,1319.6,1335.8
2013-09-30,1336.34,1352.15,1322.92,1327.19
2013-10-01,1327.6,1337.55,1282.6,1286.75
2013-10-02,1287.13,1323.79,1277.5,1315.35
2013-10-03,1315.9,1322.5,1302.27,1317
2013-10-04,1316.85,1325.41,1305.9,1309.9
2013-10-07,1310.5,1329,1308.78,1322.65
2013-10-08,1322.75,1329.93,1315.84,1319.2
2013-10-09,1318.6,1322.2,1294.88,1304.57
2013-10-10,1305.47,1311.75,1281.5,1286.1
2013-10-11,1284.92,1294.52,1261.66,1271.8
2013-10-14,1270.85,1290.04,1268.3,1273.22
2013-10-15,1273.7,1288,1251.8,1281.25
2013-10-16,1280.95,1288.5,1269.4,1280.95
2013-10-17,1280.95,1324.41,1274.73,1320.1
2013-10-18,1318.95,1327.55,1312.01,1315.9
2013-10-21,1315.83,1324.07,1312.9,1315.55
2013-10-22,1315.25,1344.95,1310.29,1339.45
2013-10-23,1340.05,1342.2,1329.21,1332.4
2013-10-24,1332.35,1352.19,1330.1,1345.85
2013-10-25,1346,1355.82,1336.7,1351.9
2013-10-28,1351.07,1361.74,1346.58,1352.27
2013-10-29,1352.27,1360.58,1340.2,1344.45
2013-10-30,1344.5,1359.52,1334.5,1341.25
2013-10-31,1341.2,1343.1,1319.3,1322.9
2013-11-01,1322.9,1327.46,1306.28,1315.2
2013-11-04,1315.03,1322.5,1311.4,1314.45
2013-11-05,1314.36,1319.93,1306.09,1311.5
2013-11-06,1311.46,1322.03,1309.45,1317.55
2013-11-07,1317.25,1326.33,1296.95,1307.38
2013-11-08,1307.35,1313.75,1281.12,1288.15
2013-11-11,1288.16,1288.8,1279.35,1282.5
2013-11-12,1282.4,1285.27,1261,1267.73
2013-11-13,1267.64,1281.6,1265.6,1281.6
2013-11-14,1280.86,1294.3,1278.39,1287
2013-11-15,1286.91,1291.2,1280.63,1289.8
2013-11-18,1289.43,1289.7,1270.19,1275.04
2013-11-19,1275,1278.85,1269.46,1275
2013-11-20,1275.45,1276.35,1240.9,1243.8
2013-11-21,1243.8,1250.4,1237.07,1242.38
2013-11-22,1242.38,1249.1,1241.39,1242.7
2013-11-25,1243.23,1253.71,1227.05,1251.23
2013-11-26,1250.7,1258.2,1239.92,1242.3
2013-11-27,1242.6,1254.78,1235.9,1237.48
2013-11-29,1244.27,1254.85,1240.3,1251.4
2013-12-02,1251.21,1251.21,1217.5,1219.3
2013-12-03,1219.55,1226.2,1215.52,1223.08
2013-12-04,1223.09,1251.69,1211.89,1243.47
2013-12-05,1243.5,1243.6,1217.32,1225
2013-12-06,1225.01,1244.9,1212.87,1228.55
2013-12-09,1228.7,1243.07,1224.9,1240
2013-12-10,1240.1,1267.8,1237.5,1261.95
2013-12-11,1262,1263.4,1251.2,1251.95
2013-12-12,1251.95,1256.94,1223.6,1224.9
2013-12-13,1224.9,1238.68,1220.66,1238.4
2013-12-16,1238.35,1252.02,1228.09,1241.04
2013-12-17,1240.7,1248.1,1227.2,1230.55
2013-12-18,1230.23,1244.57,1215.9,1217.8
2013-12-19,1218.3,1226.51,1186.9,1188.4
2013-12-20,1188.1,1207.52,1187.6,1202.8
2013-12-23,1202.78,1206.19,1192.93,1198.2
2013-12-24,1198.45,1205.5,1196.49,1204.3
2013-12-26,1203.7,1215.84,1200.9,1209.81
2013-12-27,1210.05,1219.05,1208.6,1212.6
2013-12-30,1212.87,1216.3,1194.5,1196
2013-12-31,1195.27,1214.63,1182.7,1205.25
2014-01-02,1205.4,1230.84,1203.3,1224
2014-01-03,1224.2,1240.22,1222.3,1236.75
2014-01-06,1236.43,1248.4,1216.07,1237.64
2014-01-07,1237.95,1245.35,1225.25,1231.7
2014-01-08,1231.88,1232.55,1218.2,1225.7
2014-01-09,1225.95,1231.55,1223.81,1227.8
2014-01-10,1227.4,1248.91,1227.2,1248.05
2014-01-13,1246.6,1255,1243.85,1252.55
2014-01-14,1252.92,1255.35,1241.3,1244.9
2014-01-15,1244.91,1245.45,1234.48,1241.55
2014-01-16,1241,1245.28,1236.59,1242.1
2014-01-17,1242.05,1254.92,1237.95,1253.69
2014-01-21,1252.13,1255.95,1235.78,1241.22
2014-01-22,1240.26,1243.75,1235.6,1237.05
2014-01-23,1237.05,1265.5,1231.3,1263.4
2014-01-24,1263.85,1272.55,1257.1,1269.69
2014-01-27,1268.68,1279.1,1251.7,1256.4
2014-01-28,1256.4,1261.74,1249,1256.5
2014-01-29,1256.6,1270.08,1248.7,1267.35
2014-01-30,1267.4,1268.83,1238.2,1243.22
2014-01-31,1243.51,1254.9,1238.81,1243.94
2014-02-03,1244,1266.21,1240.81,1257.15
2014-02-04,1257,1260.91,1247.6,1254.46
2014-02-05,1254.1,1274.3,1252.3,1257.59
2014-02-06,1257.7,1266.9,1253.07,1257.8
2014-02-07,1257.5,1271.87,1255.9,1266.85
2014-02-10,1266.85,1277.84,1264.8,1274.64
2014-02-11,1274.55,1293.84,1273.4,1291.22
2014-02-12,1291.15,1296.5,1284.27,1290.86
2014-02-13,1290.8,1302.77,1286.53,1302.49
2014-02-14,1302.54,1321.2,1299.6,1318.3
2014-02-18,1328.57,1332.1,1312.9,1321.74
2014-02-19,1321.5,1322.86,1308.6,1311.34
2014-02-20,1311.05,1324.95,1307.63,1322.8
2014-02-21,1322.8,1328.47,1316.1,1323.95
2014-02-24,1323.95,1338.97,1318.5,1336.4
2014-02-25,1336.7,1343.54,1331.47,1340.2
2014-02-26,1340.25,1345.37,1322.5,1330.25
2014-02-27,1330.25,1336.1,1324,1331
2014-02-28,1331.17,1333.29,1319.4,1324.9
2014-03-03,1325.75,1354.69,1325.75,1350.32
2014-03-04,1350,1352.51,1331.4,1334.3
2014-03-05,1334.15,1341.77,1332.9,1336.5
2014-03-06,1336.45,1353.56,1331.4,1350.61
2014-03-07,1350.62,1352.84,1328.52,1339.08
2014-03-10,1339.7,1344.61,1327.8,1338.76
2014-03-11,1338.87,1352.54,1337.6,1347.68
2014-03-12,1348.11,1370.78,1345.1,1364.47
2014-03-13,1366.85,1375.09,1364.6,1369.81
2014-03-14,1369.05,1387.87,1368.1,1381.4
2014-03-17,1382.45,1392.08,1361.7,1366.8
2014-03-18,1366.26,1367.51,1350.88,1355.4
2014-03-19,1354.79,1359.62,1327.5,1328.39
2014-03-20,1328.41,1334.59,1320.77,1327.2
2014-03-21,1325.25,1342.34,1325.25,1333.3
2014-03-24,1334.4,1334.87,1307.7,1308.88
2014-03-25,1307.92,1317.23,1305.87,1310.7
2014-03-26,1311.16,1316.29,1298.4,1304.5
2014-03-27,1304.77,1306.8,1288.8,1290.5
2014-03-28,1289.02,1298.7,1285.69,1293.7
2014-03-31,1294.9,1298.49,1281.85,1281.85
2014-04-01,1283.92,1287.95,1277.4,1278.88
2014-04-02,1278.57,1294.45,1278.57,1289.63
2014-04-03,1289.72,1293.84,1281.94,1284.85
2014-04-04,1286.14,1306.66,1284,1302.7
2014-04-07,1303,1304.72,1295.8,1296.61
2014-04-08,1296.57,1314.33,1296.57,1307.7
2014-04-09,1308.06,1315,1301.18,1311.7
2014-04-10,1311.46,1324.43,1310.5,1317.5
2014-04-11,1318.12,1323.83,1314.3,1318.1
2014-04-14,1318.16,1331.15,1318.16,1327.28
2014-04-15,1326.61,1328.13,1285.73,1302.24
2014-04-16,1302.23,1307.04,1293.7,1301.75
2014-04-17,1302.07,1304.13,1293.2,1294.35
2014-04-21,1294.55,1301.88,1281.8,1289.43
2014-04-22,1290.08,1292.82,1276.62,1283.15
2014-04-23,1283.29,1289.01,1281.12,1283.83
2014-04-24,1283.61,1298.64,1268.77,1292.88
2014-04-25,1293.67,1304.98,1290.7,1303.5
2014-04-28,1302.8,1306.42,1292.28,1296.18
2014-04-29,1295.66,1301.4,1286.58,1295.58
2014-04-30,1295.28,1298.17,1285.19,1291.1
2014-05-01,1291.39,1292.83,1277.5,1283.93
2014-05-02,1284.7,1304.63,1273.86,1299.6
2014-05-05,1299.35,1315.54,1299.2,1308.7
2014-05-06,1309.5,1314,1304.6,1307.37
2014-05-07,1307.37,1314.5,1286.89,1289.3
2014-05-08,1289.68,1295.44,1285.29,1289.15
2014-05-09,1289.47,1294.33,1285.7,1289.2
2014-05-12,1288.45,1304.1,1278.18,1295.2
2014-05-13,1295.74,1298.79,1289.27,1293.33
2014-05-14,1293.13,1309,1291.2,1305.53
2014-05-15,1305.11,1307.09,1291.15,1296
2014-05-16,1296.18,1298.21,1288.01,1292.5
2014-05-19,1292.5,1305.41,1289.62,1292.7
2014-05-20,1292.7,1296.9,1286.07,1293.9
2014-05-21,1293.97,1296.3,1283.1,1291.55
2014-05-22,1291.55,1303.85,1289.8,1293.95
2014-05-23,1293.54,1295.5,1286.85,1292.3
2014-05-27,1292.2,1293.35,1262.3,1262.3
2014-05-28,1263.86,1267.3,1256.15,1258.05
2014-05-29,1257.9,1260.48,1251.63,1255.5
2014-05-30,1254.64,1260.4,1242.4,1250.5
2014-06-02,1250.5,1250.85,1241.17,1243.3
2014-06-03,1243.3,1247.66,1240.74,1244.75
2014-06-04,1244.56,1249.15,1242.7,1243.6
2014-06-05,1243.6,1257.65,1241.3,1252.95
2014-06-06,1252.95,1257.78,1246.05,1252.6
2014-06-09,1252.6,1257.05,1251.2,1252.03
2014-06-10,1251.87,1263.65,1250,1259.75
2014-06-11,1259.68,1265.3,1258.12,1260.55
2014-06-12,1260.74,1274.8,1259.5,1272.85
2014-06-13,1272.23,1277.88,1270.9,1276.63
2014-06-16,1276.63,1284.9,1270.3,1271.45
2014-06-17,1271.41,1273.3,1258.94,1271.2
2014-06-18,1271.55,1278.71,1266.5,1277.25
2014-06-19,1277.7,1321.59,1275.6,1318.85
2014-06-20,1319.92,1321.99,1306.65,1314.1
2014-06-23,1314.1,1318.45,1309.8,1317.7
2014-06-24,1317.7,1325.96,1313.5,1318.3
2014-06-25,1318.3,1324.81,1307.75,1318.3
2014-06-26,1318.3,1319.84,1306.4,1316.8
2014-06-27,1316.8,1322.25,1312.88,1315.2
2014-06-30,1315.2,1329.5,1310.54,1326.75
2014-07-01,1326.75,1333.12,1323.98,1326.2
2014-07-02,1325.97,1331.96,1321.44,1326.5
2014-07-03,1326.85,1327.43,1309.9,1319.3
2014-07-07,1319.3,1320.74,1311.61,1319.35
2014-07-08,1318.94,1324.76,1313.6,1319.5
2014-07-09,1318.48,1332.3,1317.6,1326.55
2014-07-10,1326.55,1345.28,1324.64,1335
2014-07-11,1335,1339.2,1333.93,1338.4
2014-07-14,1338.4,1339.51,1303,1306.95
2014-07-15,1306.95,1313.76,1292.2,1294.1
2014-07-16,1294.1,1303.77,1293.39,1299.25
2014-07-17,1299.25,1324.44,1297.3,1317.65
2014-07-18,1318.15,1324.7,1304.73,1310.2
2014-07-21,1310.2,1318.39,1307.1,1311.9
2014-07-22,1311.9,1315.87,1302.2,1307.7
2014-07-23,1307.7,1311.19,1303.3,1303.6
2014-07-24,1303.7,1305.2,1287.8,1293.3
2014-07-25,1293.47,1308.66,1290.6,1307.8
2014-07-28,1307.8,1309.23,1301,1302.4
2014-07-29,1302.4,1312.19,1296.2,1298.85
2014-07-30,1298.85,1303.71,1291.99,1295.78
2014-07-31,1295.75,1297.35,1280.6,1281.7
2014-08-01,1282.54,1297.21,1280.57,1293.8
2014-08-04,1293.8,1295.45,1286.28,1287.7
2014-08-05,1287.7,1294.01,1282.68,1288.58
2014-08-06,1288.42,1309.56,1287.3,1305.45
2014-08-07,1305.45,1314.59,1302.22,1312.5
2014-08-08,1312.5,1322.69,1305.6,1309.3
2014-08-11,1309.3,1311.51,1304.8,1307.95
2014-08-12,1307.95,1317.86,1305.8,1308.65
2014-08-13,1308.65,1315.03,1305.07,1312.45
2014-08-14,1312.45,1319.42,1308.95,1312.2
2014-08-15,1312.2,1315.2,1292.71,1304.4
2014-08-18,1304.4,1304.58,1295.81,1297.05
2014-08-19,1297.05,1302.32,1294.04,1295.05
2014-08-20,1295.05,1297.96,1288,1291.15
2014-08-21,1291.15,1291.58,1273.09,1276.2
2014-08-22,1276.2,1283.05,1274.36,1280.7
2014-08-25,1280.7,1281.4,1274.55,1276.25
2014-08-26,1276.25,1290.98,1275.59,1280
2014-08-27,1280,1287.37,1280,1282.65
2014-08-28,1282.65,1296.53,1282.52,1288.9
2014-08-29,1289.02,1291.38,1283.61,1287.01
2014-09-02,1287.27,1287.6,1262.67,1265.75
2014-09-03,1265.92,1271.54,1261.4,1269.25
2014-09-04,1269.15,1277.25,1259.7,1259.7
2014-09-05,1260.68,1273.64,1257.46,1268.3
2014-09-08,1268.3,1271.8,1251.65,1255.25
2014-09-09,1255.25,1258.25,1247.65,1255.2
2014-09-10,1255.35,1257.8,1244.01,1249
2014-09-11,1249,1250.2,1235.11,1239.85
2014-09-12,1240,1241.68,1227.8,1228.1
2014-09-15,1228.1,1238.62,1225.81,1232.25
2014-09-16,1232.59,1242.07,1231.83,1234.75
2014-09-17,1234.75,1239.48,1221.63,1223.1
2014-09-18,1223.1,1227.96,1215.99,1224.55
2014-09-19,1224.55,1228.74,1213.94,1216
2014-09-22,1216,1220.45,1208.33,1214.55
2014-09-23,1214.55,1235.45,1214.4,1222.55
2014-09-24,1222.55,1226.08,1215.88,1216.5
2014-09-25,1216.5,1224.61,1207.1,1221.65
2014-09-26,1221.65,1231.3,1212.45,1218.8
2014-09-29,1218.8,1223.33,1215.12,1216.1
2014-09-30,1216.1,1220.18,1204.7,1208.5
2014-10-01,1208.5,1219.36,1204.85,1212.7
2014-10-02,1212.7,1222.41,1208.87,1214.25
2014-10-03,1214.25,1215.35,1190.2,1190.85
2014-10-06,1190.85,1209.03,1183.27,1206.82
2014-10-07,1206.82,1213.49,1203.13,1208.8
2014-10-08,1209.27,1224.16,1205.15,1221.57
2014-10-09,1221.57,1233.37,1219.2,1223.7
2014-10-10,1223.7,1225.49,1217.55,1223.2
2014-10-13,1223.2,1237.8,1222.94,1236.3
2014-10-14,1236.3,1238.2,1231.14,1232.05
2014-10-15,1232.05,1249.63,1222.05,1240.85
2014-10-16,1240.85,1245.25,1235.55,1238.75
2014-10-17,1238.75,1241.71,1231.85,1238.1
2014-10-20,1238.1,1248.8,1234.78,1246.6
2014-10-21,1246.6,1255.25,1245.5,1249.2
2014-10-22,1249.2,1249.8,1240.65,1240.95
2014-10-23,1240.95,1244.65,1226.45,1232.1
2014-10-24,1232.1,1234.3,1229.01,1230.9
2014-10-27,1230.9,1232.01,1225.57,1225.57
2014-10-28,1225.57,1235.56,1222.7,1228.02
2014-10-29,1227.89,1230.6,1208.56,1211.72
2014-10-30,1211.58,1216.7,1196.15,1198.9
2014-10-31,1198.9,1202.76,1161.37,1172.59
2014-11-03,1172.59,1173.87,1161.86,1165.35
2014-11-04,1165.42,1175,1164.1,1168.1
2014-11-05,1168.11,1169.75,1138.01,1140.4
2014-11-06,1140.34,1149.6,1138.34,1141.7
2014-11-07,1141.7,1178.75,1132.08,1177.83
2014-11-10,1177.7,1178.7,1147.56,1151.23
2014-11-11,1150.89,1173.26,1146.35,1163.96
2014-11-12,1164.02,1170.13,1157.52,1162.38
2014-11-13,1162.32,1168.08,1154.17,1162.17
2014-11-14,1162.23,1193.65,1147,1188.3
2014-11-17,1188.66,1194.27,1181.7,1186.34
2014-11-18,1186.34,1204.7,1183.61,1196.57
2014-11-19,1196.77,1202.25,1175.36,1182.5
2014-11-20,1182.37,1197.15,1177,1193.48
2014-11-21,1193.6,1207.85,1187.02,1201.28
2014-11-24,1201.15,1204.29,1193,1196.66
2014-11-25,1196.8,1202.93,1190.57,1200.6
2014-11-26,1200.81,1201.85,1195.1,1197.6
2014-11-28,1191.5,1191.5,1165.43,1167.23
2014-12-01,1167.23,1221.5,1143.01,1211.64
2014-12-02,1211.63,1213.38,1192.18,1197.84
2014-12-03,1198.13,1215.1,1194.61,1209.2
2014-12-04,1209.3,1213.39,1201.51,1205.13
2014-12-05,1204.53,1207.62,1186.55,1191.98
2014-12-08,1192.16,1208.97,1187.36,1203.2
2014-12-09,1203.4,1238.3,1199.45,1230.74
2014-12-10,1230.96,1238.25,1224.88,1225.99
2014-12-11,1225.87,1232.75,1216.12,1227.41
2014-12-12,1227.3,1228.19,1214.61,1222.32
2014-12-15,1222.29,1224.22,1190.8,1192.99
2014-12-16,1192.86,1223.48,1187.61,1196.72
2014-12-17,1196.9,1202.95,1183.96,1189.3
2014-12-18,1189.05,1213.86,1188.67,1198.7
2014-12-19,1198.3,1201.32,1193.91,1195.42
2014-12-22,1195.53,1203.37,1170.91,1176.17
2014-12-23,1176.1,1185,1172.78,1176.2
2014-12-24,1176.3,1181.25,1173.09,1174.67
2014-12-26,1173.86,1199.12,1173.5,1195.79
2014-12-29,1195.76,1197.52,1179.06,1182.96
2014-12-30,1183.21,1210.65,1180.95,1200.02
2014-12-31,1200.46,1203.85,1179.9,1184.02
2015-01-02,1182.16,1195,1167.72,1188.43
2015-01-05,1188.01,1207.8,1177.99,1204.48
2015-01-06,1204.47,1223.3,1201.91,1218.8
2015-01-07,1218.46,1219.2,1209.22,1211
2015-01-08,1211.1,1216.58,1204.73,1208.6
2015-01-09,1208.76,1224,1207.5,1222.95
2015-01-12,1222.9,1235.88,1217.74,1233.2
2015-01-13,1233.1,1244.22,1227.44,1230.58
2015-01-14,1230.67,1244.4,1225.21,1228.62
2015-01-15,1228.61,1266.78,1226.27,1262.18
2015-01-16,1262.6,1282.11,1255.2,1280.3
2015-01-20,1276.04,1297.14,1274.2,1294.95
2015-01-21,1295.26,1305.34,1284.81,1293
2015-01-22,1292.94,1307.59,1279.76,1302.07
2015-01-23,1301.8,1302.65,1284.58,1294.08
2015-01-26,1293.95,1299.21,1276.05,1281.1
2015-01-27,1281.45,1297.57,1272.5,1292.25
2015-01-28,1291.9,1293.87,1279.97,1284.06
2015-01-29,1284.15,1285.95,1252.05,1256.66
2015-01-30,1257.48,1284.8,1257.35,1283.09
2015-02-02,1283.18,1283.7,1266.65,1274.04
2015-02-03,1273.98,1285.8,1255.7,1260.2
2015-02-04,1260.1,1272.46,1256.92,1269
2015-02-05,1269,1274.16,1256.4,1264.5
2015-02-06,1264.5,1268.78,1228.54,1233.6
2015-02-09,1232.78,1243.7,1232.78,1238.9
2015-02-10,1238.9,1245.91,1231.17,1233.4
2015-02-11,1233.64,1238.9,1218.35,1218.5
2015-02-12,1219,1232.95,1217.2,1221.7
2015-02-13,1221.82,1235,1221.82,1229.42
2015-02-17,1230.54,1234,1203.95,1209.4
2015-02-18,1209.71,1213.52,1197.86,1212.03
2015-02-19,1212.2,1223.02,1205.63,1206.49
2015-02-20,1206.54,1215.39,1198.45,1201.58
2015-02-23,1201.59,1210.4,1190.98,1201.43
2015-02-24,1201.43,1204.55,1190.7,1200.2
2015-02-25,1200.2,1211.85,1200.2,1204.95
2015-02-26,1204.7,1220,1203.75,1209.23
2015-02-27,1209.2,1219.33,1204.67,1212.96
2015-03-02,1213.01,1223.3,1204.8,1206.7
2015-03-03,1206.7,1214.73,1195.59,1203.29
2015-03-04,1203.4,1209.01,1198.5,1200
2015-03-05,1200,1209.43,1196.7,1198.1
2015-03-06,1198.21,1200.75,1164,1167.15
2015-03-09,1166.91,1175.35,1166.1,1166.88
2015-03-10,1166.42,1170.53,1155.5,1161.42
2015-03-11,1161.74,1165.3,1147.72,1154.73
2015-03-12,1155.11,1166.65,1148.8,1152.82
2015-03-13,1153.16,1161.85,1151.63,1158.02
2015-03-16,1158.02,1164.12,1150.58,1154.14
2015-03-17,1154.15,1159.87,1142.97,1148.91
2015-03-18,1148.86,1175.77,1146.1,1167.09
2015-03-19,1167.04,1177.9,1159.83,1171.3
2015-03-20,1171,1187.97,1168.95,1182.2
2015-03-23,1182.2,1191.65,1179.55,1189.07
2015-03-24,1189.02,1195.03,1185.64,1192.6
2015-03-25,1192.63,1199.72,1186.85,1195.15
2015-03-26,1195.1,1219.85,1194.7,1203.9
2015-03-27,1204.19,1206.21,1192.8,1198.8
2015-03-30,1198.36,1199.42,1182.59,1185.1
2015-03-31,1185.55,1190.74,1178.69,1183.3
2015-04-01,1183.25,1208.6,1181.09,1203.62
2015-04-02,1203.83,1207.4,1195.17,1201.5
2015-04-06,1201.5,1224.23,1201.5,1214.47
2015-04-07,1214.38,1215.82,1207.7,1208.25
2015-04-08,1208.49,1212.39,1197.69,1202.65
2015-04-09,1202.6,1203.41,1192.85,1194.3
2015-04-10,1193.77,1210.75,1193.42,1207.5
2015-04-13,1207.4,1209.52,1196.6,1198.35
2015-04-14,1198.65,1201.53,1184.21,1192.4
2015-04-15,1192.24,1204.66,1189.1,1201.6
2015-04-16,1201.96,1209.17,1194.95,1198
2015-04-17,1198.68,1207.81,1197.65,1204.1
2015-04-20,1203.97,1209.23,1191.58,1196.25
2015-04-21,1195.99,1204.32,1193.31,1202.39
2015-04-22,1202.42,1204.91,1185.96,1187.06
2015-04-23,1187.35,1198.07,1184.55,1193.5
2015-04-24,1193.42,1196.03,1175.38,1178.97
2015-04-27,1178.91,1207.26,1178.77,1201.62
2015-04-28,1201.56,1215.07,1199.35,1211.94
2015-04-29,1211.69,1214.07,1201.55,1204.72
2015-04-30,1204.79,1207.25,1177.2,1183.97
2015-05-01,1184.21,1185.25,1170.5,1178
2015-05-04,1177.93,1192.86,1177.93,1187.97
2015-05-05,1188.07,1199.86,1185.9,1192.68
2015-05-06,1193.02,1197.73,1188.5,1191.29
2015-05-07,1191.7,1192.85,1179.11,1184.4
2015-05-08,1184.38,1193.8,1181.99,1187.5
2015-05-11,1188.24,1191.79,1179.1,1183.55
2015-05-12,1183.25,1197.22,1180.93,1193.15
2015-05-13,1192.96,1218.92,1191.48,1214.69
2015-05-14,1215.21,1227.28,1212.45,1221
2015-05-15,1221.15,1226.2,1211.22,1223.7
2015-05-18,1223.69,1232.41,1221.8,1225.05
2015-05-19,1225.61,1225.76,1205.99,1207.55
2015-05-20,1208.11,1213.57,1203.48,1209.45
2015-05-21,1209.53,1212.8,1201.74,1206.25
2015-05-22,1206.32,1214.9,1201.72,1205.4
2015-05-26,1206.85,1207.58,1185.7,1187.15
2015-05-27,1187.08,1190.96,1183.9,1187.5
2015-05-28,1187.66,1192.2,1180.36,1187.95
2015-05-29,1187.64,1193.8,1185.96,1190
2015-06-01,1189.78,1204.34,1184.68,1188.95
2015-06-02,1189.22,1196.31,1186.19,1192.58
2015-06-03,1193.3,1195.54,1179.7,1184.95
2015-06-04,1185.43,1186.51,1173,1176.45
2015-06-05,1176.56,1178.58,1162.98,1171.5
2015-06-08,1171.63,1177.66,1169.32,1173.45
2015-06-09,1173.76,1182.96,1172.77,1176.14
2015-06-10,1176.31,1192.32,1175.3,1185.35
2015-06-11,1185.85,1188.03,1175.88,1181.64
2015-06-12,1181.44,1184.35,1176.89,1180.8
2015-06-15,1181.35,1190.49,1173.01,1185.55
2015-06-16,1185.6,1187.9,1176.28,1181.35
2015-06-17,1181.45,1189.21,1174.84,1185.25
2015-06-18,1184.47,1205.76,1183.88,1201.38
2015-06-19,1201.82,1204.2,1198.61,1200
2015-06-22,1200.04,1201.08,1182.3,1185.75
2015-06-23,1185.4,1188.13,1176.42,1177.73
2015-06-24,1177.9,1180.27,1170.13,1174.72
2015-06-25,1174.71,1178.1,1171.74,1172.6
2015-06-26,1172.95,1178.7,1168.78,1175.04
2015-06-29,1175.35,1188.07,1174.05,1179.85
2015-06-30,1180.1,1180.54,1166.99,1172.75
2015-07-01,1172.99,1175.07,1167.84,1168.4
2015-07-02,1168.16,1169.73,1157.2,1166.05
2015-07-06,1168.69,1174.88,1163.08,1169.78
2015-07-07,1169.37,1170.56,1148,1154.65
2015-07-08,1154.82,1164.71,1147.44,1156.95
2015-07-09,1158.13,1167.8,1156.22,1159.35
2015-07-10,1159.51,1165.42,1157.62,1162.65
2015-07-13,1163.28,1164.76,1151.3,1157.45
2015-07-14,1157.47,1159.82,1153.14,1155.4
2015-07-15,1154.89,1156.85,1143.41,1148.85
2015-07-16,1147.22,1149.46,1142.55,1144.55
2015-07-17,1145.29,1145.81,1131.27,1134.32
2015-07-20,1134.57,1134.57,1073.53,1097.45
2015-07-21,1098.96,1109.91,1097.2,1100.85
2015-07-22,1100.98,1103.43,1087.29,1094
2015-07-23,1094.51,1105.87,1087.51,1090.15
2015-07-24,1090.62,1102,1077.4,1098.9
2015-07-27,1098.85,1105.02,1088.69,1093.8
2015-07-28,1094.92,1099,1091.8,1094.85
2015-07-29,1094.88,1101.97,1090.4,1096.35
2015-07-30,1096.9,1098.69,1082.82,1087.95
2015-07-31,1088.41,1103.49,1080.22,1095.01
2015-08-03,1095.3,1097.78,1085.6,1085.6
2015-08-04,1085.78,1094.92,1081.21,1087.35
2015-08-05,1087.53,1092.57,1083.1,1084.65
2015-08-06,1084.75,1094.04,1083.73,1089.15
2015-08-07,1089.34,1099.55,1083,1093.64
2015-08-10,1093.93,1108.94,1089.89,1103.85
2015-08-11,1104.17,1119.42,1094.08,1108.4
2015-08-12,1108.45,1125.88,1102,1124.75
2015-08-13,1125.4,1126.81,1113.83,1114.55
2015-08-14,1114.86,1121.1,1112,1114.56
2015-08-17,1114.79,1122.85,1113.97,1117.35
2015-08-18,1117.54,1121.19,1109.8,1117.45
2015-08-19,1117.56,1134.7,1116.46,1133.85
2015-08-20,1133.34,1154.02,1132.9,1152.35
2015-08-21,1153.29,1168.32,1149.14,1160.23
2015-08-24,1160.61,1170.13,1145.75,1154.65
2015-08-25,1155.44,1156.66,1134.8,1140.35
2015-08-26,1140.33,1146.48,1117.9,1124.75
2015-08-27,1125.17,1129.32,1118.43,1125.35
2015-08-28,1125.22,1140.88,1124,1133.07
2015-08-31,1133.35,1136.7,1125.82,1134.35
2015-09-01,1134.29,1147.89,1134.29,1139.75
2015-09-02,1139.52,1142.46,1132.23,1133.35
2015-09-03,1133.42,1134.36,1122.07,1124.75
2015-09-04,1124.85,1132.56,1116.91,1121.24
2015-09-08,1118.62,1126.79,1118.62,1121.45
2015-09-09,1121.56,1125.39,1101.49,1106.33
2015-09-10,1106.28,1115,1104.05,1111.15
2015-09-11,1110.77,1112.87,1098.96,1107.26
2015-09-14,1107.54,1110.56,1103.73,1107.92
2015-09-15,1107.62,1109.45,1102.67,1104.95
2015-09-16,1104.96,1124.23,1104.16,1118.95
2015-09-17,1118.92,1135.98,1115.58,1130.3
2015-09-18,1130.29,1141.77,1127.75,1138.9
2015-09-21,1138.99,1139.96,1129.73,1132.95
2015-09-22,1133.25,1136.65,1121.5,1124.05
2015-09-23,1124.11,1134.33,1122.07,1129.95
2015-09-24,1129.99,1156.72,1129.99,1153.69
2015-09-25,1151.17,1151.62,1140.94,1145.87
2015-09-28,1146.03,1148.29,1128.23,1131.65
2015-09-29,1131.84,1134.76,1124.37,1126.75
2015-09-30,1127.24,1128.17,1111.89,1114.55
2015-10-01,1115.16,1119.23,1111.29,1113.15
2015-10-02,1113.04,1141.31,1104.79,1137.52
2015-10-05,1138.38,1142.01,1130.33,1135.35
2015-10-06,1135.05,1151.25,1135.05,1146.55
2015-10-07,1146.57,1153.66,1142.04,1144.85
2015-10-08,1145.17,1151.3,1136.79,1138.45
2015-10-09,1138.61,1159.8,1138.61,1155.58
2015-10-12,1154.93,1169,1154.93,1163.15
2015-10-13,1163.13,1168.81,1151.98,1168.25
2015-10-14,1168.24,1189.83,1163.5,1184.05
2015-10-15,1183.77,1191.57,1174.55,1182.75
2015-10-16,1182.24,1184.56,1174.5,1176.55
2015-10-19,1176.69,1178.24,1168.8,1170.35
2015-10-20,1170.74,1180.86,1167.63,1175.55
2015-10-21,1175.25,1179.24,1163.82,1166.65
2015-10-22,1166.7,1171.84,1162.78,1165.35
2015-10-23,1165.8,1179.45,1159.14,1163.81
2015-10-26,1164,1169.68,1162.37,1162.95
2015-10-27,1162.79,1168.76,1160.87,1166.35
2015-10-28,1166.34,1183,1152.45,1155.55
2015-10-29,1156.35,1162.7,1144.87,1145.45
2015-10-30,1146.74,1150.07,1139.29,1141.59
2015-11-02,1141.83,1142.99,1132.8,1133.5
2015-11-03,1133.15,1138.31,1114.6,1117.6
2015-11-04,1117.6,1122.85,1106.58,1107.75
2015-11-05,1107.7,1111.61,1103.21,1103.7
2015-11-06,1103.7,1110.46,1085.65,1089.58
2015-11-09,1089.67,1095.78,1088.58,1092.1
2015-11-10,1091.9,1095.23,1085.47,1089.52
2015-11-11,1089.31,1094,1084.32,1086.3
2015-11-12,1086,1089.64,1074.34,1084.9
2015-11-13,1085.13,1088.65,1079.84,1083.76
2015-11-16,1083.48,1098.14,1081.57,1082.58
2015-11-17,1082.42,1085.29,1065.7,1070.01
2015-11-18,1069.98,1075.37,1064,1070.57
2015-11-19,1070.6,1087.46,1069.78,1082.13
2015-11-20,1081.91,1088.1,1076.06,1077.86
2015-11-23,1078.26,1078.26,1066.58,1068.9
2015-11-24,1068.63,1081.17,1068.63,1075.5
2015-11-25,1075.43,1080.81,1068.04,1071.07
2015-11-27,1071.24,1073.87,1052.95,1057.84
2015-11-30,1058.09,1069.73,1053.35,1064.6
2015-12-01,1064.6,1074.71,1063.43,1069.17
2015-12-02,1068.99,1071.53,1050.72,1053.35
2015-12-03,1053.5,1065.49,1046.54,1061.74
2015-12-04,1061.9,1088.9,1058.37,1085.85
2015-12-07,1085.85,1086.85,1066.65,1071.2
2015-12-08,1071.2,1079.18,1067.87,1074.71
2015-12-09,1074.57,1085.4,1069.51,1072.35
2015-12-10,1072.47,1076.54,1069.58,1071.37
2015-12-11,1071.17,1079.67,1062.63,1074.38
2015-12-14,1074.44,1077.54,1059.73,1059.73
2015-12-15,1059.86,1068.7,1058.88,1060.83
2015-12-16,1060.83,1078.45,1060.83,1072.06
2015-12-17,1072.06,1073.3,1047.81,1050.95
2015-12-18,1050.79,1071.54,1050.79,1066.14
2015-12-21,1065.92,1081.79,1064.09,1077.83
2015-12-22,1078.22,1080.78,1072.06,1072.3
2015-12-23,1072.31,1075.53,1068.45,1070.14
2015-12-24,1069.96,1077.11,1069.96,1075.8
2015-12-28,1076.65,1077,1066.7,1069.09
2015-12-29,1068.8,1075.3,1067.71,1068.81
2015-12-30,1068.9,1072.22,1059.61,1061.3
2015-12-31,1061.2,1063.57,1058.27,1061.19
2016-01-04,1061.2,1083.57,1061.2,1074.45
2016-01-05,1074.5,1082.05,1072.85,1077.22
2016-01-06,1077.28,1095.25,1075.17,1093.22
2016-01-07,1093.5,1110.12,1091.59,1108.71
2016-01-08,1108.57,1113.12,1092.79,1104.27
2016-01-11,1103.97,1108.58,1093.85,1094.11
2016-01-12,1094.09,1099.23,1083.63,1086.09
2016-01-13,1086.09,1095.5,1079.96,1092.99
2016-01-14,1093.3,1095.38,1071.65,1078.15
2016-01-15,1078.07,1097.47,1076.46,1088.69
2016-01-19,1089.14,1094.59,1082.67,1087.1
2016-01-20,1087.02,1109.61,1087.02,1100.6
2016-01-21,1100.64,1104.53,1092.63,1100.77
2016-01-22,1100.97,1102.88,1094.28,1097.76
2016-01-25,1097.71,1108.94,1097.49,1107.74
2016-01-26,1107.74,1122.94,1107.24,1119.74
2016-01-27,1119.74,1128.08,1115.01,1124.55
2016-01-28,1124.5,1125.86,1111.65,1114.85
2016-01-29,1114.9,1118.49,1108.72,1118.12
2016-02-01,1117.93,1129.75,1115.58,1128.21
2016-02-02,1128.21,1131.06,1122.54,1128.79
2016-02-03,1128.72,1145.52,1124.63,1142.2
2016-02-04,1142.2,1157.38,1139.64,1155.3
2016-02-05,1155.26,1174.5,1145.45,1172.98
2016-02-08,1173.06,1200.89,1164.41,1188.94
2016-02-09,1188.82,1198.92,1185.91,1188.79
2016-02-10,1188.8,1197.69,1181.7,1196.91
2016-02-11,1197.04,1263.37,1196.19,1246.57
2016-02-12,1246.5,1248.22,1232.61,1237.19
2016-02-16,1208.81,1216.96,1191.08,1199.51
2016-02-17,1199.88,1213.78,1195.92,1208.09
2016-02-18,1208.12,1239.96,1200.93,1230.47
2016-02-19,1230.77,1234.53,1220.15,1225.86
2016-02-22,1226.19,1227.7,1202.13,1208.61
2016-02-23,1208.45,1228.28,1207.43,1225.3
2016-02-24,1225.45,1253.32,1222.04,1228.73
2016-02-25,1228.66,1243.14,1221.4,1232.81
2016-02-26,1232.81,1240.46,1211.63,1222.16
2016-02-29,1222.3,1241.13,1215.98,1238.36
2016-03-01,1238.4,1248.57,1227.4,1231.68
2016-03-02,1231.9,1244.07,1224.95,1239.64
2016-03-03,1239.8,1268.29,1237.6,1264.11
2016-03-04,1264.1,1279.85,1250.4,1258.62
2016-03-07,1259.76,1273.17,1256.97,1267.05
2016-03-08,1267,1278.1,1260.41,1261.23
2016-03-09,1261.32,1264.95,1243.13,1252.64
2016-03-10,1253.09,1273.36,1237.24,1272.09
2016-03-11,1272.08,1284.53,1248.56,1250.18
2016-03-14,1250.32,1261.1,1229.51,1234.35
2016-03-15,1235.72,1238.11,1225.81,1231.85
2016-03-16,1232.63,1263.98,1226.9,1261.95
2016-03-17,1260.96,1270.94,1254.62,1257.3
2016-03-18,1257.07,1266.86,1248.01,1255.07
2016-03-21,1255.02,1256,1240.81,1243.15
2016-03-22,1243.83,1260.17,1242.6,1247.85
2016-03-23,1247.52,1249.43,1215.42,1219.75
2016-03-24,1220.47,1223.84,1212.36,1216.83
2016-03-28,1216.83,1223.1,1208.08,1220.95
2016-03-29,1221.13,1243.1,1215.56,1241.35
2016-03-30,1240.6,1244.25,1223.36,1224.69
2016-03-31,1225.04,1240.41,1223.92,1232.15
2016-04-01,1232.1,1235.37,1209.13,1221.84
2016-04-04,1221.79,1222.56,1214.81,1214.95
2016-04-05,1215.37,1236.8,1215,1230.95
2016-04-06,1230.98,1232.18,1216.99,1222.35
2016-04-07,1222.81,1243.25,1222.81,1240.35
2016-04-08,1238.63,1242.8,1229.8,1239.32
2016-04-11,1239.27,1258.71,1239.27,1257.25
2016-04-12,1257.47,1262.65,1251.43,1254.55
2016-04-13,1254.91,1256.75,1239.8,1242.05
2016-04-14,1241.57,1244.1,1224.05,1226.95
2016-04-15,1227,1235.89,1225.49,1233.74
2016-04-18,1233.39,1241.61,1230.23,1231.85
2016-04-19,1232.13,1256.64,1227.9,1250.1
2016-04-20,1249.83,1257.98,1242.6,1243.55
2016-04-21,1242.66,1270.4,1242.66,1247.65
2016-04-22,1246.71,1252.63,1227.6,1232.26
2016-04-25,1232.21,1242.26,1230.3,1237.35
2016-04-26,1238.23,1244.88,1231.55,1243.35
2016-04-27,1244.03,1252.78,1239.73,1245.65
2016-04-28,1245.15,1269.62,1237.97,1265.85
2016-04-29,1265.77,1296.72,1265.2,1292.77
2016-05-02,1292.72,1303.76,1287.85,1291
2016-05-03,1291.22,1301.77,1282.4,1285.85
2016-05-04,1285.41,1289.75,1272.01,1279.35
2016-05-05,1279.14,1286.44,1269.1,1278
2016-05-06,1277.39,1295.6,1274.65,1288.03
2016-05-09,1287.52,1288.22,1261.58,1263.45
2016-05-10,1263.74,1270.01,1257.03,1265.15
2016-05-11,1265.53,1279.11,1264.97,1276.85
2016-05-12,1277.73,1280.88,1262,1262.85
2016-05-13,1263.36,1276.31,1263.1,1272.45
2016-05-16,1272.99,1288.8,1270.92,1273.45
2016-05-17,1273.32,1282.26,1269.25,1278.85
2016-05-18,1278.85,1281.6,1255.27,1258.45
2016-05-19,1257.78,1261.3,1243.96,1254.15
2016-05-20,1254.74,1260.19,1248.98,1251.95
2016-05-23,1251.9,1256.04,1243.3,1248.84
2016-05-24,1248.77,1252.21,1226.54,1226.55
2016-05-25,1227.14,1230.25,1217.96,1224.15
2016-05-26,1223.42,1234.3,1218.51,1219.6
2016-05-27,1219.56,1223.58,1207,1212.75
2016-05-31,1206.14,1218.25,1205.89,1214.95
2016-06-01,1215.18,1220.44,1206.14,1212.05
2016-06-02,1213.61,1217.66,1210.01,1210.55
2016-06-03,1210.62,1244.75,1207.17,1243.82
2016-06-06,1244.4,1248.76,1240.08,1244.95
2016-06-07,1245.08,1246.59,1235,1243.25
2016-06-08,1243.93,1264.42,1243.16,1262.25
2016-06-09,1261.7,1271.72,1256.98,1269.05
2016-06-10,1268.74,1278.13,1264.76,1273.58
2016-06-13,1273.53,1287.2,1272.65,1283.05
2016-06-14,1283.2,1289.83,1276.52,1285.7
2016-06-15,1284.91,1296.84,1278.66,1291.82
2016-06-16,1291.77,1315.61,1277,1277
2016-06-17,1279.08,1299.58,1276.78,1298.18
2016-06-20,1298.47,1298.47,1278.1,1289.55
2016-06-21,1289.31,1294.26,1264.76,1267.85
2016-06-22,1268.64,1270.69,1261.41,1265.75
2016-06-23,1264.95,1271.94,1254.7,1256.32
2016-06-24,1251.58,1358.8,1250.65,1315.18
2016-06-27,1315.13,1335.43,1315.13,1324.35
2016-06-28,1324.34,1326.24,1305.5,1311.94
2016-06-29,1310.57,1327.82,1310.57,1318.05
2016-06-30,1317.33,1324.18,1313.03,1321.49
2016-07-01,1321.64,1344.53,1320.81,1340.67
2016-07-05,1350.68,1357.62,1338.3,1355.95
2016-07-06,1355.19,1375.15,1355.19,1363.45
2016-07-07,1363.07,1370.71,1350.8,1359.9
2016-07-08,1359.24,1370.34,1335.4,1365.85
2016-07-11,1366.43,1375.12,1351.02,1355.15
2016-07-12,1355.09,1357.67,1330.4,1332.25
2016-07-13,1333.03,1345.33,1327.76,1342.19
2016-07-14,1343.52,1347.13,1320.36,1334.6
2016-07-15,1336.04,1338.8,1322.7,1337.29
2016-07-18,1337.29,1337.51,1323.7,1328.75
2016-07-19,1328.5,1335.04,1325.8,1331.75
2016-07-20,1331.4,1338.4,1312.85,1315.25
2016-07-21,1315.92,1333.91,1311,1330.75
2016-07-22,1331.05,1333.8,1319.88,1322.1
2016-07-25,1322.05,1323.84,1312.3,1315.25
2016-07-26,1315.4,1324.51,1313.97,1320.15
2016-07-27,1319.62,1342.42,1316,1339.5
2016-07-28,1339.17,1345.56,1332.73,1335.05
2016-07-29,1335.46,1355.11,1328.84,1350.57
2016-08-01,1350.8,1354.94,1346.52,1352.55
2016-08-02,1353.44,1367.3,1347.2,1363.55
2016-08-03,1363.37,1366.47,1354.2,1357.55
2016-08-04,1358.01,1365.01,1349.36,1361.15
2016-08-05,1360.5,1364.71,1334.91,1335.5
2016-08-08,1335.45,1338.32,1330.12,1335.15
2016-08-09,1335.29,1342.6,1330.74,1340.25
2016-08-10,1340.37,1357.3,1340.24,1346.05
2016-08-11,1346.8,1353.37,1335.98,1338.15
2016-08-12,1338.67,1356.39,1333.48,1335.49
2016-08-15,1335.74,1343.81,1335.74,1338.85
2016-08-16,1339.55,1358.05,1339.55,1345.65
2016-08-17,1345.5,1351.66,1336.27,1348.35
2016-08-18,1348.26,1356.09,1346.29,1353.8
2016-08-19,1352.09,1352.86,1337.9,1340.9
2016-08-22,1341.2,1341.2,1331.98,1338.65
2016-08-23,1338.74,1344.78,1335.42,1337.05
2016-08-24,1337.97,1340.13,1323.75,1323.75
2016-08-25,1323.97,1327.04,1318.2,1321.45
2016-08-26,1321.35,1342.26,1318.58,1320.59
2016-08-29,1320.94,1325.11,1315.08,1322.65
2016-08-30,1323.52,1325.48,1309.3,1310.45
2016-08-31,1311.61,1316.13,1304.38,1308.76
2016-09-01,1309.49,1315.12,1302.61,1313.05
2016-09-02,1314.24,1330.2,1305.11,1327.2
2016-09-06,1326.78,1352.61,1325.04,1349.75
2016-09-07,1348.42,1352.58,1342.82,1344.25
2016-09-08,1344.78,1349.4,1335.61,1337.45
2016-09-09,1337.37,1339.57,1327.51,1327.51
2016-09-12,1327.84,1330.31,1320.6,1327.15
2016-09-13,1327.85,1332.1,1315.86,1318.05
2016-09-14,1319.18,1326.16,1313.73,1322.55
2016-09-15,1321.67,1328.45,1309.1,1313.95
2016-09-16,1314.66,1318.16,1306.38,1309.85
2016-09-19,1309.87,1318.41,1309.6,1312.84
2016-09-20,1312.79,1317.92,1312.19,1314.45
2016-09-21,1314.56,1337.06,1307.96,1335.15
2016-09-22,1334.69,1343.66,1331.4,1336.55
2016-09-23,1336.56,1340.61,1334,1337.34
2016-09-26,1337.29,1342.12,1332.9,1337.35
2016-09-27,1337.34,1339.51,1324.8,1327.22
2016-09-28,1326.51,1327.58,1318.19,1321.11
2016-09-29,1321.54,1325.83,1316.26,1320.13
2016-09-30,1320.11,1328.06,1313.46,1315.55
2016-10-03,1315.5,1319.62,1309.54,1311.56
2016-10-04,1312.17,1313.02,1267.13,1268.15
2016-10-05,1268.16,1277.16,1262.33,1267.21
2016-10-06,1266.13,1269.41,1250.05,1253.9
2016-10-07,1254.76,1265.4,1241.5,1257.39
2016-10-10,1257.34,1264.93,1256.8,1259.6
2016-10-11,1259.32,1262.19,1252.05,1252.05
2016-10-12,1252.26,1258.9,1249.94,1254.75
2016-10-13,1255.65,1262.31,1253.29,1257.25
2016-10-14,1257.81,1259.56,1246.26,1250
2016-10-17,1250.56,1257.24,1250.53,1254.9
2016-10-18,1254.51,1264.72,1254.51,1262.15
2016-10-19,1262.55,1273.35,1260.5,1268.95
2016-10-20,1269.38,1274.59,1263.1,1263.1
2016-10-21,1265.73,1268.01,1261.36,1265.71
2016-10-24,1265.62,1272,1260.57,1263.96
2016-10-25,1264.34,1276.69,1262.26,1273.45
2016-10-26,1274.01,1276.44,1264.88,1266.55
2016-10-27,1266.53,1272.78,1265.3,1268.05
2016-10-28,1268.06,1284.24,1261.9,1275.53
2016-10-31,1275.48,1279.5,1271.4,1276.75
2016-11-01,1276.86,1291.85,1275.75,1287.75
2016-11-02,1287.86,1307.99,1287.59,1296.8
2016-11-03,1296.93,1306.75,1285.7,1301.45
2016-11-04,1301.86,1307.14,1294.96,1303.7
2016-11-07,1292.95,1295.86,1278.34,1281.3
2016-11-08,1281.2,1290.64,1273.06,1275.4
2016-11-09,1275.29,1337.34,1268.52,1277.75
2016-11-10,1277.7,1292.21,1252.47,1258.6
2016-11-11,1258.5,1265.4,1219.33,1226.98
2016-11-14,1227.1,1231.35,1211.73,1220.9
2016-11-15,1221.2,1231.54,1219.15,1228.42
2016-11-16,1228.46,1233.1,1221.67,1225
2016-11-17,1224.83,1231.45,1211.28,1216.47
2016-11-18,1216.4,1217.8,1203.12,1208.29
2016-11-21,1208.3,1217.62,1205.83,1214
2016-11-22,1214,1221,1206.34,1212.1
2016-11-23,1212.1,1214.99,1181.92,1187.88
2016-11-25,1181.38,1193.23,1171.07,1183.8
2016-11-28,1183.75,1197.6,1183.01,1193.5
2016-11-29,1193.5,1195.09,1181.2,1187.88
2016-11-30,1187.85,1194.95,1170.83,1172.89
2016-12-01,1173.2,1176.69,1160.95,1171.6
2016-12-02,1171.6,1178.16,1166.93,1177.05
2016-12-05,1176.53,1188.1,1157.3,1169.97
2016-12-06,1170.2,1175.3,1166.94,1169.5
2016-12-07,1169.5,1180.22,1165.81,1173.4
2016-12-08,1173.4,1178.68,1169.42,1170.6
2016-12-09,1170.6,1172.01,1156.43,1159.36
2016-12-12,1158.01,1165.81,1151.49,1162.1
2016-12-13,1162.2,1164.99,1154.8,1157.14
2016-12-14,1157.58,1165.36,1139.02,1142.9
2016-12-15,1142.57,1144.41,1122.81,1128.02
2016-12-16,1128.1,1141.25,1126.85,1134.71
2016-12-19,1134.52,1142.32,1133.97,1137.7
2016-12-20,1137.7,1139.76,1125.96,1132.3
2016-12-21,1132.2,1137.1,1129.59,1131.3
2016-12-22,1131.4,1134.08,1127.99,1127.99
2016-12-23,1127.97,1135.84,1127.97,1133.63
2016-12-27,1133.5,1150.96,1131.92,1138.6
2016-12-28,1138.6,1144.47,1136.68,1141.03
2016-12-29,1141.5,1159.54,1141.5,1157.8
2016-12-30,1157.9,1163.21,1149.94,1150.62
2017-01-03,1151.49,1164.5,1146.23,1158.5
2017-01-04,1158.5,1167.9,1156.4,1163.4
2017-01-05,1163.21,1185.04,1163.19,1180.2
2017-01-06,1180.2,1182.92,1171.15,1172.13
2017-01-09,1172.26,1186.19,1172.17,1180.75
2017-01-10,1180.9,1190.61,1180.37,1187.5
2017-01-11,1187.5,1198.3,1177.37,1191.38
2017-01-12,1191.3,1206.94,1190.97,1195.15
2017-01-13,1195.03,1201.14,1188.02,1197.04
2017-01-17,1202.85,1218.9,1202.85,1216.38
2017-01-18,1216.55,1217.75,1202.57,1203.9
2017-01-19,1203.92,1206.47,1196.06,1204.58
2017-01-20,1204.55,1214.9,1198.81,1209.87
2017-01-23,1209.82,1219.45,1209.14,1217.7
2017-01-24,1217.68,1220.12,1206.83,1208.57
2017-01-25,1208.66,1209.78,1193.44,1200.36
2017-01-26,1200.38,1202.62,1184.62,1188.3
2017-01-27,1188.41,1191.59,1180.74,1190.64
2017-01-30,1190.6,1199.41,1188.4,1195.37
2017-01-31,1195.35,1215.32,1193.95,1210.47
2017-02-01,1210.52,1213.23,1198.39,1209.5
2017-02-02,1209.59,1225.28,1208.65,1215.73
2017-02-03,1215.47,1221.36,1207.38,1220.2
2017-02-06,1220.05,1235.67,1218.93,1235.21
2017-02-07,1235.27,1235.78,1227.8,1233.46
2017-02-08,1233.5,1244.71,1230.27,1241.2
2017-02-09,1241.31,1244.46,1228.1,1228.1
2017-02-10,1228.1,1237.16,1221.85,1233.61
2017-02-13,1233.13,1233.58,1219.49,1225
2017-02-14,1225.05,1234.6,1222.08,1228.28
2017-02-15,1228.14,1233.5,1216.8,1233.5
2017-02-16,1233.4,1242.35,1232.33,1238.8
2017-02-17,1239.18,1243.78,1234.16,1234.16
2017-02-21,1237.31,1238.84,1226.32,1235.6
2017-02-22,1235.51,1240.78,1231.42,1237.4
2017-02-23,1237.42,1251.08,1235.91,1249.3
2017-02-24,1249.52,1260.12,1247.99,1256.74
2017-02-27,1256.74,1263.87,1251.07,1252.59
2017-02-28,1252.67,1258.37,1247.82,1248.22
2017-03-01,1248.24,1250.6,1237.11,1249.37
2017-03-02,1249.28,1249.98,1231.1,1234.22
2017-03-03,1234.05,1236.29,1223.1,1234.41
2017-03-06,1234.35,1236.87,1225.08,1225.31
2017-03-07,1225.31,1227.16,1214.37,1215.6
2017-03-08,1215.6,1218.54,1206.82,1208.14
2017-03-09,1208.08,1209.01,1199.41,1201
2017-03-10,1201.01,1206.3,1195.13,1204.14
2017-03-13,1204.14,1211.16,1202.62,1203.65
2017-03-14,1203.67,1207.7,1197.2,1197.2
2017-03-15,1198.65,1222.01,1197.76,1219.05
2017-03-16,1218.98,1233.73,1218.31,1225.88
2017-03-17,1226.1,1231.66,1224.69,1228.6
2017-03-20,1229.31,1235.52,1229.31,1233.2
2017-03-21,1233.97,1247.55,1227.09,1244.05
2017-03-22,1243.98,1251.32,1243.98,1247.95
2017-03-23,1248.77,1253.31,1242.97,1245.05
2017-03-24,1244.84,1251.84,1241.13,1243.13
2017-03-27,1245.13,1261.01,1245.13,1253.95
2017-03-28,1253.64,1258.4,1247.86,1251.15
2017-03-29,1250.74,1254.62,1247.5,1253.21
2017-03-30,1253.52,1253.83,1242.51,1242.85
2017-03-31,1241.92,1250.6,1239.88,1248.78
2017-04-03,1248.91,1253.7,1244.68,1252.95
2017-04-04,1253.35,1261.25,1253.35,1255.65
2017-04-05,1255.96,1257.4,1243.93,1255.25
2017-04-06,1255.58,1258.91,1249.93,1251.85
2017-04-07,1251.64,1270.94,1250.8,1253.5
2017-04-10,1254.07,1257.2,1247.31,1254.48
2017-04-11,1254.95,1275.11,1253.29,1273.95
2017-04-12,1274.77,1286.75,1272.12,1286.15
2017-04-13,1286.1,1288.56,1281.99,1286.86
2017-04-17,1287.47,1295.46,1281.6,1284.45
2017-04-18,1284.49,1292.3,1279.09,1289.35
2017-04-19,1289.6,1290.71,1274.07,1279.55
2017-04-20,1280.32,1283.4,1276.83,1281.3
2017-04-21,1281.58,1288.3,1278.68,1284.03
2017-04-24,1284.23,1284.29,1265.67,1275.55
2017-04-25,1276.02,1278.2,1261.76,1263.8
2017-04-27,1268.51,1269.59,1261.38,1263.85
2017-04-28,1263.83,1268.52,1263.25,1267.91
2017-05-01,1267.66,1271.16,1254.34,1256.05
2017-05-02,1255.93,1257.73,1252.16,1256.25
2017-05-03,1256.55,1256.92,1236.1,1237.8
2017-05-04,1237.74,1241.26,1225.85,1227.2
2017-05-05,1228.13,1235.58,1226.26,1228.04
2017-05-08,1228.4,1236.51,1221.39,1225.95
2017-05-09,1226.06,1228.59,1214.4,1220.65
2017-05-10,1221.75,1225.63,1217.79,1218.55
2017-05-11,1218.85,1227.73,1217.17,1224.35
2017-05-12,1224.8,1231.74,1224.63,1227.93
2017-05-15,1228.22,1237.31,1227.15,1229.75
2017-05-16,1230.68,1239.1,1230.56,1236.55
2017-05-17,1237,1261.3,1236.74,1260.85
2017-05-18,1260.98,1265.01,1245.4,1245.4
2017-05-19,1246.85,1256.5,1246.52,1255
2017-05-22,1255.23,1262.56,1251.97,1260.25
2017-05-23,1260.25,1263.76,1250.65,1250.65
2017-05-24,1251.08,1258.93,1248.08,1258.05
2017-05-25,1258.23,1259.63,1254.01,1255.25
2017-05-26,1255.29,1269.5,1253.3,1266.85
2017-05-30,1267.08,1270.45,1259.56,1262.75
2017-05-31,1262.87,1274.09,1259.76,1268.55
2017-06-01,1268.93,1270.31,1261.68,1265.15
2017-06-02,1265.55,1279.5,1259.24,1278.77
2017-06-05,1278.82,1283.4,1277.97,1279.05
2017-06-06,1279.58,1296.06,1279.58,1294.12
2017-06-07,1294.25,1294.91,1282.87,1287
2017-06-08,1286.78,1288.91,1271.5,1278.1
2017-06-09,1281.59,1281.59,1264.8,1265.9
2017-06-12,1266.45,1270.37,1263.78,1265.65
2017-06-13,1265.32,1269,1259.32,1266.25
2017-06-14,1266.14,1281.16,1257.36,1260.6
2017-06-15,1260.49,1266.72,1251.6,1253.75
2017-06-16,1253.84,1257.14,1252.02,1253.1
2017-06-19,1253.66,1255.66,1243.24,1243.35
2017-06-20,1243.65,1248.1,1241.48,1242.65
2017-06-21,1242.6,1247.82,1241.03,1246.05
2017-06-22,1245.31,1254.82,1245.31,1250.1
2017-06-23,1249.84,1258.9,1249.84,1256.4
2017-06-26,1256.6,1258.11,1236.37,1244.05
2017-06-27,1243.99,1253.1,1241.53,1246.55
2017-06-28,1246.66,1254.88,1246.52,1248.75
2017-06-29,1249.19,1253.19,1239.97,1245.35
2017-06-30,1244.87,1248.24,1239.38,1241.33
2017-07-03,1241.28,1242.71,1218.36,1219.35
2017-07-05,1223.86,1228.82,1217.63,1226.75
2017-07-06,1226.75,1229.37,1222.7,1224.65
2017-07-07,1224.89,1228.5,1207.51,1212.49
2017-07-10,1212.84,1215.58,1205.02,1213.75
2017-07-11,1214.15,1217.6,1208.38,1217.4
2017-07-12,1216.7,1225.77,1213.66,1219.75
2017-07-13,1219.31,1224.42,1216.73,1216.9
2017-07-14,1216.93,1232.9,1215,1228.55
2017-07-17,1228.52,1236.1,1228.46,1233.75
2017-07-18,1233.89,1244.54,1233.01,1242.15
2017-07-19,1242.37,1244.02,1236.08,1240.85
2017-07-20,1240.85,1247.6,1235.46,1244.15
2017-07-21,1244.32,1255.9,1243.56,1254.91
2017-07-24,1254.91,1258.79,1252.11,1254.95
2017-07-25,1255.11,1257.89,1249.28,1249.45
2017-07-26,1250.08,1263.51,1243.95,1260.35
2017-07-27,1260.43,1265.27,1254.7,1258.85
2017-07-28,1259.1,1270.82,1257.59,1268.7
2017-07-31,1269.38,1271.17,1265.96,1268.95
2017-08-01,1269.13,1274.11,1262.73,1268.65
2017-08-02,1268.53,1272.81,1263.06,1266.05
2017-08-03,1266.59,1270.83,1257.13,1267.95
2017-08-04,1268.39,1270.16,1254.38,1258.4
2017-08-07,1258.55,1259.89,1255.96,1257.35
2017-08-08,1257.05,1265.2,1251.7,1260.75
2017-08-09,1260.44,1278.7,1260.44,1277.25
2017-08-10,1276.95,1287.8,1274.85,1286.05
2017-08-11,1286.43,1292.07,1281.44,1288.77
2017-08-14,1288.72,1290.42,1278.8,1281.35
2017-08-15,1281.35,1282.07,1267.46,1271.15
2017-08-16,1271.09,1283.84,1267.97,1282.85
2017-08-17,1283.95,1290.12,1281.62,1287.65
2017-08-18,1288.01,1300.83,1283.58,1283.58
2017-08-21,1284.23,1293.85,1280.76,1290.95
2017-08-22,1291.28,1292.54,1282.19,1284.75
2017-08-23,1284.74,1291.5,1282.96,1290.25
2017-08-24,1290.3,1291.2,1284.63,1285.65
2017-08-25,1286.1,1294.58,1275.34,1291.24
2017-08-28,1291.12,1312.07,1291.12,1309.75
2017-08-29,1314.73,1325.99,1305.24,1309.05
2017-08-30,1309.05,1313.7,1305.33,1308.35
2017-08-31,1308.68,1323.63,1298.33,1320.65
2017-09-01,1321.48,1328.82,1316.59,1324.65
2017-09-05,1334.25,1344.33,1326.36,1339.45
2017-09-06,1339.39,1342.44,1331.84,1333.85
2017-09-07,1334.28,1349.88,1332.76,1348.75
2017-09-08,1348.8,1357.5,1342.94,1346.08
2017-09-11,1346.26,1346.61,1326.58,1327.15
2017-09-12,1327.42,1332.1,1322.81,1331.45
2017-09-13,1332.12,1334.75,1321.04,1322.35
2017-09-14,1323.37,1330.81,1315.87,1329.17
2017-09-15,1329.25,1334.34,1319.7,1319.7
2017-09-18,1319.98,1320.26,1304.83,1305.95
2017-09-19,1306.66,1311.67,1305.33,1310.66
2017-09-20,1310.82,1316.1,1296.21,1300.85
2017-09-21,1301.07,1301.71,1288.28,1290.75
2017-09-22,1290.72,1298.7,1290.72,1297.1
2017-09-25,1297.08,1312.1,1289.58,1310.75
2017-09-26,1310.3,1313.62,1292.46,1293.35
2017-09-27,1293.85,1296.21,1281.68,1282.42
2017-09-28,1282.05,1288.77,1277.91,1286.78
2017-09-29,1286.98,1290.33,1275.99,1279.72
2017-10-02,1279.67,1280.13,1269.84,1270.47
2017-10-03,1270.59,1274.7,1268.51,1272.1
2017-10-04,1271.42,1282.3,1270.77,1274.35
2017-10-05,1274.65,1278.96,1266.44,1267.65
2017-10-06,1267.95,1276.49,1260.8,1276.21
2017-10-09,1276.23,1285.44,1275.47,1283.33
2017-10-10,1284.05,1294.19,1282.32,1287.55
2017-10-11,1288.04,1293.52,1284.75,1291.55
2017-10-12,1292.05,1297.45,1289.83,1293.25
2017-10-13,1293.37,1304.4,1291.3,1304.4
2017-10-16,1304.35,1306.04,1290.61,1294.75
2017-10-17,1294.92,1296.24,1281.54,1284.85
2017-10-18,1284.76,1288.85,1277.16,1280.55
2017-10-19,1280.73,1290.5,1276.78,1289.45
2017-10-20,1289.9,1291.06,1278.14,1280.04
2017-10-23,1279.99,1283.25,1272.71,1281.95
2017-10-24,1282.08,1283.64,1273.88,1276.05
2017-10-25,1276.55,1280,1271.18,1277.15
2017-10-26,1277.19,1282.52,1265.87,1266.45
2017-10-27,1266.86,1274.03,1263.76,1272.81
2017-10-30,1272.76,1278.9,1269.11,1275.78
2017-10-31,1275.9,1278.14,1267.86,1270.65
2017-11-01,1270.66,1280.9,1268.16,1273.99
2017-11-02,1274.45,1284.2,1273.49,1275.59
2017-11-03,1276.65,1280.45,1265.67,1269.47
2017-11-06,1269.42,1282.92,1266.26,1281.54
2017-11-07,1281.58,1281.85,1272.03,1275.2
2017-11-08,1275.3,1287.21,1275.3,1281.2
2017-11-09,1280.9,1288.7,1280.13,1284.9
2017-11-10,1284.9,1287.05,1273.58,1275.12
2017-11-13,1275.39,1279.74,1274.466,1278.04
2017-11-14,1277.85,1283.6,1270.088,1280.2
2017-11-15,1280.3,1289.538,1276.856,1277.71
2017-11-16,1277.9,1281.763,1275.279,1278.4
2017-11-17,1278.5,1297.1,1278.476,1293.64
2017-11-20,1293.58,1294.773,1274.712,1276.41
2017-11-21,1276.6,1284.714,1276.408,1280.3
2017-11-22,1280.18,1294.658,1279.253,1291.8
2017-11-24,1290.93,1293.203,1285.823,1287.3
2017-11-27,1288.41,1299.3,1286.922,1294.5
2017-11-28,1294.5,1297.403,1290.788,1293.52
2017-11-29,1293.65,1296.7,1282.176,1283.5
2017-11-30,1283.41,1285.267,1270.537,1274.56
2017-12-01,1274.55,1289.291,1271.789,1280.05
2017-12-04,1280.01,1280.18,1271.173,1275.9
2017-12-05,1275.59,1277.023,1261.13,1265.9
2017-12-06,1265.7,1269.3,1262.728,1263.2
2017-12-07,1263.2,1264.58,1244.11,1246.84
2017-12-08,1246.54,1252.366,1243.542,1248.09
2017-12-11,1248.03,1251.522,1240.863,1241.8
2017-12-12,1241.64,1246.186,1236.66,1244.12
2017-12-13,1244.3,1257.1,1240.391,1255.15
2017-12-14,1255.4,1259.05,1250.64,1252.7
2017-12-15,1252.7,1261.805,1252.7,1254.81
2017-12-18,1254.87,1263.967,1252.914,1261.72
2017-12-19,1262.1,1265.3,1259.38,1261.44
2017-12-20,1261.5,1268,1261.5,1265.24
2017-12-21,1265.1,1269,1262.954,1266.44
2017-12-22,1266.5,1276.4,1265.153,1274.52
2017-12-26,1274.52,1283.8,1273.59,1282.65
2017-12-27,1282.53,1288.979,1281.52,1287.2
2017-12-28,1287.01,1295.186,1287,1294.9
2017-12-29,1294.9,1307.552,1294.022,1302.67
2018-01-02,1302.56,1318.896,1302.56,1317.3
2018-01-03,1317.3,1321.467,1307.633,1312.83
2018-01-04,1312.7,1325.96,1306.054,1322.1
2018-01-05,1322.15,1323.389,1313.854,1319.04
2018-01-08,1318.93,1322.126,1314.973,1320.3
2018-01-09,1320.3,1320.5,1309.02,1312.36
2018-01-10,1312.55,1327.725,1308.378,1316.48
2018-01-11,1316.52,1323.95,1315.881,1322.11
2018-01-12,1322.4,1339.346,1321.738,1337.48
2018-01-16,1340.34,1342.247,1332.062,1338.3
2018-01-17,1338.07,1344,1326.7,1326.7
2018-01-18,1326.56,1333.101,1324.392,1326.6
2018-01-19,1326.6,1338.039,1326.59,1331.03
2018-01-22,1331.46,1335.8,1328.613,1333.9
2018-01-23,1333.9,1341.8,1331.52,1341.3
2018-01-24,1341.3,1362.064,1339.689,1358.3
2018-01-25,1358.08,1366.056,1342.64,1348
2018-01-26,1348,1357.116,1344.812,1349.27
2018-01-29,1349.19,1352.367,1337.763,1339.94
2018-01-30,1340.4,1348.907,1334.611,1338.35
2018-01-31,1338.4,1347.6,1332.877,1344.57
2018-02-01,1344.629,1351.1,1337.423,1348.35
2018-02-02,1348.55,1350.049,1327.592,1332.5
2018-02-05,1332.5,1341.595,1329.171,1339.25
2018-02-06,1339.4,1346.1,1320.378,1324.15
2018-02-07,1323.859,1332.296,1311.572,1318.26
2018-02-08,1318.119,1322.151,1307.248,1318.8
2018-02-09,1318.65,1322.7,1311.29,1315.71
2018-02-12,1315.71,1327.055,1314.394,1322.6
2018-02-13,1322.65,1330.991,1321.79,1329.45
2018-02-14,1329.4,1355.68,1318.164,1350.42
2018-02-15,1350.22,1357.12,1348.713,1353.2
2018-02-16,1353.4,1361.716,1344.943,1346.78
2018-02-20,1346.63,1348.2,1328.635,1328.75
2018-02-21,1329.1,1336.21,1322.544,1324.4
2018-02-22,1324.288,1332.046,1321.114,1332
2018-02-23,1331.729,1332.2,1325.964,1328.37
2018-02-26,1328.38,1341.042,1326.772,1333.15
2018-02-27,1333.1,1336.699,1313.565,1318.2
2018-02-28,1318.4,1322.6,1315.791,1318.2
2018-03-01,1317.859,1321.11,1302.97,1316.9
2018-03-02,1316.9,1325.5,1315.37,1322.3
2018-03-05,1322.3,1327.8,1317.631,1319.75
2018-03-06,1320,1338.5,1320,1334.2
2018-03-07,1334.4,1340.5,1322.378,1325.4
2018-03-08,1325.3,1329,1319.184,1321.699
2018-03-09,1321.6,1325.129,1312.951,1322.91
2018-03-12,1322.91,1324.246,1315.234,1323
2018-03-13,1322.728,1328.296,1314.07,1326.2
2018-03-14,1325.8,1330.01,1321.594,1324.7
2018-03-15,1324.418,1327.91,1315.06,1316.2
2018-03-16,1316.15,1321.726,1309.804,1313.8
2018-03-19,1313.62,1319.64,1307.87,1316.7
2018-03-20,1316.24,1318.246,1307.32,1311.1
2018-03-21,1310.949,1336.659,1309.973,1331.7
2018-03-22,1331.38,1334.889,1324.957,1328.6
2018-03-23,1328.88,1350.218,1328.88,1346.92
2018-03-26,1346.99,1355.92,1343.604,1353.5
2018-03-27,1353.12,1356.83,1339.96,1344.9
2018-03-28,1345.25,1347,1323.602,1324.8
2018-03-29,1324.6,1328.316,1321.37,1325.05
2018-04-02,1325.06,1344.9,1324.97,1341.3
2018-04-03,1340.38,1342.491,1329.02,1332.3
2018-04-04,1332.7,1348.4,1331.61,1333
2018-04-05,1332.86,1334.89,1322.88,1326.2
2018-04-06,1326.14,1335.5,1319.829,1333.41
2018-04-09,1333.11,1337.949,1327.032,1336.2
2018-04-10,1336.05,1342.6,1331.23,1339.4
2018-04-11,1339,1365.243,1339,1352.9
2018-04-12,1352.65,1353.159,1333.934,1334.4
2018-04-13,1334.6,1347.2,1333.417,1345.75
2018-04-16,1345.25,1350.7,1340.348,1345.6
2018-04-17,1346,1349.384,1337.833,1347.1
2018-04-18,1347.31,1355.9,1342.464,1349.1
2018-04-19,1349.16,1354.8,1341.1,1345.5
2018-04-20,1345.586,1346.286,1335.115,1335.52
2018-04-23,1335.22,1335.89,1322.288,1324.5
2018-04-24,1324.35,1332.65,1322.249,1330.2
2018-04-25,1329.38,1332.056,1318.92,1323.1
2018-04-26,1322.78,1326.6,1315.422,1316.9
2018-04-27,1316.7,1325.2,1315.472,1323.09
2018-04-30,1323.29,1326.43,1310.348,1315.5
2018-05-01,1314.84,1316.336,1301.88,1303.7
2018-05-02,1303.5,1313.5,1303.5,1304.9
2018-05-03,1304.576,1318.1,1304.576,1312
2018-05-04,1311.72,1315.411,1308.081,1314.77
2018-05-07,1314.88,1318.943,1310.388,1314
2018-05-08,1313.52,1317.81,1306.212,1314.4
2018-05-09,1314.55,1317.44,1304.45,1312.4
2018-05-10,1312.31,1322.84,1310.951,1321.2
2018-05-11,1321.15,1325.916,1317.435,1318.85
2018-05-14,1317.98,1322.311,1313.13,1313.3
2018-05-15,1313.19,1314.856,1288.85,1290.2
2018-05-16,1289.82,1296.92,1286.53,1290.7
2018-05-17,1290.16,1294.4,1285.334,1290.7
2018-05-18,1290.59,1294.3,1286.2,1292.97
2018-05-21,1292.91,1293.2,1282.274,1292.4
2018-05-22,1292.42,1296.136,1288.11,1291.2
2018-05-23,1291.03,1298.495,1288.061,1293.3
2018-05-24,1293.43,1306.7,1292.9,1304.5
2018-05-25,1304.01,1307.77,1300.05,1301.81
2018-05-29,1297.659,1306.608,1292.838,1298.7
2018-05-30,1298.21,1304.338,1296.024,1301.2
2018-05-31,1301.186,1306.8,1297.67,1297.9
2018-06-01,1298.596,1300.527,1289.458,1292.95
2018-06-04,1293.04,1298.09,1290.37,1292
2018-06-05,1292.04,1300.6,1289.958,1296.3
2018-06-06,1296.156,1301.94,1293.96,1296.4
2018-06-07,1296.334,1303.3,1295.04,1297.1
2018-06-08,1296.754,1300.6,1293.179,1297.72
2018-06-11,1298.82,1302.35,1294.27,1300.4
2018-06-12,1300.15,1300.6,1293.19,1295.6
2018-06-13,1295.58,1301.196,1291.682,1299.6
2018-06-14,1299.11,1309.3,1297.71,1302.4
2018-06-15,1302.12,1303.13,1275.599,1278.45
2018-06-18,1279.46,1282.44,1277.19,1278.1
2018-06-19,1277.99,1284.1,1270.548,1274.5
2018-06-20,1274.7,1276.5,1267.8,1267.8
2018-06-21,1267.35,1270.2,1261.52,1267.1
2018-06-22,1266.51,1271.21,1266.51,1269.28
2018-06-25,1269.2,1272.56,1264.649,1265.4
2018-06-26,1265.496,1267.7,1254.903,1258.8
2018-06-27,1258.5,1260.1,1250.89,1252.16
2018-06-28,1251.73,1254.5,1246.03,1248
2018-06-29,1247.83,1255.606,1246.11,1252.4
2018-07-02,1252.52,1254.21,1239.74,1241.7
2018-07-03,1241.73,1256.89,1238,1252.8
2018-07-05,1256.526,1259.8,1251.4,1257.6
2018-07-06,1257.05,1258.956,1252.98,1254.63
2018-07-09,1254.72,1265.9,1254.72,1257.6
2018-07-10,1257.39,1260.31,1247.519,1255.5
2018-07-11,1255.55,1256.876,1241.71,1241.9
2018-07-12,1241.67,1248.7,1241.49,1247.2
2018-07-13,1247.1,1248.1,1236.518,1241.27
2018-07-16,1241.35,1245.6,1238.45,1240.8
2018-07-17,1240.55,1245.01,1226.21,1227.6
2018-07-18,1226.7,1229.15,1221.25,1227.6
2018-07-19,1227.15,1229.49,1211.65,1222.7
2018-07-20,1222.7,1232.4,1215.82,1231.51
2018-07-23,1231.54,1235.11,1222.36,1224.4
2018-07-24,1224.145,1229.5,1218.3,1224.5
2018-07-25,1224.06,1234.182,1223.38,1231.4
2018-07-26,1231.706,1235.24,1222.4,1222.4
2018-07-27,1222.73,1227.4,1217.68,1223.78
2018-07-30,1222.78,1225.1,1219.14,1221.3
2018-07-31,1221.32,1228.584,1214.13,1223.7
2018-08-01,1223.57,1224.85,1215.8,1215.8
2018-08-02,1215.87,1221.268,1207.23,1207.5
2018-08-03,1207.35,1220.2,1204.588,1214.4
2018-08-06,1213.29,1217.89,1206.465,1207.3
2018-08-07,1207.188,1216.2,1207.188,1210.8
2018-08-08,1210.69,1215.86,1206.39,1213.8
2018-08-09,1213.91,1217.31,1210.932,1212.3
2018-08-10,1212.4,1217.2,1205.87,1210.23
2018-08-13,1211.22,1213.87,1191.8,1193.38
2018-08-14,1193.91,1198.8,1192.11,1194.2
2018-08-15,1193.95,1194.71,1173.23,1174.7
2018-08-16,1175.05,1182,1160.37,1174.2
2018-08-17,1173.48,1186.32,1172.01,1186.32
2018-08-20,1184.52,1190.87,1182.94,1190.2
2018-08-21,1190.32,1197,1187.79,1195.8
2018-08-22,1195.7,1201.58,1192.71,1195.5
2018-08-23,1195.75,1196.62,1184,1185.4
2018-08-24,1185,1208.61,1183.28,1204.91
2018-08-27,1205.76,1212.5,1203.2,1211.2
2018-08-28,1211.1,1214.3,1199.75,1200.8
2018-08-29,1200.18,1207.4,1200.18,1206.8
2018-08-30,1206.4,1207.9,1196.45,1199.8
2018-08-31,1200.33,1209,1198.39,1201.47
2018-09-04,1201.45,1202.03,1189.76,1190.7
2018-09-05,1191.3,1198.41,1190.95,1196.8
2018-09-06,1196.4,1207,1195.92,1199.92
2018-09-07,1199.98,1203.53,1193.57,1196.47
2018-09-10,1195.63,1198.7,1191.65,1195.6
2018-09-11,1194.96,1199.43,1187.83,1198.4
2018-09-12,1198.24,1208.5,1192.82,1206
2018-09-13,1206.58,1212.64,1200.328,1201.3
2018-09-14,1201.4,1208.7,1193.05,1193.6
2018-09-17,1193.56,1204.9,1192.97,1200.5
2018-09-18,1201.246,1203.54,1195.98,1197.9
2018-09-19,1197.9,1206.2,1197.86,1204
2018-09-20,1203.75,1208.4,1201.47,1207.3
2018-09-21,1207.106,1211.05,1191.978,1199.66
2018-09-24,1199.22,1204.2,1194.54,1198.7
2018-09-25,1198.5,1203.5,1197.2,1201.3
2018-09-26,1200.79,1202.47,1190.66,1194.2
2018-09-27,1194.55,1198.63,1181.97,1183.1
2018-09-28,1183.1,1193.9,1180.86,1190.4
2018-10-01,1191.26,1192.41,1184.71,1188.9
2018-10-02,1188.55,1208.5,1188.55,1202.8
2018-10-03,1202.7,1208.278,1196.76,1197.1
2018-10-04,1197.28,1206.9,1196.11,1199.8
2018-10-05,1199.81,1206,1197.38,1203.29
2018-10-08,1202.61,1204.08,1183.05,1188.1
2018-10-09,1188.75,1191.89,1183.41,1189.3
2018-10-10,1189.426,1195,1185.47,1194.3
2018-10-11,1194.25,1226.4,1191.42,1224.3
2018-10-12,1224.3,1224.3,1215.99,1216.6
2018-10-15,1217.5,1233.3,1217.05,1226.8
2018-10-16,1226.76,1232.4,1223.57,1224.5
2018-10-17,1224.56,1229.6,1220.77,1222.1
2018-10-18,1222,1230.14,1218.78,1225.3
2018-10-19,1225.29,1230.8,1223.248,1225.6
2018-10-22,1226.4,1229.57,1220.21,1221.9
2018-10-23,1221.696,1239.9,1221.696,1230.7
2018-10-24,1230.245,1234.3,1225.76,1233.6
2018-10-25,1233.765,1239.19,1228.25,1232.1
2018-10-26,1231.66,1243.428,1230.19,1233.08
2018-10-29,1233.76,1235.42,1224.4,1229.8
2018-10-30,1229.54,1230.59,1220.01,1222.7
2018-10-31,1222.6,1223.27,1212.08,1215
2018-11-01,1214.55,1237.6,1214.55,1233.3
2018-11-02,1233.8,1236.43,1229.88,1232.53
2018-11-05,1232.66,1235.11,1226.96,1231.27
2018-11-06,1231.3,1235.94,1223.61,1226.62
2018-11-07,1226.88,1236.6,1223.16,1226.3
2018-11-08,1226.145,1227.17,1220.24,1223.78
2018-11-09,1223.8,1223.8,1206.8,1209.584
2018-11-12,1209.635,1211.48,1200.1,1200.1
2018-11-13,1200.1,1205.2,1196.464,1202.1
2018-11-14,1202,1216.6,1197.817,1210.65
2018-11-15,1210.64,1216.47,1207.92,1213.13
2018-11-16,1212.975,1225.4,1212.975,1221.136
2018-11-19,1220.8,1225.4,1218.15,1223.94
2018-11-20,1223.735,1228.74,1220.09,1221.3
2018-11-21,1221.39,1230.3,1219.9,1225.77
2018-11-23,1226.65,1228.56,1220.25,1222.85
2018-11-26,1222.85,1228.036,1221.86,1222.18
2018-11-27,1222.16,1225.26,1212.01,1214.8
2018-11-28,1214.8,1227.4,1211.31,1220.87
2018-11-29,1220.905,1229,1220.66,1224.1
2018-11-30,1223.885,1225.58,1216.8,1222.136
2018-12-03,1222.02,1234.9,1221.44,1230.45
2018-12-04,1230.5,1242,1230.5,1238.23
2018-12-05,1238.23,1239.3,1233.484,1236.97
2018-12-06,1236.97,1244.4,1234.884,1237.4
2018-12-07,1237.405,1250.06,1237.4,1248.165
2018-12-10,1248.17,1250.88,1241.77,1244.19
2018-12-11,1244.135,1249.516,1241.2,1243.03
2018-12-12,1242.97,1247.2,1242.183,1245.25
2018-12-13,1245.265,1246.73,1240.26,1241.54
2018-12-14,1241.8,1243.04,1233.065,1238.125
2018-12-17,1238.58,1248.1,1235.86,1245.56
2018-12-18,1245.555,1250.35,1245.2,1249.3
2018-12-19,1249.095,1258.1,1241.81,1242.59
2018-12-20,1242.77,1266.7,1242.77,1259.7
2018-12-21,1259.544,1262.73,1254.08,1255.744
2018-12-24,1255.52,1270.5,1255.52,1269.02
2018-12-26,1270.3,1279.1,1264.44,1266.8
2018-12-27,1266.8,1278.96,1266.8,1275.5
2018-12-28,1275.395,1282.12,1274.39,1280.764
2018-12-31,1280.2,1284.07,1277.6,1282.2
2019-01-02,1282.25,1288.7,1278.87,1284.17
2019-01-03,1284.3,1294.9,1284.3,1294.1
2019-01-04,1293.93,1298.538,1276.5,1284.844
2019-01-07,1284.843,1295.2,1282.76,1288.9
2019-01-08,1288.895,1290.22,1279.52,1285.1
2019-01-09,1284.91,1293.91,1280.243,1293.21
2019-01-10,1293.4,1297.06,1286.26,1286.4
2019-01-11,1286.4,1295.15,1286.4,1287.224
2019-01-14,1287.3,1295.87,1287.3,1291.32
2019-01-15,1291.358,1294.69,1286.89,1289.1
2019-01-16,1289.134,1295,1288,1293.5
2019-01-17,1293.335,1295.36,1288.89,1291.674
2019-01-18,1291.6,1292.5,1280.76,1281.424
2019-01-22,1279.8,1285.52,1277.58,1284.91
2019-01-23,1284.91,1286.53,1278.81,1282.5
2019-01-24,1282.5,1284.82,1276.94,1280.87
2019-01-25,1280.854,1303.976,1280.07,1302.91
2019-01-28,1303,1304.41,1297.852,1303.2
2019-01-29,1303.064,1311.99,1302.884,1311.41
2019-01-30,1311.345,1323.38,1309.16,1319.7
2019-01-31,1319.8,1326.3,1317.5,1321.2
2019-02-01,1321.04,1323.57,1316.23,1317.265
2019-02-04,1317.394,1319.04,1308.74,1312.1
2019-02-05,1312.1,1316.9,1310.9,1314.982
2019-02-06,1314.73,1315.82,1306.11,1306.3
2019-02-07,1306.24,1311.96,1302.91,1309.73
2019-02-08,1310,1315.63,1307.92,1314.203
2019-02-11,1314.12,1315,1303.84,1308
2019-02-12,1307.87,1314.76,1306.65,1310.45
2019-02-13,1310.5,1318.17,1305.16,1306
2019-02-14,1305.99,1314.4,1302.45,1312.11
2019-02-15,1312.194,1322.62,1311.54,1321.12
2019-02-19,1325.98,1341.86,1323,1340.8
2019-02-20,1340.8,1346.75,1337,1338.1
2019-02-21,1338.1,1341.52,1321.302,1323.4
2019-02-22,1323.4,1333.13,1321.697,1327.885
2019-02-25,1327.894,1332.6,1325.24,1327.16
2019-02-26,1327.235,1330.16,1323.68,1328.9
2019-02-27,1328.9,1329.88,1317.08,1319.7
2019-02-28,1319.55,1327.4,1312.74,1313
2019-03-01,1312.854,1315.23,1290.28,1293.055
2019-03-04,1293.18,1297.05,1282.97,1286.5
2019-03-05,1286.424,1289.61,1281.35,1287.8
2019-03-06,1287.8,1290.92,1283.74,1285.29
2019-03-07,1286.3,1289.01,1281.01,1285.125
2019-03-08,1285.4,1300.8,1285.37,1298.054
2019-03-11,1298.18,1299.13,1290.64,1293.2
2019-03-12,1293.3,1302.24,1292.18,1301.4
2019-03-13,1301.1,1311.3,1300.73,1308.8
2019-03-14,1309.12,1310.35,1292.93,1295.4
2019-03-15,1295.87,1306.38,1294.14,1301.96
2019-03-18,1300.9,1306.73,1298.34,1303.4
2019-03-19,1303.59,1310.91,1302.48,1306.2
2019-03-20,1306.14,1316.98,1298.8,1312.3
2019-03-21,1312.55,1320.41,1303.41,1309.3
2019-03-22,1309.28,1314.97,1306.97,1313.16
2019-03-25,1312.8,1324.52,1311.13,1321.7
2019-03-26,1321.45,1323.27,1312.85,1315.4
2019-03-27,1315.67,1319.3,1308.27,1309.5
2019-03-28,1309.34,1312.35,1288.67,1290
2019-03-29,1289.9,1299.82,1286.87,1291.91
2019-04-01,1292.4,1297.03,1286.55,1287.6
2019-04-02,1287.65,1292.7,1285.37,1292.3
2019-04-03,1292.24,1294.6,1288.53,1289.9
2019-04-04,1289.83,1294.5,1281.03,1292.1
2019-04-05,1292.27,1293.7,1284.566,1291.3
2019-04-08,1289.7,1303.7,1289.7,1297.3
2019-04-09,1297.43,1306.2,1296.73,1304
2019-04-10,1303.98,1310.6,1301.13,1308.2
2019-04-11,1308.122,1309.23,1289.76,1292
2019-04-12,1292.2,1295.8,1290.19,1290.52
2019-04-15,1290.65,1291.98,1282.66,1287.8
2019-04-16,1287.53,1288.74,1273.07,1276.5
2019-04-17,1276.65,1279.79,1273.1,1273.1
2019-04-18,1273.22,1277.68,1271.2,1275.51
2019-04-22,1275.49,1279.84,1273.95,1274.8
2019-04-23,1275.01,1276.51,1266.42,1272.3
2019-04-24,1272.33,1278.9,1268.92,1275.4
2019-04-25,1275.38,1282.9,1273.52,1277
2019-04-26,1276.976,1288.7,1274.47,1285.8
2019-04-29,1285.73,1287.04,1278.21,1279.7
2019-04-30,1279.77,1286.22,1279.77,1283.35
2019-05-01,1283.24,1287.26,1273.09,1276.8
2019-05-02,1276.856,1278.02,1266.39,1270.5
2019-05-03,1270.56,1282.56,1268.6,1278.9
2019-05-06,1278.71,1285.81,1277.15,1281
2019-05-07,1280.95,1286.1,1278.31,1284.1
2019-05-08,1284.07,1291.6,1279.47,1280.8
2019-05-09,1280.74,1288.4,1279.74,1284
2019-05-10,1283.96,1289.5,1283.27,1285.6
2019-05-13,1285.62,1301.4,1282.12,1299.7
2019-05-14,1299.77,1303.4,1293.85,1297.1
2019-05-15,1296.56,1300.9,1293.19,1296.3
2019-05-16,1296.83,1298.76,1284.22,1286.9
2019-05-17,1286.76,1288.93,1275,1277.1
2019-05-20,1277.58,1279.03,1273.78,1277.5
2019-05-21,1277.7,1277.95,1269.64,1274.3
2019-05-22,1274.51,1277.5,1272.63,1273.2
2019-05-23,1273.01,1287.3,1272.91,1283.2
2019-05-24,1283.25,1285.27,1280.88,1284.59
2019-05-28,1285.08,1286.59,1276.29,1279.2
2019-05-29,1279.42,1285.8,1279.21,1279.8
2019-05-30,1279.94,1289.3,1275.14,1288.3
2019-05-31,1288.33,1306.94,1288.13,1305.2
2019-06-03,1305.27,1328,1305.27,1324.72
2019-06-04,1324.72,1329.08,1320.11,1324.8
2019-06-05,1325.13,1344.08,1324.64,1329.7
2019-06-06,1330.88,1339.82,1327.3,1335.2
2019-06-07,1335.23,1348.207,1330.4,1340.3
2019-06-10,1340.61,1340.61,1325.23,1327.7
2019-06-11,1327.856,1329.87,1320.03,1326.69
2019-06-12,1326.71,1338.37,1326.184,1333.84
2019-06-13,1333.27,1343.15,1332.55,1341.96
2019-06-14,1342.3,1358.3,1337.97,1341.29
2019-06-17,1341.09,1343.59,1333.14,1339.776
2019-06-18,1339.67,1354.64,1338.78,1346.6
2019-06-19,1346.36,1362.54,1341.48,1360.24
2019-06-20,1360.386,1393.928,1357.8,1387.435
2019-06-21,1387.22,1411.83,1382.65,1398.6
2019-06-24,1398.8,1421.38,1398.8,1419.1
2019-06-25,1419.724,1439.14,1412.11,1423.594
2019-06-26,1423.61,1424.436,1402.085,1409.39
2019-06-27,1409.38,1412.12,1398.78,1409.71
2019-06-28,1409.82,1424.636,1405.86,1409.1
2019-07-01,1409.51,1409.51,1381.91,1383.77
2019-07-02,1383.83,1421.624,1383.1,1421.624
2019-07-03,1421.66,1437.7,1412.18,1418.75
2019-07-05,1415.583,1424.2,1386.752,1399.5
2019-07-08,1398.68,1407.65,1391.93,1395.08
2019-07-09,1394.97,1400.025,1385.91,1397.276
2019-07-10,1397.12,1418.97,1390.06,1418.46
2019-07-11,1418.656,1427.16,1401.03,1404.236
2019-07-12,1404.04,1417.1,1403.27,1415.3
2019-07-15,1415.16,1419.75,1407.86,1414.385
2019-07-16,1414.49,1418.23,1400.97,1406.156
2019-07-17,1406.16,1426.78,1400.2,1426.356
2019-07-18,1426.556,1448.2,1414.7,1446.936
2019-07-19,1446.9,1452.95,1420.35,1425.38
2019-07-22,1425.12,1430.02,1422.37,1425.238
2019-07-23,1424.66,1430.23,1414.34,1417.846
2019-07-24,1417.846,1429.52,1416.52,1425.81
2019-07-25,1425.43,1433.798,1411.17,1414.13
2019-07-26,1414.31,1424.84,1413.58,1418.2
2019-07-29,1418.15,1428.13,1414.97,1426.6
2019-07-30,1426.485,1433.216,1422.43,1431.08
2019-07-31,1430.89,1434.35,1410.8,1412.3
2019-08-01,1412.765,1446.01,1400.654,1445.2
2019-08-02,1445.165,1449.3,1430.45,1440.59
2019-08-05,1440.65,1469.77,1436.93,1463
2019-08-06,1468.347,1474.92,1456.57,1474.17
2019-08-07,1474.322,1510.43,1472.41,1500.336
2019-08-08,1500.1,1509.6,1490.2,1505.512
2019-08-09,1504.632,1509.4,1494.957,1497.18
2019-08-12,1497.18,1520,1487.56,1510.982
2019-08-13,1510.916,1535.03,1480,1501.936
2019-08-14,1501.916,1524.1,1494.2,1516.596
2019-08-15,1516.597,1527.06,1508.04,1523.046
2019-08-16,1523.31,1528,1503.87,1513.26
2019-08-19,1513.26,1513.26,1493.39,1496.085
2019-08-20,1495.944,1508.7,1493.181,1507.858
2019-08-21,1507.53,1508.06,1496.65,1502.324
2019-08-22,1502.348,1504.58,1492.63,1498.836
2019-08-23,1498.358,1530.222,1493.66,1526.74
2019-08-26,1526.74,1555.33,1525.15,1527.205
2019-08-27,1527.265,1544.68,1525.83,1541.945
2019-08-28,1542.048,1546.9,1532.1,1539.625
2019-08-29,1539.377,1550.38,1519.875,1527.748
2019-08-30,1527.748,1533.15,1517.15,1520.34
2019-09-03,1529.335,1549.73,1521.818,1546.79
2019-09-04,1546.855,1557.1,1534.01,1551.957
2019-09-05,1552.01,1553.03,1506.54,1518.8
2019-09-06,1517.201,1527.9,1502.74,1506.616
2019-09-09,1507.21,1515.6,1497.76,1499
2019-09-10,1498.842,1501.02,1484.63,1485.698
2019-09-11,1485.62,1498.24,1485.39,1497.288
2019-09-12,1497.288,1524.24,1489.39,1498.708
2019-09-13,1498.748,1509.04,1485.91,1488.58
2019-09-16,1488.75,1512.14,1488.75,1498.62
2019-09-17,1498.604,1507.08,1493.62,1501.32
2019-09-18,1501.16,1511.57,1483.36,1494.088
2019-09-19,1493.885,1504.6,1489.125,1499.168
2019-09-20,1499.078,1517.05,1498.09,1516.777
2019-09-23,1516.23,1526.83,1511.69,1522.076
2019-09-24,1522.09,1535.69,1515.77,1532.012
2019-09-25,1531.375,1535.14,1500.55,1503.868
2019-09-26,1503.868,1512.4,1500.59,1504.67
2019-09-27,1504.4,1507.42,1487.098,1496.78
2019-09-30,1496.78,1500.53,1464.645,1472.16
2019-10-01,1472.204,1487.3,1459.23,1479.1
2019-10-02,1478.745,1505.1,1474.67,1499.52
2019-10-03,1499.478,1519.7,1495.978,1505.476
2019-10-04,1505.478,1515.658,1495.978,1504.65
2019-10-07,1504.65,1512.512,1488.2,1493.218
2019-10-08,1493.415,1509.739,1487.12,1505.624
2019-10-09,1505.618,1512.4,1500.03,1505.362
2019-10-10,1505.382,1517.008,1491.29,1493.692
2019-10-11,1493.885,1503.3,1474.2,1488.67
2019-10-14,1488.67,1497.15,1483.04,1493.33
2019-10-15,1493.098,1498.46,1477.35,1480.858
2019-10-16,1481.038,1491.8,1477.2,1490.1
2019-10-17,1490.219,1497.4,1483.59,1491.756
2019-10-18,1491.718,1494.09,1485.05,1490.115
2019-10-21,1489.92,1495.208,1481.72,1484.688
2019-10-22,1484.738,1489,1480.98,1487.688
2019-10-23,1487.804,1496.268,1487.804,1491.632
2019-10-24,1491.76,1504.1,1488.155,1503.576
2019-10-25,1503.476,1517.948,1500.7,1504.398
2019-10-28,1504.45,1508.188,1490.18,1492.298
2019-10-29,1492.338,1494.758,1483.75,1488.015
2019-10-30,1487.888,1496.598,1481.365,1495.598
2019-10-31,1495.638,1514.3,1493.97,1512.564
2019-11-01,1512.724,1516.05,1503.465,1514.017
2019-11-04,1513.73,1514.788,1504.55,1509.6
2019-11-05,1509.6,1509.638,1479.55,1483.3
2019-11-06,1483.4,1494.3,1482.56,1490.4
2019-11-07,1490.4,1492.165,1460.799,1468.3
2019-11-08,1468.3,1472.948,1456.419,1458.796
2019-11-11,1458.9,1466.418,1448.4,1455.6
2019-11-12,1455.6,1460.5,1445.817,1456.3
2019-11-13,1456.3,1467.1,1455.918,1463.5
2019-11-14,1463.5,1474.6,1461.298,1471.12
2019-11-15,1471.3,1471.34,1462.605,1467.918
2019-11-18,1467.56,1473.95,1456.525,1471.2
2019-11-19,1471.2,1475.4,1464.965,1472.3
2019-11-20,1472.3,1478.8,1466.132,1471.5
2019-11-21,1471.5,1475.65,1462.53,1464.225
2019-11-22,1464.1,1473.2,1461.49,1461.903
2019-11-25,1461.88,1462.108,1454.212,1455.2
2019-11-26,1455.2,1462.9,1450.192,1461.2
2019-11-27,1461.2,1461.864,1452.74,1454.3
2019-11-29,1455.378,1466.528,1453.192,1463.6
2019-12-02,1464.02,1465.53,1454,1462.2
2019-12-03,1462.3,1481.738,1460.005,1477.3
2019-12-04,1477.3,1484.1,1471.62,1474.4
2019-12-05,1474.4,1480.34,1473.081,1475.8
2019-12-06,1475.8,1479.9,1458.85,1460.028
2019-12-09,1459.82,1465.357,1458.9,1461.438
2019-12-10,1461.5,1469.145,1460.2,1464.188
2019-12-11,1464.3,1478.86,1462.915,1474.5
2019-12-12,1474.6,1487,1464.172,1469.6
2019-12-13,1469.6,1478,1462.112,1475.668
2019-12-16,1475.54,1479.9,1473.33,1475.958
2019-12-17,1476,1480.5,1474.35,1476.118
2019-12-18,1475.9,1479.256,1470.632,1475.2
2019-12-19,1475.3,1481.668,1473.39,1478.6
2019-12-20,1478.7,1480.928,1476,1477.968
2019-12-23,1477.79,1486.2,1477.63,1485.54
2019-12-24,1485.9,1500.5,1484.574,1499.3
2019-12-26,1499.468,1512.6,1497.642,1511.3
2019-12-27,1511.3,1515.277,1507.533,1510.81
2019-12-30,1510.81,1516.1,1510.81,1514.9
2019-12-31,1514.9,1525.28,1514.9,1517.177
2020-01-02,1517.7,1531.335,1517.2,1528.9
2020-01-03,1528.9,1553.515,1528.15,1552.108
2020-01-06,1551.8,1587.93,1551.8,1565.4
2020-01-07,1565.4,1577.4,1555.3,1574.11
2020-01-08,1574.3,1611.335,1552.39,1556.1
2020-01-09,1556.1,1561.4,1540.422,1552.2
2020-01-10,1552.2,1563.088,1545.89,1562.077
2020-01-13,1561.99,1561.99,1546.659,1547.5
2020-01-14,1547.5,1548.87,1536.11,1546.3
2020-01-15,1546.3,1558.148,1546.21,1556.128
2020-01-16,1556,1558.09,1548.157,1552.3
2020-01-17,1552.4,1561.23,1549.529,1557.168
2020-01-21,1560.791,1568.6,1546.47,1557.9
2020-01-22,1557.9,1559.22,1550.359,1558.6
2020-01-23,1558.6,1567.897,1552.052,1562.788
2020-01-24,1562.7,1575.805,1556.685,1571.448
2020-01-27,1571.28,1588.7,1571.28,1581.8
2020-01-28,1581.8,1583.007,1565.785,1567
2020-01-29,1567.04,1578.1,1563.555,1576.9
2020-01-30,1577,1585.937,1572.473,1573.9
2020-01-31,1573.9,1590.17,1570.9,1589.687
2020-02-03,1593.065,1593.9,1569.982,1576.677
2020-02-04,1576.5,1579.567,1549.235,1552.796
2020-02-05,1552.8,1562.368,1547.674,1555.91
2020-02-06,1555.9,1568.214,1552.665,1566.6
2020-02-07,1566.6,1574.1,1560.7,1570.137
2020-02-10,1570.08,1576.981,1568.13,1571.9
2020-02-11,1571.9,1574.1,1562.24,1567.8
2020-02-12,1567.3,1570.42,1561.91,1565.8
2020-02-13,1565.8,1578.3,1565.6,1575.91
2020-02-14,1575.5,1584.948,1573.23,1583.597
2020-02-18,1584.374,1605.16,1582.615,1601.397
2020-02-19,1601.4,1612.93,1599.65,1611.347
2020-02-20,1611.5,1623.74,1604.058,1619.5
2020-02-21,1619.3,1649.262,1619.11,1643.147
2020-02-24,1643,1689.296,1643,1659.156
2020-02-25,1659.2,1663.91,1625.262,1634.83
2020-02-26,1634.5,1655.1,1625.085,1640.7
2020-02-27,1640.5,1660.368,1635.452,1644.687
2020-02-28,1644.6,1649.456,1563.12,1585.634
2020-03-02,1585.4,1610.988,1575.632,1588.6
2020-03-03,1588.6,1649.33,1585.3,1640.6
2020-03-04,1640.5,1652.81,1632.03,1636.637
2020-03-05,1636.5,1674.6,1635.205,1671.837
2020-03-06,1672,1692.2,1642.4,1673.527
2020-03-09,1673.3,1703.6,1657.74,1679.808
2020-03-10,1679.207,1680.6,1641.729,1649.205
2020-03-11,1649.456,1671.4,1633.15,1633.818
2020-03-12,1633.815,1650.364,1560.899,1576
2020-03-13,1579.157,1597.907,1505.032,1529.708
2020-03-16,1562.157,1575.48,1451.414,1514.2
2020-03-17,1511.528,1554,1465.93,1527.728
2020-03-18,1527.728,1546.27,1472.99,1486.1
2020-03-19,1485.918,1501.2,1464.372,1470.9
2020-03-20,1469.208,1516.5,1455.4,1498.7
2020-03-23,1498.47,1561.3,1482.93,1554.238
2020-03-24,1554.297,1635.3,1553.552,1622.22
2020-03-25,1623.71,1643.1,1597.2,1613.778
2020-03-26,1613.548,1645.5,1594.7,1629.2
2020-03-27,1631.668,1635.5,1609.9,1626.148
2020-03-30,1637.377,1637.487,1610.1,1622.5
2020-03-31,1621.935,1626.55,1573.8,1575.007
2020-04-01,1574.737,1601.7,1567.8,1588.428
2020-04-02,1588.638,1620.8,1582.2,1612.817
2020-04-03,1612.847,1626.8,1606,1616.4
2020-04-06,1616.4,1669.84,1609.11,1660.7
2020-04-07,1662.3,1678.6,1641.2,1646.08
2020-04-08,1645.99,1657.5,1640.8,1644
2020-04-09,1644,1690.33,1643,1681.8
2020-04-13,1663,1724.2,1663,1712.45
2020-04-14,1712.45,1747.742,1707.1,1728.8
2020-04-15,1727.986,1732.6,1707.5,1716.06
2020-04-16,1716.98,1739.3,1706.5,1716.969
2020-04-17,1716.558,1720.6,1678.8,1681.631
2020-04-20,1683.2,1702.724,1672.02,1694.56
2020-04-21,1694.304,1698.1,1658.1,1686.295
2020-04-22,1686.218,1718.7,1678.6,1713.6
2020-04-23,1712.74,1739.1,1706.2,1729.5
2020-04-24,1730.028,1736.31,1710.62,1727.4
2020-04-27,1727.53,1728.6,1706.37,1710.9
2020-04-28,1713.408,1716.52,1692.31,1707.19
2020-04-29,1707.68,1717.95,1698.16,1710.2
2020-04-30,1711.598,1721.94,1681.36,1685.125
2020-05-01,1685.855,1705.87,1670.43,1698.215
2020-05-04,1685.1,1714.75,1685.1,1701.7
2020-05-05,1700.968,1712.17,1690.02,1704.575
2020-05-06,1704.596,1708.2,1682.264,1685.5
2020-05-07,1681.488,1722.69,1681.488,1715.15
2020-05-08,1715.078,1723.54,1700.43,1700.6
2020-05-11,1702.2,1712.094,1692.255,1695.77
2020-05-12,1696.184,1711.03,1693.6,1701.81
2020-05-13,1701.809,1718.116,1699.08,1715.21
2020-05-14,1715.21,1736.57,1711.3,1730.86
2020-05-15,1730.89,1751.718,1728.835,1741
2020-05-18,1741.5,1765.3,1727.5,1730.23
2020-05-19,1730.448,1747.921,1726.124,1744.7
2020-05-20,1744.75,1754.07,1742.6,1747.155
2020-05-21,1747.254,1748.95,1717.1,1726.24
2020-05-22,1726.27,1740.11,1724.41,1734.3
2020-05-26,1728.64,1735.73,1709.042,1710.2
2020-05-27,1709.924,1715.991,1693.923,1709
2020-05-28,1711.8,1727.71,1705.85,1717.9
2020-05-29,1719.47,1737.773,1712.6,1729.326
2020-06-01,1731.2,1744.58,1727.503,1739.2
2020-06-02,1738.608,1745.59,1721.6,1724.798
2020-06-03,1724.799,1732.08,1689.12,1698.716
2020-06-04,1698.676,1722.01,1696.93,1713.6
2020-06-05,1713.104,1716.54,1670.88,1681.6
2020-06-08,1681.6,1700.69,1677.7,1697.268
2020-06-09,1697.045,1720.92,1692.41,1712.788
2020-06-10,1712.888,1739.9,1708.3,1737.356
2020-06-11,1737.278,1744.77,1721.69,1727.96
2020-06-12,1728.17,1743.13,1722.3,1729.649
2020-06-15,1731.56,1735.75,1704.3,1724.558
2020-06-16,1724.575,1732.86,1716.82,1725.796
2020-06-17,1725.95,1730.24,1713.064,1724.23
2020-06-18,1725.656,1737.728,1717.43,1721.696
2020-06-19,1721.696,1745.3,1721.1,1743.126
2020-06-22,1741.9,1763.53,1741.9,1754.006
2020-06-23,1754.006,1771.06,1747.45,1767.408
2020-06-24,1767.408,1779.38,1760.208,1760.208
2020-06-25,1760.188,1768.89,1754.802,1763.378
2020-06-26,1763.566,1772.09,1747.562,1770.454
2020-06-29,1770.68,1775.96,1765.82,1771.43
2020-06-30,1771,1786.02,1764.8,1781.858
2020-07-01,1781.93,1789.15,1759.48,1769.515
2020-07-02,1769.004,1779.62,1757.87,1775.266
2020-07-06,1774.71,1787.12,1769.64,1784.2
2020-07-07,1783.118,1797.53,1773.884,1794.795
2020-07-08,1794.755,1818.14,1791.64,1808.575
2020-07-09,1808.594,1815.92,1795.822,1803.1
2020-07-10,1801.436,1810.661,1793.89,1798.84
2020-07-13,1798.3,1813.44,1798.23,1802.628
2020-07-14,1802.766,1810.99,1790.6,1808.206
2020-07-15,1808.206,1815.06,1802.65,1808
2020-07-16,1809.918,1813.42,1795.08,1796.734
2020-07-17,1796.754,1811.93,1796,1808.9
2020-07-20,1808.9,1820.521,1805.96,1817.568
2020-07-21,1817.58,1843.59,1815.89,1840.9
2020-07-22,1840.6,1872.18,1837.7,1872.094
2020-07-23,1872.094,1898.35,1863.805,1886.394
2020-07-24,1886.505,1906.88,1881.7,1900.6
2020-07-27,1900.6,1945.63,1900.23,1941.61
2020-07-28,1941.61,1981.2,1907.2,1957.73
2020-07-29,1958.43,1980.835,1941.66,1970.358
2020-07-30,1970.358,1971.544,1939.56,1955.904
2020-07-31,1955.934,1984.218,1955.19,1974.9
2020-08-03,1974.9,1987.948,1960.6,1976.344
2020-08-04,1976.34,2020.17,1967.016,2018.1
2020-08-05,2018.98,2055.713,2009.69,2038.204
2020-08-06,2038.253,2069.77,2034.7,2063.564
2020-08-07,2063.468,2075.135,2015.6,2034.9
2020-08-10,2034.9,2049.9,2019.2,2027.448
2020-08-11,2027.416,2029.984,1901.775,1911.444
2020-08-12,1911.424,1949.548,1863.266,1915.525
2020-08-13,1918.23,1966.264,1912.9,1952.578
2020-08-14,1952.634,1962.27,1932.38,1943.61
2020-08-17,1944.32,1990.69,1929.88,1985
2020-08-18,1984.284,2015.654,1976.29,2001.928
2020-08-19,2002.074,2006.504,1924.9,1928.82
2020-08-20,1929.013,1955.324,1924.826,1946.925
2020-08-21,1946.835,1955.95,1911.7,1939.647
2020-08-24,1939.2,1962.18,1923.95,1928.794
2020-08-25,1928.718,1937.52,1914.493,1930.184
2020-08-26,1930.008,1954.8,1902.91,1954.688
2020-08-27,1954.594,1976.65,1910.233,1929.2
2020-08-28,1929.531,1973.824,1923.31,1964.5
2020-08-31,1964.31,1976.62,1954.5,1967.244
2020-09-01,1967.054,1992.63,1963.14,1969.164
2020-09-02,1969.258,1973.33,1932.79,1942.405
2020-09-03,1942.77,1951.03,1922.14,1930.3
2020-09-04,1931.269,1950.4,1916.535,1932.8
2020-09-08,1929.314,1940.86,1906.8,1931.919
2020-09-09,1932.017,1950.88,1920.21,1946.246
2020-09-10,1946.324,1966.53,1941.485,1944.748
2020-09-11,1945.31,1954.72,1937.39,1939.4
2020-09-14,1939.4,1962.54,1937.379,1956.748
2020-09-15,1956.728,1972.16,1948.47,1952.948
2020-09-16,1952.944,1973.594,1950,1959.004
2020-09-17,1958.938,1960.914,1932.91,1943.954
2020-09-18,1943.808,1960.14,1943.808,1950.3
2020-09-21,1949.55,1955.92,1882.582,1912.327
2020-09-22,1912.357,1920.02,1894.8,1899.744
2020-09-23,1899.678,1905.88,1855.92,1862.757
2020-09-24,1863.043,1877.03,1848.84,1867.307
2020-09-25,1867.514,1875.17,1852.54,1860
2020-09-28,1860,1883.03,1848.662,1880.908
2020-09-29,1880.895,1899.13,1875.7,1898.188
2020-09-30,1898.098,1902.32,1881.36,1885.328
2020-10-01,1885.325,1912.14,1884.82,1905.128
2020-10-02,1905.264,1917.1,1889.91,1898.7
2020-10-05,1898.7,1918.754,1887.176,1912.668
2020-10-06,1912.99,1921.14,1874.9,1878.465
2020-10-07,1878.465,1898,1873.05,1887.044
2020-10-08,1887.144,1900.69,1882.05,1893.678
2020-10-09,1893.61,1930.42,1893.61,1929.4
2020-10-12,1929.4,1933.28,1918.25,1922.614
2020-10-13,1922.613,1925.6,1886.608,1891.318
2020-10-14,1891.345,1912.97,1882.6,1901.638
2020-10-15,1901.62,1909.06,1889.74,1908.394
2020-10-16,1908.414,1913.925,1897.84,1898.594
2020-10-19,1898.4,1918.61,1897.216,1903.548
2020-10-20,1903.705,1914.11,1894.75,1908.028
2020-10-21,1908.079,1931.42,1908.079,1924
2020-10-22,1923.734,1926.05,1894.55,1903.654
2020-10-23,1903.638,1914.24,1894.44,1901.174
2020-10-26,1906.6,1908.63,1891.54,1901.454
2020-10-27,1901.658,1911.43,1898,1907.915
2020-10-28,1907.925,1910.9,1869.54,1876.56
2020-10-29,1876.407,1885.03,1860,1867.36
2020-10-30,1867.38,1889.8,1864.49,1877.9
2020-11-02,1877.9,1896.001,1873.6,1894.185
2020-11-03,1894.888,1910.58,1887.19,1908.828
2020-11-04,1908.5,1916.374,1882.21,1902.288
2020-11-05,1903.2,1952.77,1902.54,1949.238
2020-11-06,1948.3,1960.33,1935.729,1950.984
2020-11-09,1963,1965.55,1850.62,1862.078
2020-11-10,1860.6,1890.41,1860.59,1877.14
2020-11-11,1876.4,1884.45,1856.475,1865.225
2020-11-12,1864.7,1883.805,1862.88,1876.588
2020-11-13,1876.1,1896.81,1874.1,1888.825
2020-11-16,1889.4,1899.05,1864.71,1888.194
2020-11-17,1887.7,1893.6,1877.01,1879.245
2020-11-18,1878.5,1884.85,1864.01,1872.16
2020-11-19,1871.8,1874.07,1852.86,1865.355
2020-11-20,1865.808,1879.89,1861.01,1870.318
2020-11-23,1869.1,1876.16,1831.1,1836.855
2020-11-24,1836.85,1839.05,1800.4,1806.794
2020-11-25,1807.2,1817.69,1801.864,1807.2
2020-11-27,1810.795,1813.775,1774.35,1787.5
2020-11-30,1786.61,1800.7,1764.73,1776.7
2020-12-01,1776,1817.38,1775.9,1814.788
2020-12-02,1813.8,1832.57,1807.59,1829.9
2020-12-03,1829.9,1843.93,1823.83,1840.295
2020-12-04,1840.7,1848.21,1829.32,1838.208
2020-12-07,1838.5,1868.535,1822.5,1862.3
2020-12-08,1860.9,1875.28,1860.4,1869.45
2020-12-09,1870.1,1870.96,1825.51,1838.89
2020-12-10,1838.8,1850.02,1828.8,1836.378
2020-12-11,1835.94,1847.75,1824.138,1838.998
2020-12-14,1837.5,1855.6,1819.162,1827.33
2020-12-15,1826.9,1855.41,1825.66,1852.26
2020-12-16,1852.775,1865.71,1844.97,1863.56
2020-12-17,1864.2,1896.29,1862.2,1884.72
2020-12-18,1884.6,1889.87,1877.57,1880.838
2020-12-21,1881.4,1906.74,1855.344,1876.435
2020-12-22,1876.5,1884.238,1858.98,1860.2
2020-12-23,1859.9,1878.5,1857.23,1872.69
2020-12-24,1871.3,1883.495,1869.69,1878.97
2020-12-28,1879.19,1900.185,1869.47,1873.22
2020-12-29,1873.1,1886.49,1871.88,1878.078
2020-12-30,1877.9,1894.1,1876.3,1894.1
2020-12-31,1894.1,1900.99,1885.6,1897.9
2021-01-04,1898.07,1944.45,1898.07,1942.07
2021-01-05,1942.07,1953.06,1934.5,1949.75
2021-01-06,1949.6,1959.33,1901.006,1918.05
2021-01-07,1918.3,1927.69,1906.79,1913.19
2021-01-08,1913.5,1917.473,1828.415,1848.445
2021-01-11,1847.8,1856.73,1817.125,1842.9
2021-01-12,1842.9,1863.86,1836.83,1854.4
2021-01-13,1854,1863.055,1842.01,1844.78
2021-01-14,1844.9,1857.62,1829.248,1845.51
2021-01-15,1845.3,1857,1823.41,1827.635
2021-01-19,1837.588,1845.57,1833.2,1839.9
2021-01-20,1839.8,1871.79,1832.61,1871.344
2021-01-21,1870.5,1875.11,1858.5,1869.235
2021-01-22,1868.6,1870.85,1837.5,1854.8
2021-01-25,1854.8,1867.895,1847.275,1855.5
2021-01-26,1854.9,1861.76,1848.57,1850.207
2021-01-27,1850.665,1853.15,1831.52,1841.37
2021-01-28,1843.9,1864.11,1834.175,1841.91
2021-01-29,1841.9,1875.61,1839.7,1846.715
2021-02-01,1846.69,1871.81,1846.69,1860.4
2021-02-02,1859,1864.13,1829.69,1837.265
2021-02-03,1837.9,1845,1829.831,1833.6
2021-02-04,1832.8,1834.77,1785.129,1793.96
2021-02-05,1793,1815.115,1792.26,1812.98
2021-02-08,1812.98,1839.11,1807.95,1830.3
2021-02-09,1830.3,1848.57,1829,1838.16
2021-02-10,1837.9,1855.38,1834.2,1842.495
2021-02-11,1842.7,1847.54,1821.29,1825.1
2021-02-12,1825.2,1830.76,1810.66,1823.13
2021-02-16,1817.46,1826.46,1789.62,1794.546
2021-02-17,1794.89,1795.16,1769.65,1776.22
2021-02-18,1775.8,1789.63,1768.586,1775.186
2021-02-19,1775.4,1791.59,1760.822,1783.346
2021-02-22,1783.89,1812.64,1780.88,1808.986
2021-02-23,1809,1816.04,1795.77,1805.3
2021-02-24,1804.6,1813.91,1783.55,1804.586
2021-02-25,1803.97,1805.57,1765.53,1769.994
2021-02-26,1768.9,1775.81,1717.344,1732.526
2021-03-01,1734.29,1759.846,1719.66,1724.6
2021-03-02,1724.6,1738.589,1707.4,1737.736
2021-03-03,1737,1740.54,1702.134,1710.8
2021-03-04,1709.3,1723.22,1690.63,1697.138
2021-03-05,1697.1,1707.669,1687.464,1698.636
2021-03-08,1700.7,1714.23,1676.91,1683.335
2021-03-09,1683.5,1720.604,1680.3,1715.36
2021-03-10,1715.36,1726.53,1708.35,1726.416
2021-03-11,1726.3,1739.86,1719.4,1722.188
2021-03-12,1722.1,1728.04,1699.39,1726.958
2021-03-15,1726.76,1734.57,1721.72,1731.469
2021-03-16,1731.586,1741.147,1726.326,1731.276
2021-03-17,1731.4,1751.63,1724.17,1744.48
2021-03-18,1744.48,1755.5,1719.4,1735.67
2021-03-19,1735.126,1746.87,1728.694,1744.858
2021-03-22,1748.6,1748.6,1727.4,1738.686
2021-03-23,1738.749,1742.54,1724.8,1726.428
2021-03-24,1727.129,1738.47,1724.005,1734.3
2021-03-25,1733.05,1745.49,1721.86,1726.829
2021-03-26,1726.728,1736.75,1721.71,1730.9
2021-03-29,1732.1,1733.12,1705.86,1712
2021-03-30,1711.71,1714.39,1678.61,1684.83
2021-03-31,1684.95,1715.28,1678.01,1707.47
2021-04-01,1707.52,1730.52,1705.92,1728.33
2021-04-05,1734.82,1734.82,1721.39,1727.795
2021-04-06,1727.879,1745.44,1727.36,1742.76
2021-04-07,1742.79,1744.296,1730.8,1737.6
2021-04-08,1737.51,1758.66,1733.3,1755.41
2021-04-09,1755.289,1757.306,1731.15,1744.2
2021-04-12,1744.2,1745.082,1727.49,1731.9
2021-04-13,1732.296,1748.928,1723.86,1745.408
2021-04-14,1745.336,1749.41,1732.68,1736.029
2021-04-15,1736.106,1769.8,1734.45,1763.474
2021-04-16,1763.455,1783.85,1759.84,1775.85
2021-04-19,1775.85,1790.05,1766.83,1770.15
2021-04-20,1769.845,1780.426,1763.74,1778.56
2021-04-21,1778.418,1797.63,1776.38,1794
2021-04-22,1794,1797.83,1777.51,1783.559
2021-04-23,1783.118,1795.94,1770.09,1777.1
2021-04-26,1776.87,1783.5,1768.88,1780.879
2021-04-27,1780.827,1785.56,1773.85,1776.186
2021-04-28,1776.518,1782.55,1762.75,1781.606
2021-04-29,1781.46,1789.95,1756.24,1771.8
2021-04-30,1772.267,1773.71,1764.31,1768.76
2021-05-03,1768.76,1798.34,1766.29,1792.438
2021-05-04,1792.588,1799.14,1771,1778.397
2021-05-05,1778.66,1787.99,1770.45,1786.4
2021-05-06,1786.486,1818.12,1782.1,1814.368
2021-05-07,1814.558,1843.31,1812.966,1831.12
2021-05-10,1831.12,1845.438,1830.09,1835.3
2021-05-11,1835.258,1841.82,1818.11,1837.045
2021-05-12,1837.11,1843.68,1813.35,1815.307
2021-05-13,1815.48,1828.81,1808.84,1826.186
2021-05-14,1825.934,1846.09,1819.923,1842.1
2021-05-17,1822.6,1868.5,1822.6,1866.378
2021-05-18,1866.358,1875.04,1863.32,1869.325
2021-05-19,1869.375,1890.11,1852.32,1869.497
2021-05-20,1869.537,1883.88,1864,1877.54
2021-05-21,1877.324,1889.42,1870.3,1880.3
2021-05-24,1881.18,1887.11,1875.34,1880
2021-05-25,1879.715,1900.35,1872.8,1898.358
2021-05-26,1898.754,1912.74,1890.45,1895.7
2021-05-27,1896.19,1903.69,1888.29,1896.76
2021-05-28,1896.794,1905.872,1882.36,1902.6
2021-06-01,1907.417,1916.53,1892.5,1900.27
2021-06-02,1898.957,1909.09,1894.52,1908.01
2021-06-03,1908.01,1909.69,1865.32,1870.754
2021-06-04,1870.753,1896.2,1856.146,1889.9
2021-06-07,1891.33,1900.15,1881.65,1898.745
2021-06-08,1898.51,1903.76,1883.9,1891.8
2021-06-09,1891.43,1898.917,1887.37,1888.4
2021-06-10,1888.534,1899.86,1869.95,1898.3
2021-06-11,1898.53,1902.99,1874.5,1876.6
2021-06-14,1877.2,1877.89,1844.8,1866.034
2021-06-15,1865.81,1869.18,1851.74,1859
2021-06-16,1859.098,1863.17,1803.68,1811.6
2021-06-17,1811.57,1825.262,1767.34,1772.57
2021-06-18,1773.29,1797.21,1761.038,1763.3
2021-06-21,1764.12,1786.52,1764.12,1782.748
2021-06-22,1782.53,1790.09,1772.48,1777.98
2021-06-23,1778.04,1795.02,1773.39,1777.75
2021-06-24,1778.058,1788.01,1772.95,1775.224
2021-06-25,1775.224,1790.37,1773.8,1780.3
2021-06-28,1780.94,1785.755,1770.87,1778.05
2021-06-29,1778.05,1778.96,1750.78,1760.92
2021-06-30,1761.31,1774.37,1753.48,1769.97
2021-07-01,1769.406,1783.01,1765.78,1776.12
2021-07-02,1776.084,1795.13,1774.43,1787.3
2021-07-06,1791.139,1815.05,1790.17,1796.308
2021-07-07,1795.81,1809.81,1794.05,1803.687
2021-07-08,1803.648,1818.4,1794.45,1802.148
2021-07-09,1802.075,1812.4,1796.76,1807.9
2021-07-12,1808.19,1810.87,1791.68,1805.75
2021-07-13,1805.75,1817.17,1798.75,1807.908
2021-07-14,1807.45,1829.86,1804.68,1826.91
2021-07-15,1826.91,1834.14,1820.41,1829
2021-07-16,1829.384,1832.04,1809.08,1810.8
2021-07-19,1828.5,1828.5,1795.14,1812.406
2021-07-20,1812.354,1825.02,1805.18,1809.81
2021-07-21,1809.31,1813.73,1794.81,1803.16
2021-07-22,1803.17,1808.39,1792.87,1806.708
2021-07-23,1806.958,1810.37,1789.8,1801.3
2021-07-26,1802.05,1811.53,1796.44,1796.99
2021-07-27,1797.106,1805.3,1793.7,1798.38
2021-07-28,1798.33,1809.83,1792.68,1806.51
2021-07-29,1806.15,1832.68,1806.15,1827.51
2021-07-30,1827.92,1831.37,1810.39,1814.15
2021-08-02,1814.15,1819.53,1805.9,1812.826
2021-08-03,1812.84,1815.03,1807.23,1810.22
2021-08-04,1810.26,1831.72,1806.568,1811.3
2021-08-05,1810.996,1814.91,1797.94,1803.62
2021-08-06,1804.42,1804.85,1758.79,1762.6
2021-08-09,1762.62,1764.61,1681.95,1729.633
2021-08-10,1729.69,1738.28,1717.89,1728.836
2021-08-11,1729.13,1754.44,1724.19,1750.015
2021-08-12,1750.94,1758.14,1741.72,1752.278
2021-08-13,1752.66,1780.25,1751.8,1779.218
2021-08-16,1779.39,1789.28,1770.97,1787.368
2021-08-17,1787.28,1795.58,1780.69,1785.88
2021-08-18,1786.018,1793.81,1777.36,1787.528
2021-08-19,1787.586,1792.46,1774.59,1779.823
2021-08-20,1779.893,1788.43,1778.47,1780.66
2021-08-23,1791.8,1806.44,1776.6,1805.138
2021-08-24,1805.124,1809.6,1800.86,1802.7
2021-08-25,1802,1803.15,1782.65,1790.134
2021-08-26,1790.68,1798.21,1780.16,1792.38
2021-08-27,1792.07,1819.27,1784.58,1816.52
2021-08-30,1816.86,1823.2,1807.85,1809.448
2021-08-31,1809.2,1819.21,1801.77,1813.296
2021-09-01,1813.295,1820.03,1808.77,1813.264
2021-09-02,1813.71,1817.13,1804.95,1808.645
2021-09-03,1808.16,1834.01,1808.16,1826.1
2021-09-07,1823.058,1827.33,1792.4,1794.01
2021-09-08,1794.15,1802.16,1782.531,1788.6
2021-09-09,1788.11,1801.03,1783.95,1794.35
2021-09-10,1793.798,1803.91,1787.28,1787.52
2021-09-13,1788.2,1798.53,1783.9,1793.046
2021-09-14,1793.074,1808.74,1780.9,1804.1
2021-09-15,1803.93,1806.89,1790.83,1794
2021-09-16,1794.146,1796.2,1745.44,1753.523
2021-09-17,1753.523,1767.48,1747.5,1753.4
2021-09-20,1754.03,1767.14,1742.29,1764
2021-09-21,1764.51,1781.73,1758.07,1773.828
2021-09-22,1773.9,1787.24,1764.8,1768.25
2021-09-23,1768.308,1776.543,1737.99,1742.84
2021-09-24,1742.839,1757.608,1740.55,1749.976
2021-09-27,1750.18,1760.83,1744.95,1749.86
2021-09-28,1749.83,1754.44,1728.2,1733.798
2021-09-29,1734.006,1745.6,1721.71,1725.766
2021-09-30,1725.716,1764.18,1722.36,1756.388
2021-10-01,1756.495,1764.29,1749.809,1760.65
2021-10-04,1759.5,1770.55,1747.8,1769.65
2021-10-05,1769.806,1770.046,1748.73,1759.495
2021-10-06,1759.675,1765.11,1746,1762.565
2021-10-07,1762.69,1766.96,1752.09,1756.276
2021-10-08,1756.256,1781.3,1753.49,1756.63
2021-10-11,1755.6,1760.97,1750.25,1753.409
2021-10-12,1753.45,1769.32,1750.9,1759.686
2021-10-13,1759.975,1796.12,1758.06,1792.568
2021-10-14,1792.61,1800.5,1786.8,1795.29
2021-10-15,1795.767,1796.47,1764.97,1766.453
2021-10-18,1766.5,1772.11,1760.4,1764.5
2021-10-19,1763.908,1785.11,1763,1769.568
2021-10-20,1768.579,1788.41,1766.998,1781.39
2021-10-21,1781.49,1789.5,1776.6,1782.248
2021-10-22,1782.375,1813.94,1782.375,1792.28
2021-10-25,1791.52,1810.03,1791.52,1807.43
2021-10-26,1807.198,1808.33,1782.5,1792.706
2021-10-27,1792.895,1799.12,1783.58,1796.06
2021-10-28,1796.06,1810.43,1792.42,1799.118
2021-10-29,1798.986,1801.11,1772.07,1782.763
2021-11-01,1779.8,1795.82,1779.23,1793.113
2021-11-02,1793.113,1796.42,1786.5,1787.863
2021-11-03,1787.75,1788.235,1758.93,1768.734
2021-11-04,1768.799,1798.95,1768.799,1790.63
2021-11-05,1790.308,1818.275,1785.3,1816.7
2021-11-08,1816.7,1826.435,1812.54,1823.6
2021-11-09,1823.88,1832.675,1819.3,1831.7
2021-11-10,1830.9,1868.57,1822.49,1848.885
2021-11-11,1849.17,1866.04,1843,1861.29
2021-11-12,1861.77,1868.67,1845.4,1864.74
2021-11-15,1863.9,1870.468,1856.465,1862.545
2021-11-16,1862.435,1877.145,1849.64,1849.64
2021-11-17,1849.63,1868.03,1849.63,1867.07
2021-11-18,1866.81,1870.94,1855.2,1858.6
2021-11-19,1858,1865.85,1843.16,1845.295
2021-11-22,1844.8,1849.07,1802.35,1804.186
2021-11-23,1804.45,1812.41,1782.08,1788.746
2021-11-24,1788.7,1796.355,1778.69,1788.45
2021-11-26,1787.766,1815.6,1780.532,1791.6
2021-11-29,1791.6,1799.41,1780.722,1784.135
2021-11-30,1784.2,1808.72,1769.98,1773.986
2021-12-01,1774,1794.62,1772.3,1781.414
2021-12-02,1781.13,1783.41,1761.99,1768.466
2021-12-03,1766.7,1786.11,1766.22,1782.83
2021-12-06,1782.3,1787.721,1775.78,1778.4
2021-12-07,1777.9,1787.81,1772.32,1783.528
2021-12-08,1783.766,1793.13,1779.69,1782.7
2021-12-09,1782.18,1787.61,1773.37,1774.03
2021-12-10,1774.6,1789.52,1770.21,1782.446
2021-12-13,1781.7,1791.58,1781.7,1785.79
2021-12-14,1786.56,1789.55,1766.56,1770.494
2021-12-15,1769.5,1780.88,1753.1,1776.73
2021-12-16,1776.5,1799.39,1775.7,1798.91
2021-12-17,1799,1814.27,1795.893,1797.933
2021-12-20,1796.9,1804.098,1788.44,1790.23
2021-12-21,1790.406,1800.45,1784.92,1788.4
2021-12-22,1788.47,1805.02,1785.95,1802.48
2021-12-23,1803.52,1810.78,1799.01,1808.58
2021-12-27,1801.9,1813.46,1801.9,1811.735
2021-12-28,1811.7,1820.23,1805.11,1806
2021-12-29,1806.27,1807.636,1789.57,1804.406
2021-12-30,1804.33,1817.13,1796.3,1814.1
2021-12-31,1813.9,1830.36,1813.9,1829.24
2022-01-03,1828,1831.65,1798.41,1801.3
2022-01-04,1801.1,1816.728,1798.574,1814.086
2022-01-05,1813.5,1829.68,1808.4,1809.18
2022-01-06,1810.2,1812.19,1786.42,1790.795
2022-01-07,1789.1,1798.65,1782.71,1795.92
2022-01-10,1778.5,1802.31,1778.5,1801.21
2022-01-11,1801,1823.31,1800.27,1821.39
2022-01-12,1821.3,1828.06,1814.83,1826
2022-01-13,1825.84,1828.16,1812.45,1822.3
2022-01-14,1821.78,1829.144,1814.77,1817.482
2022-01-18,1818.21,1822.77,1805.78,1813.4
2022-01-19,1813.48,1843.4,1810.34,1839.96
2022-01-20,1840.18,1847.94,1836.03,1838.79
2022-01-21,1839,1843.21,1828.57,1834.36
2022-01-24,1832.6,1844.33,1829.81,1842.62
2022-01-25,1842.46,1853.83,1835,1847.87
2022-01-26,1847.7,1850.09,1815.02,1819.35
2022-01-27,1818.9,1822.14,1791.89,1797.26
2022-01-28,1797.26,1799.41,1780.36,1791.16
2022-01-31,1791.32,1799.91,1785.64,1796.64
2022-02-01,1796.64,1808.78,1795.8,1800.38
2022-02-02,1800.1,1810.78,1794.54,1806.34
2022-02-03,1805.96,1808.98,1788.76,1804.534
2022-02-04,1803.86,1814.88,1792.29,1807.54
2022-02-07,1807.61,1823.56,1806.9,1820.1
2022-02-08,1819.99,1828.78,1815.53,1825.6
2022-02-09,1824.9,1835.81,1824.78,1832.42
2022-02-10,1832.87,1841.95,1821.78,1826.79
2022-02-11,1826.78,1865.434,1820.99,1858.44
2022-02-14,1858.11,1874.2,1850.85,1871.1
2022-02-15,1870.5,1879.5,1844.61,1853.36
2022-02-16,1852.98,1872.55,1850.41,1869.11
2022-02-17,1869.8,1901.12,1867.9,1898.35
2022-02-18,1897.2,1902.46,1886.69,1898.23
2022-02-22,1903.36,1914.12,1891.52,1898.16
2022-02-23,1898.2,1910.5,1889.7,1907.76
2022-02-24,1908.1,1974.398,1878.25,1902.94
2022-02-25,1903.5,1921.59,1883,1889.07
2022-02-28,1888.71,1931.47,1888.71,1908.67
2022-03-01,1907.9,1950.21,1901.5,1944.67
2022-03-02,1945.13,1947.96,1913.99,1928.35
2022-03-03,1928.6,1941.27,1922.16,1935.41
2022-03-04,1935.2,1970.95,1929.8,1970.95
2022-03-07,1969.91,2002.57,1961.17,1997.1
2022-03-08,1997.67,2070.42,1981.18,2050.168
2022-03-09,2049.3,2059.17,1976.3,1991.3
2022-03-10,1990.7,2009.17,1970.51,1996.8
2022-03-11,1996.8,1999.034,1958.84,1988.23
2022-03-14,1987.4,1990.308,1949.786,1950
2022-03-15,1951.361,1954.58,1907.14,1918.39
2022-03-16,1918.48,1929.53,1895.13,1927.46
2022-03-17,1927.761,1949.77,1923.46,1942.5
2022-03-18,1942.6,1945.34,1918.07,1921.198
2022-03-21,1920.85,1941.21,1918.14,1935.99
2022-03-22,1935.428,1938.39,1910.821,1920.862
2022-03-23,1920.882,1948.36,1915.697,1942.15
2022-03-24,1942.506,1966.12,1937.6,1957.381
2022-03-25,1957.48,1964.24,1943.31,1957.69
2022-03-28,1957.4,1960.43,1917.14,1921.772
2022-03-29,1922.33,1929.27,1890.35,1919.02
2022-03-30,1919.09,1938.54,1916.08,1932.65
2022-03-31,1932.19,1949.79,1919.4,1936.32
2022-04-01,1936.411,1939.5,1918.13,1924.3
2022-04-04,1924.71,1936.9,1915.63,1932.67
2022-04-05,1932.581,1944.55,1918,1923.43
2022-04-06,1923.84,1933.53,1915.16,1923.84
2022-04-07,1923.84,1937.79,1920.67,1930.91
2022-04-08,1930.95,1948.19,1927.83,1945.8
2022-04-11,1945.8,1969.798,1940.15,1953.69
2022-04-12,1953.171,1978.64,1949.76,1966.308
2022-04-13,1966.55,1981.52,1962.96,1977.7
2022-04-14,1977.61,1980.32,1960.7,1973.2
2022-04-18,1974.4,1998.39,1971.22,1978.18
2022-04-19,1978.09,1981.95,1943.8,1949.911
2022-04-20,1949.348,1958.31,1939.45,1957.398
2022-04-21,1957.366,1957.72,1936.83,1951.451
2022-04-22,1951.14,1955.6,1926.72,1929.7
2022-04-25,1929.7,1935.14,1891.64,1897.967
2022-04-26,1897.963,1911.19,1895.85,1905.117
2022-04-27,1905.217,1907,1881.5,1885.567
2022-04-28,1885.518,1896.71,1872.2,1894.441
2022-04-29,1894.867,1919.9,1892.69,1895.638
2022-05-02,1897,1899.94,1854.65,1863.111
2022-05-03,1862.988,1878.17,1850.51,1867.03
2022-05-04,1867.5,1889.87,1861.57,1881.298
2022-05-05,1882.298,1909.8,1872.7,1876.561
2022-05-06,1876.37,1892.51,1866.28,1882.99
2022-05-09,1863,1885.68,1851.88,1853.982
2022-05-10,1854.27,1865.4,1835.48,1837.8
2022-05-11,1837.2,1858.16,1832.169,1851.76
2022-05-12,1851.967,1858.93,1821.48,1822.158
2022-05-13,1821.71,1828.91,1799.13,1810.678
2022-05-16,1811.45,1826.89,1787.031,1824.29
2022-05-17,1824.404,1836.15,1813,1814.565
2022-05-18,1814.42,1824.71,1807.4,1815.776
2022-05-19,1815.808,1849.13,1810.85,1840.9
2022-05-20,1840.407,1849.52,1832.49,1845.6
2022-05-23,1845.6,1865.44,1843.3,1852.893
2022-05-24,1851.991,1869.66,1849.423,1866.258
2022-05-25,1866.39,1868.19,1841.89,1851.898
2022-05-26,1851.958,1855.57,1840.11,1850.328
2022-05-27,1850.318,1862.02,1847.97,1852.838
2022-05-31,1855.918,1857.17,1835.2,1836.652
2022-06-01,1836.592,1849.96,1828.47,1845.9
2022-06-02,1845.98,1870.53,1844.14,1868.458
2022-06-03,1868.79,1874.14,1847.46,1851.04
2022-06-06,1850.1,1857.92,1840.458,1840.458
2022-06-07,1840.58,1855.53,1837.1,1851.98
2022-06-08,1851.838,1859.64,1844.74,1852.178
2022-06-09,1852.083,1855.42,1840.13,1847.798
2022-06-10,1847.818,1875.93,1825.2,1870.9
2022-06-13,1870.9,1879.45,1818.115,1819.79
2022-06-14,1819.928,1831.61,1805.2,1807.9
2022-06-15,1807.2,1841.95,1807.2,1832.57
2022-06-16,1832.28,1857.55,1815.29,1857.218
2022-06-17,1857.204,1857.87,1833.96,1839.3
2022-06-21,1837.242,1843.57,1828.72,1832.44
2022-06-22,1832.605,1847.88,1823.45,1837.588
2022-06-23,1837.748,1846.238,1822.6,1822.888
2022-06-24,1822.64,1831.8,1817.01,1826.1
2022-06-27,1826.1,1841.17,1820.73,1822.368
2022-06-28,1822.299,1829.49,1818.49,1819.338
2022-06-29,1819.338,1833.05,1812.19,1817.61
2022-06-30,1817.64,1825.1,1802.8,1807.288
2022-07-01,1807.18,1811.86,1784.6,1810.1
2022-07-05,1807.2,1812.1,1764.01,1765.073
2022-07-06,1764.968,1772.84,1732.36,1738.59
2022-07-07,1738.363,1749.07,1736.59,1739.964
2022-07-08,1740.12,1752.46,1733.08,1741.8
2022-07-11,1741.8,1744.528,1731.39,1733.478
2022-07-12,1733.639,1744.37,1723.3,1725.217
2022-07-13,1725.269,1745.39,1707.11,1734.5
2022-07-14,1735.179,1736.31,1697.7,1710.321
2022-07-15,1710.35,1716.63,1699.1,1706.7
2022-07-18,1706.7,1723.85,1706.18,1709.24
2022-07-19,1709.108,1718.43,1705.49,1711.17
2022-07-20,1711.328,1714.508,1692.58,1696.549
2022-07-21,1696.61,1720.238,1681,1717.859
2022-07-22,1717.888,1739.27,1712.99,1726.4
2022-07-25,1726.4,1736.24,1714.8,1719.328
2022-07-26,1719.27,1728.19,1713.7,1716.339
2022-07-27,1716.249,1740.37,1711.58,1734.048
2022-07-28,1733.94,1757.09,1733.8,1756.199
2022-07-29,1756.088,1767.9,1752.27,1765.337
2022-08-01,1765.2,1775.39,1758.5,1771.408
2022-08-02,1771.64,1788.03,1760,1760.02
2022-08-03,1760.747,1772.771,1754.22,1765.098
2022-08-04,1765.068,1794.93,1763.4,1790.69
2022-08-05,1790.938,1794.88,1765.1,1774.1
2022-08-08,1774.1,1790.03,1770.98,1788.14
2022-08-09,1788.168,1800.4,1783.32,1794.807
2022-08-10,1794.63,1807.93,1787.69,1791.29
2022-08-11,1791.508,1799.3,1783.7,1789.398
2022-08-12,1789.398,1802.7,1785,1801.97
2022-08-15,1801.3,1802.41,1773.09,1778.858
2022-08-16,1778.98,1783.13,1771.6,1775.848
2022-08-17,1775.758,1782.32,1759.87,1761.429
2022-08-18,1761.588,1772.42,1755.45,1758.959
2022-08-19,1758.59,1759.5,1745.64,1746.96
2022-08-22,1746.4,1749.19,1727.9,1735.839
2022-08-23,1737.49,1754.06,1730.92,1748.03
2022-08-24,1748.119,1755.87,1742.51,1750.859
2022-08-25,1750.758,1765.48,1750.06,1758.092
2022-08-26,1757.91,1758.91,1734.27,1736.8
2022-08-29,1737.56,1745.52,1720.4,1736.719
2022-08-30,1737.008,1740.51,1721.3,1723.248
2022-08-31,1723.5,1726.52,1709.72,1710.93
2022-09-01,1710.868,1711.43,1688.91,1696.09
2022-09-02,1696.277,1718.01,1695.17,1711.4
2022-09-06,1709.25,1726.78,1699.74,1701.401
2022-09-07,1701.36,1719.54,1691.5,1717.76
2022-09-08,1717.829,1728.2,1704.06,1708.37
2022-09-09,1708.418,1729.47,1708.418,1716.05
2022-09-12,1717.49,1735.1,1712.061,1724.969
2022-09-13,1724.41,1731.8,1697.18,1701.56
2022-09-14,1701.09,1707.07,1693.78,1696.794
2022-09-15,1697.42,1698.19,1660.44,1664.71
2022-09-16,1664.71,1680.41,1654.28,1674.02
2022-09-19,1675.24,1679.9,1659.78,1675.64
2022-09-20,1675.722,1679.51,1660.1,1664.54
2022-09-21,1664.54,1688.05,1653.93,1673.2
2022-09-22,1672.942,1684.89,1655.8,1670.948
2022-09-23,1671.24,1675.93,1639.78,1643
2022-09-26,1643.29,1649.78,1621.27,1622.15
2022-09-27,1621.85,1642.45,1621.85,1628.56
2022-09-28,1628.56,1662.76,1614.92,1659.71
2022-09-29,1659.74,1664.88,1641.65,1661.026
2022-09-30,1660.648,1675.38,1659.33,1660.73
2022-10-03,1660.73,1701.56,1659.8,1699.288
2022-10-04,1699.15,1729.46,1695.29,1725.16
2022-10-05,1725.16,1727.78,1700.671,1715.84
2022-10-06,1716.03,1725.55,1706.99,1711.75
2022-10-07,1712.468,1714.82,1690.7,1693.7
2022-10-10,1694.69,1699.94,1665.78,1668
2022-10-11,1667.74,1683.94,1661,1665.97
2022-10-12,1666.022,1678.33,1661.45,1673
2022-10-13,1672.973,1682.45,1642.49,1666
2022-10-14,1666.05,1671.74,1640.27,1643.78
2022-10-17,1643.4,1668.42,1643.4,1650.18
2022-10-18,1650.06,1660.94,1645.93,1651.33
2022-10-19,1651.31,1654.44,1627.75,1629.21
2022-10-20,1629.65,1645.65,1622.53,1627.027
2022-10-21,1626.997,1658.07,1617.3,1656.6
2022-10-24,1657.66,1670.75,1644.05,1649.86
2022-10-25,1649.89,1662.45,1638.4,1652.92
2022-10-26,1653.08,1674.94,1649.84,1663.89
2022-10-27,1663.84,1670.82,1654.93,1662.1
2022-10-28,1662.1,1667.04,1638.16,1644.3
2022-10-31,1644.99,1645.62,1631.84,1632.77
2022-11-01,1632.728,1657,1630.85,1648.18
2022-11-02,1648.11,1669.52,1634.9,1635.298
2022-11-03,1636.067,1640.97,1616.71,1629.4
2022-11-04,1628.688,1682.37,1628.688,1680.2
2022-11-07,1681.11,1681.836,1666.96,1675.48
2022-11-08,1675.48,1716.89,1664.8,1712.17
2022-11-09,1712.17,1722.55,1702.29,1706.67
2022-11-10,1706.67,1757.26,1704,1755.49
2022-11-11,1755.53,1772.78,1747.38,1771.198
2022-11-14,1771.23,1775.07,1753.35,1771.28
2022-11-15,1771.18,1786.53,1767.19,1778.89
2022-11-16,1778.89,1785.04,1770.4,1773.6
2022-11-17,1773.3,1774.81,1754.57,1760.03
2022-11-18,1760.03,1767.68,1747.6,1750.398
2022-11-21,1750.56,1753.02,1732.58,1737.83
2022-11-22,1736.92,1749.72,1736.92,1739.7
2022-11-23,1739.99,1753.36,1725.71,1749.37
2022-11-25,1756.61,1761.18,1745.99,1754.26
2022-11-28,1754.26,1763.75,1739.72,1741.24
2022-11-29,1740.9,1759.05,1739.7,1749.7
2022-11-30,1749.4,1769.96,1745.03,1768
2022-12-01,1767.7,1804.02,1767.7,1802.5
2022-12-02,1802.23,1804.45,1778.68,1797.248
2022-12-05,1797.59,1810.04,1765.9,1768.4
2022-12-06,1768.4,1780.9,1766.9,1770.6
2022-12-07,1770.86,1790.52,1768.8,1785.83
2022-12-08,1786,1794.87,1781.5,1788.92
2022-12-09,1788.73,1806.12,1788.57,1797.11
2022-12-12,1797.41,1797.59,1777.66,1780.27
2022-12-13,1780.9,1824.47,1780.89,1810.84
2022-12-14,1809.5,1814.14,1795.66,1807.23
2022-12-15,1806.46,1808.64,1773.92,1776.54
2022-12-16,1775.97,1794.31,1774.4,1792.588
2022-12-19,1791.83,1798.68,1783.94,1787.3
2022-12-20,1786.53,1821.11,1784.71,1817.6
2022-12-21,1816.93,1823.82,1811.93,1814.1
2022-12-22,1814.1,1820.45,1784.94,1792.36
2022-12-23,1791.54,1803.21,1791.31,1797.688
2022-12-27,1797.21,1833.29,1797.21,1813.3
2022-12-28,1812.5,1814.52,1797.14,1804
2022-12-29,1803.3,1820.18,1803.3,1814.5
2022-12-30,1813.87,1826.07,1811.2,1822.79
2023-01-03,1823.53,1850.15,1823.53,1839
2023-01-04,1839.6,1865.15,1836.29,1854.1
2023-01-05,1854.34,1859.03,1825.04,1832.488
2023-01-06,1832.45,1870,1830.8,1865.487
2023-01-09,1865.91,1881.59,1865.4,1871.65
2023-01-10,1870.4,1880.73,1868,1876.6
2023-01-11,1876.72,1886.63,1867.22,1875.3
2023-01-12,1875.3,1901.55,1872.64,1896.7
2023-01-13,1896.79,1921.86,1892.4,1920.15
2023-01-17,1915.66,1919.02,1903.88,1908.2
2023-01-18,1908.53,1925.88,1896.74,1903.7
2023-01-19,1904.14,1935.25,1901.1,1931.8
2023-01-20,1931.9,1937.51,1920.77,1925.95
2023-01-23,1925.82,1935.51,1911.49,1930.6
2023-01-24,1930.43,1942.51,1917.22,1937
2023-01-25,1936.3,1948.08,1919.91,1945.78
2023-01-26,1945.78,1949.16,1918.74,1928.8
2023-01-27,1928.59,1935.06,1916.78,1927.286
2023-01-30,1927.98,1934.47,1920.71,1923.1
2023-01-31,1923.1,1931.12,1900.86,1928.26
2023-02-01,1928.26,1954.5,1920.65,1950.17
2023-02-02,1949.3,1959.74,1911.35,1912.3
2023-02-03,1912.57,1918.59,1861.37,1864.9
2023-02-06,1864.9,1881.31,1860.44,1867.04
2023-02-07,1866.9,1884.42,1865.08,1872.1
2023-02-08,1872.7,1886.345,1869.16,1875.04
2023-02-09,1875.04,1890.21,1858.97,1860.66
2023-02-10,1861.4,1872.22,1852.89,1865.14
2023-02-13,1865.4,1866.54,1850.55,1853.36
2023-02-14,1852.6,1870.53,1843.35,1854.37
2023-02-15,1853.8,1860.14,1830.64,1835.6
2023-02-16,1835.3,1845.29,1827.65,1836.24
2023-02-17,1835.95,1843.62,1818.97,1841.73
2023-02-21,1841.14,1843.82,1830.33,1834.82
2023-02-22,1834.64,1846.09,1823.6,1824.29
2023-02-23,1824.29,1833.78,1817.56,1821.9
2023-02-24,1821.9,1827.78,1809.06,1809.87
2023-02-27,1809.87,1820.17,1806.78,1816.7
2023-02-28,1817.05,1831.13,1804.78,1826.69
2023-03-01,1826.69,1844.57,1823.21,1836.3
2023-03-02,1836.3,1838.99,1830.11,1835.4
2023-03-03,1835.51,1856.51,1835.51,1855.84
2023-03-06,1855.84,1858.33,1845.21,1846.46
2023-03-07,1846.46,1851.62,1812.82,1813.36
2023-03-08,1813.36,1824.25,1809.48,1813.64
2023-03-09,1813.64,1835.64,1812.09,1829.28
2023-03-10,1829.28,1870.14,1827.84,1866.99
2023-03-13,1867.17,1914.6,1867.17,1912.68
2023-03-14,1913.71,1914.16,1895.55,1903.4
2023-03-15,1903.414,1937.31,1885.83,1918.11
2023-03-16,1918.11,1933.42,1907.63,1921.51
2023-03-17,1920.85,1989.16,1918.37,1988.5
2023-03-20,1988.78,2009.75,1966,1978.5
2023-03-21,1978.44,1985.16,1935.56,1939.704
2023-03-22,1939.704,1978.78,1934.4,1969.714
2023-03-23,1969.374,2003.28,1964.74,1992.6
2023-03-24,1992.9,2003.002,1975.39,1976.9
2023-03-27,1978.32,1980.38,1944.11,1956.184
2023-03-28,1955.96,1975.25,1949.28,1973.3
2023-03-29,1973.14,1974.34,1958.82,1962.97
2023-03-30,1963.36,1984.26,1955.54,1980.36
2023-03-31,1980.274,1987.57,1966.86,1968.53
2023-04-03,1969.3,1990.46,1949.9,1984.168
2023-04-04,1984.37,2025.17,1977.1,2020.66
2023-04-05,2020.66,2032.13,2009.98,2020.35
2023-04-06,2020.49,2021.42,2000.97,2007.8
2023-04-10,2007.05,2007.8,1981.78,1990.71
2023-04-11,1990.7,2007.44,1988.9,2003.484
2023-04-12,2003.274,2028.32,2001.44,2014.404
2023-04-13,2014.27,2048.79,2013.9,2040.27
2023-04-14,2040.23,2047.47,1992.586,2003.43
2023-04-17,2004.03,2015.02,1981.29,1994.688
2023-04-18,1994.87,2011.83,1991.38,2005.104
2023-04-19,2005.07,2008.16,1969.34,1994.61
2023-04-20,1994.31,2012.34,1990.65,2004.334
2023-04-21,2004.32,2005.52,1971.736,1982.37
2023-04-24,1982.37,1990.82,1974.23,1988.85
2023-04-25,1988.81,2003.85,1976.26,1996.74
2023-04-26,1996.6,2009.34,1983.48,1989.87
2023-04-27,1989.198,2003.47,1974.236,1987.92
2023-04-28,1987.76,1995,1976.31,1989.62
2023-05-01,1991.1,2005.99,1977.22,1981.18
2023-05-02,1981.64,2019.36,1978.58,2016.58
2023-05-03,2016.58,2042.86,2008.09,2042.86
2023-05-04,2042.86,2081.82,2030.5,2049.92
2023-05-05,2049.894,2053.04,1999.59,2015.94
2023-05-08,2016.65,2029.36,2014.4,2020.44
2023-05-09,2020.92,2037.524,2019.615,2034.15
2023-05-10,2033.704,2048.15,2021.67,2029.4
2023-05-11,2029.39,2041.238,2011.3,2014.9
2023-05-12,2014.71,2022.56,2001.07,2010.9
2023-05-15,2010.6,2022.114,2007.43,2015.73
2023-05-16,2015.624,2018.28,1985.6,1988.24
2023-05-17,1988.24,1993.01,1975.12,1981.32
2023-05-18,1981.35,1986,1951.87,1957.66
2023-05-19,1957.78,1984.16,1954.14,1977.3
2023-05-22,1977.64,1982.56,1968.98,1969.2
2023-05-23,1971.21,1977.71,1954.37,1974.74
2023-05-24,1974.7,1985.27,1956.83,1957.08
2023-05-25,1957.11,1964.76,1938.96,1939.96
2023-05-26,1939.96,1957.25,1936.9,1946.13
2023-05-30,1943.84,1963.53,1932.2,1958.12
2023-05-31,1958.53,1974.75,1953.8,1962.77
2023-06-01,1962.8,1983.1,1953.47,1976.69
2023-06-02,1976.84,1983.44,1947.5,1947.5
2023-06-05,1947.97,1963.97,1938.275,1961.084
2023-06-06,1961.24,1966.34,1954.51,1963.23
2023-06-07,1963.26,1970.15,1939.89,1940.21
2023-06-08,1940.134,1970.534,1939.73,1965.7
2023-06-09,1965.66,1973.13,1956.769,1960.78
2023-06-12,1960.71,1966.97,1949.32,1956.91
2023-06-13,1957.14,1971.024,1940.13,1943.09
2023-06-14,1943.26,1960.29,1939.83,1941.804
2023-06-15,1941.94,1960.24,1925.055,1954.955
2023-06-16,1957.32,1967.89,1953.43,1957.3
2023-06-20,1950.58,1956.74,1929.92,1935.16
2023-06-21,1935.16,1939.47,1919.32,1932.198
2023-06-22,1932.11,1934.98,1912.53,1913.53
2023-06-23,1913.504,1937.33,1910.26,1920.26
2023-06-26,1921.1,1933.31,1921.1,1922.25
2023-06-27,1922.72,1930.659,1911,1913.46
2023-06-28,1913.41,1917.22,1902.76,1907.68
2023-06-29,1907.71,1913.089,1893.12,1907.41
2023-06-30,1908.01,1922.72,1900.652,1919.36
2023-07-03,1919.31,1931.09,1910.13,1920.73
2023-07-05,1925.47,1934.973,1914.51,1914.51
2023-07-06,1914.51,1927.55,1902.75,1910.81
2023-07-07,1910.78,1934.821,1909.69,1925
2023-07-10,1925.43,1928.13,1912.76,1925.08
2023-07-11,1925.16,1938.435,1924.48,1932.21
2023-07-12,1932.3,1959.66,1932.3,1956.4
2023-07-13,1956.4,1963.63,1952.51,1959.944
2023-07-14,1960.04,1963.81,1951.06,1954.8
2023-07-17,1955.28,1959.83,1945.89,1954.28
2023-07-18,1953.554,1984.32,1953.554,1978.61
2023-07-19,1978.61,1980.894,1969.9,1976.18
2023-07-20,1976.69,1987.42,1965.47,1969.25
2023-07-21,1969.25,1973.8,1956.946,1960.8
2023-07-24,1961.7,1967.864,1953.579,1954.65
2023-07-25,1954.65,1965.66,1952.03,1964.83
2023-07-26,1964.86,1978.284,1962.15,1971.25
2023-07-27,1972.83,1982.15,1942.62,1945.715
2023-07-28,1946.005,1963.52,1945.57,1959.12
2023-07-31,1959.1,1972.354,1950.962,1965.58
2023-08-01,1965.5,1966.05,1941.24,1950.029
2023-08-02,1950.55,1954.774,1933.067,1933.64
2023-08-03,1933.64,1938.925,1929.64,1933.705
2023-08-04,1933.755,1946.881,1925.51,1942.69
2023-08-07,1942.69,1946.73,1931.6,1936.415
2023-08-08,1936.35,1938.11,1922.883,1924.84
2023-08-09,1924.95,1932.36,1914.15,1914.675
2023-08-10,1914.95,1930.15,1912.025,1912.025
2023-08-11,1912.049,1920.94,1910.95,1913.04
2023-08-14,1913.46,1918.125,1902.8,1907.15
2023-08-15,1906.59,1911.594,1896.5,1901.639
2023-08-16,1901.63,1907.19,1891.72,1891.91
2023-08-17,1891.91,1903.425,1885.09,1889.62
2023-08-18,1889.085,1896.773,1886.87,1888.9
2023-08-21,1889.21,1898.741,1884.89,1894.27
2023-08-22,1894.27,1904.5,1889.2,1897.191
2023-08-23,1897.151,1920.31,1897.151,1915.42
2023-08-24,1915.14,1923.37,1911.88,1916.82
2023-08-25,1916.705,1922.48,1903.74,1914.52
2023-08-28,1914.52,1926.04,1912.94,1919.598
2023-08-29,1919.561,1938.12,1914.57,1936.9
2023-08-30,1936.96,1949.05,1935.11,1942.23
2023-08-31,1942.1,1947.87,1939.17,1939.96
2023-09-01,1939.595,1952.95,1934.52,1939.3
2023-09-05,1938.2,1938.99,1925.48,1925.64
2023-09-06,1925.66,1929.165,1915.39,1916.37
2023-09-07,1916.45,1923.58,1916.32,1919.37
2023-09-08,1919.43,1929.69,1917.47,1918.07
2023-09-11,1918.89,1930.69,1916.66,1921.588
2023-09-12,1921.508,1924.48,1907.68,1911.675
2023-09-13,1912.148,1915.72,1905.68,1908.41
2023-09-14,1908.46,1912.9,1901.11,1910.63
2023-09-15,1910.63,1930.41,1909.93,1923.56
2023-09-18,1923.57,1934.18,1922.69,1933.04
2023-09-19,1933.2,1937.361,1929.86,1931.288
2023-09-20,1931.65,1947.39,1928.01,1930.78
2023-09-21,1930.57,1931.57,1913.99,1919.63
2023-09-22,1919.12,1929.12,1919.12,1924.68
2023-09-25,1925.23,1927.19,1915.328,1915.84
2023-09-26,1916.79,1916.89,1899.23,1900.35
2023-09-27,1900.52,1903.977,1872.65,1875.53
2023-09-28,1875.53,1879.581,1857.819,1864.59
2023-09-29,1865.24,1879.81,1846.42,1848.1
2023-10-02,1848.46,1849.96,1827.22,1827.95
2023-10-03,1827.95,1833.35,1815.3,1822.7
2023-10-04,1822.7,1830.67,1816.69,1821.02
2023-10-05,1821.1,1829.23,1813.07,1820.01
2023-10-06,1820.23,1834.83,1810.58,1832.54
2023-10-09,1832.46,1863.46,1832.4,1861.29
2023-10-10,1861.03,1865.41,1853.1,1859.498
2023-10-11,1860.13,1877.21,1858.74,1874.128
2023-10-12,1874.25,1885.055,1867.9,1868.69
2023-10-13,1868.69,1932.875,1868.69,1932.4
2023-10-16,1932.63,1932.63,1908.32,1920.05
2023-10-17,1919.99,1931.56,1912.54,1922.84
2023-10-18,1922.85,1962.58,1922.85,1947.2
2023-10-19,1947.92,1977.69,1945.35,1973.3
2023-10-20,1974.418,1997.16,1972.12,1980.9
2023-10-23,1981.45,1982.81,1963.29,1972.4
2023-10-24,1972.59,1980.9,1953.69,1970.8
2023-10-25,1971.265,1987.25,1963.15,1979.62
2023-10-26,1979.65,1993.44,1971.85,1984.41
2023-10-27,1984.41,2009.42,1976.97,2006
2023-10-30,2006.14,2006.77,1991.043,1995.7
2023-10-31,1995.3,2007.894,1978.99,1983.56
2023-11-01,1983.81,1993.24,1969.81,1982.34
2023-11-02,1982.2,1990.99,1978.96,1985.498
2023-11-03,1985.65,2004.07,1983.31,1992.08
2023-11-06,1992.31,1993.13,1977.54,1977.544
2023-11-07,1977.53,1978.38,1956.81,1969.15
2023-11-08,1969,1971.05,1947.49,1949.54
2023-11-09,1949.54,1965.57,1944.8,1958.24
2023-11-10,1958.24,1960.76,1933.14,1938.148
2023-11-13,1938.148,1949.17,1928.103,1945.948
2023-11-14,1945.75,1970.92,1938.842,1963.178
2023-11-15,1962.81,1975.3,1955.56,1959.1
2023-11-16,1959.23,1987.98,1956.63,1981
2023-11-17,1980.92,1993.42,1977.68,1980.65
2023-11-20,1980.62,1985.16,1965.57,1977.45
2023-11-21,1977.3,2007.54,1977.3,1998.13
2023-11-22,1998.13,2006.344,1987,1989.548
2023-11-24,1992.15,2003.58,1991.6,2002.1
2023-11-27,2005.11,2018.151,2000.66,2013.64
2023-11-28,2013.8,2043.05,2011.79,2040.71
2023-11-29,2040.6,2052.13,2035.48,2044.068
2023-11-30,2043.82,2047.18,2031.576,2036.098
2023-12-01,2035.88,2075.35,2034.02,2071.95
2023-12-04,2071.92,2146.792,2020.255,2028.85
2023-12-05,2028.85,2041.24,2009.96,2019.22
2023-12-06,2019.22,2035.86,2017.4,2025.219
2023-12-07,2025.28,2039.93,2020.32,2028.389
2023-12-08,2027.9,2034,1994.69,2004.25
2023-12-11,2004.54,2008.1,1976.02,1981.624
2023-12-12,1981.83,1996.73,1977.26,1979.37
2023-12-13,1979.48,2027.45,1973.13,2027.385
2023-12-14,2027.03,2047.91,2024.37,2036.3
2023-12-15,2035,2044.9,2015.71,2019.485
2023-12-18,2019.87,2033.69,2016.12,2026.984
2023-12-19,2027.15,2046.99,2021.84,2040.105
2023-12-20,2039.9,2043.47,2027.57,2031.735
2023-12-21,2030.62,2046,2030.62,2045.845
2023-12-22,2045.57,2070.63,2045.57,2052.79
2023-12-26,2053.602,2069.07,2053.517,2067.789
2023-12-27,2067.6,2084.44,2061.63,2077.495
2023-12-28,2077.51,2088.48,2064.72,2065.439
2023-12-29,2065,2074.77,2058.34,2062.68
2024-01-02,2062.68,2078.9,2055.98,2058.699
2024-01-03,2058.78,2065.99,2030.72,2041.195
2024-01-04,2041.49,2050.95,2036.34,2043.348
2024-01-05,2042.8,2063.98,2024.63,2045.44
2024-01-08,2045.41,2046.58,2016.85,2027.909
2024-01-09,2027.6,2042.01,2026.17,2029.9
2024-01-10,2029.9,2040.27,2020.57,2024.105
2024-01-11,2024,2046.649,2013.43,2028.83
2024-01-12,2028.38,2062.27,2028.38,2048.92
2024-01-16,2054.75,2055.82,2024.37,2028.155
2024-01-17,2028.06,2032.94,2001.92,2005.945
2024-01-18,2006.038,2023.25,2005.83,2022.835
2024-01-19,2022.68,2039.4,2020.51,2029.47
2024-01-22,2029.48,2032.16,2016.66,2021.2
2024-01-23,2021.504,2037.93,2019.73,2029.015
2024-01-24,2028.9,2036.71,2011.32,2013.5
2024-01-25,2013.54,2025.22,2009.66,2020.505
2024-01-26,2020.4,2026.92,2016.05,2017.915
2024-01-29,2018.38,2037.56,2018.38,2032.955
2024-01-30,2032,2048.62,2029.17,2036.82
2024-01-31,2036.51,2055.98,2031.02,2039.105
2024-02-01,2039.27,2065.6,2030.12,2054.545
2024-02-02,2054.949,2057.62,2027.94,2039.58
2024-02-05,2039.58,2042.22,2014.97,2025.005
2024-02-06,2024.77,2038.86,2022.99,2035.365
2024-02-07,2035.75,2044.55,2030.7,2034.805
2024-02-08,2034.7,2038.69,2020.35,2033.785
2024-02-09,2033.85,2037.24,2020.41,2024.155
2024-02-12,2024.38,2027.58,2012.01,2019.885
2024-02-13,2019.63,2032.845,1990.22,1992.855
2024-02-14,1993.1,1996.12,1984.37,1991.98
2024-02-15,1991.98,2008.27,1990.32,2004.105
2024-02-16,2003.95,2015.164,1995.25,2013.055
2024-02-20,2017.95,2031.13,2014.34,2024.095
2024-02-21,2023.97,2032.29,2020.19,2025.895
2024-02-22,2025.48,2034.86,2019.75,2024.09
2024-02-23,2023.933,2041.53,2016.15,2035.43
2024-02-26,2035.39,2037.07,2025.15,2030.885
2024-02-27,2031.17,2039.47,2028.9,2029.964
2024-02-28,2030.29,2037.89,2024.61,2034.085
2024-02-29,2034.33,2050.75,2028.23,2043.98
2024-03-01,2043.7,2088.33,2039.22,2082.65
2024-03-04,2082.65,2119.89,2079.57,2114.295
2024-03-05,2113.9,2141.81,2110.59,2127.913
2024-03-06,2127.97,2152.24,2123.8,2147.952
2024-03-07,2148.05,2164.78,2144.36,2159.715
2024-03-08,2159.86,2195.15,2154.17,2178.965
2024-03-11,2179.03,2188.99,2174.91,2182.008
2024-03-12,2182.098,2184.76,2150.78,2157.698
2024-03-13,2157.698,2179.812,2155.98,2174.323
2024-03-14,2174.272,2176.97,2152.965,2161.708
2024-03-15,2161.338,2172.712,2155.29,2155.625
2024-03-18,2155.66,2163.6,2146.24,2160.328
2024-03-19,2160.203,2162.84,2147.29,2157.412
2024-03-20,2157.298,2188.78,2149.7,2185.8
2024-03-21,2186.572,2222.91,2166.48,2181.072
2024-03-22,2180.792,2186.1,2157.208,2164.7
2024-03-25,2164.93,2181.29,2163.708,2171.088
2024-03-26,2171.405,2200.11,2167.81,2178.3
2024-03-27,2178.123,2197.6,2173.55,2194.503
2024-03-28,2194.532,2236.242,2187.53,2232.1
2024-04-01,2232.54,2265.651,2228.66,2251.37
2024-04-02,2251.382,2281.011,2246.868,2278.7
2024-04-03,2280.447,2301.07,2265.629,2299.607
2024-04-04,2300.302,2305.61,2279.84,2289
2024-04-05,2290.151,2330.471,2267.96,2329.57
2024-04-08,2329.44,2354.04,2303.09,2338.7
2024-04-09,2338.641,2365.3,2337.059,2352.911
2024-04-10,2352.931,2360.07,2319.493,2332.6
2024-04-11,2332.821,2377.66,2325.83,2371.606
2024-04-12,2372.56,2431.78,2333.99,2343.285
2024-04-15,2343.3,2387.55,2324.42,2382.3
2024-04-16,2382.416,2398.22,2363.11,2382.7
2024-04-17,2382.111,2395.54,2354.68,2360.2
2024-04-18,2361.271,2392.801,2361.271,2378.266
2024-04-19,2378.266,2417.889,2373,2391.77
2024-04-22,2392.03,2392.03,2324.78,2326.1
2024-04-23,2327.871,2334.43,2291.54,2321.56
2024-04-24,2322.271,2337.31,2311.89,2315.022
2024-04-25,2315.042,2344.89,2305.17,2331.511
2024-04-26,2332.29,2352.55,2326.4,2337.91
2024-04-29,2337.65,2346.76,2320.1,2335.451
2024-04-30,2335.451,2336.29,2285.26,2285.4
2024-05-01,2285.811,2328.29,2281.77,2319.742
2024-05-02,2319.891,2326.45,2285.58,2302.7
2024-05-03,2303.242,2320.67,2277.369,2301.93
2024-05-06,2301.93,2332.2,2291.95,2325.763
2024-05-07,2325.797,2329.93,2310.109,2313.917
2024-05-08,2313.99,2321.39,2303.81,2308.5
2024-05-09,2308.942,2347.26,2306.66,2345.7
2024-05-10,2346.561,2378.45,2343.6,2360.22
2024-05-13,2359.97,2364.52,2332.31,2336.3
2024-05-14,2335.731,2359.72,2334.95,2357.8
2024-05-15,2357.038,2390.25,2351.97,2386.126
2024-05-16,2386.126,2397.39,2371.12,2376.4
2024-05-17,2376.741,2422.709,2374.02,2414.5
2024-05-20,2414.02,2450.1,2407.43,2425
2024-05-21,2427.076,2433.9,2406.36,2420.645
2024-05-22,2420.645,2426.56,2375.109,2378.55
2024-05-23,2379.651,2383.7,2327.13,2328.806
2024-05-24,2328.805,2347.43,2325.53,2333.75
2024-05-28,2351.451,2364.12,2340.33,2360.331
2024-05-29,2360.131,2362.73,2334.65,2337.861
2024-05-30,2337.698,2351.82,2322.72,2343.801
2024-05-31,2343.691,2359.74,2320.75,2326.97
2024-06-03,2326.97,2354.77,2314.85,2350.2
2024-06-04,2350.64,2352.81,2315.72,2325.918
2024-06-05,2326.81,2357.34,2326.03,2356.298
2024-06-06,2356.098,2378.47,2353.55,2375.498
2024-06-07,2376.11,2387.71,2286.91,2293.59
2024-06-10,2293.51,2313.82,2287.88,2310.6
2024-06-11,2310.78,2319.93,2297.86,2316.2
2024-06-12,2316.41,2341.69,2310.82,2324.498
2024-06-13,2324.65,2326.71,2295.71,2301
2024-06-14,2303.71,2336.64,2301.68,2332.52
2024-06-17,2332.3,2332.85,2310.08,2316
2024-06-18,2318.098,2333.14,2306.66,2329.18
2024-06-20,2327.87,2365.53,2327.87,2359.898
2024-06-21,2359.898,2368.74,2316.88,2321.45
2024-06-24,2321.45,2334.67,2317.849,2332.8
2024-06-25,2333.4,2337.12,2315.62,2318.7
2024-06-26,2319.58,2323.9,2293.77,2298.098
2024-06-27,2297.898,2330.93,2296.63,2327.3
2024-06-28,2327.108,2339.79,2319.18,2326.41
2024-07-01,2326.15,2338.55,2318.6,2331.5
2024-07-02,2330.848,2336.8,2319.22,2329.2
2024-07-03,2329.098,2365.13,2327,2353.2
2024-07-05,2356.72,2392.91,2349.199,2391.24
2024-07-08,2391.24,2391.3,2351.17,2358.2
2024-07-09,2358.338,2371.49,2349.579,2363.4
2024-07-10,2363.09,2386.72,2362.88,2370.9
2024-07-11,2371.04,2424.55,2371.04,2415.298
2024-07-12,2415.498,2418.26,2391.58,2410.78
2024-07-15,2410.61,2439.753,2401.48,2421.61
2024-07-16,2421.91,2469.74,2420.14,2468.4
2024-07-17,2468.14,2483.76,2451.65,2458.06
2024-07-18,2458.33,2474.89,2440.48,2445.14
2024-07-19,2445.14,2447.47,2393.95,2400.38
2024-07-22,2400.59,2412.22,2384.01,2396.15
2024-07-23,2396.15,2412.02,2388.37,2408.518
2024-07-24,2408.84,2432.01,2396.98,2397.4
2024-07-25,2397.18,2401.18,2353.22,2365.3
2024-07-26,2363.95,2390.81,2356.01,2386.89
2024-07-29,2387.4,2403.11,2369.73,2383.58
2024-07-30,2383.58,2412.82,2376.63,2410.27
2024-07-31,2410.01,2450.92,2404.01,2447.6
2024-08-01,2447.93,2462.29,2430.35,2444.6
2024-08-02,2445.98,2477.66,2410.945,2442.08
2024-08-05,2442.08,2458.845,2364.435,2409.39
2024-08-06,2409.42,2418.33,2381.769,2389.1
2024-08-07,2389.98,2407.08,2379.15,2383.49
2024-08-08,2383.49,2427.65,2381.15,2426.5
2024-08-09,2426.85,2437.07,2417.03,2430.87
2024-08-12,2430.71,2473.22,2423.96,2471.93
2024-08-13,2470.115,2476.97,2458.63,2466.498
2024-08-14,2466.415,2479.94,2438.19,2447.4
2024-08-15,2446.958,2470.03,2432.28,2456.8
2024-08-16,2456.51,2509.72,2450.87,2506.844
2024-08-19,2507.48,2510.17,2485.76,2503.8
2024-08-20,2503.28,2531.67,2497.47,2513.6
2024-08-21,2512.968,2519.89,2494.182,2511.8
2024-08-22,2511.698,2514.66,2470.89,2481.7
2024-08-23,2484.19,2518.33,2484.19,2512.01
2024-08-26,2512.01,2526.82,2508.87,2517.68
2024-08-27,2518.34,2525.95,2503.67,2524.4
2024-08-28,2524.56,2529.02,2493.74,2503.858
2024-08-29,2503.858,2528.66,2503.74,2520.64
2024-08-30,2520.504,2526.86,2494.32,2502.98
2024-09-03,2499.098,2506.29,2473.5,2492.405
2024-09-04,2492.425,2500.28,2471.97,2494.725
2024-09-05,2494.855,2523.504,2493.66,2516.048
2024-09-06,2516.104,2529.16,2485.25,2497.09
2024-09-09,2496.75,2507.23,2485.68,2505.885
2024-09-10,2506.135,2518.48,2500.26,2515.978
2024-09-11,2516.25,2529.03,2501.05,2511.14
2024-09-12,2511.29,2560.12,2511.13,2558.6
2024-09-13,2558.364,2586.18,2556.85,2577.57
2024-09-16,2577.57,2589.68,2575.48,2582.22
2024-09-17,2581.994,2586.96,2560.881,2569.09
2024-09-18,2568.554,2600.14,2546.95,2558.83
2024-09-19,2558.424,2594.93,2551.229,2586.124
2024-09-20,2586.124,2625.77,2584.93,2621.79
2024-09-23,2621.79,2634.86,2613.94,2628.274
2024-09-24,2628.224,2664.34,2622.74,2657.074
2024-09-25,2657.074,2670.539,2649.782,2656.082
2024-09-26,2656.343,2685.579,2654.875,2672.033
2024-09-27,2671.353,2674.29,2643.25,2657.97
2024-09-30,2657.97,2665.99,2624.82,2634.25
2024-10-01,2633.954,2673.14,2632.45,2663.05
2024-10-02,2662.623,2663.379,2641.26,2658.013
2024-10-03,2658.013,2662.92,2638.152,2655.474
2024-10-04,2655.474,2670.14,2632.14,2653.27
2024-10-07,2653.05,2659.63,2637.88,2642.625
2024-10-08,2642.043,2653.04,2604.79,2620.565
2024-10-09,2620.894,2624.33,2605.32,2606.954
2024-10-10,2606.954,2631.51,2603.284,2629.62
2024-10-11,2629.414,2661.4,2628.26,2657.03
2024-10-14,2656.85,2666.87,2643.33,2648.68
2024-10-15,2647.443,2668.91,2638.24,2662.27
2024-10-16,2662.703,2685.41,2658.84,2673.7
2024-10-17,2674.373,2696.93,2673.33,2691.833
2024-10-18,2691.833,2722.54,2690.51,2721.12
2024-10-21,2720.098,2740.57,2714.31,2719.43
2024-10-22,2719.462,2748.85,2719.07,2748.65
2024-10-23,2747.833,2758.45,2708.82,2715.062
2024-10-24,2715.293,2743.27,2715.23,2735.94
2024-10-25,2735.053,2747.77,2717.14,2746.56
2024-10-28,2747.13,2747.13,2724.83,2741.88
2024-10-29,2741.673,2774.79,2739.99,2774.152
2024-10-30,2774.53,2790.03,2771.026,2787.042
2024-10-31,2787.21,2790.07,2731.66,2743.6
2024-11-01,2743.322,2762.23,2733.3,2735.8
2024-11-04,2735.91,2748.18,2730.55,2735.52
2024-11-05,2736.133,2749.96,2724.82,2743.694
2024-11-06,2743.72,2749.73,2652.53,2658.895
2024-11-07,2658.67,2710.61,2643.471,2705.995
2024-11-08,2705.84,2710.37,2680.42,2684.035
2024-11-11,2683.82,2686.16,2610.75,2619.375
2024-11-12,2618.97,2627.14,2589.8,2597.895
2024-11-13,2597.88,2618.84,2572.195,2572.195
2024-11-14,2572.43,2581.43,2536.89,2564.145
2024-11-15,2564.34,2576.06,2554.65,2562.715
2024-11-18,2562.81,2615.07,2562.74,2611.605
2024-11-19,2611.54,2639.44,2610.559,2632.105
2024-11-20,2631.603,2655.4,2618.98,2650.145
2024-11-21,2649.814,2673.54,2648.64,2669.37
2024-11-22,2668.993,2715.805,2668.24,2715.805
2024-11-25,2715.58,2721.41,2615.769,2624.645
2024-11-26,2624.64,2641.93,2605.39,2632.785
2024-11-27,2632.19,2658.2,2627.24,2635.785
2024-11-29,2637.74,2666.34,2634.13,2650.25
2024-12-02,2650.33,2656.14,2621.96,2638.555
2024-12-03,2638.64,2655.62,2634.21,2643.225
2024-12-04,2642.93,2657.16,2632.5,2649.325
2024-12-05,2649.014,2655.56,2623.65,2631.665
2024-12-06,2631.283,2645.69,2613.48,2632.664
2024-12-09,2645.414,2676.44,2627.62,2659.354
2024-12-10,2659.59,2695.57,2658.07,2693.514
2024-12-11,2693.63,2721.16,2675.89,2717.395
2024-12-12,2717.6,2726.13,2675.31,2680.595
2024-12-13,2680.46,2692.76,2646.24,2647.385
2024-12-16,2649.603,2664.37,2643.68,2652.7
2024-12-17,2652.7,2658.62,2633.18,2645.575
2024-12-18,2645.94,2651.71,2584.574,2584.574
2024-12-19,2584.63,2626.41,2583.21,2593.585
2024-12-20,2593.64,2631.869,2589.73,2622.435
2024-12-23,2622.47,2633.29,2608.27,2611.635
2024-12-24,2612.963,2621.42,2610.12,2616.539
2024-12-26,2619.21,2639.14,2614.43,2632.705
2024-12-27,2636.3,2638.31,2611.75,2621.348
2024-12-30,2620.5,2628.12,2596.19,2605.705
2024-12-31,2605.44,2627.53,2602.71,2624.16
2025-01-02,2623.82,2660.52,2621.88,2657.195
2025-01-03,2657.66,2665.33,2636.882,2638.41
2025-01-06,2638.41,2649.45,2614.8,2635.995
2025-01-07,2636.27,2664.37,2632.99,2648.185
2025-01-08,2648.5,2670.07,2645.4,2661.105
2025-01-09,2660.713,2678.51,2655.65,2669.525
2025-01-10,2670.983,2697.91,2664.12,2689.755
2025-01-13,2689.755,2693.37,2656.9,2662.475
2025-01-14,2662.703,2678.05,2659.96,2676.875
2025-01-15,2677.253,2697.42,2669.52,2695.719
2025-01-16,2696.26,2724.744,2690.1,2713.745
2025-01-17,2714.6,2717.4,2699.39,2702.12
2025-01-21,2706.102,2746.04,2702.77,2744.005
2025-01-22,2743.09,2763.39,2742.1,2755.755
2025-01-23,2752.782,2758.94,2735.97,2754.145
2025-01-24,2752.6,2785.98,2752.6,2770
2025-01-27,2770.07,2772.6,2730.64,2739.755
2025-01-28,2740.17,2765.04,2734.95,2763.005
2025-01-29,2762.22,2766.3,2744.94,2758.615
2025-01-30,2756.52,2798.55,2756.52,2793.465
2025-01-31,2795.27,2817.21,2791.17,2797.46
2025-02-03,2797.46,2830.57,2772.2,2814.13
2025-02-04,2814.13,2845.48,2807.35,2841.4
2025-02-05,2841.4,2882.39,2839.92,2866.235
2025-02-06,2866.4,2873.3,2834.3,2855.81
2025-02-07,2855.51,2886.83,2852.6,2860.09
2025-02-10,2860.09,2911.85,2854.67,2907.55
2025-02-11,2907.55,2942.71,2881.89,2897.23
2025-02-12,2896.571,2909.19,2864.263,2903.975
2025-02-13,2903.86,2929.54,2900.62,2927.305
2025-02-14,2929.22,2940.02,2877.09,2882.085
2025-02-18,2898.351,2936.97,2892.15,2935.53
2025-02-19,2935.53,2946.99,2918.71,2933.15
2025-02-20,2932.659,2954.944,2924.24,2938.995
2025-02-21,2938.359,2949.81,2916.89,2934.955
2025-02-24,2935.49,2956.15,2921.55,2952.725
2025-02-25,2952.28,2953.58,2888.42,2914.52
2025-02-26,2914.52,2930.106,2890.89,2916.025
2025-02-27,2916.03,2920.697,2867.922,2876.485
2025-02-28,2876.66,2885.13,2832.77,2856.998
2025-03-03,2857.09,2895.27,2855.849,2891.43
2025-03-04,2891.801,2927.76,2882.05,2916.625
2025-03-05,2917.4,2929.87,2894.42,2918.9
2025-03-06,2918.9,2926.6,2891.41,2910.99
2025-03-07,2911.951,2930.383,2896.94,2909.355
2025-03-10,2911.06,2918.32,2880.27,2888.37
2025-03-11,2888.341,2922.22,2880.4,2915.46
2025-03-12,2915.53,2940.5,2906.19,2933.9
2025-03-13,2933.84,2989.3,2933.03,2988.698
2025-03-14,2988.698,3004.94,2978.62,2984.02
2025-03-17,2984.48,3001.95,2982.36,3000.74
2025-03-18,3000.83,3038.31,2999.48,3034.34
2025-03-19,3033.599,3052.1,3023,3048.88
2025-03-20,3047.16,3057.51,3025.77,3044.41
2025-03-21,3043.49,3047.51,2999.54,3022.79
2025-03-24,3023.17,3033.32,3002.53,3011
2025-03-25,3011,3036.11,3007.64,3019.82
2025-03-26,3019.01,3032.09,3012.41,3019.08
2025-03-27,3018.339,3059.77,3017.76,3055.698
2025-03-28,3056.16,3086.9,3054.36,3084.33
2025-03-31,3084.98,3127.915,3076.98,3122.97
2025-04-01,3122.298,3149.03,3101.022,3113.397
2025-04-02,3113.398,3144.23,3105.04,3138.238
2025-04-03,3138.869,3167.74,3054.26,3114.28
2025-04-04,3113.998,3136.83,3015.88,3037.31
2025-04-07,3037.31,3055.7,2956.66,2980.8
2025-04-08,2981.57,3022.696,2974.854,2982.16
2025-04-09,2982.2,3099.72,2970.124,3082
2025-04-10,3081.92,3176.4,3071.59,3175.37
2025-04-11,3175.798,3245.45,3175.32,3236.68
2025-04-14,3238.07,3245.73,3193.67,3210.657
2025-04-15,3210.657,3233.75,3210.23,3229.53
2025-04-16,3229.53,3343.185,3229.53,3340.03
2025-04-17,3342.36,3357.92,3284.09,3326.83
2025-04-21,3333.33,3430.67,3329.117,3423.846
2025-04-22,3423.39,3500.12,3366.9,3379.37
2025-04-23,3354.243,3386.64,3260.283,3287.94
2025-04-24,3287.62,3367.533,3287.62,3348.836
2025-04-25,3349.516,3370.793,3265.34,3318.76
2025-04-28,3318.62,3353.04,3268.12,3343.875
2025-04-29,3343.817,3348.65,3299.72,3316.89
2025-04-30,3313,3328.03,3267.02,3288.57
2025-05-01,3288.57,3290.42,3202.033,3238.837
2025-05-02,3238,3269.27,3222.94,3240.61
2025-05-05,3240.61,3337.59,3237.63,3335.987
2025-05-06,3336.087,3437.026,3323.31,3437.026
2025-05-07,3436.335,3438.133,3360.26,3365.19
2025-05-08,3365.17,3414.706,3288.93,3304.067
2025-05-09,3304.067,3347.59,3274.927,3326.46
2025-05-12,3324.44,3326.46,3207.956,3236.048
2025-05-13,3236.048,3265.51,3216.06,3249.52
2025-05-14,3249.52,3257.08,3168.15,3176.58
2025-05-15,3177.46,3240.55,3120.985,3239.798
2025-05-16,3239.54,3252.05,3154.4,3201.78
2025-05-19,3202.82,3249.83,3202.82,3230.01
2025-05-20,3229.857,3295.72,3204.72,3290.267
2025-05-21,3290.02,3324.91,3285.606,3316.796
2025-05-22,3316.776,3345.4,3279.23,3294.667
2025-05-23,3294.42,3365.93,3287.23,3357.519
2025-05-27,3342.827,3350.03,3285.26,3300.617
2025-05-28,3300.567,3325.51,3276.922,3287.967
2025-05-29,3288.017,3331.11,3245.46,3317.19
2025-05-30,3317.917,3322.7,3271.76,3288.58
2025-06-02,3289.08,3382.89,3289.08,3382.716
2025-06-03,3381.666,3392.1,3333.21,3353.345
2025-06-04,3353.65,3384.72,3343.92,3374.25
2025-06-05,3374.25,3403.44,3339.53,3353.867
2025-06-06,3353.46,3375.64,3307.13,3309.25
2025-06-09,3309.47,3338.2,3293.69,3324.97
2025-06-10,3324.97,3349.17,3302.04,3322.72
2025-06-11,3322.907,3360.7,3315.71,3357.172
2025-06-12,3356.52,3398.98,3338.7,3385.716
2025-06-13,3385.666,3446.79,3379.79,3433.35
2025-06-16,3433,3452.5,3382.98,3384.666
2025-06-17,3385.426,3403.37,3366.29,3389.698
2025-06-18,3390.076,3400.04,3362.76,3370.316
2025-06-20,3368.405,3374.51,3340.47,3367.64
2025-06-23,3367.09,3398.35,3347.16,3367.05
2025-06-24,3367.82,3369.81,3295.54,3323.515
2025-06-25,3323.516,3337.11,3312.09,3333.276
2025-06-26,3333.617,3350.34,3310.02,3327.536
2025-06-27,3327.358,3328.22,3255.92,3273.43
2025-06-30,3273.46,3309.54,3246.63,3303.09
2025-07-01,3303.12,3358.02,3302.49,3338.86
2025-07-02,3338.067,3360.11,3327.72,3357.896
2025-07-03,3357.08,3365.7,3311.67,3325.42
2025-07-07,3336.9,3343.04,3296.49,3339.036
2025-07-08,3339.035,3345.78,3286.91,3301.827
2025-07-09,3301.557,3316.9,3282.88,3312.72
2025-07-10,3312.956,3330.32,3310.27,3323.61
2025-07-11,3323.61,3368.75,3322.03,3354.75
2025-07-14,3355.37,3374.96,3341.15,3342.56
2025-07-15,3342.56,3366.38,3320.34,3324.316
2025-07-16,3324.316,3377.48,3319.79,3347.667
2025-07-17,3347.41,3352.25,3309.86,3338.85
2025-07-18,3338.63,3361.27,3331.87,3349.53
2025-07-21,3349.88,3401.46,3338.037,3396.866
2025-07-22,3396.866,3433.49,3383.42,3431.766
2025-07-23,3431.866,3438.92,3381.65,3388.216
2025-07-24,3387.698,3393.42,3351.52,3368.08
2025-07-25,3368.098,3373.44,3325.06,3336.22
2025-07-28,3336.7,3345.35,3301.915,3313.696
2025-07-29,3313.696,3334.12,3308.2,3327.115
2025-07-30,3327.116,3334.08,3268.19,3275.817
2025-07-31,3276.467,3314.85,3274.097,3289.83
2025-08-01,3290.077,3363.57,3281.7,3362.64
2025-08-04,3362.09,3385.45,3345.223,3374.206
2025-08-05,3374.206,3390.46,3350,3380.31
2025-08-06,3380.31,3385.42,3358.24,3368.426
2025-08-07,3368.166,3401.908,3365.404,3400.056
2025-08-08,3399.986,3409.04,3374.59,3398.579
2025-08-11,3398.75,3405.21,3341.35,3342.307
2025-08-12,3342.187,3359.23,3331.16,3348.267
2025-08-13,3348.455,3370.77,3342.78,3356.667
2025-08-14,3356.667,3374.79,3329.92,3334.99
2025-08-15,3335.687,3348.73,3332.35,3335.28
2025-08-18,3335.28,3358.43,3323.7,3333.267
2025-08-19,3333.267,3345.35,3314.81,3315.51
2025-08-20,3315.407,3350.3,3311.62,3349.367
2025-08-21,3349.387,3352.12,3325.33,3338.4
2025-08-22,3339.327,3378.8,3321.53,3371.235
2025-08-25,3371.43,3376.29,3359.91,3365.316
2025-08-26,3365.316,3393.66,3351.41,3392.948
2025-08-27,3393.146,3398.82,3373.89,3398.616
2025-08-28,3398.506,3423.25,3384.74,3416.615
2025-08-29,3416.616,3454.06,3404.41,3446.805
2025-09-02,3477.415,3540.1,3470.31,3532.405
2025-09-03,3534.09,3578.375,3526.51,3559.914
2025-09-04,3561.9,3564.13,3511.477,3546.365
2025-09-05,3546.225,3600.18,3540.22,3586
2025-09-08,3586,3646.46,3578.02,3635.764
2025-09-09,3636.02,3674.78,3623.604,3623.604
2025-09-10,3622.05,3657.58,3619.04,3641.098
2025-09-11,3641.9,3649.13,3613.155,3633.464
2025-09-12,3633.464,3656.68,3630.63,3643.06
2025-09-15,3643.06,3685.524,3626.839,3678.91
2025-09-16,3679.963,3703.13,3674.83,3689.463
2025-09-17,3689.403,3707.47,3646.32,3658.89
2025-09-18,3658.463,3673.07,3627.85,3643.653
2025-09-19,3643.753,3685.77,3632.36,3684.65
2025-09-22,3684.65,3748.88,3683.98,3745.698
2025-09-23,3746.112,3791.08,3736.83,3765.052
2025-09-24,3765.072,3779.41,3717.57,3735.613
2025-09-25,3735.67,3761.602,3722.16,3748.88
2025-09-26,3748.071,3783.85,3734.636,3758.78
2025-09-29,3758.78,3834.12,3754.948,3832.662
2025-09-30,3832.951,3871.73,3793.28,3858.41
2025-10-01,3859.031,3895.33,3853.517,3865.1
2025-10-02,3865.1,3897,3819.32,3856.07
2025-10-03,3856.071,3891.64,3838.22,3885.66
2025-10-06,3885.66,3970.06,3884.17,3959.27
2025-10-07,3959.22,3991.07,3941.05,3984.34
2025-10-08,3984.46,4059.31,3983.052,4040.42
2025-10-09,4040.42,4058.01,3944.81,3974.53
2025-10-10,3974.29,4022.901,3947.25,4017.845
2025-10-13,4000.069,4117.02,3996.29,4110.428
2025-10-14,4110.42,4179.748,4090.53,4142.588
2025-10-15,4142.088,4218.13,4140.776,4208.867
2025-10-16,4208.867,4330.66,4199.78,4326.48
2025-10-17,4326.48,4380.79,4186.19,4250.93
2025-10-20,4250.93,4381.484,4219.11,4355.62
2025-10-21,4355.666,4375.49,4082.12,4123.968
2025-10-22,4123.868,4161.32,4004.407,4097.94
2025-10-23,4095.919,4154.79,4066.17,4127.459
2025-10-24,4126.459,4144.36,4043.75,4111.555
2025-10-27,4094.8,4109.08,3971.47,3981.84
2025-10-28,3983.45,4019.72,3886.72,3952.321
2025-10-29,3952.29,4030.23,3915.17,3928.77
2025-10-30,3931.67,4027.23,3915.62,4024.46
2025-10-31,4024.429,4046.252,3972.55,4002.69
2025-11-03,4002.69,4030.532,3962.466,4002.4
2025-11-04,4000.95,4005.94,3928.92,3932.02
2025-11-05,3931.63,3990.61,3929.66,3979.695
2025-11-06,3979.99,4019.57,3964.76,3976.525
2025-11-07,3977.03,4027.38,3974.81,4000.289
2025-11-10,4000.289,4115.9,3998.03,4115.595
2025-11-11,4115.35,4148.966,4096.93,4126.71
2025-11-12,4126.71,4211.656,4099.099,4194.675
2025-11-13,4195.02,4245.22,4145.52,4171.15
2025-11-14,4170.138,4211.31,4032.21,4082.159
2025-11-17,4084.65,4109.72,4006.99,4044.505
2025-11-18,4045.33,4082.41,3998.1,4066.605
2025-11-19,4067.27,4132.81,4055.65,4077.025
2025-11-20,4077.36,4110.227,4038.99,4076.099
2025-11-21,4076.59,4101.167,4022.41,4064.279
2025-11-24,4064.59,4139.993,4040.22,4134.719
2025-11-25,4134.23,4159.47,4109.72,4130.425
2025-11-26,4130.25,4173.34,4130.03,4162.565
2025-11-28,4157.748,4226.796,4147.982,4218.55
2025-12-01,4223.1,4264.56,4205.63,4230.439
2025-12-02,4231.47,4236,4163.87,4205.745
2025-12-03,4206.03,4241.73,4194.783,4202.42
2025-12-04,4202.42,4219.91,4175.06,4207.87
2025-12-05,4208.16,4259.6,4192.19,4197.405
2025-12-08,4198.23,4219.1,4176.32,4190.4
2025-12-09,4190.108,4221.4,4170.13,4207.069
2025-12-10,4206.79,4238.7,4182.24,4227.645
2025-12-11,4228.56,4285.98,4204.2,4279.21
2025-12-12,4280.457,4353.57,4257.32,4299.285
2025-12-15,4299.87,4350.42,4285.4,4304.76
2025-12-16,4305.11,4335.13,4271.64,4302.18
2025-12-17,4302.18,4349.5,4301.54,4338.83
2025-12-18,4338.83,4375.17,4308.81,4332.51
2025-12-19,4332.51,4356.59,4309.37,4338.669
2025-12-22,4338.36,4449.16,4338.28,4443.96
2025-12-23,4443.21,4499.89,4430.64,4485.34
2025-12-24,4483.98,4525.83,4448.38,4479.39
2025-12-26,4479.39,4549.96,4477.206,4532.41
2025-12-29,4532.41,4550.52,4302.853,4331.71
2025-12-30,4331.71,4404.41,4323.52,4338.34
2025-12-31,4338.34,4373.499,4274.12,4317.949
2026-01-02,4318.27,4402.354,4309.6,4331.575
2026-01-05,4331.575,4455.743,4331.575,4446.76
2026-01-06,4449.09,4497.32,4428.14,4495.01
2026-01-07,4495.01,4500.64,4423.663,4456.24
2026-01-08,4456.24,4479.64,4407.84,4477.83
2026-01-09,4478.83,4517.23,4452.99,4509.015
2026-01-12,4508.98,4630.24,4508.98,4597.939
2026-01-13,4597.2,4634.58,4569.85,4586
2026-01-14,4586,4643,4586,4626.82
2026-01-15,4626.82,4632.743,4581.35,4615.93
2026-01-16,4615.93,4621.15,4536.6,4595.515
2026-01-20,4670.24,4766.23,4659.74,4762.97
2026-01-21,4762.97,4888.43,4756.06,4832.97
2026-01-22,4831.25,4940.685,4772.635,4938.37
2026-01-23,4935.96,4989.943,4899.9,4988.17
2026-01-26,4988.17,5111.17,4988.17,5009.99
2026-01-27,5011.7,5190.4,5011.7,5180.35
2026-01-28,5178.8,5415.89,5157.501,5415.89
2026-01-29,5420.57,5598.75,5097.66,5379.35
2026-01-30,5384.71,5451.01,4682.908,4895.118
2026-02-02,4895.118,4895.118,4402.4,4659.342
2026-02-03,4669.08,4993.84,4666.61,4946.04
2026-02-04,4946.67,5091.95,4850.709,4964.195
2026-02-05,4965.98,5023.72,4759.89,4776.48
2026-02-06,4782.49,4971.39,4655.295,4967.27
2026-02-09,4983.54,5086.53,4965.43,5058.81
2026-02-10,5058.76,5078.67,4987.67,5023.88
2026-02-11,5026.17,5119.159,5018.78,5084.75
2026-02-12,5086.07,5100.21,4878.686,4921.109
2026-02-13,4923.07,5046.261,4886.69,5042.2
2026-02-17,4995.6,5000.85,4841.67,4878.98
2026-02-18,4876.64,5010.9,4854.298,4976.01
2026-02-19,4975.98,5022.28,4960.23,5001.18
2026-02-20,5001.18,5108.36,4981.87,5108.36
2026-02-23,5108.14,5237.84,5099.51,5225.66
2026-02-24,5226.635,5249.872,5093.4,5142.43
2026-02-25,5143.03,5217.7,5121.15,5164.31
2026-02-26,5160.5,5205.472,5130.53,5181.1
2026-02-27,5181.1,5279.098,5167.142,5278.607
2026-03-02,5281.53,5419.32,5260.56,5321.92
2026-03-03,5323.15,5379.867,4996.36,5088.52
2026-03-04,5101.22,5206.138,5083.91,5140.94
2026-03-05,5134.86,5194.953,5051.15,5084.63
2026-03-06,5086.76,5174.651,5062.7,5171.798
2026-03-09,5180.27,5197.868,5014.8,5139.57
2026-03-10,5139.49,5238.623,5117.71,5190.61
2026-03-11,5187.03,5223.22,5149.322,5176.27
2026-03-12,5176.15,5191.77,5055.15,5077.94
2026-03-13,5080.27,5128.43,5009.84,5018.098
2026-03-16,5004.25,5038.112,4967.63,5007.42
2026-03-17,5007.38,5044.53,4973.72,5006.63
2026-03-18,5005.96,5016.41,4807.1,4818.77
2026-03-19,4828.6,4867.186,4502.836,4654.23
2026-03-20,4654.21,4736.48,4477.45,4491.67
2026-03-23,4468.254,4536.37,4098.742,4407.35
2026-03-24,4417.14,4484.24,4305.946,4469.88
2026-03-25,4470.18,4602.631,4456.092,4505.31
2026-03-26,4525.85,4544.42,4351.29,4381.91
2026-03-27,4377.86,4555.51,4370.61,4493.118
2026-03-30,4497.74,4580.78,4418.17,4513
2026-03-31,4512.984,4687.34,4482.796,4671.792
2026-04-01,4674.4,4793.135,4661.91,4758.67
2026-04-02,4758.5,4800.46,4553.837,4676.86
2026-04-06,4648.41,4706.75,4600.737,4649.31
2026-04-07,4658.85,4718.742,4607.52,4701.4
2026-04-08,4721.83,4857.55,4699.56,4719.45
2026-04-09,4719.9,4801.25,4698.45,4769.35
2026-04-10,4769.35,4795.1,4730.812,4746.898
2026-04-13,4683.18,4750.14,4639.32,4744.6
2026-04-14,4744.48,4846.35,4742.5,4840.661
2026-04-15,4840.701,4871.52,4786.54,4790.711
2026-04-16,4790.422,4838.41,4772.48,4787.431
2026-04-17,4791.488,4890.967,4767.85,4837.49
2026-04-20,4792.17,4827.63,4737.33,4822.8
2026-04-21,4814.634,4833.231,4668.62,4719.7
2026-04-22,4720.792,4772.307,4715.79,4744.37
2026-04-23,4745.73,4753.819,4664.31,4704.46
2026-04-24,4703.05,4740.32,4657.87,4708.62
2026-04-27,4708.62,4730.19,4666.7,4681.53
2026-04-28,4685.59,4701.28,4554.967,4596.44
2026-04-29,4600.27,4610.447,4510.3,4543.54
2026-04-30,4544.09,4646.95,4539.56,4616.55
2026-05-01,4616.55,4660.28,4560.11,4614.22
2026-05-04,4613.16,4639.01,4500.87,4521.19
2026-05-05,4524.92,4586.543,4513.74,4555.608
2026-05-06,4560.42,4723.085,4546.42,4691.14
2026-05-07,4693.64,4764.73,4677.19,4677.19
2026-05-08,4687.8,4749.39,4673.02,4713.56
2026-05-11,4686.15,4748.61,4647.96,4732.77
2026-05-12,4735.12,4773.58,4638.315,4714.28
2026-05-13,4713.08,4727.09,4669.55,4689.402
2026-05-14,4692.3,4718.95,4644.5,4649.5
2026-05-15,4653.8,4665.36,4511.54,4539.39
2026-05-18,4531.02,4585.03,4480.5,4566.39
2026-05-19,4566.28,4589.37,4464.943,4483.7
2026-05-20,4483.64,4552.81,4453.68,4543.09
2026-05-21,4538.86,4570.89,4488.65,4542.748
2026-05-22,4542.56,4546,4491.728,4508.93
2026-05-26,4569.051,4580.27,4482.666,4507.02
2026-05-27,4510.15,4539.6,4401.747,4455.9
2026-05-28,4456.25,4516.65,4366.67,4495.83
2026-05-29,4497.82,4595.35,4489.17,4538.16
2026-06-01,4537.87,4546.106,4447.74,4484.66
2026-06-02,4484.691,4541.538,4463.12,4487.14
2026-06-03,4489.358,4496.733,4426.587,4433.548
2026-06-04,4434.92,4515.43,4424.09,4475.957
2026-06-05,4476.57,4481.46,4311.83,4328.92
2026-06-08,4328.92,4353.5,4268.68,4329.718
2026-06-09,4331.185,4363.54,4236.77,4260.61
2026-06-10,4253,4257.49,4067.32,4070.21
2026-06-11,4070.76,4220.18,4023.95,4212.57
2026-06-12,4209.03,4246.566,4170.31,4218.97
2026-06-15,4218.97,4369.45,4218.97,4309.56
2026-06-16,4309.62,4355.08,4306.129,4330.61
2026-06-17,4331.355,4382.45,4219.08,4252.47
2026-06-18,4257.81,4330.01,4201.51,4219.485
2026-06-22,4144.68,4221.13,4136.7,4191.942
2026-06-23,4192.31,4198.44,4090.93,4112.339
2026-06-24,4115.31,4115.31,3959.12,3991.7
2026-06-25,3995.08,4044.29,3962.42,4026.18
2026-06-26,4011.65,4096.73,3983.21,4088.87
2026-06-29,4086.469,4088.44,4000.046,4015.62
2026-06-30,4017.68,4063.42,3942.71,4007.26
2026-07-01,4011.62,4115.675,3960.19,4031.14
2026-07-02,4035.2,4144.15,4030.9,4122.752
2026-07-06,4174.96,4203.21,4128.57,4165.045
2026-07-07,4165.66,4180.46,4092.39,4100.977
2026-07-08,4098.072,4134.02,4021.85,4078.96
2026-07-09,4077.52,4138.09,4054.34,4123.21
2026-07-10,4124.432,4134.84,4072.661,4120.345