time,open,high,low,close
1925-08-03,20.75,20.75,20.75,20.75
1925-08-31,20.75,20.75,20.75,20.75
1925-09-28,20.75,20.75,20.75,20.75
1925-11-02,20.75,20.75,20.75,20.75
1925-11-30,20.75,20.75,20.75,20.75
1925-12-28,20.72,20.72,20.72,20.72
1926-02-01,20.72,20.72,20.72,20.72
1926-03-01,20.72,20.72,20.72,20.72
1926-03-29,20.72,20.72,20.72,20.72
1926-05-03,20.72,20.72,20.72,20.72
1926-05-31,20.72,20.72,20.72,20.72
1926-06-28,20.72,20.72,20.72,20.72
1926-08-02,20.72,20.72,20.72,20.72
1926-08-30,20.72,20.72,20.72,20.72
1926-09-27,20.72,20.72,20.72,20.72
1926-11-01,20.72,20.72,20.72,20.72
1926-11-29,20.72,20.72,20.72,20.72
1927-01-03,20.75,20.75,20.75,20.75
1927-01-31,20.75,20.75,20.75,20.75
1927-02-28,20.75,20.75,20.75,20.75
1927-03-28,20.75,20.75,20.75,20.75
1927-05-02,20.75,20.75,20.75,20.75
1927-05-30,20.75,20.75,20.75,20.75
1927-06-27,20.75,20.75,20.75,20.75
1927-08-01,20.75,20.75,20.75,20.75
1927-08-29,20.75,20.75,20.75,20.75
1927-10-03,20.75,20.75,20.75,20.75
1927-10-31,20.75,20.75,20.75,20.75
1927-11-28,20.75,20.75,20.75,20.75
1928-01-02,20.78,20.78,20.78,20.78
1928-01-30,20.78,20.78,20.78,20.78
1928-02-27,20.78,20.78,20.78,20.78
1928-04-02,20.78,20.78,20.78,20.78
1928-04-30,20.78,20.78,20.78,20.78
1928-05-28,20.78,20.78,20.78,20.78
1928-07-02,20.78,20.78,20.78,20.78
1928-07-30,20.78,20.78,20.78,20.78
1928-09-03,20.78,20.78,20.78,20.78
1928-10-01,20.78,20.78,20.78,20.78
1928-10-29,20.78,20.78,20.78,20.78
1928-12-03,20.78,20.78,20.78,20.78
1928-12-31,20.72,20.72,20.72,20.72
1929-01-28,20.72,20.72,20.72,20.72
1929-02-25,20.72,20.72,20.72,20.72
1929-04-01,20.72,20.72,20.72,20.72
1929-04-29,20.72,20.72,20.72,20.72
1929-06-03,20.72,20.72,20.72,20.72
1929-07-01,20.72,20.72,20.72,20.72
1929-07-29,20.72,20.72,20.72,20.72
1929-09-02,20.72,20.72,20.72,20.72
1929-09-30,20.72,20.72,20.72,20.72
1929-10-28,20.72,20.72,20.72,20.72
1929-12-02,20.72,20.72,20.72,20.72
1929-12-30,20.69,20.69,20.69,20.69
1930-02-03,20.69,20.69,20.69,20.69
1930-03-03,20.69,20.69,20.69,20.69
1930-03-31,20.69,20.69,20.69,20.69
1930-04-28,20.69,20.69,20.69,20.69
1930-06-02,20.69,20.69,20.69,20.69
1930-06-30,20.69,20.69,20.69,20.69
1930-07-28,20.69,20.69,20.69,20.69
1930-09-01,20.69,20.69,20.69,20.69
1930-09-29,20.69,20.69,20.69,20.69
1930-11-03,20.69,20.69,20.69,20.69
1930-12-01,20.69,20.69,20.69,20.69
1930-12-29,22.59,22.59,22.59,22.59
1931-02-02,22.59,22.59,22.59,22.59
1931-03-02,22.59,22.59,22.59,22.59
1931-03-30,22.59,22.59,22.59,22.59
1931-04-27,22.59,22.59,22.59,22.59
1931-06-01,22.59,22.59,22.59,22.59
1931-06-29,22.59,22.59,22.59,22.59
1931-08-03,22.59,22.59,22.59,22.59
1931-08-31,22.59,22.59,22.59,22.59
1931-09-28,22.59,22.59,22.59,22.59
1931-11-02,22.59,22.59,22.59,22.59
1931-11-30,22.59,22.59,22.59,22.59
1931-12-28,20.78,20.78,20.78,20.78
1932-02-01,20.78,20.78,20.78,20.78
1932-02-29,20.78,20.78,20.78,20.78
1932-03-28,20.78,20.78,20.78,20.78
1932-05-02,20.78,20.78,20.78,20.78
1932-05-30,20.78,20.78,20.78,20.78
1932-06-27,20.78,20.78,20.78,20.78
1932-08-01,20.78,20.78,20.78,20.78
1932-08-29,20.78,20.78,20.78,20.78
1932-10-03,20.78,20.78,20.78,20.78
1932-10-31,20.78,20.78,20.78,20.78
1932-11-28,20.78,20.78,20.78,20.78
1933-01-02,26.47,26.47,26.47,26.47
1933-01-30,26.47,26.47,26.47,26.47
1933-02-27,26.47,26.47,26.47,26.47
1933-04-03,26.47,26.47,26.47,26.47
1933-05-01,26.47,26.47,26.47,26.47
1933-05-29,26.47,26.47,26.47,26.47
1933-07-03,26.47,26.47,26.47,26.47
1933-07-31,26.47,26.47,26.47,26.47
1933-08-28,26.47,26.47,26.47,26.47
1933-10-02,26.47,26.47,26.47,26.47
1933-10-30,26.47,26.47,26.47,26.47
1933-11-27,26.47,26.47,26.47,26.47
1934-01-01,35,35,35,35
1934-01-29,35,35,35,35
1934-02-26,35,35,35,35
1934-04-02,35,35,35,35
1934-04-30,35,35,35,35
1934-05-28,35,35,35,35
1934-07-02,35,35,35,35
1934-07-30,35,35,35,35
1934-09-03,35,35,35,35
1934-10-01,35,35,35,35
1934-10-29,35,35,35,35
1934-12-03,35,35,35,35
1934-12-31,35,35,35,35
1935-01-28,35,35,35,35
1935-02-25,35,35,35,35
1935-04-01,35,35,35,35
1935-04-29,35,35,35,35
1935-06-03,35,35,35,35
1935-07-01,35,35,35,35
1935-07-29,35,35,35,35
1935-09-02,35,35,35,35
1935-09-30,35,35,35,35
1935-10-28,35,35,35,35
1935-12-02,35,35,35,35
1935-12-30,35,35,35,35
1936-02-03,35,35,35,35
1936-03-02,35,35,35,35
1936-03-30,35,35,35,35
1936-04-27,35,35,35,35
1936-06-01,35,35,35,35
1936-06-29,35,35,35,35
1936-08-03,35,35,35,35
1936-08-31,35,35,35,35
1936-09-28,35,35,35,35
1936-11-02,35,35,35,35
1936-11-30,35,35,35,35
1936-12-28,35,35,35,35
1937-02-01,35,35,35,35
1937-03-01,35,35,35,35
1937-03-29,35,35,35,35
1937-05-03,35,35,35,35
1937-05-31,35,35,35,35
1937-06-28,35,35,35,35
1937-08-02,35,35,35,35
1937-08-30,35,35,35,35
1937-09-27,35,35,35,35
1937-11-01,35,35,35,35
1937-11-29,35,35,35,35
1938-01-03,35,35,35,35
1938-01-31,35,35,35,35
1938-02-28,35,35,35,35
1938-03-28,35,35,35,35
1938-05-02,35,35,35,35
1938-05-30,35,35,35,35
1938-06-27,35,35,35,35
1938-08-01,35,35,35,35
1938-08-29,35,35,35,35
1938-10-03,35,35,35,35
1938-10-31,35,35,35,35
1938-11-28,35,35,35,35
1939-01-02,34.69,34.69,34.69,34.69
1939-01-30,34.69,34.69,34.69,34.69
1939-02-27,34.69,34.69,34.69,34.69
1939-04-03,34.69,34.69,34.69,34.69
1939-05-01,34.69,34.69,34.69,34.69
1939-05-29,34.69,34.69,34.69,34.69
1939-07-03,34.69,34.69,34.69,34.69
1939-07-31,34.69,34.69,34.69,34.69
1939-08-28,34.69,34.69,34.69,34.69
1939-10-02,34.69,34.69,34.69,34.69
1939-10-30,34.69,34.69,34.69,34.69
1939-11-27,34.69,34.69,34.69,34.69
1940-01-01,34.06,34.06,34.06,34.06
1940-01-29,34.06,34.06,34.06,34.06
1940-02-26,34.06,34.06,34.06,34.06
1940-04-01,34.06,34.06,34.06,34.06
1940-04-29,34.06,34.06,34.06,34.06
1940-06-03,34.06,34.06,34.06,34.06
1940-07-01,34.06,34.06,34.06,34.06
1940-07-29,34.06,34.06,34.06,34.06
1940-09-02,34.06,34.06,34.06,34.06
1940-09-30,34.06,34.06,34.06,34.06
1940-10-28,34.06,34.06,34.06,34.06
1940-12-02,34.06,34.06,34.06,34.06
1940-12-30,34.06,34.06,34.06,34.06
1941-02-03,34.06,34.06,34.06,34.06
1941-03-03,34.06,34.06,34.06,34.06
1941-03-31,34.06,34.06,34.06,34.06
1941-04-28,34.06,34.06,34.06,34.06
1941-06-02,34.06,34.06,34.06,34.06
1941-06-30,34.06,34.06,34.06,34.06
1941-07-28,34.06,34.06,34.06,34.06
1941-09-01,34.06,34.06,34.06,34.06
1941-09-29,34.06,34.06,34.06,34.06
1941-11-03,34.06,34.06,34.06,34.06
1941-12-01,34.06,34.06,34.06,34.06
1941-12-29,34.06,34.06,34.06,34.06
1942-02-02,34.06,34.06,34.06,34.06
1942-03-02,34.06,34.06,34.06,34.06
1942-03-30,34.06,34.06,34.06,34.06
1942-04-27,34.06,34.06,34.06,34.06
1942-06-01,34.06,34.06,34.06,34.06
1942-06-29,34.06,34.06,34.06,34.06
1942-08-03,34.06,34.06,34.06,34.06
1942-08-31,34.06,34.06,34.06,34.06
1942-09-28,34.06,34.06,34.06,34.06
1942-11-02,34.06,34.06,34.06,34.06
1942-11-30,34.06,34.06,34.06,34.06
1942-12-28,34.06,34.06,34.06,34.06
1943-02-01,34.06,34.06,34.06,34.06
1943-03-01,34.06,34.06,34.06,34.06
1943-03-29,34.06,34.06,34.06,34.06
1943-05-03,34.06,34.06,34.06,34.06
1943-05-31,34.06,34.06,34.06,34.06
1943-06-28,34.06,34.06,34.06,34.06
1943-08-02,34.06,34.06,34.06,34.06
1943-08-30,34.06,34.06,34.06,34.06
1943-09-27,34.06,34.06,34.06,34.06
1943-11-01,34.06,34.06,34.06,34.06
1943-11-29,34.06,34.06,34.06,34.06
1944-01-03,34.06,34.06,34.06,34.06
1944-01-31,34.06,34.06,34.06,34.06
1944-02-28,34.06,34.06,34.06,34.06
1944-04-03,34.06,34.06,34.06,34.06
1944-05-01,34.06,34.06,34.06,34.06
1944-05-29,34.06,34.06,34.06,34.06
1944-07-03,34.06,34.06,34.06,34.06
1944-07-31,34.06,34.06,34.06,34.06
1944-08-28,34.06,34.06,34.06,34.06
1944-10-02,34.06,34.06,34.06,34.06
1944-10-30,34.06,34.06,34.06,34.06
1944-11-27,34.06,34.06,34.06,34.06
1945-01-01,35,35,35,35
1945-01-29,35,35,35,35
1945-02-26,35,35,35,35
1945-04-02,35,35,35,35
1945-04-30,35,35,35,35
1945-05-28,35,35,35,35
1945-07-02,35,35,35,35
1945-07-30,35,35,35,35
1945-09-03,35,35,35,35
1945-10-01,35,35,35,35
1945-10-29,35,35,35,35
1945-12-03,35,35,35,35
1945-12-31,35,35,35,35
1946-01-28,35,35,35,35
1946-02-25,35,35,35,35
1946-04-01,35,35,35,35
1946-04-29,35,35,35,35
1946-06-03,35,35,35,35
1946-07-01,35,35,35,35
1946-07-29,35,35,35,35
1946-09-02,35,35,35,35
1946-09-30,35,35,35,35
1946-10-28,35,35,35,35
1946-12-02,35,35,35,35
1946-12-30,35,35,35,35
1947-02-03,35,35,35,35
1947-03-03,35,35,35,35
1947-03-31,35,35,35,35
1947-04-28,35,35,35,35
1947-06-02,35,35,35,35
1947-06-30,35,35,35,35
1947-07-28,35,35,35,35
1947-09-01,35,35,35,35
1947-09-29,35,35,35,35
1947-11-03,35,35,35,35
1947-12-01,35,35,35,35
1947-12-29,35,35,35,35
1948-02-02,35,35,35,35
1948-03-01,35,35,35,35
1948-03-29,35,35,35,35
1948-05-03,35,35,35,35
1948-05-31,35,35,35,35
1948-06-28,35,35,35,35
1948-08-02,35,35,35,35
1948-08-30,35,35,35,35
1948-09-27,35,35,35,35
1948-11-01,35,35,35,35
1948-11-29,35,35,35,35
1949-01-03,31.88,31.88,31.88,31.88
1949-01-31,31.88,31.88,31.88,31.88
1949-02-28,31.88,31.88,31.88,31.88
1949-03-28,31.88,31.88,31.88,31.88
1949-05-02,31.88,31.88,31.88,31.88
1949-05-30,31.88,31.88,31.88,31.88
1949-06-27,31.88,31.88,31.88,31.88
1949-08-01,31.88,31.88,31.88,31.88
1949-08-29,31.88,31.88,31.88,31.88
1949-10-03,31.88,31.88,31.88,31.88
1949-10-31,31.88,31.88,31.88,31.88
1949-11-28,31.88,31.88,31.88,31.88
1950-01-02,34.73,34.73,34.73,34.73
1950-01-30,34.73,34.73,34.73,34.73
1950-02-27,34.73,34.73,34.73,34.73
1950-04-03,34.73,34.73,34.73,34.73
1950-05-01,34.73,34.73,34.73,34.73
1950-05-29,34.73,34.73,34.73,34.73
1950-07-03,34.73,34.73,34.73,34.73
1950-07-31,34.73,34.73,34.73,34.73
1950-09-04,34.73,34.73,34.73,34.73
1950-10-02,34.73,34.73,34.73,34.73
1950-10-30,34.73,34.73,34.73,34.73
1950-12-04,34.72,34.72,34.72,34.72
1951-01-01,34.72,34.72,34.72,34.72
1951-01-29,34.73,34.73,34.73,34.73
1951-02-26,34.73,34.73,34.73,34.73
1951-04-02,34.73,34.73,34.73,34.73
1951-04-30,34.73,34.73,34.73,34.73
1951-06-04,34.73,34.73,34.73,34.73
1951-07-02,34.72,34.72,34.72,34.72
1951-07-30,34.71,34.71,34.71,34.71
1951-09-03,34.71,34.71,34.71,34.71
1951-10-01,34.71,34.71,34.71,34.71
1951-10-29,34.73,34.73,34.73,34.73
1951-12-03,34.66,34.66,34.66,34.66
1951-12-31,34.49,34.49,34.49,34.49
1952-02-04,34.49,34.49,34.49,34.49
1952-03-03,34.68,34.68,34.68,34.68
1952-03-31,34.82,34.82,34.82,34.82
1952-04-28,34.73,34.73,34.73,34.73
1952-06-02,34.53,34.53,34.53,34.53
1952-06-30,34.57,34.57,34.57,34.57
1952-08-04,34.58,34.58,34.58,34.58
1952-09-01,34.51,34.51,34.51,34.51
1952-09-29,34.63,34.63,34.63,34.63
1952-11-03,34.72,34.72,34.72,34.72
1952-12-01,34.79,34.79,34.79,34.79
1952-12-29,34.88,34.88,34.88,34.88
1953-02-02,34.95,34.95,34.95,34.95
1953-03-02,34.92,34.92,34.92,34.92
1953-03-30,34.93,34.93,34.93,34.93
1953-05-04,34.9,34.9,34.9,34.9
1953-06-01,34.89,34.89,34.89,34.89
1953-06-29,34.91,34.91,34.91,34.91
1953-08-03,34.91,34.91,34.91,34.91
1953-08-31,34.76,34.76,34.76,34.76
1953-09-28,34.79,34.79,34.79,34.79
1953-11-02,34.86,34.86,34.86,34.86
1953-11-30,34.85,34.85,34.85,34.85
1954-01-04,34.86,34.86,34.86,34.86
1954-02-01,34.88,34.88,34.88,34.88
1954-03-01,34.92,34.92,34.92,34.92
1954-03-29,35.04,35.04,35.04,35.04
1954-05-03,35.08,35.08,35.08,35.08
1954-05-31,35.07,35.07,35.07,35.07
1954-06-28,35.08,35.08,35.08,35.08
1954-08-02,35.05,35.05,35.05,35.05
1954-08-30,35.08,35.08,35.08,35.08
1954-10-04,35.08,35.08,35.08,35.08
1954-11-01,35.06,35.06,35.06,35.06
1954-11-29,35.04,35.04,35.04,35.04
1955-01-03,35.04,35.04,35.04,35.04
1955-01-31,35.05,35.05,35.05,35.05
1955-02-28,35.06,35.06,35.06,35.06
1955-04-04,35.05,35.05,35.05,35.05
1955-05-02,35.05,35.05,35.05,35.05
1955-05-30,35.04,35.04,35.04,35.04
1955-07-04,35.05,35.05,35.05,35.05
1955-08-01,35.03,35.03,35.03,35.03
1955-08-29,34.98,34.98,34.98,34.98
1955-10-03,34.98,34.98,34.98,34.98
1955-10-31,34.98,34.98,34.98,34.98
1955-11-28,34.97,34.97,34.97,34.97
1956-01-02,34.99,34.99,34.99,34.99
1956-01-30,34.99,34.99,34.99,34.99
1956-02-27,34.99,34.99,34.99,34.99
1956-04-02,34.98,34.98,34.98,34.98
1956-04-30,34.99,34.99,34.99,34.99
1956-06-04,34.98,34.98,34.98,34.98
1956-07-02,35,35,35,35
1956-07-30,35.02,35.02,35.02,35.02
1956-09-03,35.01,35.01,35.01,35.01
1956-10-01,35.02,35.02,35.02,35.02
1956-10-29,34.98,34.98,34.98,34.98
1956-12-03,34.9,34.9,34.9,34.9
1956-12-31,34.88,34.88,34.88,34.88
1957-02-04,34.89,34.89,34.89,34.89
1957-03-04,34.91,34.91,34.91,34.91
1957-04-01,34.92,34.92,34.92,34.92
1957-04-29,34.93,34.93,34.93,34.93
1957-06-03,34.99,34.99,34.99,34.99
1957-07-01,34.99,34.99,34.99,34.99
1957-07-29,34.97,34.97,34.97,34.97
1957-09-02,34.96,34.96,34.96,34.96
1957-09-30,34.97,34.97,34.97,34.97
1957-11-04,34.97,34.97,34.97,34.97
1957-12-02,34.99,34.99,34.99,34.99
1957-12-30,35.01,35.01,35.01,35.01
1958-02-03,35.08,35.08,35.08,35.08
1958-03-03,35.09,35.09,35.09,35.09
1958-03-31,35.1,35.1,35.1,35.1
1958-04-28,35.11,35.11,35.11,35.11
1958-06-02,35.1,35.1,35.1,35.1
1958-06-30,35.11,35.11,35.11,35.11
1958-08-04,35.1,35.1,35.1,35.1
1958-09-01,35.1,35.1,35.1,35.1
1958-09-29,35.11,35.11,35.11,35.11
1958-11-03,35.1,35.1,35.1,35.1
1958-12-01,35.09,35.09,35.09,35.09
1958-12-29,35.07,35.07,35.07,35.07
1959-02-02,35.06,35.06,35.06,35.06
1959-03-02,35.06,35.06,35.06,35.06
1959-03-30,35.08,35.08,35.08,35.08
1959-05-04,35.12,35.12,35.12,35.12
1959-06-01,35.12,35.12,35.12,35.12
1959-06-29,35.13,35.13,35.13,35.13
1959-08-03,35.12,35.12,35.12,35.12
1959-08-31,35.13,35.13,35.13,35.13
1959-09-28,35.1,35.1,35.1,35.1
1959-11-02,35.06,35.06,35.06,35.06
1959-11-30,35.05,35.05,35.05,35.05
1960-01-04,35.09,35.09,35.09,35.09
1960-02-01,35.09,35.09,35.09,35.09
1960-02-29,35.09,35.09,35.09,35.09
1960-04-04,35.11,35.11,35.11,35.11
1960-05-02,35.1,35.1,35.1,35.1
1960-05-30,35.09,35.09,35.09,35.09
1960-07-04,35.1,35.1,35.1,35.1
1960-08-01,35.13,35.13,35.13,35.13
1960-08-29,35.22,35.22,35.22,35.22
1960-10-03,35.78,35.78,35.78,35.78
1960-10-31,35.82,35.82,35.82,35.82
1960-11-28,35.54,35.54,35.54,35.54
1961-01-02,35.56,35.56,35.56,35.56
1961-01-30,35.17,35.17,35.17,35.17
1961-02-27,35.08,35.08,35.08,35.08
1961-04-03,35.08,35.08,35.08,35.08
1961-05-01,35.06,35.06,35.06,35.06
1961-05-29,35.07,35.07,35.07,35.07
1961-07-03,35.11,35.11,35.11,35.11
1961-07-31,35.16,35.16,35.16,35.16
1961-09-04,35.19,35.19,35.19,35.19
1961-10-02,35.19,35.19,35.19,35.19
1961-10-30,35.19,35.19,35.19,35.19
1961-12-04,35.15,35.15,35.15,35.15
1962-01-01,35.16,35.16,35.16,35.16
1962-01-29,35.13,35.13,35.13,35.13
1962-02-26,35.09,35.09,35.09,35.09
1962-04-02,35.08,35.08,35.08,35.08
1962-04-30,35.08,35.08,35.08,35.08
1962-06-04,35.1,35.1,35.1,35.1
1962-07-02,35.12,35.12,35.12,35.12
1962-07-30,35.12,35.12,35.12,35.12
1962-09-03,35.13,35.13,35.13,35.13
1962-10-01,35.14,35.14,35.14,35.14
1962-10-29,35.09,35.09,35.09,35.09
1962-12-03,35.08,35.08,35.08,35.08
1962-12-31,35.06,35.06,35.06,35.06
1963-02-04,35.08,35.08,35.08,35.08
1963-03-04,35.1,35.1,35.1,35.1
1963-04-01,35.1,35.1,35.1,35.1
1963-04-29,35.08,35.08,35.08,35.08
1963-06-03,35.08,35.08,35.08,35.08
1963-07-01,35.09,35.09,35.09,35.09
1963-07-29,35.1,35.1,35.1,35.1
1963-09-02,35.08,35.08,35.08,35.08
1963-09-30,35.08,35.08,35.08,35.08
1963-11-04,35.08,35.08,35.08,35.08
1963-12-02,35.08,35.08,35.08,35.08
1963-12-30,35.08,35.08,35.08,35.08
1964-02-03,35.08,35.08,35.08,35.08
1964-03-02,35.08,35.08,35.08,35.08
1964-03-30,35.08,35.08,35.08,35.08
1964-05-04,35.08,35.08,35.08,35.08
1964-06-01,35.08,35.08,35.08,35.08
1964-06-29,35.08,35.08,35.08,35.08
1964-08-03,35.08,35.08,35.08,35.08
1964-08-31,35.09,35.09,35.09,35.09
1964-09-28,35.11,35.11,35.11,35.11
1964-11-02,35.1,35.1,35.1,35.1
1964-11-30,35.12,35.12,35.12,35.12
1965-01-04,35.13,35.13,35.13,35.13
1965-02-01,35.14,35.14,35.14,35.14
1965-03-01,35.16,35.16,35.16,35.16
1965-03-29,35.14,35.14,35.14,35.14
1965-05-03,35.1,35.1,35.1,35.1
1965-05-31,35.1,35.1,35.1,35.1
1965-06-28,35.12,35.12,35.12,35.12
1965-08-02,35.15,35.15,35.15,35.15
1965-08-30,35.14,35.14,35.14,35.14
1965-10-04,35.11,35.11,35.11,35.11
1965-11-01,35.11,35.11,35.11,35.11
1965-11-29,35.13,35.13,35.13,35.13
1966-01-03,35.15,35.15,35.15,35.15
1966-01-31,35.17,35.17,35.17,35.17
1966-02-28,35.15,35.15,35.15,35.15
1966-04-04,35.13,35.13,35.13,35.13
1966-05-02,35.12,35.12,35.12,35.12
1966-05-30,35.15,35.15,35.15,35.15
1966-07-04,35.18,35.18,35.18,35.18
1966-08-01,35.18,35.18,35.18,35.18
1966-08-29,35.19,35.19,35.19,35.19
1966-10-03,35.16,35.16,35.16,35.16
1966-10-31,35.16,35.16,35.16,35.16
1966-11-28,35.18,35.18,35.18,35.18
1967-01-02,35.18,35.18,35.18,35.18
1967-01-30,35.17,35.17,35.17,35.17
1967-02-27,35.16,35.16,35.16,35.16
1967-04-03,35.17,35.17,35.17,35.17
1967-05-01,35.18,35.18,35.18,35.18
1967-05-29,35.19,35.19,35.19,35.19
1967-07-03,35.19,35.19,35.19,35.19
1967-07-31,35.19,35.19,35.19,35.19
1967-09-04,35.19,35.19,35.19,35.19
1967-10-02,35.19,35.19,35.19,35.19
1967-10-30,35.2,35.2,35.2,35.2
1967-12-04,35.19,35.19,35.19,35.19
1968-01-01,35.18,35.18,35.18,35.18
1968-01-29,35.2,35.2,35.2,35.2
1968-03-04,35.2,35.2,35.2,35.2
1968-04-01,37.878,37.878,37.878,37.878
1968-04-29,40.691,40.691,40.691,40.691
1968-06-03,41.111,41.111,41.111,41.111
1968-07-01,39.53,39.53,39.53,39.53
1968-07-29,39.17,39.17,39.17,39.17
1968-09-02,40.203,40.203,40.203,40.203
1968-09-30,39.21,39.21,39.21,39.21
1968-11-04,39.795,39.795,39.795,39.795
1968-12-02,41.113,41.113,41.113,41.113
1968-12-30,42.291,42.291,42.291,42.291
1969-02-03,42.616,42.616,42.616,42.616
1969-03-03,43.171,43.171,43.171,43.171
1969-03-31,43.295,43.295,43.295,43.295
1969-04-28,43.461,43.461,43.461,43.461
1969-06-02,41.442,41.442,41.442,41.442
1969-06-30,41.755,41.755,41.755,41.755
1969-08-04,41.128,41.128,41.128,41.128
1969-09-01,40.865,40.865,40.865,40.865
1969-09-29,40.476,40.476,40.476,40.476
1969-11-03,37.452,37.452,37.452,37.452
1969-12-01,35.189,35.189,35.189,35.189
1970-01-05,35.4,35.4,35.1,35.1
1970-01-12,35.15,35.15,34.95,34.95
1970-01-19,34.95,35.2,34.95,35.2
1970-01-26,35.15,35.25,35.15,35.2
1970-02-02,35.2,35.2,35.2,35.2
1970-02-09,35.2,35.25,35.2,35.2
1970-02-16,35.2,35.2,35.15,35.2
1970-02-23,35.2,35.2,35.2,35.2
1970-03-02,35.2,35.2,35.15,35.15
1970-03-09,35.15,35.25,35.15,35.25
1970-03-16,35.25,35.4,35.25,35.35
1970-03-23,35.35,35.5,35.35,35.45
1970-03-30,35.45,35.55,35.45,35.55
1970-04-06,35.45,35.6,35.45,35.6
1970-04-13,35.65,36,35.65,36
1970-04-20,36.05,36.2,36.05,36.05
1970-04-27,35.95,36.1,35.95,36.1
1970-05-04,36.15,36.45,36.15,36.4
1970-05-11,36.35,36.35,36.15,36.2
1970-05-18,36.2,36.2,36.1,36.1
1970-05-25,36.1,36.1,35.85,35.85
1970-06-01,35.6,35.6,35.35,35.45
1970-06-08,35.75,35.9,35.75,35.85
1970-06-15,35.75,35.75,35.6,35.6
1970-06-22,35.65,35.8,35.65,35.65
1970-06-29,35.75,35.75,35.7,35.7
1970-07-06,35.6,35.6,35.5,35.55
1970-07-13,35.55,35.55,35.5,35.55
1970-07-20,35.55,35.55,35.5,35.55
1970-07-27,35.55,35.55,35.5,35.55
1970-08-03,35.55,35.55,35.55,35.55
1970-08-10,35.5,35.5,35.5,35.5
1970-08-17,35.5,35.65,35.5,35.65
1970-08-24,35.7,36.05,35.7,36.05
1970-08-31,36.1,36.55,36.1,36.5
1970-09-07,36.35,36.6,36.35,36.6
1970-09-14,36.55,36.55,36.3,36.4
1970-09-21,36.5,36.55,36.4,36.4
1970-09-28,36.45,36.65,36.45,36.6
1970-10-05,37,37.2,36.95,37.2
1970-10-12,37.45,37.8,37.45,37.75
1970-10-19,37.85,38.7,37.85,38.7
1970-10-26,39.2,39.3,37.55,37.55
1970-11-02,37.9,37.9,37.05,37.4
1970-11-09,37.65,37.95,37.5,37.95
1970-11-16,37.95,37.95,37.7,37.9
1970-11-23,37.75,37.95,37.75,37.95
1970-11-30,37.8,37.85,37.75,37.85
1970-12-07,37.7,37.7,37.4,37.45
1970-12-14,37.6,37.9,37.6,37.9
1970-12-21,37.9,37.95,37.6,37.65
1970-12-28,37.65,37.7,37.65,37.65
1971-01-04,37.75,37.8,37.7,37.75
1971-01-11,38,38.4,38,38.4
1971-01-18,38.35,38.4,38.2,38.25
1971-01-25,38.35,38.45,38.3,38.35
1971-02-01,38.45,39.2,38.45,38.75
1971-02-08,38.95,39.25,38.95,39.15
1971-02-15,39.25,39.25,39.05,39.05
1971-02-22,39.05,39.1,39.05,39.1
1971-03-01,39,39.1,39,39.05
1971-03-08,39.1,39.3,39.1,39.3
1971-03-15,39.3,39.3,39.15,39.2
1971-03-22,39.2,39.25,39.2,39.2
1971-03-29,39.05,39.2,39.05,39.15
1971-04-05,39.15,39.25,39.15,39.25
1971-04-12,39.25,39.25,39.2,39.25
1971-04-19,39.25,39.45,39.2,39.3
1971-04-26,39.2,39.95,39.2,39.95
1971-05-03,39.7,40.65,39.7,40.1
1971-05-10,40.1,41.55,40.1,41.55
1971-05-17,41.05,41.45,40.95,41.25
1971-05-24,41.1,41.3,41.1,41.15
1971-05-31,41.15,41.15,40.9,40.9
1971-06-07,40.75,40.75,39.9,39.9
1971-06-14,39.85,40.3,39.85,40.2
1971-06-21,40.25,40.65,40.25,40.4
1971-06-28,40.25,40.65,40.2,40.65
1971-07-05,40.6,40.6,40.5,40.5
1971-07-12,40.65,41,40.6,41
1971-07-19,41.3,42.05,41.2,42
1971-07-26,42.05,42.7,42.05,42.7
1971-08-02,42.65,43.15,42.6,42.9
1971-08-09,44.25,44.25,43.25,43.35
1971-08-16,43.55,43.7,43.55,43.65
1971-08-23,43.65,43.65,41.4,41.4
1971-08-30,41.75,42.05,41,42.05
1971-09-06,41.9,42.1,41.75,42
1971-09-13,41.95,42.6,41.95,42.4
1971-09-20,42.65,42.8,42.5,42.8
1971-09-27,42.9,43.45,42.7,42.7
1971-10-04,42.9,42.9,42.7,42.75
1971-10-11,42.8,43,42.8,42.85
1971-10-18,42.85,42.85,42.75,42.8
1971-10-25,42.8,42.8,42.65,42.65
1971-11-01,42.45,42.65,42.45,42.65
1971-11-08,42.7,43,42.55,43
1971-11-15,43.15,43.45,43.1,43.4
1971-11-22,43.55,43.75,43.55,43.75
1971-11-29,43.95,44.1,43.85,44.1
1971-12-06,44.2,44.2,43.75,44
1971-12-13,43.95,43.95,43.05,43.05
1971-12-20,43.05,43.7,43.05,43.7
1971-12-27,43.7,43.85,43.7,43.85
1972-01-03,44.3,46.15,44.3,46.15
1972-01-10,46.05,46.25,45.55,46.25
1972-01-17,46.5,46.5,46.15,46.2
1972-01-24,46.3,47.6,46.3,47.6
1972-01-31,47.45,49.5,47.3,47.3
1972-02-07,47.9,48.75,47.9,48.55
1972-02-14,48.15,48.7,48.15,48.7
1972-02-21,48.95,49.15,48.8,48.8
1972-02-28,48.75,48.75,48.35,48.35
1972-03-06,48.55,48.7,48.4,48.65
1972-03-13,48.75,48.75,48.65,48.67
1972-03-20,48.7,48.7,48.65,48.65
1972-03-27,48.6,48.7,48.6,48.65
1972-04-03,48.65,48.7,48.6,48.65
1972-04-10,48.7,49.65,48.7,49.65
1972-04-17,49.7,49.75,49.6,49.6
1972-04-24,49.65,49.9,49.55,49.9
1972-05-01,50.65,51.3,50.65,51.3
1972-05-08,52.25,54,52.25,53.2
1972-05-15,53.4,57.35,53.4,57.35
1972-05-22,57.65,58.25,57.3,58.25
1972-05-29,58.85,59.75,58.85,59.7
1972-06-05,59.8,65.15,59.8,62.8
1972-06-12,61.5,61.9,61.3,61.8
1972-06-19,61.5,63.35,61.45,63.35
1972-06-26,63.7,64.95,63.1,64.95
1972-07-03,65.8,66.25,65.55,65.55
1972-07-10,65.9,65.9,65.15,65.25
1972-07-17,65.8,65.8,65.3,65.3
1972-07-24,65.5,68.45,65.5,68.45
1972-07-31,68.6,70.3,68.6,68.8
1972-08-07,67.8,67.8,65.45,66
1972-08-14,66,66.9,66,66.9
1972-08-21,67.1,67.65,67.1,67.4
1972-08-28,67.35,67.35,66.95,67.15
1972-09-04,67.25,67.4,67.25,67.4
1972-09-11,67.55,67.55,65.75,65.75
1972-09-18,61.55,65.55,61.55,64.2
1972-09-25,63.8,64.7,63.8,64.5
1972-10-02,64.45,65.9,64.4,65.8
1972-10-09,65.5,65.5,64.95,65
1972-10-16,65.4,65.4,65.15,65.3
1972-10-23,65.1,65.1,64.8,64.9
1972-10-30,64.85,64.85,64.3,64.45
1972-11-06,64.35,64.35,63.1,63.1
1972-11-13,62.9,62.9,60.65,60.65
1972-11-20,61.4,62.85,61.4,62.8
1972-11-27,64.3,64.4,63.85,64.4
1972-12-04,63.7,63.7,63.4,63.4
1972-12-11,63.2,64.2,63.2,64.2
1972-12-18,65.4,65.7,64.5,64.5
1972-12-25,64.5,65.2,64.5,65.2
1973-01-01,65.4,65.6,65.2,65.55
1973-01-08,65.4,65.45,65.3,65.4
1973-01-15,65.4,65.4,64.2,64.8
1973-01-22,65.5,65.9,65.5,65.8
1973-01-29,65.6,67.2,65.6,67.2
1973-02-05,67.9,69.3,67.9,68.4
1973-02-12,68.85,73.95,68.85,73.6
1973-02-19,76.8,86.8,76.8,85.3
1973-02-26,81,86.3,81,86.3
1973-03-05,84.3,84.3,82.8,83.15
1973-03-12,82.8,83.05,80.25,83.05
1973-03-19,82.55,84.8,81.9,84.8
1973-03-26,90.3,90.3,88.8,90.3
1973-04-02,89.55,91.2,89.55,91.2
1973-04-09,91.05,91.55,90.3,90.3
1973-04-16,89.6,91.3,89.6,91.05
1973-04-23,91.05,91.05,90.1,90.9
1973-04-30,91,91,90.6,90.6
1973-05-07,90.6,97,90.6,97
1973-05-14,102.55,110.55,102.55,105.8
1973-05-21,112.3,112.3,106.8,106.8
1973-05-28,110.3,118.05,110.3,118.05
1973-06-04,123.8,126.3,117.5,117.5
1973-06-11,115.8,120.3,115.8,120.3
1973-06-18,122.8,122.8,120.3,120.3
1973-06-25,118.8,123.55,118.8,123.55
1973-07-02,121.3,126.45,121.3,126.45
1973-07-09,126.3,126.3,119.3,120.2
1973-07-16,121.3,121.3,114.55,119.05
1973-07-23,120.2,120.2,117.3,117.3
1973-07-30,115.8,117.8,115.8,116.3
1973-08-06,115.8,115.8,107.05,107.05
1973-08-13,102.3,104.3,94.3,104.3
1973-08-20,109.8,109.8,101.3,101.3
1973-08-27,103.3,107.6,103.3,103.8
1973-09-03,105.4,106.4,105.4,105.55
1973-09-10,105.05,105.05,100.55,100.6
1973-09-17,104.3,104.3,101.7,103.8
1973-09-24,102.3,102.8,100.3,100.3
1973-10-01,97.05,99.45,97.05,98.8
1973-10-08,99.9,104.05,99.9,102.25
1973-10-15,101.55,103.8,101.3,101.3
1973-10-22,99.25,101.05,98.55,98.55
1973-10-29,98.55,98.8,97.3,98.8
1973-11-05,98.3,98.8,97.6,98.8
1973-11-12,97.3,97.3,90.3,90.5
1973-11-19,90.3,90.75,90.3,90.55
1973-11-26,90.55,102.5,90.55,101.25
1973-12-03,100.75,107.55,100.75,107.55
1973-12-10,105.8,105.8,103.95,105.25
1973-12-17,107,109.25,107,107
1973-12-24,109.8,112.3,109.8,112.3
1973-12-31,116.8,121.55,116.8,118.8
1974-01-07,121.8,128.28,120.3,122.3
1974-01-14,125.05,130.3,125.05,130.3
1974-01-21,138.55,141.3,134.8,141.2
1974-01-28,139.8,139.8,130.8,130.8
1974-02-04,133.8,143.3,133.8,143.3
1974-02-11,145.3,149.15,144.3,149.15
1974-02-18,149.8,163.3,149.8,163.3
1974-02-25,169.8,175.3,162.8,167.8
1974-03-04,166.3,166.3,159.3,165.3
1974-03-11,165.8,165.8,163.3,164.15
1974-03-18,164.3,177.8,164.3,177.8
1974-03-25,177.05,177.05,172.55,173.3
1974-04-01,174.4,179.8,173.55,173.55
1974-04-08,167.3,173.8,167.3,173.8
1974-04-15,174.05,174.05,170.2,172.3
1974-04-22,175.05,175.05,169.3,169.3
1974-04-29,169.55,169.95,169.3,169.3
1974-05-06,166.3,168,158.05,168
1974-05-13,166.8,166.8,164.3,165.8
1974-05-20,163.2,163.3,159.8,162
1974-05-27,154.3,162.3,154.3,157.25
1974-06-03,155.8,162.05,154.75,155.8
1974-06-10,157.7,160.5,156.8,160.5
1974-06-17,157.8,157.8,152.05,154.05
1974-06-24,150.3,150.3,144.55,144.55
1974-07-01,143.3,143.3,134.3,134.3
1974-07-08,141.25,145.75,137.25,137.25
1974-07-15,139.05,145.8,139.05,145.8
1974-07-22,143.3,149.5,143.3,149.5
1974-07-29,158,159.65,156.5,157
1974-08-05,154.1,155.5,152.3,154.55
1974-08-12,152.55,156.55,151.8,155.85
1974-08-19,155.55,156.3,154.3,154.3
1974-08-26,154.3,156.3,153.8,156.3
1974-09-02,158.05,158.05,157.2,157.3
1974-09-09,155.8,155.8,153.2,153.2
1974-09-16,153.05,153.05,146.3,146.3
1974-09-23,148.3,148.3,145.7,146.25
1974-09-30,151.55,159.3,151.55,159.3
1974-10-07,157.8,158.5,155.35,157.25
1974-10-14,155.3,155.5,155.25,155.5
1974-10-21,157.3,163.5,157.3,163.5
1974-10-28,167.75,168.5,167.25,168.05
1974-11-04,169.5,183.25,169.5,183.25
1974-11-11,182.25,188.5,180.25,187.75
1974-11-18,190.8,190.8,180.8,182.5
1974-11-25,184,186.25,184,184.55
1974-12-02,186.05,186.05,174.5,181.15
1974-12-09,180.75,180.75,175,180
1974-12-16,183.25,188.75,183.25,187.75
1974-12-23,193.25,195.25,193.25,195.25
1974-12-30,195.5,195.5,170.5,174.7
1975-01-06,172,181.3,167.5,181.3
1975-01-13,181,181,172.1,172.1
1975-01-20,173.6,180,173.6,179.5
1975-01-27,180,180.7,175.4,178
1975-02-03,179.1,179.7,174.1,177.3
1975-02-10,176,186.8,171.3,184.9
1975-02-17,182,188.5,181.7,186
1975-02-24,186.7,189,181,183
1975-03-03,183.3,187.5,176.4,178
1975-03-10,177.1,180.5,176.1,178.7
1975-03-17,178.5,179.5,175,175.6
1975-03-24,176.8,178.8,175.2,176
1975-03-31,178.2,179.9,173.3,173.8
1975-04-07,174.5,175.6,172.1,172.7
1975-04-14,169,171,162.3,169
1975-04-21,166,169.5,164.9,166.8
1975-04-28,166.4,168.4,165,165
1975-05-05,164.2,167.5,163.4,166.6
1975-05-12,166,171.3,165.6,166.9
1975-05-19,167.6,176.9,167.2,174.7
1975-05-26,173.5,173.6,166.9,169
1975-06-02,164.5,168.2,162.4,167.2
1975-06-09,167.7,168.5,165.7,165.9
1975-06-16,165.8,168.5,163.4,164.3
1975-06-23,163.8,175,163.3,167.9
1975-06-30,168.4,173.3,160,166.4
1975-07-07,165.5,175.2,162,167.4
1975-07-14,167.8,168.3,164,165.4
1975-07-21,164.2,167.9,161.4,167.9
1975-07-28,167.1,175.4,167.1,173.4
1975-08-04,173.1,173.9,165.5,166.6
1975-08-11,166,169.2,160.4,166.8
1975-08-18,166.9,167.8,162.2,165.8
1975-08-25,165.9,167,162.5,162.8
1975-09-01,152.8,156.3,150.8,156
1975-09-08,155.4,155.4,148,149.7
1975-09-15,150,150.2,135,138.4
1975-09-22,139,139.3,129,139
1975-09-29,138.2,146.2,138.2,139.9
1975-10-06,139.4,144.7,138.5,143.6
1975-10-13,142.2,147.4,140.7,146.1
1975-10-20,146.4,148,143.5,144.1
1975-10-27,143.5,145,142,142.8
1975-11-03,143.5,149.1,142.3,146.1
1975-11-10,144.5,145.3,141,141.6
1975-11-17,141.8,143,138.1,141.1
1975-11-24,140.8,141.8,136.8,137.3
1975-12-01,138.8,141.3,137.8,138.7
1975-12-08,138.2,141.4,136.7,138.9
1975-12-15,139,147.9,137.5,146.1
1975-12-22,143.9,145.7,141.3,141.7
1975-12-29,142.4,143,140.6,141.2
1976-01-05,139.5,140.5,135.5,136.9
1976-01-12,137.3,137.3,130,131
1976-01-19,129.6,130.1,123.4,127.9
1976-01-26,126.3,129.6,124.8,129
1976-02-02,130.5,133,128.5,131.2
1976-02-09,130.8,132,128.6,131
1976-02-16,129.5,131.8,129.1,131.6
1976-02-23,131.1,134.7,131.1,132.6
1976-03-01,132.5,135,131.4,134.5
1976-03-08,133.6,134.7,133.1,133.5
1976-03-15,134,135.3,132.8,134.8
1976-03-22,134.3,134.5,129.2,129.2
1976-03-29,129.8,130.5,127.5,129.6
1976-04-05,127.9,129.8,127.1,127.5
1976-04-12,127.3,131,126.9,128.1
1976-04-19,128.1,129.4,127.6,127.9
1976-04-26,128.2,130.1,128.2,128.9
1976-05-03,128.8,129.8,126.7,129
1976-05-10,129,129.5,128,128.2
1976-05-17,128.2,128.3,125.7,126.2
1976-05-24,125.8,127.2,124.1,126
1976-05-31,127.8,132.5,127.8,128
1976-06-07,128,129.5,126.5,126.9
1976-06-14,127,127.5,126.2,127.2
1976-06-21,126.8,127.6,125,125.5
1976-06-28,125.1,126.1,123.1,124.1
1976-07-05,123.7,124.5,122.8,122.8
1976-07-12,122.4,123.2,116.4,117.9
1976-07-19,113,114.3,105,111.2
1976-07-26,111.4,114.9,111,114.2
1976-08-02,113.7,115.2,112.4,113.8
1976-08-09,113.3,115.1,113.3,114.5
1976-08-16,114.2,114.3,107,108.6
1976-08-23,106,106.5,100,103.1
1976-08-30,102,108.1,101.6,108
1976-09-06,113.5,118.9,110.3,118.4
1976-09-13,114,121,110,117.5
1976-09-20,115.5,120.5,114.9,118.6
1976-09-27,119.2,119.2,115,116
1976-10-04,114.1,116.8,112.9,114
1976-10-11,113.8,117.2,113.4,117
1976-10-18,116.7,117.3,114.9,115.8
1976-10-25,115.9,126,115.8,123.8
1976-11-01,122.8,128.2,122.8,128
1976-11-08,132.3,137.7,130.6,136.9
1976-11-15,139.5,141,128,130.8
1976-11-22,133.9,135.2,129,129.7
1976-11-29,130.1,133.9,129,133.3
1976-12-06,135.1,139.9,134.2,139
1976-12-13,137.4,137.6,131.5,132
1976-12-20,132.5,135.5,132.3,133.9
1976-12-27,133.8,136.3,133.8,135.7
1977-01-03,135.5,137.7,132.8,133.1
1977-01-10,131.7,133,127.5,131.6
1977-01-17,132,133.9,130.9,132.6
1977-01-24,132.6,134.6,131,131.9
1977-01-31,133.2,134.5,132.8,134
1977-02-07,134.8,138.1,134.7,137
1977-02-14,137.5,138.4,136,138.3
1977-02-21,139.1,142.6,138.8,142.3
1977-02-28,144,148.5,142.4,148.2
1977-03-07,149.5,150.4,145.5,146.1
1977-03-14,146.3,151.5,145,151
1977-03-21,152.5,154.7,150.7,153.3
1977-03-28,150,152.6,146.3,152.2
1977-04-04,152.3,152.6,147.3,149.5
1977-04-11,149.6,154.7,149.6,152.7
1977-04-18,152.3,153.1,148,150.1
1977-04-25,150,150,144.8,148
1977-05-02,147.9,149.7,146.3,148.5
1977-05-09,148.1,149,146.5,148.3
1977-05-16,148.1,148.6,146.2,146.9
1977-05-23,146.8,146.8,142,144.5
1977-05-30,143.9,145.6,142,143.5
1977-06-06,143.5,144.6,140.5,142.1
1977-06-13,139.7,141.7,137.6,140.7
1977-06-20,141.2,142.8,140.1,141.9
1977-06-27,142.9,144.6,142.1,142.1
1977-07-04,142.2,142.9,140.5,142.5
1977-07-11,142,146,141.3,144.7
1977-07-18,144.1,146.8,143.8,145.3
1977-07-25,147,147.4,143.8,145.1
1977-08-01,147.2,150.2,146.5,149.2
1977-08-08,149,150,145.8,146
1977-08-15,146.6,147.3,144,146.8
1977-08-22,146.5,148.6,145.2,148.6
1977-08-29,148.1,150.8,147.4,150.8
1977-09-05,150.1,151.2,149.1,150.4
1977-09-12,150.8,151.9,149.6,151.5
1977-09-19,152.1,154.6,151.7,154
1977-09-26,155.3,157.1,154.6,156.4
1977-10-03,157.8,158,155.4,157.3
1977-10-10,159.3,162.2,158.3,162.1
1977-10-17,163.3,164.7,160.1,164.3
1977-10-24,165.2,166.8,160.5,162
1977-10-31,162.3,168.5,161.7,168.3
1977-11-07,167.6,169.9,164.6,168.9
1977-11-14,166.7,166.7,157.5,161.5
1977-11-21,157.2,159.7,154.7,159.5
1977-11-28,160.9,165.1,159.5,160.1
1977-12-05,161,164.2,159.7,160
1977-12-12,160.4,162,157.1,161.6
1977-12-19,161.2,164.7,160,164.7
1977-12-26,164.7,167.9,164.7,167.5
1978-01-02,169.9,174.1,165.5,171.3
1978-01-09,170.4,176.2,170.3,175.5
1978-01-16,176.3,176.6,171.7,173.7
1978-01-23,176,178.3,174.5,174.8
1978-01-30,177.8,179.4,175.2,176.7
1978-02-06,177.4,178.5,173.6,178
1978-02-13,179,182.9,178.4,181.2
1978-02-20,183,185.8,180.9,181.5
1978-02-27,182.5,186,180.9,184.6
1978-03-06,184.8,192.8,184.8,188.9
1978-03-13,187,189.8,181.3,181.9
1978-03-20,180.3,181.2,176,180.8
1978-03-27,181.3,187.2,179,186.2
1978-04-03,185.7,185.9,176,179.5
1978-04-10,179.8,183,177.3,178.3
1978-04-17,175.3,175.9,168,171.5
1978-04-24,169,171.8,166.8,170.6
1978-05-01,170.3,174.9,169.2,174
1978-05-08,173.2,177,172.3,174.4
1978-05-15,175.1,179.5,175,178.6
1978-05-22,179.2,182.2,178,179.8
1978-05-29,185,188.4,184.8,185.2
1978-06-05,185.5,185.7,182.2,183.5
1978-06-12,182.9,187.5,181.9,187.5
1978-06-19,186.6,189.3,186.1,187.4
1978-06-26,187.4,187.8,182.8,183.7
1978-07-03,184.5,186.6,183.2,186.5
1978-07-10,187,188,185.8,186.6
1978-07-17,185.6,197.5,183.9,196.3
1978-07-24,196.4,202.4,192.3,200.6
1978-07-31,207.8,214.3,205,209.6
1978-08-07,209.6,218,208.5,216
1978-08-14,219.5,221.5,209.5,212.7
1978-08-21,209.6,213,201.5,202.6
1978-08-28,203.1,215.7,202.5,215.5
1978-09-04,215,218.6,207.6,210.2
1978-09-11,209.7,216.9,208.1,214.5
1978-09-18,213,223.3,212.5,222.8
1978-09-25,221.1,224.6,215,220.9
1978-10-02,220.5,228.2,220.2,225.5
1978-10-09,225.9,230.8,224.5,226.9
1978-10-16,226.4,232.8,225.2,230
1978-10-23,230.5,239.7,226.7,239.4
1978-10-30,244,249.4,212.5,215
1978-11-06,210,223.2,205.4,210.2
1978-11-13,208,212.7,194.2,200
1978-11-20,198.5,203.6,196.7,201.4
1978-11-27,199.5,202.5,192,200.1
1978-12-04,202,207.8,197.8,207.6
1978-12-11,208.5,211.6,203.5,208.1
1978-12-18,217,224.2,213.8,216.7
1978-12-25,217.1,229.6,216.2,229
1979-01-01,229.1,229.7,219.5,224.8
1979-01-08,224,228,217.5,219.4
1979-01-15,217.5,233.7,216.6,232.6
1979-01-22,235,238.5,229.5,235.8
1979-01-29,235.7,243.5,231.8,242.5
1979-02-05,244.5,257,240,247.3
1979-02-12,251,253.3,240.5,250.6
1979-02-19,249,258.8,248.5,255.7
1979-02-26,253.5,257,242,243.2
1979-03-05,240,243.4,235,241.6
1979-03-12,241.6,246,237.8,243.7
1979-03-19,242.5,244.7,239.1,241.8
1979-03-26,247,247.5,238.5,243.8
1979-04-02,243.8,246,241.3,244.3
1979-04-09,243.7,244.5,234.9,235.6
1979-04-16,235,244.3,231.8,239
1979-04-23,238.7,248.8,237.8,248.6
1979-04-30,246.3,251.5,246.2,250.3
1979-05-07,252,255.3,246.1,249.8
1979-05-14,252.7,260.5,251.9,260
1979-05-21,264,271.9,262.7,270.5
1979-05-28,274,282,264.5,276.9
1979-06-04,275.8,286.1,275.3,284.6
1979-06-11,286,286.7,278.4,283.1
1979-06-18,281.8,287.5,279.5,284.6
1979-06-25,287,287.3,275.5,283.8
1979-07-02,284.3,293.1,282.3,290.9
1979-07-09,290.1,293.6,286.5,290.8
1979-07-16,292.8,304,292.5,302.5
1979-07-23,304.5,307.8,303.1,305.9
1979-07-30,314.6,314.8,293,295.8
1979-08-06,292,314.5,288,312.7
1979-08-13,310,312.9,298.5,307.3
1979-08-20,305.3,326,305.3,320.7
1979-08-27,322,330,321,326.7
1979-09-03,334,348,330.5,346.3
1979-09-10,347,359.2,340,354.4
1979-09-17,360.5,396.8,359,384.2
1979-09-24,388,409,377.5,404.5
1979-10-01,416.5,444.5,379,393
1979-10-08,378,424.5,373,404
1979-10-15,410,413,377,400
1979-10-22,402,405.5,375,377.7
1979-10-29,377,389,365,378.5
1979-11-05,384,403.5,382.7,391.2
1979-11-12,396,399.5,385,391.2
1979-11-19,393,400,388.3,394.6
1979-11-26,396.5,432.8,390,430.5
1979-12-03,440,447.8,433,436
1979-12-10,440.5,478,439,474.5
1979-12-17,480.5,500.3,467,495.5
1979-12-24,496,530,495.8,525
1979-12-31,535,626.5,533,611
1980-01-07,627,636,597,628
1980-01-14,653,840.5,653,823
1980-01-21,873,873,634,635
1980-01-28,635,726,607,704
1980-02-04,691,728,673,717.5
1980-02-11,742.5,742.5,673,680.5
1980-02-18,678,683,630.5,641.5
1980-02-25,635,666.5,617,640
1980-03-03,643,660,599,605
1980-03-10,599,600,516,530
1980-03-17,485,569,463,565
1980-03-24,560,572,453,509
1980-03-31,505.1,530,483,501.5
1980-04-07,505,570,502,544
1980-04-14,542,547,501,520
1980-04-21,512,563,495,547
1980-04-28,535,536,482,516
1980-05-05,524.5,524.5,504.5,515.7
1980-05-12,514,530,509,514.8
1980-05-19,516,517,495,510
1980-05-26,513.6,562.5,513.5,555
1980-06-02,580,617.5,560,616
1980-06-09,634,640,593,613
1980-06-16,606,617,597,609.5
1980-06-23,603.8,658,602,657.5
1980-06-30,665,680.5,652.5,676
1980-07-07,671,696,653,670.5
1980-07-14,649,656,604,614
1980-07-21,622,655,609,653
1980-07-28,641,660,625,640
1980-08-04,645.5,657.5,643,647
1980-08-11,633,648,620,635
1980-08-18,625,670.5,622.5,658
1980-08-25,655,658,642,656
1980-09-01,656,678,656,670
1980-09-08,690,720,689.5,704
1980-09-15,696,709,680,708
1980-09-22,729,748.5,703.5,703.5
1980-09-29,703,703,669,684.5
1980-10-06,688,708.5,686,700
1980-10-13,696,696.5,661,665
1980-10-20,668,673.5,634,639
1980-10-27,641,652.5,627,642
1980-11-03,640,665,593,607
1980-11-10,617,626.5,594,621
1980-11-17,612,646,610,638.5
1980-11-24,631,634,608,624.6
1980-12-01,656,658,627,638
1980-12-08,631,635.5,558,587
1980-12-15,582.9,608,563,607.5
1980-12-22,606,619,597.5,617
1980-12-29,608,610,586,594.5
1981-01-05,600.5,612,570,581
1981-01-12,564,577.8,555,567.5
1981-01-19,559,581,548,552.5
1981-01-26,527.5,531,485,512.5
1981-02-02,505,521,490,514
1981-02-09,524,530.5,490,501
1981-02-16,509,522,498,514.5
1981-02-23,513,514,485,486.5
1981-03-02,471,478,453,467
1981-03-09,475,497.3,472,488.5
1981-03-16,502,537,490.5,537
1981-03-23,531,554,519.5,529.3
1981-03-30,538,538,515,532.5
1981-04-06,545,545.5,494,496
1981-04-13,479,498,476,495.5
1981-04-20,489,509,479.5,491.3
1981-04-27,493.5,497.5,478,496
1981-05-04,486,497.5,478,496.5
1981-05-11,502.5,503,475,479.5
1981-05-18,485,486.5,466,471
1981-05-25,465,483,464,479.4
1981-06-01,495.5,497.5,461.5,462.5
1981-06-08,472,487.5,464.8,476
1981-06-15,484,485,464.5,467.5
1981-06-22,470,475.5,443,447
1981-06-29,434,435.5,412,416.5
1981-07-06,407,423.5,397,422
1981-07-13,419,426,402.2,420
1981-07-20,417,417.5,406,408.2
1981-07-27,402,426.4,398,423.2
1981-08-03,411,418.5,405,414.8
1981-08-10,411,439.3,410,430.5
1981-08-17,432,463,428.5,452.5
1981-08-24,446,448.5,423,445
1981-08-31,450,463.3,437.5,455.5
1981-09-07,458,474,447.5,470
1981-09-14,473,477.5,453.5,465
1981-09-21,473,482.5,437,441.5
1981-09-28,433,450,428,447.5
1981-10-05,452,469,442.5,457
1981-10-12,458,459.5,447,447.5
1981-10-19,445.5,445.5,433,436
1981-10-26,432.5,437,426.5,431.2
1981-11-02,432,436,429.8,430.9
1981-11-09,433,433,407,415.2
1981-11-16,403.5,406.5,395.5,398
1981-11-23,396,415,392.5,414
1981-11-30,421,437,406,429
1981-12-07,423.7,427.5,408.5,412.5
1981-12-14,426.5,429,417,418.2
1981-12-21,416.1,418.5,402,406.3
1981-12-28,404,406,396.5,402.8
1982-01-04,399,411,395.5,397.5
1982-01-11,389,392,371.5,372
1982-01-18,370.5,384.2,369,378.5
1982-01-25,370.5,388.7,370.5,384.6
1982-02-01,387,394.4,384.5,392
1982-02-08,388,392,382.7,384.9
1982-02-15,382,382.8,368.5,369.3
1982-02-22,368,373.1,362.7,364.5
1982-03-01,362.5,366.5,336,336.3
1982-03-08,335,340,317.5,319.6
1982-03-15,317,328,312.5,317.7
1982-03-22,322.5,335.5,320.3,322.2
1982-03-29,318.5,337.2,316.4,336.8
1982-04-05,343.5,368.5,341.2,366
1982-04-12,364.5,377.5,355.8,366
1982-04-19,363,363.5,342,356.7
1982-04-26,365.9,367,335.5,346.5
1982-05-03,351,351,331,336.5
1982-05-10,331,341.5,329,340
1982-05-17,341,345.8,335.6,337.2
1982-05-24,328.5,331.5,321.5,322.2
1982-05-31,325.5,328,321,325.3
1982-06-07,330,343,329.5,333.2
1982-06-14,326,326.5,308,308.5
1982-06-21,300,315,297.5,310.2
1982-06-28,306.5,322.5,305.5,315
1982-07-05,314,349.7,308.3,348
1982-07-12,346,362,340.2,351.5
1982-07-19,352.5,369.7,344.5,361.2
1982-07-26,354,357.8,334.3,355.5
1982-08-02,364.5,366.5,354,355.5
1982-08-09,347.5,351.4,340.2,344.9
1982-08-16,348,401,346.4,396
1982-08-23,403,441,397,413
1982-08-30,409,465.5,405,465.5
1982-09-06,500,509,447,452
1982-09-13,447.5,468,441,443
1982-09-20,432,457.8,423,424.3
1982-09-27,419,423.5,396,413
1982-10-04,400,444,390,424.5
1982-10-11,438,465,430,433
1982-10-18,434,449,422.5,435.5
1982-10-25,421,430,414,423
1982-11-01,431,438.4,416,419
1982-11-08,410,415.8,398,410.5
1982-11-15,404,420.8,401,414.8
1982-11-22,412,432,405,427.3
1982-11-29,436.5,456.4,433.5,447.8
1982-12-06,451,465.5,439.5,441.5
1982-12-13,443,457.5,435,444.2
1982-12-20,445.5,456.5,443.8,450.8
1982-12-27,454,468.8,449,453
1983-01-03,455,471.5,449.5,469.5
1983-01-10,478,496.5,474.7,490
1983-01-17,496,505,481.5,485
1983-01-24,473,499.5,473,494.8
1983-01-31,508,519,498,501
1983-02-07,497.5,513.5,495,510
1983-02-14,506.5,520,506.1,510.5
1983-02-21,507.5,508.8,448.7,448.7
1983-02-28,423.7,437.3,408,420
1983-03-07,425,439.5,418,429.3
1983-03-14,430.5,442,411,416.5
1983-03-21,414,424.3,406.5,414.5
1983-03-28,408.5,425.3,406.5,422
1983-04-04,422.5,439.8,422.5,427.2
1983-04-11,433.5,443.5,432.3,442.2
1983-04-18,447.5,450.8,436,443.3
1983-04-25,446,446.5,428.2,433.5
1983-05-02,430.7,440.8,430.7,439.5
1983-05-09,437.5,452.5,435,442.8
1983-05-16,440.5,446.8,436,438
1983-05-23,434,443.5,432.5,435.9
1983-05-30,445.5,446.1,408,418
1983-06-06,412.5,421,401,412.4
1983-06-13,418,423.5,411,417.8
1983-06-20,416,428.3,416,426.8
1983-06-27,426,426,414.5,421.2
1983-07-04,412,437,409.5,430.3
1983-07-11,429.3,439,421,421.7
1983-07-18,424,432,421,425.7
1983-07-25,420.5,429.8,410,412.8
1983-08-01,427,430.5,420.5,426.8
1983-08-08,424,431,418.5,426.2
1983-08-15,429.5,436.5,428.3,430.3
1983-08-22,433.5,441,427,430.8
1983-08-29,427.5,430.2,423.2,427
1983-09-05,428.6,429,421,422.9
1983-09-12,426,426.5,407,418.7
1983-09-19,418.5,426,414,423.6
1983-09-26,424,424.3,401,407.8
1983-10-03,396,406.5,391,405.3
1983-10-10,407,408.8,397.7,403.7
1983-10-17,404.3,404.5,392,396.8
1983-10-24,399.5,403,383.8,389.8
1983-10-31,384,387.7,377.2,382.3
1983-11-07,380,386,379,385.7
1983-11-14,384.5,385.8,373,376.3
1983-11-21,374.5,378.1,373.8,377.2
1983-11-28,383,414,382.5,404.1
1983-12-05,406,410,391,393.4
1983-12-12,395.6,397.5,376.5,377
1983-12-19,380.1,386,375.5,383.6
1983-12-26,384.5,388.5,378.5,388
1984-01-02,385.5,386.4,369.1,370
1984-01-09,366.5,376.5,364.5,372.5
1984-01-16,370.5,378,367,372.4
1984-01-23,372,372.8,362.5,369.5
1984-01-30,376,393,374.3,391.5
1984-02-06,385.5,395,380,382.5
1984-02-13,381,392,379.1,388.7
1984-02-20,393,404.5,388,399.5
1984-02-27,397.5,406,394,403.7
1984-03-05,410,410.5,398,402.8
1984-03-12,398.8,402.9,393,395.3
1984-03-19,394.5,396.5,385.5,386.8
1984-03-26,388.5,396.2,386,394.3
1984-04-02,394.5,394.6,382.8,387.1
1984-04-09,388.5,390.7,382.5,387
1984-04-16,385,395,381.6,388.8
1984-04-23,389.8,392.8,378.5,381.5
1984-04-30,379.5,383.7,377.5,378.5
1984-05-07,376.8,377.6,370,373.3
1984-05-14,375.7,380,374,379.6
1984-05-21,381.3,390.5,375.5,390
1984-05-28,385.5,405.3,384.5,397
1984-06-04,400,403.2,389,389.5
1984-06-11,389,389.5,371.5,375.3
1984-06-18,372.6,381.4,371.7,376.6
1984-06-25,374,378.1,370,376.1
1984-07-02,373,374.3,339,347.2
1984-07-09,336.5,351,336,345.8
1984-07-16,353,353.5,338,340
1984-07-23,334,345,332,342
1984-07-30,350.5,365.5,348,363
1984-08-06,365.5,365.5,353.1,354.8
1984-08-13,354.5,369,353.8,362.3
1984-08-20,360.1,368,353.5,362.3
1984-08-27,361.1,361.8,356.7,358
1984-09-03,350,354.5,343.3,344.3
1984-09-10,346.5,350.8,344.2,348.1
1984-09-17,345,356.5,341.6,354.3
1984-09-24,355,356.1,348.3,351.3
1984-10-01,352,355.8,346.3,347
1984-10-08,348,348.3,338,346.3
1984-10-15,342.5,345.8,339,342.4
1984-10-22,341.6,345,339.5,340.3
1984-10-29,337.5,347,333.5,345.4
1984-11-05,345.8,353.5,344.5,347.5
1984-11-12,347.8,353,344,345
1984-11-19,344.3,344.7,340.2,340.5
1984-11-26,339.3,339.3,325,333.5
1984-12-03,332.5,337,328,330.8
1984-12-10,330.7,333.5,324,325.4
1984-12-17,320.3,320.7,306.6,313.2
1984-12-24,313.8,315.6,307.3,310
1984-12-31,309.5,310,299.3,299.7
1985-01-07,300,307,296.7,300.3
1985-01-14,300,309.5,298.3,307.2
1985-01-21,307.8,308.8,297.8,300.4
1985-01-28,300,311,296.7,306.5
1985-02-04,304.3,307,301.3,303.4
1985-02-11,302.4,308.5,301.8,306.9
1985-02-18,304.7,306.9,296,296.5
1985-02-25,287.5,294.3,282.6,291.6
1985-03-04,289,295.5,287,288.5
1985-03-11,291,297.4,287.5,295.2
1985-03-18,295.6,335,295.6,316.8
1985-03-25,316.5,334,314,329.6
1985-04-01,324.5,327.3,319,324
1985-04-08,322.5,337.5,319.7,331.6
1985-04-15,336.6,338.6,327.5,331.3
1985-04-22,330.9,332,323,325.2
1985-04-29,325.8,327.9,312,313.3
1985-05-06,311.5,318.5,309.7,317.5
1985-05-13,319,329.8,318,321
1985-05-20,324,324.8,312.8,314.8
1985-05-27,314,323,308.6,319.5
1985-06-03,320.1,322.4,315.8,317.7
1985-06-10,314.5,324.5,312.5,322
1985-06-17,321,331.3,314,316.6
1985-06-24,316,320.8,315.3,317.7
1985-07-01,317.1,317.3,308.3,311.4
1985-07-08,312,320,310,319.2
1985-07-15,318.2,328,315.2,318.8
1985-07-22,318,324.2,316.4,322
1985-07-29,322.5,337.5,322,329.7
1985-08-05,330.7,337,327,336.3
1985-08-12,335.5,348.3,332.8,345.6
1985-08-19,348,350.2,337.5,342.7
1985-08-26,342.5,348.9,338.5,339.8
1985-09-02,335,335.8,321,326.6
1985-09-09,324.3,328.5,323,324
1985-09-16,324.5,326.4,318.2,323.8
1985-09-23,334.5,336.5,330.3,332.9
1985-09-30,330,335.7,324.9,332.2
1985-10-07,331,331.7,327.7,330.7
1985-10-14,330,331.4,325.5,329.7
1985-10-21,329,331.7,325.5,329.4
1985-10-28,328.9,330.3,324.5,328.1
1985-11-04,327.2,327.5,322.1,325.6
1985-11-11,324.4,328.3,323.8,324.7
1985-11-18,324.8,329.5,324,327.4
1985-11-25,330.2,333.4,325.3,327.3
1985-12-02,327.8,329,322.8,326.2
1985-12-09,322.5,322.9,315.5,322.2
1985-12-16,321.5,330.8,321.2,328.7
1985-12-23,329.5,331.4,326.6,329
1985-12-30,329,332.4,328,330
1986-01-06,330.5,344.5,329.3,343.3
1986-01-13,342.5,369.5,340,358
1986-01-20,352.5,359.7,350,358.4
1986-01-27,360.3,364.2,351,352.9
1986-02-03,351,352.2,335.5,342.5
1986-02-10,344.5,344.6,331.7,336.2
1986-02-17,336.2,346.7,336.2,343.3
1986-02-24,345.5,357.5,335.1,341
1986-03-03,340.5,347.5,336.2,345.7
1986-03-10,342,353.3,340.8,348.9
1986-03-17,349.2,359.6,347,357.4
1986-03-24,352,355,341.8,343.1
1986-03-31,346,346,330.8,338.4
1986-04-07,338.2,348.5,336.5,347.5
1986-04-14,345,352.5,338.2,346.7
1986-04-21,344,350.9,343.2,346.2
1986-04-28,346,349.5,340.5,344.7
1986-05-05,344.5,348.8,339.5,345.5
1986-05-12,347,347.4,342.5,343.8
1986-05-19,343,343.4,337.7,342.4
1986-05-26,341.5,347.5,341.3,347.1
1986-06-02,346.2,346.7,343.6,344.8
1986-06-09,344.5,355,344.2,348.8
1986-06-16,339.5,348.8,336.5,342.7
1986-06-23,342.8,347.8,342.5,346.9
1986-06-30,348.5,350,343.3,345.4
1986-07-07,345.5,352,345.1,347.8
1986-07-14,346.8,357,346,356.5
1986-07-21,355.5,356.3,344.5,348.2
1986-07-28,352.7,371.3,351.6,367.5
1986-08-04,366.5,383.9,364.3,382.5
1986-08-11,397,404.5,386.5,390.2
1986-08-18,385,393.8,377.5,379.5
1986-08-25,382,395.6,382,393.3
1986-09-01,399,430,397.1,428.3
1986-09-08,423,430,403,421.5
1986-09-15,416,441.5,415,441
1986-09-22,443,446,429.5,431.5
1986-09-29,433.5,444.5,422,437.5
1986-10-06,440.3,446.5,428.5,434.5
1986-10-13,435.8,437.5,419.5,422.2
1986-10-20,422.5,431.7,409,409.7
1986-10-27,412,416,400,405.5
1986-11-03,405,413.2,404.8,410.6
1986-11-10,412,413.8,398,398.8
1986-11-17,396.5,396.5,376.5,379.3
1986-11-24,380.5,391.5,379.3,390.9
1986-12-01,402,403.5,386.5,392.9
1986-12-08,393.3,396.7,388.3,395.8
1986-12-15,398.5,399.5,393.6,395.8
1986-12-22,399.7,400.8,390.2,393
1986-12-29,394,410.4,390.8,404
1987-01-05,403,408,399,407.5
1987-01-12,411.5,422,409.6,417.3
1987-01-19,424.5,425,400.4,405.3
1987-01-26,405.9,417,400,408.9
1987-02-02,409.7,412,401.3,407.4
1987-02-09,407.2,410,397,400.7
1987-02-16,399.8,409.7,391.4,408.7
1987-02-23,406.1,410.8,401.2,407.4
1987-03-02,406.6,414.4,404.8,407.8
1987-03-09,406.5,411.8,403,405
1987-03-16,406,408,403.2,406.3
1987-03-23,407,424,406.9,422.7
1987-03-30,428.5,429.9,418.5,423.9
1987-04-06,426,440.5,421.4,436.7
1987-04-13,438.5,455.8,438.3,447.3
1987-04-20,447.5,473,445,465.5
1987-04-27,480,480.5,440.5,459.5
1987-05-04,460.5,467,454.5,456.7
1987-05-11,456,476.6,454.4,476.2
1987-05-18,475.5,481.5,462,464.6
1987-05-25,448.5,458.5,445.5,450.2
1987-06-01,449.5,464.3,446.8,458.8
1987-06-08,462.8,468.8,453.8,458.9
1987-06-15,452,458,448,448.7
1987-06-22,446,452,437.6,450.1
1987-06-29,448,453.5,447.5,448.8
1987-07-06,444.5,450.8,442.5,446
1987-07-13,446.5,456.7,445.2,449.3
1987-07-20,451.6,457.2,450.8,454.5
1987-07-27,454,475.7,452.1,475.1
1987-08-03,486,490.2,463,464.8
1987-08-10,470,475,456.9,461.2
1987-08-17,463.5,469.5,460,465.7
1987-08-24,464,471.3,459,461.3
1987-08-31,461.2,474.8,458.7,470.8
1987-09-07,466.6,472,462.7,464.3
1987-09-14,461,469.8,460.5,465.3
1987-09-21,464.9,471.5,463.8,466.6
1987-09-28,467,468.7,457.9,460.3
1987-10-05,461.3,468.5,461.1,466.9
1987-10-12,467,476.7,463.2,476.3
1987-10-19,493,496,459,476.7
1987-10-26,481,483.5,464,471.2
1987-11-02,472.3,476,456,462.1
1987-11-09,464.5,467.5,457.8,465.6
1987-11-16,461.8,470.9,461.5,470.3
1987-11-23,469,487.4,468.8,486.1
1987-11-30,502.5,503,483.9,487.8
1987-12-07,486.5,503,484.9,502
1987-12-14,506.3,507.4,475,484
1987-12-21,485,490.1,483.1,489.6
1987-12-28,492.9,494.7,484.6,488.9
1988-01-04,484,487.4,476.6,485.5
1988-01-11,486.4,488.5,474,474.5
1988-01-18,476.5,479,475,477.8
1988-01-25,476.5,476.9,450,454.2
1988-02-01,458.5,461.9,439.8,443.2
1988-02-08,445.5,449.5,435,448.7
1988-02-15,447.5,451.4,445,448
1988-02-22,447,449.7,429.3,431.1
1988-02-29,427,440.5,425.1,438.8
1988-03-07,436.5,445.5,436.2,442.6
1988-03-14,442.8,449.2,441.7,445.2
1988-03-21,446.5,457.4,446.4,453.3
1988-03-28,454.5,463.2,453.1,457.9
1988-04-04,461.5,462.9,448.8,453.7
1988-04-11,450.7,461,449.4,458.5
1988-04-18,463,464,451,452.4
1988-04-25,452.6,455,448.2,452.6
1988-05-02,449.5,449.5,443.6,445.3
1988-05-09,445.8,454.8,445.5,453.7
1988-05-16,455.7,462.3,453.3,458.7
1988-05-23,461.5,463,450.2,450.8
1988-05-30,459,473.8,457.8,469.3
1988-06-06,469.5,470.3,452.1,453.3
1988-06-13,453.5,459.8,450.3,458.3
1988-06-20,457.8,458.5,443.5,446
1988-06-27,445.3,447.7,432.3,439.6
1988-07-04,439.5,443.7,437.6,441
1988-07-11,441.3,443.7,434.2,441.3
1988-07-18,436.5,449,435.1,442.9
1988-07-25,441.8,442,424,436.1
1988-08-01,447.6,448.6,441.2,442.6
1988-08-08,442.2,445,433,441.2
1988-08-15,440,445.7,437.1,441.4
1988-08-22,440.3,446.8,439.6,441.4
1988-08-29,441.6,442.1,432.5,437.4
1988-09-05,436.6,437.9,427.5,428.5
1988-09-12,426,430.3,415,418.2
1988-09-19,414,417,398,399.3
1988-09-26,397,404.3,395.5,399.2
1988-10-03,398.8,409.4,398.1,407.3
1988-10-10,411,416,407.9,412.5
1988-10-17,414.3,418.3,411.1,411.5
1988-10-24,408.5,419,407.1,414.9
1988-10-31,415.1,427.2,412.6,423.5
1988-11-07,423,425.5,419.5,423.1
1988-11-14,421.6,428.9,416.8,418.1
1988-11-21,417.8,421.1,416,420.1
1988-11-28,424.5,438,422,436.7
1988-12-05,435.8,436.6,423.6,427.6
1988-12-12,425.5,426.6,413,417.6
1988-12-19,417.5,422,415.8,421.6
1988-12-26,421.9,422.5,409.5,412.3
1989-01-02,416.1,416.3,406.4,408.1
1989-01-09,404.5,408.8,402.3,403.5
1989-01-16,402.8,409.5,401.5,409.3
1989-01-23,409,411.2,394.5,396.1
1989-01-30,399,400.5,392.2,396.3
1989-02-06,394.8,401.2,389.8,391.7
1989-02-13,390.2,391.4,382,384.3
1989-02-20,387.3,396.2,386.2,392.6
1989-02-27,394.6,395.2,385.8,389.3
1989-03-06,391.3,400.2,388.2,396.5
1989-03-13,395.2,400,389.8,395
1989-03-20,397.5,399,391.7,393.4
1989-03-27,392.5,392.5,381.8,390
1989-04-03,390.3,392.7,386,388
1989-04-10,386.2,396.9,385.3,389.8
1989-04-17,389.5,390.5,385.7,388.2
1989-04-24,387.7,391.7,379.6,380.5
1989-05-01,377.8,382.9,377,379.3
1989-05-08,379.5,383,376.5,378.9
1989-05-15,376.5,377.4,366.3,366.6
1989-05-22,362,369.7,360.6,365.9
1989-05-29,366.7,372,365.5,371.9
1989-06-05,372.5,384.3,360.5,362
1989-06-12,363,372.8,362.5,368.8
1989-06-19,368.5,384.8,368.1,381.8
1989-06-26,380.5,383,373.1,377.3
1989-07-03,379.5,390.8,377.2,385.7
1989-07-10,387.2,387.9,370.8,372.2
1989-07-17,372.6,375,369,373
1989-07-24,373,376.4,365.8,367
1989-07-31,376.5,382.5,374.2,375.4
1989-08-07,375.2,375.4,368.5,371.4
1989-08-14,370.4,379,370.4,373.9
1989-08-21,373.6,375.5,366.5,366.7
1989-08-28,367,371.8,364.2,366.1
1989-09-04,364.8,367.5,363.5,365
1989-09-11,365,370,360.6,368.9
1989-09-18,366.4,374,365,370.7
1989-09-25,373.5,376.7,370.8,372
1989-10-02,371.2,373,367.2,368.2
1989-10-09,367.7,368.7,364.3,367.3
1989-10-16,373,374,369.3,370.6
1989-10-23,369.8,381.5,369.5,381.2
1989-10-30,381.6,386,375.7,381
1989-11-06,382.3,391.4,381.2,388.6
1989-11-13,392.5,396,389.3,395.8
1989-11-20,396.3,419.7,395.6,419.3
1989-11-27,416.3,421.5,409,419.3
1989-12-04,415,419.9,406.5,416.8
1989-12-11,418.5,424.2,408.2,418.3
1989-12-18,412.3,419.2,409.5,416.7
1989-12-25,416.2,416.5,400.1,405.2
1990-01-01,401,409.5,394.5,408.5
1990-01-08,406.1,419.8,404.3,414.7
1990-01-15,417.4,418.5,409,410.9
1990-01-22,408.5,425,404.7,420.3
1990-01-29,421.7,427,416.5,423.4
1990-02-05,425.2,430.3,419.5,420.6
1990-02-12,420.2,425.8,415.5,420.8
1990-02-19,422.3,426.4,417.5,418.2
1990-02-26,415.7,416,404,405.6
1990-03-05,406.1,408.3,399,401.6
1990-03-12,402.3,403.6,396.7,400.9
1990-03-19,402.9,404.2,386.3,389.4
1990-03-26,373.5,376.5,362.5,375
1990-04-02,372.3,385.4,371.8,385.2
1990-04-09,380.8,381.9,376.2,379.7
1990-04-16,378.9,381.4,375.9,379.9
1990-04-23,378.8,383,372,374
1990-04-30,370.2,375,367.7,373.1
1990-05-07,373.8,375.2,368.5,370.5
1990-05-14,369.6,376.7,366.7,375.6
1990-05-21,374.5,377.6,361,368.4
1990-05-28,369,371.8,362.2,363.5
1990-06-04,360.7,365.2,355.5,359.2
1990-06-11,359.3,361.8,348.2,352.3
1990-06-18,352.7,355,349.5,352.8
1990-06-25,356.5,361,351.7,359.9
1990-07-02,359.5,365.5,359.5,362.9
1990-07-09,362.7,369,352,365.7
1990-07-16,363.7,365.1,360.5,362
1990-07-23,365.8,375.5,365.8,368
1990-07-30,377,394.5,375.6,386.4
1990-08-06,390.8,406,388.7,405.9
1990-08-13,411,424.7,406.6,418.3
1990-08-20,419.7,425,410,423.2
1990-08-27,413,413,386,389.2
1990-09-03,390.1,396.7,386.7,396
1990-09-10,388.7,394,381.6,391
1990-09-17,393,399,389.7,394.5
1990-09-24,396.8,414.3,396.1,408.1
1990-10-01,402.9,404,390,398.1
1990-10-08,395.5,402.2,387.7,391.3
1990-10-15,385.9,385.9,361.5,375.7
1990-10-22,369,380.2,368.7,373.2
1990-10-29,373,385.8,372.9,378
1990-11-05,378.3,391.5,377.8,386.3
1990-11-12,383,387.5,376,379.8
1990-11-19,378.2,385.2,376.3,384.5
1990-11-26,387,393.3,382.8,385.7
1990-12-03,384.9,385.9,369.1,372.1
1990-12-10,374.5,379.5,372.2,378.6
1990-12-17,379.6,391,378.2,384.3
1990-12-24,384.3,396.5,384.3,396.2
1990-12-31,394.8,396.5,385,387.2
1991-01-07,393.2,396.8,379.5,393.3
1991-01-14,399.5,406.9,371,375.1
1991-01-21,379,382.2,371.5,376.1
1991-01-28,374.6,378.5,366.5,368.7
1991-02-04,369.5,373.7,363,372.4
1991-02-11,370.7,372.2,365.1,366.1
1991-02-18,364.6,367.6,357,358.3
1991-02-25,359,370.3,358.7,368.6
1991-03-04,367,372.8,365.2,371.2
1991-03-11,370.6,371,364.5,365.8
1991-03-18,363,367.7,361.8,363.5
1991-03-25,361.5,362,354.5,357.1
1991-04-01,359.1,363.4,359.1,362.1
1991-04-08,362.1,368.2,361.5,362.7
1991-04-15,363.3,364.7,358.1,359
1991-04-22,357.9,360.3,354.6,355.5
1991-04-29,353.5,361.3,352.6,355.5
1991-05-06,355,359.5,355,358.3
1991-05-13,358.4,363.2,354.9,356
1991-05-20,355.6,358.8,354.8,356.8
1991-05-27,356.7,367.7,354.7,364.8
1991-06-03,366.8,371.3,364.5,369.5
1991-06-10,373.5,377.9,368.4,369.8
1991-06-17,370.3,375,367.3,368.1
1991-06-24,367.8,373,361.5,370
1991-07-01,370.2,372.3,367.8,371.6
1991-07-08,372.1,373.2,368,369.6
1991-07-15,370.5,372.8,368.5,371.2
1991-07-22,370.8,371.1,363.6,366.3
1991-07-29,365.8,371.6,360.8,362.3
1991-08-05,361.3,364.9,360.2,364.4
1991-08-12,363.8,366,360.6,363.5
1991-08-19,368.2,368.5,357.1,358.6
1991-08-26,359.1,361.1,350.1,352.9
1991-09-02,351.3,353.5,350.6,353.4
1991-09-09,354.5,357,346,348.2
1991-09-16,349.2,353.8,348.2,352.1
1991-09-23,352.5,358,350.8,352.4
1991-09-30,355.4,362,355,361.7
1991-10-07,361.1,363.5,359.1,362.4
1991-10-14,363.1,365,357.9,364.4
1991-10-21,366.1,367.4,362.4,362.7
1991-10-28,361.2,361.9,356.5,356.9
1991-11-04,358.1,358.6,353.6,355.2
1991-11-11,355.9,361,355.5,360.1
1991-11-18,360.7,370.7,360.1,369.6
1991-11-25,368.8,371.2,365.8,371.1
1991-12-02,371.6,373,365.4,371.9
1991-12-09,374.2,374.9,358.2,361.3
1991-12-16,361.9,362.2,356.8,360.3
1991-12-23,361.1,362.7,353.5,355
1991-12-30,354.4,354.7,350.9,351.5
1992-01-06,351.8,360.5,348.5,356.9
1992-01-13,355.2,359,353.3,354.5
1992-01-20,356.6,361.5,352.2,354.7
1992-01-27,356.3,361.3,354.6,358.9
1992-02-03,359.5,359.8,355.3,356.5
1992-02-10,356.5,360.5,354.4,355.1
1992-02-17,354.3,355.3,351.5,352.5
1992-02-24,350.3,356.6,349.4,354.1
1992-03-02,351.3,353,349.2,350.3
1992-03-09,349.5,351.5,347,347.3
1992-03-16,345.9,346,336.3,338.5
1992-03-23,338.4,343.3,338.2,342.5
1992-03-30,345,346.9,341.6,342.7
1992-04-06,341.5,344.2,339,342.5
1992-04-13,342.9,343.2,336.2,338.3
1992-04-20,338.6,343,336.7,337.5
1992-04-27,337.5,339.4,334.9,339.3
1992-05-04,338.3,338.5,335.3,336.3
1992-05-11,337.3,340.8,335.1,339.1
1992-05-18,339.3,341.7,336.8,338.1
1992-05-25,337.7,339.4,336.1,336.4
1992-06-01,338.7,342.9,338.2,340.7
1992-06-08,340.8,345.8,339.5,344.7
1992-06-15,344.7,346.9,341.8,342.4
1992-06-22,344,346.6,343.5,343.9
1992-06-29,343.4,349.7,342.7,347.6
1992-07-06,347.7,351.2,345.8,349
1992-07-13,349,360.1,349,358
1992-07-20,359.3,361.2,356.8,359.5
1992-07-27,358,362,355.5,361.4
1992-08-03,360.5,360.6,351.4,353.9
1992-08-10,354.3,354.4,335,337.8
1992-08-17,339.2,341.3,337.6,340
1992-08-24,344.2,345.3,340.5,342.4
1992-08-31,342.8,346.7,340.3,343.8
1992-09-07,344.1,346.1,341.5,342.9
1992-09-14,346.4,354.5,345.9,353
1992-09-21,350.6,352.9,348,351.1
1992-09-28,350.9,351.3,348.3,349.6
1992-10-05,350.7,353.4,350.3,351.4
1992-10-12,346.9,347.8,341.6,343.2
1992-10-19,343.2,345.4,342.8,344.2
1992-10-26,341.7,342.4,336.9,340.1
1992-11-02,339.9,340.8,333.7,336.2
1992-11-09,335.7,337.5,328.9,335.4
1992-11-16,335.9,337,333.5,335.3
1992-11-23,334.2,335,332.8,334
1992-11-30,335.4,337.7,334.9,336.6
1992-12-07,336.3,337.2,333.9,336
1992-12-14,336.3,340.1,335.3,337.7
1992-12-21,337.1,337.2,332,333.4
1992-12-28,334.2,334.8,332.3,333.1
1993-01-04,329.1,330.4,326.5,329.5
1993-01-11,328.8,330.7,326.3,327
1993-01-18,327,330.4,326.9,328.6
1993-01-25,328.5,332.7,328.2,330.2
1993-02-01,330.2,331.2,328.5,328.9
1993-02-08,328.3,334.6,328.3,330
1993-02-15,330.9,334.4,329.8,331
1993-02-22,330.1,332.2,327.8,329.1
1993-03-01,329.5,331.3,328.3,330.4
1993-03-08,329.3,329.5,325.8,328.5
1993-03-15,328.8,332.9,328.5,332.3
1993-03-22,333.3,333.9,331,332.5
1993-03-29,331.4,343.7,331.2,342.3
1993-04-05,340.6,341.5,337.3,338.9
1993-04-12,338.4,342.2,336,340.2
1993-04-19,341.9,348,338.9,347.5
1993-04-26,352.3,358.5,350.1,357.2
1993-05-03,358.8,360.6,354.3,357.4
1993-05-10,357.4,373,356,368.3
1993-05-17,369.2,383.5,367,377.9
1993-05-24,380.2,384.5,372,378.3
1993-05-31,379.7,380.2,367.5,378.5
1993-06-07,375.4,378.3,364.5,367.5
1993-06-14,368,374,361.7,372.5
1993-06-21,370.7,379,367.5,378.1
1993-06-28,379.2,393.6,375,386.7
1993-07-05,393.3,398.1,390.8,392.3
1993-07-12,394.2,396.8,388.5,392.9
1993-07-19,393.5,396.5,387.6,390
1993-07-26,390.6,411.7,390.2,411.3
1993-08-02,410.4,414,374.5,379.9
1993-08-09,384.8,387.2,368.5,372.6
1993-08-16,375.8,377.7,373.7,376.4
1993-08-23,375.3,377.3,367,372.1
1993-08-30,372.4,375.9,364,367.1
1993-09-06,365.7,366,350,352.4
1993-09-13,348.2,357.5,343,352.8
1993-09-20,356,365.5,353,359.4
1993-09-27,359.1,359.4,352.2,356.9
1993-10-04,357.2,362.2,350,361.5
1993-10-11,362.3,370.5,360.6,366.2
1993-10-18,365.9,376.7,365.4,371.3
1993-10-25,372.4,373.7,367.6,369.6
1993-11-01,368.6,381.2,360.7,377.8
1993-11-08,379,379,373,373.6
1993-11-15,373.4,380.4,369.6,378.3
1993-11-22,379.4,379.9,375.2,377.2
1993-11-29,376.7,379.6,370.4,378.6
1993-12-06,378.8,386.7,377.2,384.9
1993-12-13,389.3,390.4,385.2,388.9
1993-12-20,391.1,392.2,385.6,387
1993-12-27,388.1,393.9,384.8,391.9
1994-01-03,391.9,397.8,385,387.2
1994-01-10,383,392.2,380,390.1
1994-01-17,393.8,395.5,381.5,381.7
1994-01-24,380.5,385,375.3,376.9
1994-01-31,380.3,392.3,377.5,388.3
1994-02-07,385.6,386.5,380.5,381.7
1994-02-14,383.6,388.9,377.7,381.6
1994-02-21,380.5,381.1,375.7,379.8
1994-02-28,381.9,383.6,374,378.6
1994-03-07,378.2,389.9,375.8,386.1
1994-03-14,386.5,388.5,382.7,387.6
1994-03-21,387.8,392.7,386.1,391.2
1994-03-28,389.4,396.5,385,394.3
1994-04-04,394.7,395.8,385.3,386.3
1994-04-11,386.1,386.3,377.5,379.4
1994-04-18,378.8,380.7,369.5,372.1
1994-04-25,372.1,378.3,372,377.8
1994-05-02,377.7,387,373.1,384.5
1994-05-09,382.3,384.8,378.4,381.5
1994-05-16,381.3,386.5,379.5,386.3
1994-05-23,387.9,390.2,382.5,384.7
1994-05-30,388.2,391.4,382.3,383.2
1994-06-06,382.8,386.4,380.4,385.8
1994-06-13,384,395,383.6,393.7
1994-06-20,395.2,397.9,390,392.9
1994-06-27,391.7,391.9,383.9,388.1
1994-07-04,389.3,389.9,383.2,385.1
1994-07-11,385.9,390.3,382,386.4
1994-07-18,386.7,388.3,383.8,385
1994-07-25,384.9,389.5,381.5,383
1994-08-01,390.1,390.4,380.5,382.9
1994-08-08,382.6,384.7,380.2,381.5
1994-08-15,381,387.5,380.3,386.9
1994-08-22,386.6,390,385.8,388
1994-08-29,386,394,385.7,391.4
1994-09-05,391.8,396.9,391.5,395.8
1994-09-12,395.5,395.9,390.6,393.6
1994-09-19,393.2,400.7,392.9,399.6
1994-09-26,398.5,401.9,396.3,397.6
1994-10-03,396.2,399.8,392,393.8
1994-10-10,394.5,395.2,388,390
1994-10-17,390.7,394.5,390.7,392.8
1994-10-24,391.5,392.1,388,388.7
1994-10-31,388.3,388.7,383.5,384.7
1994-11-07,383.8,386.8,383.1,385.7
1994-11-14,385.3,387.9,383.5,384.5
1994-11-21,383.8,385.5,382.4,384.7
1994-11-28,384.5,387.5,378.8,379
1994-12-05,379.7,380.5,377.7,379.9
1994-12-12,379.6,383.6,379.5,381.1
1994-12-19,381,385.2,380.8,382.3
1994-12-26,382.8,386.8,382.7,384.4
1995-01-02,382.4,383.4,372,372.2
1995-01-09,373.4,382.7,372.5,379.3
1995-01-16,377.6,385.6,377.6,385.4
1995-01-23,385.8,386,375,376.8
1995-01-30,379.1,379.8,376.8,378.8
1995-02-06,378.3,379.8,377,378.4
1995-02-13,377.9,381.7,376.4,380.6
1995-02-20,381.2,382.4,376.3,378.2
1995-02-27,378.6,379,374.5,377.8
1995-03-06,378.5,386.1,378.3,383.1
1995-03-13,384.1,388.9,381.8,384.2
1995-03-20,382.7,384.9,381.6,382.7
1995-03-27,382.7,402,382,394.3
1995-04-03,395.2,398.2,393.1,395.7
1995-04-10,393.6,394.8,391,392.4
1995-04-17,394.7,400.8,391.7,392.7
1995-04-24,393.3,394.4,387.3,388.5
1995-05-01,389.9,393.9,388.1,392.4
1995-05-08,392.5,392.5,383,384.3
1995-05-15,384.8,385.9,382.7,383.1
1995-05-22,381.5,388.8,381.5,386.6
1995-05-29,389.5,390.2,386.5,387
1995-06-05,386.9,392,386.3,391.1
1995-06-12,390.6,395,389.1,392.7
1995-06-19,393.3,394.5,390.8,392.1
1995-06-26,391.2,392.2,384.2,385.6
1995-07-03,385.2,387.7,384,386.7
1995-07-10,386.7,396.3,385.6,389.6
1995-07-17,388.9,392.5,384.7,386.6
1995-07-24,386.8,387.6,381.6,384.6
1995-07-31,389.5,390.5,387.3,389.3
1995-08-07,389.2,391.2,388.8,389.3
1995-08-14,389,393.5,386,389.9
1995-08-21,390.8,396,387.1,387.8
1995-08-28,387.5,387.8,383.2,384.7
1995-09-04,384.1,387.4,383.1,385.6
1995-09-11,386.2,390,385.8,389
1995-09-18,388.9,390.6,385.6,386.1
1995-09-25,385.7,387.5,385.2,386.5
1995-10-02,385.9,386.8,384.7,386.1
1995-10-09,387.3,388.7,386,386.4
1995-10-16,386.4,386.7,382.6,384.1
1995-10-23,384.7,385.2,383.1,383.9
1995-10-30,383.7,384.6,383.4,383.7
1995-11-06,383.5,391.5,383.2,390.5
1995-11-13,390.5,390.7,384.5,387.5
1995-11-20,386.9,387.8,381.5,382.1
1995-11-27,384.6,390.5,382.9,387.4
1995-12-04,387.1,392.4,386.8,391.4
1995-12-11,391.4,392.3,386.7,387.6
1995-12-18,388,390,387.4,388.2
1995-12-25,388.5,388.8,386.7,388.1
1996-01-01,392,399.2,388,396.5
1996-01-08,396.4,403,394.8,396.7
1996-01-15,394.4,401.3,393.8,399.9
1996-01-22,402,409.5,399.9,405.8
1996-01-29,405.7,419.6,404.2,417.7
1996-02-05,418,418,406.5,407.8
1996-02-12,407.9,409.2,402.1,407.5
1996-02-19,407.2,407.2,397.5,399.9
1996-02-26,402,403.6,398.3,400.2
1996-03-04,400,400,392.3,398.2
1996-03-11,397.7,398.7,395.9,396.9
1996-03-18,396.4,399.5,394.6,398.9
1996-03-25,399,401.8,394,395.8
1996-04-01,398.1,398.3,395.7,397.6
1996-04-08,397.8,401,396.1,397.1
1996-04-15,395.9,396.3,391.5,392.7
1996-04-22,392.7,396.8,391.6,392.2
1996-04-29,392.2,396.8,392,394.1
1996-05-06,394.5,398,391.8,392
1996-05-13,392.2,393.9,391.5,393
1996-05-20,393.1,393.3,389.8,390.9
1996-05-27,390.6,395.5,390.6,394.4
1996-06-03,394.3,394.3,386.2,387.6
1996-06-10,387.8,388.6,383,387.1
1996-06-17,386.9,388.7,384.6,386.8
1996-06-24,386.8,387.4,381.5,381.6
1996-07-01,382.3,384,382.3,382.5
1996-07-08,383.5,385.4,381.5,384.4
1996-07-15,384,387,383.6,385.3
1996-07-22,385.4,386.6,384.2,385.7
1996-07-29,385.7,393.6,384.6,393.2
1996-08-05,394.2,396.2,392.9,393.3
1996-08-12,393.5,394,390.9,391.4
1996-08-19,392.4,393.7,391.2,393.2
1996-08-26,393.3,394.6,390,391.3
1996-09-02,391.5,391.5,388.6,388.8
1996-09-09,389,389.1,384.6,385.6
1996-09-16,385.7,387,383.3,383.9
1996-09-23,384,385.9,381.9,382.8
1996-09-30,381.9,383.5,379.8,382.6
1996-10-07,382.3,385.3,382.2,383.4
1996-10-14,383.3,384.3,381.6,382.1
1996-10-21,382.2,386.5,381.8,384.6
1996-10-28,384.5,384.9,377.8,379.2
1996-11-04,379.3,382,378.3,380.5
1996-11-11,380.9,385.8,379.8,381.1
1996-11-18,380.3,380.4,375.8,376.3
1996-11-25,376.5,376.5,372.5,373
1996-12-02,373.9,376.1,367.7,370.8
1996-12-09,370.6,372,369.4,370.4
1996-12-16,370,371.8,369,370.5
1996-12-23,370.4,371.7,370.3,371.1
1996-12-30,371.2,371.7,361.8,362
1997-01-06,362.4,362.5,355,360.2
1997-01-13,360,361.7,352.6,356.4
1997-01-20,356.1,356.4,347.3,353.4
1997-01-27,353.5,358.2,345.4,346
1997-02-03,346.3,349.2,339.4,344
1997-02-10,343.9,348.6,338.5,346.7
1997-02-17,346.2,356.8,346,354.1
1997-02-24,354,365.5,353.8,365.1
1997-03-03,365.1,366,349.1,349.9
1997-03-10,350.3,355.5,350.3,353
1997-03-17,352.6,354.8,346.3,353.5
1997-03-24,353.3,353.3,346.4,350.2
1997-03-31,352.8,356,349.5,351.7
1997-04-07,351.4,352.3,348,349.3
1997-04-14,349.5,349.8,339.5,343.4
1997-04-21,343.3,345.1,342,343.9
1997-04-28,343.6,343.7,340.4,341.6
1997-05-05,342,349.5,340.5,349.3
1997-05-12,349.5,352.2,344.3,344.9
1997-05-19,344.8,345.3,340.7,343.1
1997-05-26,343.4,350.4,343.1,347.5
1997-06-02,347.3,347.6,341.5,345.7
1997-06-09,345.8,347.3,342.8,343.1
1997-06-16,343.1,345,339.1,339.4
1997-06-23,339.1,343.2,335.2,335.9
1997-06-30,335.9,336.7,324,325.2
1997-07-07,325.2,325.8,314.6,322.2
1997-07-14,322.1,330.9,317.6,329.6
1997-07-21,329.8,330.2,321.2,326.5
1997-07-28,326.5,332.8,325.1,328.9
1997-08-04,328.5,332,321,330.4
1997-08-11,330.8,333.4,326.6,329.5
1997-08-18,330.4,330.9,321.2,324.5
1997-08-25,325.75,327.1,324,325
1997-09-01,324.2,325,322.1,322.25
1997-09-22,321.39,323.9,321.2,323
1997-09-29,325.9,329.3,325.9,328
1997-10-13,326.6,327.6,325.3,325.6
1997-11-03,312.2,312.2,312.2,312.2
1997-11-17,306.5,306.5,306.5,306.5
1997-12-15,283.5,283.5,283.5,283.5
1997-12-22,294,296.6,294,296.2
1998-01-05,281.6,281.6,281.6,281.6
1998-01-19,292.3,292.3,292.3,292.3
1998-02-02,295.1,299.1,295.1,299.1
1998-02-09,299.5,299.8,299.5,299.8
1998-02-23,291.8,291.8,291.8,291.8
1998-03-02,295.8,295.8,295.8,295.8
1998-03-16,291.7,291.7,290.9,291.3
1998-03-23,299.4,299.4,299.4,299.4
1998-03-30,299.5,308,299.5,308
1998-04-06,307.5,314.3,307.5,308.5
1998-04-20,308,312.3,306.75,310.4
1998-05-04,302.45,305.5,302.45,304.1
1998-05-18,301,301.2,299,299.6
1998-06-01,290.85,294.2,290.5,292.9
1998-06-08,293.4,293.4,286.8,286.8
1998-06-15,298.5,298.5,298.5,298.5
1998-06-22,292.6,293.6,292.6,293.6
1998-06-29,293.4,296.2,293.4,293.6
1998-07-20,293.9,293.9,293.9,293.9
1998-08-03,282.7,287.7,282.7,286.4
1998-08-17,284.8,284.9,283.1,284.9
1998-08-24,282,282,271.5,274.1
1998-09-14,290.1,290.1,290.1,290.1
1998-09-21,289.5,289.5,289.5,289.5
1998-10-12,298.2,300.7,297.7,299.7
1998-10-19,295.9,296,295,295
1998-10-26,292.2,293.4,292.2,293.4
1998-11-02,290.35,293.8,290.35,293
1998-11-09,292.29,296.6,291.95,295.6
1998-11-16,294.55,297.5,293.7,295.79
1998-11-23,296.25,296.5,295.6,295.85
1998-11-30,292.29,293.79,291.9,292.1
1998-12-07,292.1,296.8,290.6,290.6
1998-12-14,291.1,295.8,289,289.95
1998-12-21,288.25,288.75,286,286
1998-12-28,286.45,288,286,288
1999-01-04,287.5,291.7,287.15,291.1
1999-01-11,292.45,292.45,285.85,286.7
1999-01-18,286.2,287.5,286.2,286.3
1999-01-25,287.6,287.6,282.9,285.9
1999-02-01,288.65,289.65,287.4,288.3
1999-02-08,288.6,289.3,286.9,289.3
1999-02-15,284.6,287.9,284.5,287.9
1999-02-22,287,287.7,286.2,286.8
1999-03-01,286.4,288.2,286.4,288.2
1999-03-08,291.3,294.1,291.3,292.1
1999-03-15,286.65,286.65,283,284
1999-03-22,284.2,285.25,279.2,279.5
1999-03-29,279.85,281.2,278.8,280.2
1999-04-05,279.6,281.3,277.5,281.3
1999-04-12,282.6,283.7,281.2,283.6
1999-04-19,284.6,284.6,283.3,283.3
1999-04-26,281,286.3,281,286.3
1999-05-03,286.2,289.3,282.5,282.5
1999-05-10,277.6,277.9,275.7,275.7
1999-05-17,274.2,274.2,272.7,272.7
1999-05-24,272.4,272.4,269.1,270
1999-05-31,267.4,267.4,263.75,265
1999-06-07,264.4,267.1,257.5,260.4
1999-06-14,259.35,262.9,258.1,259.3
1999-06-21,258.2,261.5,257.95,259.2
1999-06-28,259.35,263.8,259.35,263.1
1999-07-05,261.1,262.4,255.95,256.9
1999-07-12,256.25,256.8,253.1,253.7
1999-07-19,253.75,256.9,252.7,254.5
1999-07-26,253.2,256.9,253.2,255.7
1999-08-02,255.65,258.05,254.1,255.9
1999-08-09,255.7,261.1,255.7,260.4
1999-08-16,260.1,261.7,257.1,257.1
1999-08-23,256.85,257.5,252.1,253.5
1999-08-30,253.25,256.1,253.25,254
1999-09-06,254.55,257.2,254.55,256.3
1999-09-13,256.25,257.4,254.6,254.6
1999-09-20,254.5,271.1,254.5,268.5
1999-09-27,268.5,327.3,268.5,307.3
1999-10-04,307,339,307,320.2
1999-10-11,319,323.5,312.5,314.4
1999-10-18,313.38,317.5,301.4,301.9
1999-10-25,301.3,302.25,286.5,298.2
1999-11-01,294.5,294.5,288,289.5
1999-11-08,286.75,299,282,290.8
1999-11-15,290.75,296.38,290.1,294.5
1999-11-22,293.85,299.4,293.85,296.62
1999-11-29,296.2,296.2,279.3,279.3
1999-12-06,278.4,285.63,275,278.7
1999-12-13,278.9,285.63,278.75,283.3
1999-12-20,283.35,290,282.7,286.7
1999-12-27,287.62,291.2,287.25,287.5
2000-01-03,288,289,279.6,281.5
2000-01-10,281.15,284.8,280.85,283.8
2000-01-17,285.15,289.75,285.15,288.7
2000-01-24,287,290.6,281.1,282.75
2000-01-31,281.6,314.8,281.5,309.8
2000-02-07,313,319,296.6,310.15
2000-02-14,309.7,310.35,298.5,304.25
2000-02-21,304.6,306,292.1,292.1
2000-02-28,291.5,298.25,287.25,288
2000-03-06,288,293.7,285.12,288.5
2000-03-13,288.6,291.6,283.4,284.1
2000-03-20,283.6,290.9,283.6,284.5
2000-03-27,284.5,284.95,274.7,278.4
2000-04-03,278.5,288.2,276.6,279.7
2000-04-10,280.1,286,280.05,282.1
2000-04-17,284.25,284.5,279.3,279.3
2000-04-24,279.5,280.4,273.1,273.1
2000-05-01,275,281.9,272.6,278.7
2000-05-08,278.7,280.7,275.6,275.9
2000-05-15,276.2,277.1,272.4,274
2000-05-22,273.85,276.5,269.7,271.3
2000-05-29,271.6,282.7,271.6,280.9
2000-06-05,280.8,290.65,279.3,283.35
2000-06-12,283.25,293.75,283.25,289
2000-06-19,288.9,290.3,282.8,282.9
2000-06-26,282.9,292.8,282.45,288.6
2000-07-03,288.6,289.6,282.3,283.3
2000-07-10,283.4,284.9,279.75,281
2000-07-17,280.2,283.9,278,280.1
2000-07-24,280.25,281.15,277.9,277.9
2000-07-31,278,278.8,272.6,273
2000-08-07,272.5,275,271.6,271.7
2000-08-14,274.5,278.6,273.1,276.15
2000-08-21,276.45,276.8,271,274
2000-08-28,273.9,278.4,272.5,276.5
2000-09-04,276.8,276.8,271.9,272.7
2000-09-11,272.7,275.3,271.3,272.05
2000-09-18,271.8,276,268.9,271.9
2000-09-25,272.2,279.3,272.2,274
2000-10-02,274.1,274.5,269.1,269.4
2000-10-09,269.7,277.4,268.85,272.4
2000-10-16,272.65,275.3,269.8,271.3
2000-10-23,270.9,272.6,262.42,264.42
2000-10-30,264.42,266.6,263.7,264.95
2000-11-06,265.25,266.85,262.8,264.5
2000-11-13,264.5,266.7,264,264.75
2000-11-20,265.4,267.45,265.4,265.7
2000-11-27,265.6,273.05,265.6,269.15
2000-12-04,269.5,278.6,269.5,272.25
2000-12-11,272.63,273,268.25,270.4
2000-12-18,270.3,278.6,269.33,273.7
2000-12-25,273.68,278.6,271.6,272.1
2001-01-01,272.45,273.3,266.9,267.8
2001-01-08,267.85,269.8,263.55,263.75
2001-01-15,263.48,266.45,262.75,264.35
2001-01-22,264.5,269,262.4,262.55
2001-01-29,263.3,270.4,261.7,267.2
2001-02-05,267.2,267.5,259.5,260.15
2001-02-12,260.3,262.1,254.1,258.7
2001-02-19,259.4,261.9,256.2,261.3
2001-02-26,261.3,276.5,261.3,262.6
2001-03-05,262.5,272.4,260.2,271.5
2001-03-12,272.1,278.6,258.7,258.8
2001-03-19,259.1,263.9,259,262.15
2001-03-26,262.1,263,257.5,257.7
2001-04-02,257.8,260.6,254.7,259.8
2001-04-09,259.8,261,256.6,259.9
2001-04-16,259,265.4,258.8,264.4
2001-04-23,264.15,266.9,262,263.4
2001-04-30,263.8,267.4,263.3,265.9
2001-05-07,266.15,270.65,264.8,267.8
2001-05-14,267.9,287.8,266.45,287.3
2001-05-21,285.75,298,275.5,277.4
2001-05-28,277.6,278.3,265.05,266.8
2001-06-04,266.5,274.6,265,273.5
2001-06-11,273,277,265.9,271.3
2001-06-18,271,275.7,271,272.3
2001-06-25,272.3,279,268.1,270.6
2001-07-02,270.6,272.5,264.8,266
2001-07-09,266.5,269.6,265,267.1
2001-07-16,266.95,271.6,266.5,269.8
2001-07-23,270.15,270.15,263.8,267.3
2001-07-30,267.6,269,264.5,268.3
2001-08-06,268.5,277,266.5,274.3
2001-08-13,273.5,281.2,273.5,279
2001-08-20,279,279.3,272.2,272.6
2001-08-27,272.25,276,270.7,274.2
2001-09-03,273.25,274.5,271.35,272.9
2001-09-10,273,292,271.2,285.3
2001-09-17,288,295.1,285.8,291.2
2001-09-24,290.5,293.7,287,292.95
2001-10-01,292,292.7,288.95,290.7
2001-10-08,290.75,293.7,280.3,284.2
2001-10-15,284.2,285.5,277.9,279.4
2001-10-22,279.4,279.5,274.5,277.1
2001-10-29,277.1,281.4,277.1,279.7
2001-11-05,279.7,281.1,276.5,276.95
2001-11-12,277.2,282,274.1,274.6
2001-11-19,274.6,275.5,272.3,272.65
2001-11-26,272.8,275.9,272.5,274.15
2001-12-03,274.15,278,273.8,274.3
2001-12-10,274.3,279.2,271.7,278.2
2001-12-17,277.35,281,274.8,277.9
2001-12-24,277.7,280.5,276.3,276.3
2001-12-31,275.9,280,275.9,278.7
2002-01-07,278.4,289.5,277.4,287.3
2002-01-14,286.6,289.5,283.2,283.3
2002-01-21,282.3,283.8,278,279.2
2002-01-28,279.2,287.2,277.1,286
2002-02-04,285.25,307.8,285.25,303.5
2002-02-11,303.5,304,295.7,297.6
2002-02-18,298.5,299.55,290.05,292.5
2002-02-25,292.75,299.6,291.1,297.9
2002-03-04,297.6,299.8,287.95,289.5
2002-03-11,289.35,294.65,289.35,289.8
2002-03-18,289.8,300.1,289.8,297.5
2002-03-25,297.4,304.5,296.1,302.25
2002-04-01,302.25,306.6,298.4,299.8
2002-04-08,299.85,303.2,297.4,301.9
2002-04-15,301.9,306.1,297.8,302.1
2002-04-22,302,311.7,302,311.1
2002-04-29,310.75,313.3,306.9,311.7
2002-05-06,311.5,313.8,307.75,310.8
2002-05-13,310.6,312.1,306.7,310.8
2002-05-20,310.6,323.6,310.3,320.3
2002-05-27,320.3,329.3,320,326.2
2002-06-03,326.3,331.15,320.4,323.8
2002-06-10,324.3,325.1,316.2,319.1
2002-06-17,319.1,325,316.6,324.4
2002-06-24,324.4,326.8,310.4,314.2
2002-07-01,314.2,315.9,310.3,311.3
2002-07-08,311.2,317.9,310.5,315.8
2002-07-15,315.7,325.9,315.7,323.7
2002-07-22,323.7,325.6,301,303.5
2002-07-29,304.2,308,298.8,307.1
2002-08-05,307.1,315.55,304.2,314.3
2002-08-12,314.3,318,310.9,313.7
2002-08-19,313.7,315.9,304.6,306.8
2002-08-26,306.7,314.8,306.7,312.5
2002-09-02,312.5,321.6,311.5,320
2002-09-09,319.9,324.3,315,316.6
2002-09-16,316.9,324.1,314,321.9
2002-09-23,321.9,328.1,318.9,319.7
2002-09-30,319.7,325,319.4,322
2002-10-07,322,323.2,316.3,316.5
2002-10-14,316.5,319.1,309.3,312.6
2002-10-21,312.6,314.7,308.5,313.6
2002-10-28,313.3,321.9,312,320.1
2002-11-04,319.5,324,315.5,321.3
2002-11-11,321.3,325.5,315.5,320.3
2002-11-18,320.3,322.6,316.25,320.8
2002-11-25,320.8,321.5,315.65,317.9
2002-12-02,317.9,329.6,315.7,326
2002-12-09,326,336,322.2,332.9
2002-12-16,332.9,355,330,340.5
2002-12-23,340.5,351.8,340,349
2002-12-30,349,353.6,340,351
2003-01-06,351,357.9,344.3,354.5
2003-01-13,354.5,359.32,348.12,356.3
2003-01-20,356.3,370.65,352.9,368.18
2003-01-27,368.25,373.7,362.3,367.9
2003-02-03,367.9,389.5,367,369.5
2003-02-10,369.5,372.62,347.5,351.3
2003-02-17,351.3,354.5,341.5,351.1
2003-02-24,351.1,360,345.2,349.7
2003-03-03,349.7,358.2,345.2,350.5
2003-03-10,350.5,355,332,336.1
2003-03-17,336.1,345,325.8,325.8
2003-03-24,325.8,334.2,325.8,331.6
2003-03-31,331.6,338.7,322.4,325.3
2003-04-07,325.7,328.3,319.4,327.8
2003-04-14,327.8,328,322.4,325.7
2003-04-21,325.7,336,325.7,333
2003-04-28,333,343.4,329.4,340.7
2003-05-05,340.7,349.4,339.6,348.3
2003-05-12,348.7,357,348.6,354.5
2003-05-19,354.85,373.1,354.85,368.5
2003-05-26,368.5,374.4,358.7,364.2
2003-06-02,364.98,369.8,359.9,363.6
2003-06-09,363.6,365.8,351.1,356.5
2003-06-16,356.5,365.1,355.12,356
2003-06-23,356,358.12,342.9,345
2003-06-30,344.8,353.2,344.4,350.6
2003-07-07,350.85,351.9,342.4,344.8
2003-07-14,345.15,349.6,340.6,346.9
2003-07-21,346.9,368.2,346.8,362.5
2003-07-28,362.5,374.7,345.4,346
2003-08-04,346.2,357.5,346.2,356.5
2003-08-11,356.5,367.4,356.2,363.5
2003-08-18,363.5,366.9,356.5,362.7
2003-08-25,362.7,377.4,359.4,375.2
2003-09-01,375.2,379.5,370,376.9
2003-09-08,376.9,383.3,373.8,374.8
2003-09-15,374.8,383.2,371.9,381.6
2003-09-22,381.6,393.5,379.3,380.6
2003-09-29,380.85,388.2,366.6,369.3
2003-10-06,369.3,378.2,368.2,373.2
2003-10-13,373.2,376.6,366.2,371.4
2003-10-20,371.4,392.2,370.3,388.7
2003-10-27,388.4,391.12,380,384
2003-11-03,384,385.1,376.1,382.8
2003-11-10,382.8,398.9,382.7,397.3
2003-11-17,397.1,400.3,385.9,395.8
2003-11-24,395.8,400.6,389.2,397.9
2003-12-01,397.9,406.3,396.9,406.1
2003-12-08,406.1,412.1,402.6,408.7
2003-12-15,407.88,412.62,401.8,409.1
2003-12-22,409.1,413.8,407.9,412
2003-12-29,412,417.5,412,415.6
2004-01-05,415.6,430.5,415.3,426
2004-01-12,426,428.7,405.6,406.5
2004-01-19,406.5,413.3,405.3,407.6
2004-01-26,407.6,414.8,396.4,402.4
2004-02-02,402.3,409.9,394.6,403.1
2004-02-09,403.1,417,402.5,409.9
2004-02-16,409.9,416.5,394.3,397.3
2004-02-23,397.3,404.8,390.9,395.9
2004-03-01,395.9,402.9,388.1,401
2004-03-08,401,406,395,395
2004-03-15,395,414.1,395,412.1
2004-03-22,412.1,423.5,411.2,422.1
2004-03-29,422.1,432.1,416.2,420.5
2004-04-05,420.5,423.9,413.7,419.8
2004-04-12,419.8,421.9,395.3,400.5
2004-04-19,400.4,405.5,389.5,395.2
2004-04-26,395.3,399.13,377.7,386.8
2004-05-03,386.6,394.88,377.7,378.9
2004-05-10,378.7,384.2,371.6,376.6
2004-05-17,376.6,387.1,375.1,384.2
2004-05-24,384.3,396.7,382.5,393.4
2004-05-31,393.5,398.7,384.6,389.9
2004-06-07,389.9,395.3,382.8,384.3
2004-06-14,384.3,396.1,381.9,394.7
2004-06-21,394.8,403.2,392.5,401
2004-06-28,401.1,405,388.4,397.8
2004-07-05,397.7,409.1,388.9,407.6
2004-07-12,407.6,408.6,400.5,406.1
2004-07-19,406.5,407.8,387.05,389.9
2004-07-26,389.9,393.4,384.5,390.5
2004-08-02,391.25,401.2,389.2,399.5
2004-08-09,399.6,403.2,392.75,398.8
2004-08-16,397.5,414.1,397.5,412.4
2004-08-23,411.5,412.6,401,402.9
2004-08-30,402.8,416.6,399.2,400.7
2004-09-06,400.8,407.5,395.3,402.4
2004-09-13,402.4,407,399.4,405.4
2004-09-20,405,412,403.8,407.6
2004-09-27,407.4,419.9,407.4,418.8
2004-10-04,418.8,424.3,411.9,422.7
2004-10-11,421.75,426.9,409.25,418.6
2004-10-18,418.25,426,414.9,424
2004-10-25,424,430.6,420.8,428.1
2004-11-01,428.1,434,417.5,433.6
2004-11-08,433.6,438.8,431,437.6
2004-11-15,437.6,448.2,435.75,446.7
2004-11-22,446.7,455.1,443.75,451.9
2004-11-29,451.9,456.7,443.75,455.3
2004-12-06,455.3,456.55,431.8,433.9
2004-12-13,433.9,442.6,433.7,441.1
2004-12-20,441.1,444,439,442.1
2004-12-27,442.1,445.2,433.6,438
2005-01-03,438,438,416.9,418.8
2005-01-10,419,427.7,419,422.5
2005-01-17,422.5,428.2,420.4,427
2005-01-24,427,428.33,421.3,426
2005-01-31,426,426.6,414.3,414.3
2005-02-07,414.3,421.9,410.5,420.5
2005-02-14,420.5,428.4,420.5,426.4
2005-02-21,426.4,436.6,426.3,434.9
2005-02-28,434.9,438,428.8,433.9
2005-03-07,433.8,446.9,432.5,445.8
2005-03-14,445.7,445.7,436,439
2005-03-21,439.25,439.6,424.3,425.9
2005-03-28,424.9,428.9,423.8,425.9
2005-04-04,425.5,428.2,422.2,426.7
2005-04-11,426.5,430.4,422.2,424.5
2005-04-18,425.1,435.65,423.25,434.25
2005-04-25,434,437.7,430.88,435
2005-05-02,434.75,434.75,423.98,425.7
2005-05-09,426.4,428.5,419.1,420
2005-05-16,420,423.1,416.9,417.2
2005-05-23,417.5,420.5,416.5,420.1
2005-05-30,419.75,424.8,413.8,422.1
2005-06-06,422.65,428.4,421.3,426.7
2005-06-13,426.6,439.3,424.5,437.4
2005-06-20,438.1,443.53,434.3,439.6
2005-06-27,439.1,440.3,426.9,427.3
2005-07-04,428.5,428.8,421.7,422.8
2005-07-11,423.2,427.7,417.9,421.3
2005-07-18,421.3,426.8,419,424.8
2005-07-25,426.15,430.8,422,429.2
2005-08-01,429.5,439.2,428.4,437.1
2005-08-08,437.4,449.9,433,446
2005-08-15,446,446.8,436,436.1
2005-08-22,438.1,440.8,435.9,438.1
2005-08-29,437.75,447.3,429.3,443.2
2005-09-05,444.3,449.75,442.9,449
2005-09-12,448.8,460.2,444.7,459.6
2005-09-19,458.7,475.7,458.6,463.8
2005-09-26,462.85,474.5,458.1,468.7
2005-10-03,469.9,476.1,463.2,475.5
2005-10-10,475.5,480.4,466,469.25
2005-10-17,468.87,475.55,460.1,466.9
2005-10-24,466.62,475.7,463.3,473
2005-10-31,472.6,473.2,455.1,456.5
2005-11-07,456.3,470,456.3,469
2005-11-14,468.5,488.8,466.7,485.7
2005-11-21,485.35,496.9,484.8,495.4
2005-11-28,495.4,506.7,490.65,504.35
2005-12-05,503.7,530.8,503.25,525.85
2005-12-12,525.1,541.3,493.4,502.6
2005-12-19,502.87,509.2,489.7,502.6
2005-12-26,503.35,517.9,502.6,514.77
2006-01-02,513.05,540.1,513.05,538.95
2006-01-09,538.75,557.8,535.3,555.5
2006-01-16,555.9,568,540.1,552.7
2006-01-23,553.45,566.7,549.2,558.2
2006-01-30,559.1,575.15,558.5,566.95
2006-02-06,567.25,573.9,545.22,550.7
2006-02-13,550.45,554.3,535.1,552.05
2006-02-20,552.35,559.5,547.53,558.55
2006-02-27,556.6,570.75,552.8,565.1
2006-03-06,564.95,568.2,534.2,540.85
2006-03-13,540.7,557.7,540.7,553.7
2006-03-20,553.8,561.02,544.53,560
2006-03-27,560.2,589.6,558.9,583.2
2006-04-03,583.4,598.1,582.4,588.05
2006-04-10,588.55,604,588.55,599.55
2006-04-17,599.55,645.8,597.25,634.9
2006-04-24,633.5,655.7,618.4,654.15
2006-05-01,652,684.7,650.93,682.35
2006-05-08,682.3,730.25,671.7,714.7
2006-05-15,714.5,720.38,651.6,657.3
2006-05-22,657.5,674.75,636.05,652.65
2006-05-29,650.4,665.3,618.9,637.7
2006-06-05,637.65,645.55,601.4,607.1
2006-06-12,606.95,612,542.9,580.5
2006-06-19,580.6,595.05,561.1,583.65
2006-06-26,583.65,616.45,577,614.05
2006-07-03,614.05,637.7,613.6,628.6
2006-07-10,628.82,667.75,620.3,663.7
2006-07-17,663.42,676.5,616.2,620
2006-07-24,620.82,641.32,602.1,633.9
2006-07-31,634.32,656.35,628.6,645.7
2006-08-07,646.07,655.1,626.3,631
2006-08-14,635.3,635.3,607.5,614.6
2006-08-21,614.65,630.8,614,622.5
2006-08-28,622.4,627.6,607.3,625.8
2006-09-04,625.2,640.6,606.6,610.3
2006-09-11,610.5,611.4,570.8,579.1
2006-09-18,579.3,592.5,571.8,589.2
2006-09-25,589.35,607.2,582.25,597.8
2006-10-02,598,603.9,558.85,573.3
2006-10-09,573.8,590.55,569.2,589.5
2006-10-16,590.15,602.65,585.9,591
2006-10-23,591.5,600.1,573.3,599.3
2006-10-30,599.8,629.23,598.4,627.15
2006-11-06,627,636.6,613.65,628.8
2006-11-13,628.45,632.65,614.4,621.45
2006-11-20,621.4,640.05,620.55,637.2
2006-11-27,638,650.1,633,645.4
2006-12-04,645.35,648.8,623.55,624.85
2006-12-11,623.9,631.1,614.6,615
2006-12-18,615.1,624.55,611.9,620.25
2006-12-25,620.6,636.55,620.6,635.95
2007-01-01,636.25,645.15,602.2,607.5
2007-01-08,608.85,627.7,604.1,627.07
2007-01-15,626.6,636.7,620.45,634.9
2007-01-22,635.25,654.7,632.3,645.5
2007-01-29,645.6,661.35,641.1,647.65
2007-02-05,647.7,668.95,646.45,666.55
2007-02-12,666.4,671.9,660,668.9
2007-02-19,667.55,688.4,655.9,682.25
2007-02-26,682.3,689.1,639.8,642.1
2007-03-05,642.5,658.3,632.8,648.7
2007-03-12,649.15,655.8,637.05,652.4
2007-03-19,653.15,667.05,652.3,656.6
2007-03-26,657.2,669.6,655.4,663.1
2007-04-02,663.5,675.8,656.7,674.7
2007-04-09,673.4,685.7,670.75,685.1
2007-04-16,685.5,693.9,678.8,691.4
2007-04-23,691.6,693.6,671.1,680.7
2007-04-30,681.25,690.6,667.75,688
2007-05-07,688.6,690.9,664.6,670.3
2007-05-14,671.1,675,653.9,660.9
2007-05-21,663.3,665.35,652,655.4
2007-05-28,655.8,671.9,652.35,670.7
2007-06-04,670.8,674,644.4,647.8
2007-06-11,648.6,655.75,643.45,655
2007-06-18,655.1,662.1,648,653.6
2007-06-25,653.95,654.5,639.05,648.9
2007-07-02,649.4,658.9,645.4,655.7
2007-07-09,655.7,669.45,653.95,666.9
2007-07-16,666.65,687.1,662.7,683.3
2007-07-23,683.15,687.8,657.1,661
2007-07-30,661,675.4,659.45,672.9
2007-08-06,672.9,676.85,658.45,672.4
2007-08-13,672.4,672.7,642.45,656.9
2007-08-20,656.9,668.9,653.55,667.9
2007-08-27,667.9,674.9,661.55,672.6
2007-09-03,672.6,707.1,671.8,700.5
2007-09-10,700.5,717.4,699.45,706.7
2007-09-17,706.7,739.4,706.7,730.8
2007-09-24,730.8,745.9,722.4,743.7
2007-10-01,743.7,747.8,721,742.3
2007-10-08,742.3,753.95,726.85,749.2
2007-10-15,749.2,771.5,748.05,764.8
2007-10-22,764.8,785.9,745.35,785
2007-10-29,785,808.25,777.25,807.1
2007-11-05,807.1,845.8,800.7,831.9
2007-11-12,831.6,833,782.8,786
2007-11-19,786,825.8,773.1,823.5
2007-11-26,823.5,836.85,778.9,782.8
2007-12-03,781.4,806.8,777.2,795.1
2007-12-10,795.1,817.15,788,794
2007-12-17,793.7,812.5,785.5,810.85
2007-12-24,810.8,840.65,805.6,840.5
2007-12-31,840.3,869.5,830.1,859.4
2008-01-07,859.3,898.2,855.55,895.2
2008-01-14,895.2,914.4,870.4,882.8
2008-01-21,883.15,923.7,849.7,913.7
2008-01-28,913,936.95,903.8,905.4
2008-02-04,904.8,922.8,884.6,922.4
2008-02-11,922.6,927.3,896.55,902.5
2008-02-18,902.5,954.6,900.55,944.2
2008-02-25,944.2,976.1,926.75,973.75
2008-03-03,974,993.05,956.5,972.8
2008-03-10,972.5,1007.3,961.25,1001
2008-03-17,1002.55,1032.35,905.05,919.1
2008-03-24,919.1,954.85,906.87,930
2008-03-31,930,940.85,872.5,912.9
2008-04-07,912.9,939.8,903.37,924.9
2008-04-14,924.9,952.95,904.9,916
2008-04-21,916,928.8,878.2,885.15
2008-04-28,885.15,895.7,845.87,855.45
2008-05-05,855.45,889.65,855.45,883.9
2008-05-12,883.9,905.1,860.05,901.3
2008-05-19,901.3,935.3,900.95,924.2
2008-05-26,924.2,930.75,870.45,885.9
2008-06-02,885.9,902.25,865.1,901.35
2008-06-09,901.35,909.2,857.65,870.2
2008-06-16,870.2,908.65,867.05,900.85
2008-06-23,900.85,930.8,873.95,927.15
2008-06-30,927.15,946.55,918.8,932.3
2008-07-07,932.3,967.95,912.9,963.7
2008-07-14,963.7,988.4,950.2,954.3
2008-07-21,954.3,976.25,916.5,928.7
2008-07-28,928.7,933.2,894.2,909.55
2008-08-04,909.55,915.4,851.2,855.35
2008-08-11,855.35,865.8,773.45,785.5
2008-08-18,785.5,839.5,782.7,822.1
2008-08-25,822.1,844.2,807.4,829.8
2008-09-01,829.8,836.4,789.6,802.8
2008-09-08,802.8,818.35,736.75,763.45
2008-09-15,763.45,916.2,763.45,871.15
2008-09-22,871.15,912.4,863,878.4
2008-09-29,878.4,923.95,820.05,834.8
2008-10-06,834.8,931,826.5,847.5
2008-10-13,847.4,871.7,773.7,781.7
2008-10-20,781.7,810.2,681.75,733.3
2008-10-27,733.3,777.1,707.6,723.05
2008-11-03,723.05,768.7,722.15,736.67
2008-11-10,736.02,768.85,700,742.72
2008-11-17,740.25,802.3,731.25,799.25
2008-11-24,800.4,832.6,786.8,817.95
2008-12-01,815.85,818.95,741.7,754.2
2008-12-08,754.6,834.8,754.42,821.05
2008-12-15,819.85,882.5,819.85,837.57
2008-12-22,836.75,872.9,829.6,866.6
2008-12-29,866.4,890.8,857.02,874.3
2009-01-05,874.3,885.17,835.7,851.75
2009-01-12,851.95,856.5,802.22,841.05
2009-01-20,835.85,903.6,823.9,898
2009-01-26,899.55,929.45,874.95,926.35
2009-02-02,926.5,927.05,889.6,910.6
2009-02-09,910.65,952.55,891,941.65
2009-02-17,940.75,1006.25,940.7,993.4
2009-02-23,992.65,998.2,926.75,944
2009-03-02,944,958.15,900.4,937.8
2009-03-09,938.5,941.95,891.55,927.2
2009-03-16,927.2,967,884,950.85
2009-03-23,950.85,957.1,916.2,921.05
2009-03-30,921.05,933.2,891.15,891.9
2009-04-06,891.9,896.97,865.4,878.4
2009-04-13,880.65,900,865.2,867.9
2009-04-20,867.9,913.9,865.1,912.1
2009-04-27,912.1,918.4,880.45,885.8
2009-05-04,885.8,925.4,885.8,916.05
2009-05-11,916.05,934,908.9,930.7
2009-05-18,930.7,961.32,915.85,956.35
2009-05-26,958.57,980.15,941.45,979
2009-06-01,979,989.95,953,955.3
2009-06-08,955.3,965.4,936.72,937.9
2009-06-15,937.9,943.15,926.2,933.3
2009-06-22,933.3,948.22,913.45,938.05
2009-06-29,938.05,946.6,922.9,928.65
2009-07-06,931.5,932.6,905.5,912.15
2009-07-13,912.15,942.1,908,936.7
2009-07-20,936.7,957.4,936.7,950.35
2009-07-27,950.35,959.7,925.9,953.75
2009-08-03,953.75,971.75,951.35,953.9
2009-08-10,953.9,960.55,940.5,945.85
2009-08-17,945.85,957.75,930.05,953.15
2009-08-24,953.15,962.3,938.12,954.95
2009-08-31,954.95,997.45,944.5,993.4
2009-09-08,994,1011.95,983.32,1004.85
2009-09-14,1004.85,1024,992.7,1006.15
2009-09-21,1006.15,1019.7,985.27,991.35
2009-09-28,991.35,1009.7,985.55,1001.35
2009-10-05,1001.35,1061.5,1000.9,1048.25
2009-10-12,1048.25,1070.5,1043.25,1052.25
2009-10-19,1052.25,1067.9,1047.9,1054.45
2009-10-26,1054.45,1059.95,1026.85,1044.4
2009-11-02,1044.4,1101.25,1039.9,1094.55
2009-11-09,1094.5,1122.87,1094.5,1118.62
2009-11-16,1118.75,1153.02,1115.3,1149.6
2009-11-23,1149.8,1192.7,1137.7,1176.7
2009-11-30,1176.7,1226.3,1147.95,1161.05
2009-12-07,1160.9,1168.6,1109.6,1114.82
2009-12-14,1114.55,1141.65,1095.05,1112.05
2009-12-21,1112.05,1119.55,1074.9,1104.45
2009-12-28,1104,1113.75,1086.4,1096.2
2010-01-04,1096.35,1140.4,1093.75,1136.97
2010-01-11,1136.7,1161.75,1118.97,1129.9
2010-01-19,1133.7,1141.45,1082.62,1092.8
2010-01-25,1092.5,1104.05,1074.55,1080.98
2010-02-01,1080.78,1125.1,1044.55,1065.08
2010-02-08,1066.12,1097.8,1062.1,1092.4
2010-02-16,1100.68,1127.1,1098.17,1118.7
2010-02-22,1118.98,1130.85,1087.72,1106.2
2010-03-01,1117.25,1145.1,1112.3,1134.4
2010-03-08,1134.3,1137.6,1097.9,1101.55
2010-03-15,1101.6,1133.35,1101.58,1106.55
2010-03-22,1106.55,1109.6,1085.55,1105.6
2010-03-29,1105.6,1128.05,1102,1126.3
2010-04-05,1120,1164.8,1120,1159.9
2010-04-12,1159.9,1169.67,1130.1,1136.45
2010-04-19,1136.79,1157.7,1124.11,1156.9
2010-04-26,1156.9,1181.7,1146.45,1179.05
2010-05-03,1178.25,1213.8,1156.35,1207.8
2010-05-10,1207.8,1249.4,1184.35,1232.55
2010-05-17,1232.55,1242.23,1166.5,1175.15
2010-05-24,1175.15,1218.3,1175.15,1213.81
2010-06-01,1215.6,1228.73,1196.9,1219
2010-06-07,1219,1251.8,1210.9,1225.9
2010-06-14,1225.9,1262.55,1216.5,1256.7
2010-06-21,1256.35,1265.05,1224.85,1254.5
2010-06-28,1254.5,1262.6,1196.85,1210.6
2010-07-06,1209,1213.7,1185.25,1211.9
2010-07-12,1211.85,1218.15,1186.25,1192.85
2010-07-19,1193.1,1204.05,1175.61,1189.05
2010-07-26,1189.05,1194.65,1157.05,1181.05
2010-08-02,1181.5,1211,1174.7,1205.3
2010-08-09,1203.65,1217.6,1190.85,1212.87
2010-08-16,1215.3,1237.4,1214.7,1227.7
2010-08-23,1227.7,1244.3,1210.3,1237.72
2010-08-30,1235.71,1254.74,1232,1246.4
2010-09-07,1249.95,1262.9,1236.95,1246.35
2010-09-13,1246.42,1282.9,1241.25,1274.1
2010-09-20,1275.95,1300.1,1271.3,1296.37
2010-09-27,1295.6,1320.65,1281.52,1318.75
2010-10-04,1315.6,1364.95,1312.55,1346.85
2010-10-11,1344.9,1387.15,1340.5,1368.4
2010-10-18,1370.5,1374.9,1315.22,1328.35
2010-10-25,1327.2,1359.45,1319.15,1359.2
2010-11-01,1359.05,1398.35,1325.7,1393.45
2010-11-08,1393.6,1424.5,1360.1,1368.2
2010-11-15,1367.4,1376.75,1329.83,1353.24
2010-11-22,1353.25,1382.55,1348.68,1362.12
2010-11-29,1363.3,1415.74,1353.5,1413.75
2010-12-06,1413.4,1431.3,1371.47,1385.45
2010-12-13,1386.4,1408.2,1361.4,1374.95
2010-12-20,1375.08,1392.2,1372.48,1379.75
2010-12-27,1384.25,1421.25,1373.05,1420.74
2011-01-03,1419.45,1423.95,1353.05,1369.05
2011-01-10,1369,1393.14,1355.3,1361.8
2011-01-18,1362.4,1379.25,1338,1342.44
2011-01-24,1342.18,1353.35,1308.45,1336.63
2011-01-31,1336.68,1359.9,1323.4,1348.48
2011-02-07,1348.9,1368.94,1344.03,1356.6
2011-02-14,1356.6,1392,1353.65,1389.95
2011-02-22,1405.95,1418.2,1392.45,1410.29
2011-02-28,1409.97,1440.45,1405,1430.79
2011-03-07,1430.8,1445.05,1403.25,1417.44
2011-03-14,1417.3,1432.6,1381.25,1418.24
2011-03-21,1417.55,1447.7,1417.55,1429.49
2011-03-28,1428.65,1439.51,1410.42,1428.49
2011-04-04,1427.88,1475.09,1427.88,1474.69
2011-04-11,1472.6,1488.15,1444.35,1486.84
2011-04-18,1486.2,1509.02,1477.45,1503.6
2011-04-25,1508,1569.4,1493.2,1563
2011-05-02,1563,1576.52,1462.3,1494.6
2011-05-09,1494.6,1526.69,1478.31,1494
2011-05-16,1494.2,1515.8,1471.86,1512.1
2011-05-23,1512.1,1538.39,1504.21,1535.8
2011-05-31,1538.4,1550.44,1519.61,1541.5
2011-06-06,1541.5,1553.59,1526.11,1530.7
2011-06-13,1530.7,1542.09,1511.03,1538.9
2011-06-20,1538.9,1558.3,1498.4,1500.7
2011-06-27,1500.7,1513.94,1478.29,1486.5
2011-07-05,1495.35,1545.45,1493.58,1543.5
2011-07-11,1543.5,1594.29,1540.93,1593
2011-07-18,1593,1610.14,1581.21,1599.9
2011-07-25,1599.9,1632.74,1598.8,1626.4
2011-08-01,1626.4,1682.14,1607.6,1662.8
2011-08-08,1662.8,1814.89,1662.1,1745.7
2011-08-15,1745.7,1878.18,1730,1852
2011-08-22,1851,1912.29,1703.1,1827.3
2011-08-29,1827.3,1884.64,1775.8,1883.1
2011-09-06,1902.19,1920.94,1793.2,1855.5
2011-09-12,1855.5,1862.1,1762.5,1811.1
2011-09-19,1811.1,1827.3,1629.15,1655.4
2011-09-26,1655.4,1677.32,1533.23,1623.7
2011-10-03,1623.7,1679.07,1595.6,1637.6
2011-10-10,1637.6,1692.17,1637.4,1680.57
2011-10-17,1679.5,1695.07,1603.93,1641.97
2011-10-24,1639.92,1752.45,1635.7,1743.26
2011-10-31,1739.44,1767.66,1681.51,1754.52
2011-11-07,1753.05,1802.92,1736.04,1789.1
2011-11-14,1788.7,1795.5,1710.72,1723.1
2011-11-21,1723.6,1726.49,1666.3,1682.6
2011-11-28,1683.33,1763.01,1681.2,1747.9
2011-12-05,1748.3,1756.27,1702.43,1711.2
2011-12-12,1711.48,1714.9,1560.63,1598.45
2011-12-19,1597.5,1641.75,1584,1606.7
2011-12-27,1606.9,1608.8,1522.93,1564.6
2012-01-03,1568.67,1631.1,1566.8,1618
2012-01-09,1619.93,1661.95,1605.1,1638.6
2012-01-17,1642.6,1670.09,1641.6,1665.7
2012-01-23,1666,1739.77,1649.32,1738.4
2012-01-30,1738.87,1763.24,1716.54,1725.4
2012-02-06,1724.1,1752.8,1704.9,1721.3
2012-02-13,1721.51,1737.23,1705.55,1723
2012-02-21,1733.6,1787.45,1730.7,1771.6
2012-02-27,1771.5,1790.66,1688.3,1712.1
2012-03-05,1711.7,1716.77,1663.41,1713.55
2012-03-12,1713.55,1716.68,1634.1,1659.1
2012-03-19,1659.4,1669.81,1628.3,1643.85
2012-03-26,1661.4,1697.02,1645.15,1668.13
2012-04-02,1667.8,1683.57,1612.53,1630.2
2012-04-09,1630.2,1680.12,1629.6,1657.5
2012-04-16,1657.5,1658,1631.15,1642.3
2012-04-23,1642.2,1668.1,1623.2,1662.3
2012-04-30,1662.4,1671.64,1626.9,1642
2012-05-07,1643.1,1643.2,1573.3,1578.9
2012-05-14,1578.9,1597.55,1527.24,1592.9
2012-05-21,1592.9,1599.1,1533.7,1572.3
2012-05-29,1574.1,1630.15,1531.7,1624.1
2012-06-04,1624.1,1640.9,1555.3,1593.6
2012-06-11,1593,1633.85,1582,1627.2
2012-06-18,1626.9,1633.35,1558.5,1571.7
2012-06-25,1572.1,1607.09,1548.25,1597.43
2012-07-02,1597.3,1624.96,1576.58,1582.4
2012-07-09,1583.3,1601.4,1555.03,1588.1
2012-07-16,1588.6,1598.98,1567.73,1583.6
2012-07-23,1583.6,1629.5,1563.55,1622.7
2012-07-30,1622.7,1627.93,1584.3,1601.2
2012-08-06,1602.9,1626.49,1601.74,1619.5
2012-08-13,1619.4,1625.66,1590.24,1615.5
2012-08-20,1615.5,1674.88,1610.1,1669.9
2012-08-27,1670.3,1692.92,1646.55,1691.4
2012-09-04,1692.1,1742.14,1687.53,1735.4
2012-09-10,1735.4,1777.82,1716.7,1769.6
2012-09-17,1770.1,1787.4,1752.6,1772.2
2012-09-24,1772.9,1783.24,1736.85,1771.7
2012-10-01,1771.7,1795.9,1763.1,1780.3
2012-10-08,1780.3,1780.87,1752.5,1753.5
2012-10-15,1753.5,1754.75,1716.46,1721.1
2012-10-22,1721.1,1730.1,1698.8,1710.3
2012-10-29,1711,1727.01,1674.85,1677.4
2012-11-05,1677.3,1738.8,1672.9,1730.7
2012-11-12,1730.4,1737.96,1705.09,1713.3
2012-11-19,1713.7,1754.4,1713.5,1749.2
2012-11-26,1752,1752.27,1706.12,1714.6
2012-12-03,1714.8,1722.7,1683.25,1704.04
2012-12-10,1703.8,1723.3,1689.62,1695.56
2012-12-17,1695.6,1703.1,1635.4,1656.87
2012-12-24,1656.7,1667.9,1650.2,1655.59
2012-12-31,1655.4,1694.86,1626.18,1655.49
2013-01-07,1655.2,1678.83,1643.17,1662.59
2013-01-14,1662.3,1697.5,1659,1683.9
2013-01-22,1692.25,1695.1,1656.25,1658.15
2013-01-28,1658.2,1684.05,1652.3,1666.66
2013-02-04,1666.7,1685.3,1661.8,1667.1
2013-02-11,1666.7,1669.7,1598.18,1609.64
2013-02-19,1609.2,1615.3,1554.8,1581.19
2013-02-25,1580.7,1620.23,1565.11,1575.7
2013-03-04,1575.5,1586.5,1561.7,1578.3
2013-03-11,1578.3,1599.5,1575.3,1592.2
2013-03-18,1592.2,1616.88,1591.45,1608.6
2013-03-25,1608.16,1613.71,1590.02,1595.05
2013-04-01,1593.65,1603.9,1540.18,1581.5
2013-04-08,1580.9,1590.55,1480.3,1480.3
2013-04-15,1478.91,1495.7,1321.5,1405.8
2013-04-22,1401.2,1485.4,1401.2,1462.28
2013-04-29,1467.28,1487.98,1440.72,1470.2
2013-05-06,1469.75,1478.9,1419.98,1447.8
2013-05-13,1448.2,1448.99,1355.1,1359.6
2013-05-20,1358.7,1414.3,1338.1,1386.2
2013-05-28,1394.95,1421.9,1373.95,1387.81
2013-06-03,1388.32,1423.8,1377.8,1384.1
2013-06-10,1383.03,1395,1366.14,1391
2013-06-17,1389.93,1392.1,1269.1,1297.9
2013-06-24,1296.59,1301.5,1180.2,1234.8
2013-07-01,1232.68,1267.5,1208.5,1222.93
2013-07-08,1221.86,1298.9,1215.5,1284.2
2013-07-15,1284.23,1300.8,1270.6,1295.9
2013-07-22,1296.06,1348.5,1296.06,1333.2
2013-07-29,1332.8,1339.2,1283.45,1313
2013-08-05,1311.4,1320.8,1273.14,1314
2013-08-12,1313.55,1379.6,1313.55,1376
2013-08-19,1376.1,1400.3,1352.3,1397.1
2013-08-26,1397.3,1433.85,1389.8,1395.2
2013-09-03,1391.44,1416.4,1359.6,1390.8
2013-09-09,1390.39,1394.2,1305.1,1327.1
2013-09-16,1333.13,1375.4,1291.5,1325
2013-09-23,1325.13,1344.02,1306.13,1335.8
2013-09-30,1336.34,1352.15,1277.5,1309.9
2013-10-07,1310.5,1329.93,1261.66,1271.8
2013-10-14,1270.85,1327.55,1251.8,1315.9
2013-10-21,1315.83,1355.82,1310.29,1351.9
2013-10-28,1351.07,1361.74,1306.28,1315.2
2013-11-04,1315.03,1326.33,1281.12,1288.15
2013-11-11,1288.16,1294.3,1261,1289.8
2013-11-18,1289.43,1289.7,1237.07,1242.7
2013-11-25,1243.23,1258.2,1227.05,1251.4
2013-12-02,1251.21,1251.69,1211.89,1228.55
2013-12-09,1228.7,1267.8,1220.66,1238.4
2013-12-16,1238.35,1252.02,1186.9,1202.8
2013-12-23,1202.78,1219.05,1192.93,1212.6
2013-12-30,1212.87,1240.22,1182.7,1236.75
2014-01-06,1236.43,1248.91,1216.07,1248.05
2014-01-13,1246.6,1255.35,1234.48,1253.69
2014-01-21,1252.13,1272.55,1231.3,1269.69
2014-01-27,1268.68,1279.1,1238.2,1243.94
2014-02-03,1244,1274.3,1240.81,1266.85
2014-02-10,1266.85,1321.2,1264.8,1318.3
2014-02-18,1328.57,1332.1,1307.63,1323.95
2014-02-24,1323.95,1345.37,1318.5,1324.9
2014-03-03,1325.75,1354.69,1325.75,1339.08
2014-03-10,1339.7,1387.87,1327.8,1381.4
2014-03-17,1382.45,1392.08,1320.77,1333.3
2014-03-24,1334.4,1334.87,1285.69,1293.7
2014-03-31,1294.9,1306.66,1277.4,1302.7
2014-04-07,1303,1324.43,1295.8,1318.1
2014-04-14,1318.16,1331.15,1285.73,1294.35
2014-04-21,1294.55,1304.98,1268.77,1303.5
2014-04-28,1302.8,1306.42,1273.86,1299.6
2014-05-05,1299.35,1315.54,1285.29,1289.2
2014-05-12,1288.45,1309,1278.18,1292.5
2014-05-19,1292.5,1305.41,1283.1,1292.3
2014-05-27,1292.2,1293.35,1242.4,1250.5
2014-06-02,1250.5,1257.78,1240.74,1252.6
2014-06-09,1252.6,1277.88,1250,1276.63
2014-06-16,1276.63,1321.99,1258.94,1314.1
2014-06-23,1314.1,1325.96,1306.4,1315.2
2014-06-30,1315.2,1333.12,1309.9,1319.3
2014-07-07,1319.3,1345.28,1311.61,1338.4
2014-07-14,1338.4,1339.51,1292.2,1310.2
2014-07-21,1310.2,1318.39,1287.8,1307.8
2014-07-28,1307.8,1312.19,1280.57,1293.8
2014-08-04,1293.8,1322.69,1282.68,1309.3
2014-08-11,1309.3,1319.42,1292.71,1304.4
2014-08-18,1304.4,1304.58,1273.09,1280.7
2014-08-25,1280.7,1296.53,1274.55,1287.01
2014-09-02,1287.27,1287.6,1257.46,1268.3
2014-09-08,1268.3,1271.8,1227.8,1228.1
2014-09-15,1228.1,1242.07,1213.94,1216
2014-09-22,1216,1235.45,1207.1,1218.8
2014-09-29,1218.8,1223.33,1190.2,1190.85
2014-10-06,1190.85,1233.37,1183.27,1223.2
2014-10-13,1223.2,1249.63,1222.05,1238.1
2014-10-20,1238.1,1255.25,1226.45,1230.9
2014-10-27,1230.9,1235.56,1161.37,1172.59
2014-11-03,1172.59,1178.75,1132.08,1177.83
2014-11-10,1177.7,1193.65,1146.35,1188.3
2014-11-17,1188.66,1207.85,1175.36,1201.28
2014-11-24,1201.15,1204.29,1165.43,1167.23
2014-12-01,1167.23,1221.5,1143.01,1191.98
2014-12-08,1192.16,1238.3,1187.36,1222.32
2014-12-15,1222.29,1224.22,1183.96,1195.42
2014-12-22,1195.53,1203.37,1170.91,1195.79
2014-12-29,1195.76,1210.65,1167.72,1188.43
2015-01-05,1188.01,1224,1177.99,1222.95
2015-01-12,1222.9,1282.11,1217.74,1280.3
2015-01-20,1276.04,1307.59,1274.2,1294.08
2015-01-26,1293.95,1299.21,1252.05,1283.09
2015-02-02,1283.18,1285.8,1228.54,1233.6
2015-02-09,1232.78,1245.91,1217.2,1229.42
2015-02-17,1230.54,1234,1197.86,1201.58
2015-02-23,1201.59,1220,1190.7,1212.96
2015-03-02,1213.01,1223.3,1164,1167.15
2015-03-09,1166.91,1175.35,1147.72,1158.02
2015-03-16,1158.02,1187.97,1142.97,1182.2
2015-03-23,1182.2,1219.85,1179.55,1198.8
2015-03-30,1198.36,1208.6,1178.69,1201.5
2015-04-06,1201.5,1224.23,1192.85,1207.5
2015-04-13,1207.4,1209.52,1184.21,1204.1
2015-04-20,1203.97,1209.23,1175.38,1178.97
2015-04-27,1178.91,1215.07,1170.5,1178
2015-05-04,1177.93,1199.86,1177.93,1187.5
2015-05-11,1188.24,1227.28,1179.1,1223.7
2015-05-18,1223.69,1232.41,1201.72,1205.4
2015-05-26,1206.85,1207.58,1180.36,1190
2015-06-01,1189.78,1204.34,1162.98,1171.5
2015-06-08,1171.63,1192.32,1169.32,1180.8
2015-06-15,1181.35,1205.76,1173.01,1200
2015-06-22,1200.04,1201.08,1168.78,1175.04
2015-06-29,1175.35,1188.07,1157.2,1166.05
2015-07-06,1168.69,1174.88,1147.44,1162.65
2015-07-13,1163.28,1164.76,1131.27,1134.32
2015-07-20,1134.57,1134.57,1073.53,1098.9
2015-07-27,1098.85,1105.02,1080.22,1095.01
2015-08-03,1095.3,1099.55,1081.21,1093.64
2015-08-10,1093.93,1126.81,1089.89,1114.56
2015-08-17,1114.79,1168.32,1109.8,1160.23
2015-08-24,1160.61,1170.13,1117.9,1133.07
2015-08-31,1133.35,1147.89,1116.91,1121.24
2015-09-08,1118.62,1126.79,1098.96,1107.26
2015-09-14,1107.54,1141.77,1102.67,1138.9
2015-09-21,1138.99,1156.72,1121.5,1145.87
2015-09-28,1146.03,1148.29,1104.79,1137.52
2015-10-05,1138.38,1159.8,1130.33,1155.58
2015-10-12,1154.93,1191.57,1151.98,1176.55
2015-10-19,1176.69,1180.86,1159.14,1163.81
2015-10-26,1164,1183,1139.29,1141.59
2015-11-02,1141.83,1142.99,1085.65,1089.58
2015-11-09,1089.67,1095.78,1074.34,1083.76
2015-11-16,1083.48,1098.14,1064,1077.86
2015-11-23,1078.26,1081.17,1052.95,1057.84
2015-11-30,1058.09,1088.9,1046.54,1085.85
2015-12-07,1085.85,1086.85,1062.63,1074.38
2015-12-14,1074.44,1078.45,1047.81,1066.14
2015-12-21,1065.92,1081.79,1064.09,1075.8
2015-12-28,1076.65,1077,1058.27,1061.19
2016-01-04,1061.2,1113.12,1061.2,1104.27
2016-01-11,1103.97,1108.58,1071.65,1088.69
2016-01-19,1089.14,1109.61,1082.67,1097.76
2016-01-25,1097.71,1128.08,1097.49,1118.12
2016-02-01,1117.93,1174.5,1115.58,1172.98
2016-02-08,1173.06,1263.37,1164.41,1237.19
2016-02-16,1208.81,1239.96,1191.08,1225.86
2016-02-22,1226.19,1253.32,1202.13,1222.16
2016-02-29,1222.3,1279.85,1215.98,1258.62
2016-03-07,1259.76,1284.53,1237.24,1250.18
2016-03-14,1250.32,1270.94,1225.81,1255.07
2016-03-21,1255.02,1260.17,1212.36,1216.83
2016-03-28,1216.83,1244.25,1208.08,1221.84
2016-04-04,1221.79,1243.25,1214.81,1239.32
2016-04-11,1239.27,1262.65,1224.05,1233.74
2016-04-18,1233.39,1270.4,1227.6,1232.26
2016-04-25,1232.21,1296.72,1230.3,1292.77
2016-05-02,1292.72,1303.76,1269.1,1288.03
2016-05-09,1287.52,1288.22,1257.03,1272.45
2016-05-16,1272.99,1288.8,1243.96,1251.95
2016-05-23,1251.9,1256.04,1207,1212.75
2016-05-31,1206.14,1244.75,1205.89,1243.82
2016-06-06,1244.4,1278.13,1235,1273.58
2016-06-13,1273.53,1315.61,1272.65,1298.18
2016-06-20,1298.47,1358.8,1250.65,1315.18
2016-06-27,1315.13,1344.53,1305.5,1340.67
2016-07-05,1350.68,1375.15,1335.4,1365.85
2016-07-11,1366.43,1375.12,1320.36,1337.29
2016-07-18,1337.29,1338.4,1311,1322.1
2016-07-25,1322.05,1355.11,1312.3,1350.57
2016-08-01,1350.8,1367.3,1334.91,1335.5
2016-08-08,1335.45,1357.3,1330.12,1335.49
2016-08-15,1335.74,1358.05,1335.74,1340.9
2016-08-22,1341.2,1344.78,1318.2,1320.59
2016-08-29,1320.94,1330.2,1302.61,1327.2
2016-09-06,1326.78,1352.61,1325.04,1327.51
2016-09-12,1327.84,1332.1,1306.38,1309.85
2016-09-19,1309.87,1343.66,1307.96,1337.34
2016-09-26,1337.29,1342.12,1313.46,1315.55
2016-10-03,1315.5,1319.62,1241.5,1257.39
2016-10-10,1257.34,1264.93,1246.26,1250
2016-10-17,1250.56,1274.59,1250.53,1265.71
2016-10-24,1265.62,1284.24,1260.57,1275.53
2016-10-31,1275.48,1307.99,1271.4,1303.7
2016-11-07,1292.95,1337.34,1219.33,1226.98
2016-11-14,1227.1,1233.1,1203.12,1208.29
2016-11-21,1208.3,1221,1171.07,1183.8
2016-11-28,1183.75,1197.6,1160.95,1177.05
2016-12-05,1176.53,1188.1,1156.43,1159.36
2016-12-12,1158.01,1165.81,1122.81,1134.71
2016-12-19,1134.52,1142.32,1125.96,1133.63
2016-12-27,1133.5,1163.21,1131.92,1150.62
2017-01-03,1151.49,1185.04,1146.23,1172.13
2017-01-09,1172.26,1206.94,1172.17,1197.04
2017-01-17,1202.85,1218.9,1196.06,1209.87
2017-01-23,1209.82,1220.12,1180.74,1190.64
2017-01-30,1190.6,1225.28,1188.4,1220.2
2017-02-06,1220.05,1244.71,1218.93,1233.61
2017-02-13,1233.13,1243.78,1216.8,1234.16
2017-02-21,1237.31,1260.12,1226.32,1256.74
2017-02-27,1256.74,1263.87,1223.1,1234.41
2017-03-06,1234.35,1236.87,1195.13,1204.14
2017-03-13,1204.14,1233.73,1197.2,1228.6
2017-03-20,1229.31,1253.31,1227.09,1243.13
2017-03-27,1245.13,1261.01,1239.88,1248.78
2017-04-03,1248.91,1270.94,1243.93,1253.5
2017-04-10,1254.07,1288.56,1247.31,1286.86
2017-04-17,1287.47,1295.46,1274.07,1284.03
2017-04-24,1284.23,1284.29,1261.38,1267.91
2017-05-01,1267.66,1271.16,1225.85,1228.04
2017-05-08,1228.4,1236.51,1214.4,1227.93
2017-05-15,1228.22,1265.01,1227.15,1255
2017-05-22,1255.23,1269.5,1248.08,1266.85
2017-05-30,1267.08,1279.5,1259.24,1278.77
2017-06-05,1278.82,1296.06,1264.8,1265.9
2017-06-12,1266.45,1281.16,1251.6,1253.1
2017-06-19,1253.66,1258.9,1241.03,1256.4
2017-06-26,1256.6,1258.11,1236.37,1241.33
2017-07-03,1241.28,1242.71,1207.51,1212.49
2017-07-10,1212.84,1232.9,1205.02,1228.55
2017-07-17,1228.52,1255.9,1228.46,1254.91
2017-07-24,1254.91,1270.82,1243.95,1268.7
2017-07-31,1269.38,1274.11,1254.38,1258.4
2017-08-07,1258.55,1292.07,1251.7,1288.77
2017-08-14,1288.72,1300.83,1267.46,1283.58
2017-08-21,1284.23,1294.58,1275.34,1291.24
2017-08-28,1291.12,1328.82,1291.12,1324.65
2017-09-05,1334.25,1357.5,1326.36,1346.08
2017-09-11,1346.26,1346.61,1315.87,1319.7
2017-09-18,1319.98,1320.26,1288.28,1297.1
2017-09-25,1297.08,1313.62,1275.99,1279.72
2017-10-02,1279.67,1282.3,1260.8,1276.21
2017-10-09,1276.23,1304.4,1275.47,1304.4
2017-10-16,1304.35,1306.04,1276.78,1280.04
2017-10-23,1279.99,1283.64,1263.76,1272.81
2017-10-30,1272.76,1284.2,1265.67,1269.47
2017-11-06,1269.42,1288.7,1266.26,1275.12
2017-11-13,1275.39,1297.1,1270.088,1293.64
2017-11-20,1293.58,1294.773,1274.712,1287.3
2017-11-27,1288.41,1299.3,1270.537,1280.05
2017-12-04,1280.01,1280.18,1243.542,1248.09
2017-12-11,1248.03,1261.805,1236.66,1254.81
2017-12-18,1254.87,1276.4,1252.914,1274.52
2017-12-26,1274.52,1307.552,1273.59,1302.67
2018-01-02,1302.56,1325.96,1302.56,1319.04
2018-01-08,1318.93,1339.346,1308.378,1337.48
2018-01-16,1340.34,1344,1324.392,1331.03
2018-01-22,1331.46,1366.056,1328.613,1349.27
2018-01-29,1349.19,1352.367,1327.592,1332.5
2018-02-05,1332.5,1346.1,1307.248,1315.71
2018-02-12,1315.71,1361.716,1314.394,1346.78
2018-02-20,1346.63,1348.2,1321.114,1328.37
2018-02-26,1328.38,1341.042,1302.97,1322.3
2018-03-05,1322.3,1340.5,1312.951,1322.91
2018-03-12,1322.91,1330.01,1309.804,1313.8
2018-03-19,1313.62,1350.218,1307.32,1346.92
2018-03-26,1346.99,1356.83,1321.37,1325.05
2018-04-02,1325.06,1348.4,1319.829,1333.41
2018-04-09,1333.11,1365.243,1327.032,1345.75
2018-04-16,1345.25,1355.9,1335.115,1335.52
2018-04-23,1335.22,1335.89,1315.422,1323.09
2018-04-30,1323.29,1326.43,1301.88,1314.77
2018-05-07,1314.88,1325.916,1304.45,1318.85
2018-05-14,1317.98,1322.311,1285.334,1292.97
2018-05-21,1292.91,1307.77,1282.274,1301.81
2018-05-29,1297.659,1306.8,1289.458,1292.95
2018-06-04,1293.04,1303.3,1289.958,1297.72
2018-06-11,1298.82,1309.3,1275.599,1278.45
2018-06-18,1279.46,1284.1,1261.52,1269.28
2018-06-25,1269.2,1272.56,1246.03,1252.4
2018-07-02,1252.52,1259.8,1238,1254.63
2018-07-09,1254.72,1265.9,1236.518,1241.27
2018-07-16,1241.35,1245.6,1211.65,1231.51
2018-07-23,1231.54,1235.24,1217.68,1223.78
2018-07-30,1222.78,1228.584,1204.588,1214.4
2018-08-06,1213.29,1217.89,1205.87,1210.23
2018-08-13,1211.22,1213.87,1160.37,1186.32
2018-08-20,1184.52,1208.61,1182.94,1204.91
2018-08-27,1205.76,1214.3,1196.45,1201.47
2018-09-04,1201.45,1207,1189.76,1196.47
2018-09-10,1195.63,1212.64,1187.83,1193.6
2018-09-17,1193.56,1211.05,1191.978,1199.66
2018-09-24,1199.22,1204.2,1180.86,1190.4
2018-10-01,1191.26,1208.5,1184.71,1203.29
2018-10-08,1202.61,1226.4,1183.05,1216.6
2018-10-15,1217.5,1233.3,1217.05,1225.6
2018-10-22,1226.4,1243.428,1220.21,1233.08
2018-10-29,1233.76,1237.6,1212.08,1232.53
2018-11-05,1232.66,1236.6,1206.8,1209.584
2018-11-12,1209.635,1225.4,1196.464,1221.136
2018-11-19,1220.8,1230.3,1218.15,1222.85
2018-11-26,1222.85,1229,1211.31,1222.136
2018-12-03,1222.02,1250.06,1221.44,1248.165
2018-12-10,1248.17,1250.88,1233.065,1238.125
2018-12-17,1238.58,1266.7,1235.86,1255.744
2018-12-24,1255.52,1282.12,1255.52,1280.764
2018-12-31,1280.2,1298.538,1276.5,1284.844
2019-01-07,1284.843,1297.06,1279.52,1287.224
2019-01-14,1287.3,1295.87,1280.76,1281.424
2019-01-22,1279.8,1303.976,1276.94,1302.91
2019-01-28,1303,1326.3,1297.852,1317.265
2019-02-04,1317.394,1319.04,1302.91,1314.203
2019-02-11,1314.12,1322.62,1302.45,1321.12
2019-02-19,1325.98,1346.75,1321.302,1327.885
2019-02-25,1327.894,1332.6,1290.28,1293.055
2019-03-04,1293.18,1300.8,1281.01,1298.054
2019-03-11,1298.18,1311.3,1290.64,1301.96
2019-03-18,1300.9,1320.41,1298.34,1313.16
2019-03-25,1312.8,1324.52,1286.87,1291.91
2019-04-01,1292.4,1297.03,1281.03,1291.3
2019-04-08,1289.7,1310.6,1289.7,1290.52
2019-04-15,1290.65,1291.98,1271.2,1275.51
2019-04-22,1275.49,1288.7,1266.42,1285.8
2019-04-29,1285.73,1287.26,1266.39,1278.9
2019-05-06,1278.71,1291.6,1277.15,1285.6
2019-05-13,1285.62,1303.4,1275,1277.1
2019-05-20,1277.58,1287.3,1269.64,1284.59
2019-05-28,1285.08,1306.94,1275.14,1305.2
2019-06-03,1305.27,1348.207,1305.27,1340.3
2019-06-10,1340.61,1358.3,1320.03,1341.29
2019-06-17,1341.09,1411.83,1333.14,1398.6
2019-06-24,1398.8,1439.14,1398.78,1409.1
2019-07-01,1409.51,1437.7,1381.91,1399.5
2019-07-08,1398.68,1427.16,1385.91,1415.3
2019-07-15,1415.16,1452.95,1400.2,1425.38
2019-07-22,1425.12,1433.798,1411.17,1418.2
2019-07-29,1418.15,1449.3,1400.654,1440.59
2019-08-05,1440.65,1510.43,1436.93,1497.18
2019-08-12,1497.18,1535.03,1480,1513.26
2019-08-19,1513.26,1530.222,1492.63,1526.74
2019-08-26,1526.74,1555.33,1517.15,1520.34
2019-09-03,1529.335,1557.1,1502.74,1506.616
2019-09-09,1507.21,1524.24,1484.63,1488.58
2019-09-16,1488.75,1517.05,1483.36,1516.777
2019-09-23,1516.23,1535.69,1487.098,1496.78
2019-09-30,1496.78,1519.7,1459.23,1504.65
2019-10-07,1504.65,1517.008,1474.2,1488.67
2019-10-14,1488.67,1498.46,1477.2,1490.115
2019-10-21,1489.92,1517.948,1480.98,1504.398
2019-10-28,1504.45,1516.05,1481.365,1514.017
2019-11-04,1513.73,1514.788,1456.419,1458.796
2019-11-11,1458.9,1474.6,1445.817,1467.918
2019-11-18,1467.56,1478.8,1456.525,1461.903
2019-11-25,1461.88,1466.528,1450.192,1463.6
2019-12-02,1464.02,1484.1,1454,1460.028
2019-12-09,1459.82,1487,1458.9,1475.668
2019-12-16,1475.54,1481.668,1470.632,1477.968
2019-12-23,1477.79,1515.277,1477.63,1510.81
2019-12-30,1510.81,1553.515,1510.81,1552.108
2020-01-06,1551.8,1611.335,1540.422,1562.077
2020-01-13,1561.99,1561.99,1536.11,1557.168
2020-01-21,1560.791,1575.805,1546.47,1571.448
2020-01-27,1571.28,1590.17,1563.555,1589.687
2020-02-03,1593.065,1593.9,1547.674,1570.137
2020-02-10,1570.08,1584.948,1561.91,1583.597
2020-02-18,1584.374,1649.262,1582.615,1643.147
2020-02-24,1643,1689.296,1563.12,1585.634
2020-03-02,1585.4,1692.2,1575.632,1673.527
2020-03-09,1673.3,1703.6,1505.032,1529.708
2020-03-16,1562.157,1575.48,1451.414,1498.7
2020-03-23,1498.47,1645.5,1482.93,1626.148
2020-03-30,1637.377,1637.487,1567.8,1616.4
2020-04-06,1616.4,1690.33,1609.11,1681.8
2020-04-13,1663,1747.742,1663,1681.631
2020-04-20,1683.2,1739.1,1658.1,1727.4
2020-04-27,1727.53,1728.6,1670.43,1698.215
2020-05-04,1685.1,1723.54,1681.488,1700.6
2020-05-11,1702.2,1751.718,1692.255,1741
2020-05-18,1741.5,1765.3,1717.1,1734.3
2020-05-26,1728.64,1737.773,1693.923,1729.326
2020-06-01,1731.2,1745.59,1670.88,1681.6
2020-06-08,1681.6,1744.77,1677.7,1729.649
2020-06-15,1731.56,1745.3,1704.3,1743.126
2020-06-22,1741.9,1779.38,1741.9,1770.454
2020-06-29,1770.68,1789.15,1757.87,1775.266
2020-07-06,1774.71,1818.14,1769.64,1798.84
2020-07-13,1798.3,1815.06,1790.6,1808.9
2020-07-20,1808.9,1906.88,1805.96,1900.6
2020-07-27,1900.6,1984.218,1900.23,1974.9
2020-08-03,1974.9,2075.135,1960.6,2034.9
2020-08-10,2034.9,2049.9,1863.266,1943.61
2020-08-17,1944.32,2015.654,1911.7,1939.647
2020-08-24,1939.2,1976.65,1902.91,1964.5
2020-08-31,1964.31,1992.63,1916.535,1932.8
2020-09-08,1929.314,1966.53,1906.8,1939.4
2020-09-14,1939.4,1973.594,1932.91,1950.3
2020-09-21,1949.55,1955.92,1848.84,1860
2020-09-28,1860,1917.1,1848.662,1898.7
2020-10-05,1898.7,1930.42,1873.05,1929.4
2020-10-12,1929.4,1933.28,1882.6,1898.594
2020-10-19,1898.4,1931.42,1894.44,1901.174
2020-10-26,1906.6,1911.43,1860,1877.9
2020-11-02,1877.9,1960.33,1873.6,1950.984
2020-11-09,1963,1965.55,1850.62,1888.825
2020-11-16,1889.4,1899.05,1852.86,1870.318
2020-11-23,1869.1,1876.16,1774.35,1787.5
2020-11-30,1786.61,1848.21,1764.73,1838.208
2020-12-07,1838.5,1875.28,1822.5,1838.998
2020-12-14,1837.5,1896.29,1819.162,1880.838
2020-12-21,1881.4,1906.74,1855.344,1878.97
2020-12-28,1879.19,1900.99,1869.47,1897.9
2021-01-04,1898.07,1959.33,1828.415,1848.445
2021-01-11,1847.8,1863.86,1817.125,1827.635
2021-01-19,1837.588,1875.11,1832.61,1854.8
2021-01-25,1854.8,1875.61,1831.52,1846.715
2021-02-01,1846.69,1871.81,1785.129,1812.98
2021-02-08,1812.98,1855.38,1807.95,1823.13
2021-02-16,1817.46,1826.46,1760.822,1783.346
2021-02-22,1783.89,1816.04,1717.344,1732.526
2021-03-01,1734.29,1759.846,1687.464,1698.636
2021-03-08,1700.7,1739.86,1676.91,1726.958
2021-03-15,1726.76,1755.5,1719.4,1744.858
2021-03-22,1748.6,1748.6,1721.71,1730.9
2021-03-29,1732.1,1733.12,1678.01,1728.33
2021-04-05,1734.82,1758.66,1721.39,1744.2
2021-04-12,1744.2,1783.85,1723.86,1775.85
2021-04-19,1775.85,1797.83,1763.74,1777.1
2021-04-26,1776.87,1789.95,1756.24,1768.76
2021-05-03,1768.76,1843.31,1766.29,1831.12
2021-05-10,1831.12,1846.09,1808.84,1842.1
2021-05-17,1822.6,1890.11,1822.6,1880.3
2021-05-24,1881.18,1912.74,1872.8,1902.6
2021-06-01,1907.417,1916.53,1856.146,1889.9
2021-06-07,1891.33,1903.76,1869.95,1876.6
2021-06-14,1877.2,1877.89,1761.038,1763.3
2021-06-21,1764.12,1795.02,1764.12,1780.3
2021-06-28,1780.94,1795.13,1750.78,1787.3
2021-07-06,1791.139,1818.4,1790.17,1807.9
2021-07-12,1808.19,1834.14,1791.68,1810.8
2021-07-19,1828.5,1828.5,1789.8,1801.3
2021-07-26,1802.05,1832.68,1792.68,1814.15
2021-08-02,1814.15,1831.72,1758.79,1762.6
2021-08-09,1762.62,1780.25,1681.95,1779.218
2021-08-16,1779.39,1795.58,1770.97,1780.66
2021-08-23,1791.8,1819.27,1776.6,1816.52
2021-08-30,1816.86,1834.01,1801.77,1826.1
2021-09-07,1823.058,1827.33,1782.531,1787.52
2021-09-13,1788.2,1808.74,1745.44,1753.4
2021-09-20,1754.03,1787.24,1737.99,1749.976
2021-09-27,1750.18,1764.29,1721.71,1760.65
2021-10-04,1759.5,1781.3,1746,1756.63
2021-10-11,1755.6,1800.5,1750.25,1766.453
2021-10-18,1766.5,1813.94,1760.4,1792.28
2021-10-25,1791.52,1810.43,1772.07,1782.763
2021-11-01,1779.8,1818.275,1758.93,1816.7
2021-11-08,1816.7,1868.67,1812.54,1864.74
2021-11-15,1863.9,1877.145,1843.16,1845.295
2021-11-22,1844.8,1849.07,1778.69,1791.6
2021-11-29,1791.6,1808.72,1761.99,1782.83
2021-12-06,1782.3,1793.13,1770.21,1782.446
2021-12-13,1781.7,1814.27,1753.1,1797.933
2021-12-20,1796.9,1810.78,1784.92,1808.58
2021-12-27,1801.9,1830.36,1789.57,1829.24
2022-01-03,1828,1831.65,1782.71,1795.92
2022-01-10,1778.5,1829.144,1778.5,1817.482
2022-01-18,1818.21,1847.94,1805.78,1834.36
2022-01-24,1832.6,1853.83,1780.36,1791.16
2022-01-31,1791.32,1814.88,1785.64,1807.54
2022-02-07,1807.61,1865.434,1806.9,1858.44
2022-02-14,1858.11,1902.46,1844.61,1898.23
2022-02-22,1903.36,1974.398,1878.25,1889.07
2022-02-28,1888.71,1970.95,1888.71,1970.95
2022-03-07,1969.91,2070.42,1958.84,1988.23
2022-03-14,1987.4,1990.308,1895.13,1921.198
2022-03-21,1920.85,1966.12,1910.821,1957.69
2022-03-28,1957.4,1960.43,1890.35,1924.3
2022-04-04,1924.71,1948.19,1915.16,1945.8
2022-04-11,1945.8,1981.52,1940.15,1973.2
2022-04-18,1974.4,1998.39,1926.72,1929.7
2022-04-25,1929.7,1935.14,1872.2,1895.638
2022-05-02,1897,1909.8,1850.51,1882.99
2022-05-09,1863,1885.68,1799.13,1810.678
2022-05-16,1811.45,1849.52,1787.031,1845.6
2022-05-23,1845.6,1869.66,1840.11,1852.838
2022-05-31,1855.918,1874.14,1828.47,1851.04
2022-06-06,1850.1,1875.93,1825.2,1870.9
2022-06-13,1870.9,1879.45,1805.2,1839.3
2022-06-21,1837.242,1847.88,1817.01,1826.1
2022-06-27,1826.1,1841.17,1784.6,1810.1
2022-07-05,1807.2,1812.1,1732.36,1741.8
2022-07-11,1741.8,1745.39,1697.7,1706.7
2022-07-18,1706.7,1739.27,1681,1726.4
2022-07-25,1726.4,1767.9,1711.58,1765.337
2022-08-01,1765.2,1794.93,1754.22,1774.1
2022-08-08,1774.1,1807.93,1770.98,1801.97
2022-08-15,1801.3,1802.41,1745.64,1746.96
2022-08-22,1746.4,1765.48,1727.9,1736.8
2022-08-29,1737.56,1745.52,1688.91,1711.4
2022-09-06,1709.25,1729.47,1691.5,1716.05
2022-09-12,1717.49,1735.1,1654.28,1674.02
2022-09-19,1675.24,1688.05,1639.78,1643
2022-09-26,1643.29,1675.38,1614.92,1660.73
2022-10-03,1660.73,1729.46,1659.8,1693.7
2022-10-10,1694.69,1699.94,1640.27,1643.78
2022-10-17,1643.4,1668.42,1617.3,1656.6
2022-10-24,1657.66,1674.94,1638.16,1644.3
2022-10-31,1644.99,1682.37,1616.71,1680.2
2022-11-07,1681.11,1772.78,1664.8,1771.198
2022-11-14,1771.23,1786.53,1747.6,1750.398
2022-11-21,1750.56,1761.18,1725.71,1754.26
2022-11-28,1754.26,1804.45,1739.7,1797.248
2022-12-05,1797.59,1810.04,1765.9,1797.11
2022-12-12,1797.41,1824.47,1773.92,1792.588
2022-12-19,1791.83,1823.82,1783.94,1797.688
2022-12-27,1797.21,1833.29,1797.14,1822.79
2023-01-03,1823.53,1870,1823.53,1865.487
2023-01-09,1865.91,1921.86,1865.4,1920.15
2023-01-17,1915.66,1937.51,1896.74,1925.95
2023-01-23,1925.82,1949.16,1911.49,1927.286
2023-01-30,1927.98,1959.74,1861.37,1864.9
2023-02-06,1864.9,1890.21,1852.89,1865.14
2023-02-13,1865.4,1870.53,1818.97,1841.73
2023-02-21,1841.14,1846.09,1809.06,1809.87
2023-02-27,1809.87,1856.51,1804.78,1855.84
2023-03-06,1855.84,1870.14,1809.48,1866.99
2023-03-13,1867.17,1989.16,1867.17,1988.5
2023-03-20,1988.78,2009.75,1934.4,1976.9
2023-03-27,1978.32,1987.57,1944.11,1968.53
2023-04-03,1969.3,2032.13,1949.9,2007.8
2023-04-10,2007.05,2048.79,1981.78,2003.43
2023-04-17,2004.03,2015.02,1969.34,1982.37
2023-04-24,1982.37,2009.34,1974.23,1989.62
2023-05-01,1991.1,2081.82,1977.22,2015.94
2023-05-08,2016.65,2048.15,2001.07,2010.9
2023-05-15,2010.6,2022.114,1951.87,1977.3
2023-05-22,1977.64,1985.27,1936.9,1946.13
2023-05-30,1943.84,1983.44,1932.2,1947.5
2023-06-05,1947.97,1973.13,1938.275,1960.78
2023-06-12,1960.71,1971.024,1925.055,1957.3
2023-06-20,1950.58,1956.74,1910.26,1920.26
2023-06-26,1921.1,1933.31,1893.12,1919.36
2023-07-03,1919.31,1934.973,1902.75,1925
2023-07-10,1925.43,1963.81,1912.76,1954.8
2023-07-17,1955.28,1987.42,1945.89,1960.8
2023-07-24,1961.7,1982.15,1942.62,1959.12
2023-07-31,1959.1,1972.354,1925.51,1942.69
2023-08-07,1942.69,1946.73,1910.95,1913.04
2023-08-14,1913.46,1918.125,1885.09,1888.9
2023-08-21,1889.21,1923.37,1884.89,1914.52
2023-08-28,1914.52,1952.95,1912.94,1939.3
2023-09-05,1938.2,1938.99,1915.39,1918.07
2023-09-11,1918.89,1930.69,1901.11,1923.56
2023-09-18,1923.57,1947.39,1913.99,1924.68
2023-09-25,1925.23,1927.19,1846.42,1848.1
2023-10-02,1848.46,1849.96,1810.58,1832.54
2023-10-09,1832.46,1932.875,1832.4,1932.4
2023-10-16,1932.63,1997.16,1908.32,1980.9
2023-10-23,1981.45,2009.42,1953.69,2006
2023-10-30,2006.14,2007.894,1969.81,1992.08
2023-11-06,1992.31,1993.13,1933.14,1938.148
2023-11-13,1938.148,1993.42,1928.103,1980.65
2023-11-20,1980.62,2007.54,1965.57,2002.1
2023-11-27,2005.11,2075.35,2000.66,2071.95
2023-12-04,2071.92,2146.792,1994.69,2004.25
2023-12-11,2004.54,2047.91,1973.13,2019.485
2023-12-18,2019.87,2070.63,2016.12,2052.79
2023-12-26,2053.602,2088.48,2053.517,2062.68
2024-01-02,2062.68,2078.9,2024.63,2045.44
2024-01-08,2045.41,2062.27,2013.43,2048.92
2024-01-16,2054.75,2055.82,2001.92,2029.47
2024-01-22,2029.48,2037.93,2009.66,2017.915
2024-01-29,2018.38,2065.6,2018.38,2039.58
2024-02-05,2039.58,2044.55,2014.97,2024.155
2024-02-12,2024.38,2032.845,1984.37,2013.055
2024-02-20,2017.95,2041.53,2014.34,2035.43
2024-02-26,2035.39,2088.33,2024.61,2082.65
2024-03-04,2082.65,2195.15,2079.57,2178.965
2024-03-11,2179.03,2188.99,2150.78,2155.625
2024-03-18,2155.66,2222.91,2146.24,2164.7
2024-03-25,2164.93,2236.242,2163.708,2232.1
2024-04-01,2232.54,2330.471,2228.66,2329.57
2024-04-08,2329.44,2431.78,2303.09,2343.285
2024-04-15,2343.3,2417.889,2324.42,2391.77
2024-04-22,2392.03,2392.03,2291.54,2337.91
2024-04-29,2337.65,2346.76,2277.369,2301.93
2024-05-06,2301.93,2378.45,2291.95,2360.22
2024-05-13,2359.97,2422.709,2332.31,2414.5
2024-05-20,2414.02,2450.1,2325.53,2333.75
2024-05-28,2351.451,2364.12,2320.75,2326.97
2024-06-03,2326.97,2387.71,2286.91,2293.59
2024-06-10,2293.51,2341.69,2287.88,2332.52
2024-06-17,2332.3,2368.74,2306.66,2321.45
2024-06-24,2321.45,2339.79,2293.77,2326.41
2024-07-01,2326.15,2392.91,2318.6,2391.24
2024-07-08,2391.24,2424.55,2349.579,2410.78
2024-07-15,2410.61,2483.76,2393.95,2400.38
2024-07-22,2400.59,2432.01,2353.22,2386.89
2024-07-29,2387.4,2477.66,2369.73,2442.08
2024-08-05,2442.08,2458.845,2364.435,2430.87
2024-08-12,2430.71,2509.72,2423.96,2506.844
2024-08-19,2507.48,2531.67,2470.89,2512.01
2024-08-26,2512.01,2529.02,2493.74,2502.98
2024-09-03,2499.098,2529.16,2471.97,2497.09
2024-09-09,2496.75,2586.18,2485.68,2577.57
2024-09-16,2577.57,2625.77,2546.95,2621.79
2024-09-23,2621.79,2685.579,2613.94,2657.97
2024-09-30,2657.97,2673.14,2624.82,2653.27
2024-10-07,2653.05,2661.4,2603.284,2657.03
2024-10-14,2656.85,2722.54,2638.24,2721.12
2024-10-21,2720.098,2758.45,2708.82,2746.56
2024-10-28,2747.13,2790.07,2724.83,2735.8
2024-11-04,2735.91,2749.96,2643.471,2684.035
2024-11-11,2683.82,2686.16,2536.89,2562.715
2024-11-18,2562.81,2715.805,2562.74,2715.805
2024-11-25,2715.58,2721.41,2605.39,2650.25
2024-12-02,2650.33,2657.16,2613.48,2632.664
2024-12-09,2645.414,2726.13,2627.62,2647.385
2024-12-16,2649.603,2664.37,2583.21,2622.435
2024-12-23,2622.47,2639.14,2608.27,2621.348
2024-12-30,2620.5,2665.33,2596.19,2638.41
2025-01-06,2638.41,2697.91,2614.8,2689.755
2025-01-13,2689.755,2724.744,2656.9,2702.12
2025-01-21,2706.102,2785.98,2702.77,2770
2025-01-27,2770.07,2817.21,2730.64,2797.46
2025-02-03,2797.46,2886.83,2772.2,2860.09
2025-02-10,2860.09,2942.71,2854.67,2882.085
2025-02-18,2898.351,2954.944,2892.15,2934.955
2025-02-24,2935.49,2956.15,2832.77,2856.998
2025-03-03,2857.09,2930.383,2855.849,2909.355
2025-03-10,2911.06,3004.94,2880.27,2984.02
2025-03-17,2984.48,3057.51,2982.36,3022.79
2025-03-24,3023.17,3086.9,3002.53,3084.33
2025-03-31,3084.98,3167.74,3015.88,3037.31
2025-04-07,3037.31,3245.45,2956.66,3236.68
2025-04-14,3238.07,3357.92,3193.67,3326.83
2025-04-21,3333.33,3500.12,3260.283,3318.76
2025-04-28,3318.62,3353.04,3202.033,3240.61
2025-05-05,3240.61,3438.133,3237.63,3326.46
2025-05-12,3324.44,3326.46,3120.985,3201.78
2025-05-19,3202.82,3365.93,3202.82,3357.519
2025-05-27,3342.827,3350.03,3245.46,3288.58
2025-06-02,3289.08,3403.44,3289.08,3309.25
2025-06-09,3309.47,3446.79,3293.69,3433.35
2025-06-16,3433,3452.5,3340.47,3367.64
2025-06-23,3367.09,3398.35,3255.92,3273.43
2025-06-30,3273.46,3365.7,3246.63,3325.42
2025-07-07,3336.9,3368.75,3282.88,3354.75
2025-07-14,3355.37,3377.48,3309.86,3349.53
2025-07-21,3349.88,3438.92,3325.06,3336.22
2025-07-28,3336.7,3363.57,3268.19,3362.64
2025-08-04,3362.09,3409.04,3345.223,3398.579
2025-08-11,3398.75,3405.21,3329.92,3335.28
2025-08-18,3335.28,3378.8,3311.62,3371.235
2025-08-25,3371.43,3454.06,3351.41,3446.805
2025-09-02,3477.415,3600.18,3470.31,3586
2025-09-08,3586,3674.78,3578.02,3643.06
2025-09-15,3643.06,3707.47,3626.839,3684.65
2025-09-22,3684.65,3791.08,3683.98,3758.78
2025-09-29,3758.78,3897,3754.948,3885.66
2025-10-06,3885.66,4059.31,3884.17,4017.845
2025-10-13,4000.069,4380.79,3996.29,4250.93
2025-10-20,4250.93,4381.484,4004.407,4111.555
2025-10-27,4094.8,4109.08,3886.72,4002.69
2025-11-03,4002.69,4030.532,3928.92,4000.289
2025-11-10,4000.289,4245.22,3998.03,4082.159
2025-11-17,4084.65,4132.81,3998.1,4064.279
2025-11-24,4064.59,4226.796,4040.22,4218.55
2025-12-01,4223.1,4264.56,4163.87,4197.405
2025-12-08,4198.23,4353.57,4170.13,4299.285
2025-12-15,4299.87,4375.17,4271.64,4338.669
2025-12-22,4338.36,4549.96,4338.28,4532.41
2025-12-29,4532.41,4550.52,4274.12,4331.575
2026-01-05,4331.575,4517.23,4331.575,4509.015
2026-01-12,4508.98,4643,4508.98,4595.515
2026-01-20,4670.24,4989.943,4659.74,4988.17
2026-01-26,4988.17,5598.75,4682.908,4895.118
2026-02-02,4895.118,5091.95,4402.4,4967.27
2026-02-09,4983.54,5119.159,4878.686,5042.2
2026-02-17,4995.6,5108.36,4841.67,5108.36
2026-02-23,5108.14,5279.098,5093.4,5278.607
2026-03-02,5281.53,5419.32,4996.36,5171.798
2026-03-09,5180.27,5238.623,5009.84,5018.098
2026-03-16,5004.25,5044.53,4477.45,4491.67
2026-03-23,4468.254,4602.631,4098.742,4493.118
2026-03-30,4497.74,4800.46,4418.17,4676.86
2026-04-06,4648.41,4857.55,4600.737,4746.898
2026-04-13,4683.18,4890.967,4639.32,4837.49
2026-04-20,4792.17,4833.231,4657.87,4708.62
2026-04-27,4708.62,4730.19,4510.3,4614.22
2026-05-04,4613.16,4764.73,4500.87,4713.56
2026-05-11,4686.15,4773.58,4511.54,4539.39
2026-05-18,4531.02,4589.37,4453.68,4508.93
2026-05-26,4569.051,4595.35,4366.67,4538.16
2026-06-01,4537.87,4546.106,4311.83,4328.92
2026-06-08,4328.92,4363.54,4023.95,4218.97
2026-06-15,4218.97,4382.45,4201.51,4219.485
2026-06-22,4144.68,4221.13,3959.12,4088.87
2026-06-29,4086.469,4144.15,3942.71,4122.752
2026-07-06,4174.96,4203.21,4021.85,4120.345