time,open,high,low,close
2025-09-17T03:30:00+08:00,3688.9,3690.724,3687.47,3689.53
2025-09-17T04:00:00+08:00,3689.54,3693.611,3689.325,3693.52
2025-09-17T04:30:00+08:00,3693.45,3693.78,3689.19,3689.365
2025-09-17T06:00:00+08:00,3689.563,3691.63,3688.755,3690.89
2025-09-17T06:30:00+08:00,3690.99,3692.84,3690.665,3691.69
2025-09-17T07:00:00+08:00,3691.764,3694.99,3691.178,3694.48
2025-09-17T07:30:00+08:00,3694.41,3695.2,3692.43,3694.085
2025-09-17T08:00:00+08:00,3694.03,3695.36,3692.195,3693.664
2025-09-17T08:30:00+08:00,3693.515,3694.16,3690.865,3691.14
2025-09-17T09:00:00+08:00,3691.26,3692.06,3685.585,3685.82
2025-09-17T09:30:00+08:00,3685.648,3686.084,3675.92,3679.46
2025-09-17T10:00:00+08:00,3679.118,3681.79,3675.785,3677.421
2025-09-17T10:30:00+08:00,3677.421,3683.83,3674.1,3681.98
2025-09-17T11:00:00+08:00,3681.98,3683.52,3679.625,3681.2
2025-09-17T11:30:00+08:00,3681.244,3682.54,3680.47,3681.62
2025-09-17T12:00:00+08:00,3681.699,3682.56,3680.785,3680.95
2025-09-17T12:30:00+08:00,3681.08,3682.07,3680.245,3680.704
2025-09-17T13:00:00+08:00,3680.62,3685.91,3678.865,3680.435
2025-09-17T13:30:00+08:00,3680.62,3681.91,3675.585,3679.111
2025-09-17T14:00:00+08:00,3679.11,3680.08,3674.548,3675.79
2025-09-17T14:30:00+08:00,3675.76,3676.85,3670.265,3674.904
2025-09-17T15:00:00+08:00,3674.99,3677.33,3666.498,3667.534
2025-09-17T15:30:00+08:00,3667.52,3671.3,3666.435,3667.06
2025-09-17T16:00:00+08:00,3667.05,3667.52,3663.195,3666.86
2025-09-17T16:30:00+08:00,3666.831,3667.92,3662.245,3664.77
2025-09-17T17:00:00+08:00,3664.8,3671,3663.735,3668.52
2025-09-17T17:30:00+08:00,3668.544,3670.064,3666.945,3667.8
2025-09-17T18:00:00+08:00,3667.82,3669.75,3660.52,3666.85
2025-09-17T18:30:00+08:00,3666.9,3667.3,3660.045,3661.44
2025-09-17T19:00:00+08:00,3661.47,3668.24,3659.99,3667.98
2025-09-17T19:30:00+08:00,3667.97,3669.92,3664.248,3665.92
2025-09-17T20:00:00+08:00,3665.97,3672.03,3665.445,3670.57
2025-09-17T20:30:00+08:00,3670.57,3679.38,3669.705,3678.63
2025-09-17T21:00:00+08:00,3678.66,3679.45,3672.455,3676.42
2025-09-17T21:30:00+08:00,3676.57,3682.68,3676.005,3678.71
2025-09-17T22:00:00+08:00,3678.84,3685.25,3676.585,3683.07
2025-09-17T22:30:00+08:00,3682.99,3686.14,3682.285,3684.125
2025-09-17T23:00:00+08:00,3684.211,3687.39,3683.165,3685.17
2025-09-17T23:30:00+08:00,3685.29,3687.2,3682.665,3684.08
2025-09-18T00:00:00+08:00,3684.17,3688.6,3683.995,3687.92
2025-09-18T00:30:00+08:00,3687.92,3688.16,3683.775,3684.69
2025-09-18T01:00:00+08:00,3684.68,3684.93,3678.505,3682.71
2025-09-18T01:30:00+08:00,3682.674,3687.91,3682.145,3686.544
2025-09-18T02:00:00+08:00,3686.45,3707.47,3650.57,3682.354
2025-09-18T02:30:00+08:00,3682.065,3684.8,3645.765,3650.324
2025-09-18T03:00:00+08:00,3650.28,3666.911,3645.898,3663.91
2025-09-18T03:30:00+08:00,3663.635,3665.54,3655.375,3661.62
2025-09-18T04:00:00+08:00,3661.498,3661.9,3655.955,3659.12
2025-09-18T04:30:00+08:00,3659.13,3660.29,3657.06,3659.295
2025-09-18T06:00:00+08:00,3658.463,3665.29,3654.12,3664.13
2025-09-18T06:30:00+08:00,3664.11,3664.53,3660.795,3662.75
2025-09-18T07:00:00+08:00,3662.804,3672.02,3661.755,3671.064
2025-09-18T07:30:00+08:00,3671.14,3671.231,3667.465,3669.104
2025-09-18T08:00:00+08:00,3668.89,3670,3661.025,3662.25
2025-09-18T08:30:00+08:00,3662.15,3665.69,3657.755,3665.184
2025-09-18T09:00:00+08:00,3665.1,3668.88,3652.585,3654.82
2025-09-18T09:30:00+08:00,3654.75,3658.34,3651.565,3657.12
2025-09-18T10:00:00+08:00,3656.98,3663.524,3655.145,3661.92
2025-09-18T10:30:00+08:00,3661.84,3665.85,3659.495,3664.85
2025-09-18T11:00:00+08:00,3664.68,3666.04,3660.725,3662.54
2025-09-18T11:30:00+08:00,3662.64,3662.889,3657.635,3658.375
2025-09-18T12:00:00+08:00,3658.5,3659.3,3656.56,3658.034
2025-09-18T12:30:00+08:00,3658.09,3658.5,3653.118,3653.61
2025-09-18T13:00:00+08:00,3653.398,3658.5,3651.655,3657.87
2025-09-18T13:30:00+08:00,3657.91,3659.22,3649.088,3651.51
2025-09-18T14:00:00+08:00,3651.491,3651.97,3633.485,3638.53
2025-09-18T14:30:00+08:00,3638.6,3640.21,3635.335,3637.49
2025-09-18T15:00:00+08:00,3637.39,3650.33,3635.325,3649.44
2025-09-18T15:30:00+08:00,3649.38,3659.86,3647.845,3658.944
2025-09-18T16:00:00+08:00,3658.954,3659.42,3653.515,3656.4
2025-09-18T16:30:00+08:00,3656.46,3665.85,3655.065,3665.394
2025-09-18T17:00:00+08:00,3665.391,3672.26,3664.41,3671.15
2025-09-18T17:30:00+08:00,3671.15,3673.07,3669.558,3671.634
2025-09-18T18:00:00+08:00,3671.82,3672.6,3665.265,3669.2
2025-09-18T18:30:00+08:00,3669.13,3670.5,3665.435,3667.083
2025-09-18T19:00:00+08:00,3667.04,3670.94,3665.445,3666.03
2025-09-18T19:30:00+08:00,3666.16,3669.41,3664.198,3666.81
2025-09-18T20:00:00+08:00,3667.14,3672.43,3665.885,3671.03
2025-09-18T20:30:00+08:00,3671.16,3671.16,3662.715,3663.294
2025-09-18T21:00:00+08:00,3663.29,3664.26,3651.355,3653.8
2025-09-18T21:30:00+08:00,3653.97,3654.93,3627.465,3642.12
2025-09-18T22:00:00+08:00,3642.12,3646.25,3634.125,3635.475
2025-09-18T22:30:00+08:00,3635.571,3646.46,3635.025,3638.33
2025-09-18T23:00:00+08:00,3638.35,3642.32,3636.525,3639.25
2025-09-18T23:30:00+08:00,3639.29,3641.79,3638.205,3641.171
2025-09-19T00:00:00+08:00,3641.25,3645.84,3640.655,3644.25
2025-09-19T00:30:00+08:00,3644.275,3647.28,3643.14,3646.204
2025-09-19T01:00:00+08:00,3646.34,3646.84,3643.265,3644.671
2025-09-19T01:30:00+08:00,3644.791,3645.57,3643.095,3643.52
2025-09-19T02:00:00+08:00,3643.45,3643.64,3640.235,3642.395
2025-09-19T02:30:00+08:00,3642.5,3643.144,3641.035,3641.098
2025-09-19T03:00:00+08:00,3641.23,3644.08,3640.365,3642.71
2025-09-19T03:30:00+08:00,3642.69,3647.18,3642.245,3646.68
2025-09-19T04:00:00+08:00,3646.76,3647.32,3644.998,3645.864
2025-09-19T04:30:00+08:00,3645.77,3646.1,3643.47,3643.845
2025-09-19T06:00:00+08:00,3644.273,3644.273,3640.28,3641.65
2025-09-19T06:30:00+08:00,3641.554,3642.75,3639.068,3640.23
2025-09-19T07:00:00+08:00,3640.16,3641.804,3638.53,3639.1
2025-09-19T07:30:00+08:00,3639.16,3640.38,3637.56,3640.14
2025-09-19T08:00:00+08:00,3640.14,3642.72,3636.358,3638.17
2025-09-19T08:30:00+08:00,3638.17,3641.29,3635.798,3639.93
2025-09-19T09:00:00+08:00,3640.091,3651.21,3639.305,3647.5
2025-09-19T09:30:00+08:00,3647.54,3648.41,3631.938,3639.78
2025-09-19T10:00:00+08:00,3639.65,3647.19,3638.615,3645.604
2025-09-19T10:30:00+08:00,3645.66,3650.25,3643.755,3647.32
2025-09-19T11:00:00+08:00,3647.205,3655.07,3645.035,3653.74
2025-09-19T11:30:00+08:00,3653.944,3656.29,3652.63,3653.6
2025-09-19T12:00:00+08:00,3653.6,3660,3653.35,3659.2
2025-09-19T12:30:00+08:00,3659.2,3659.83,3656.825,3658.91
2025-09-19T13:00:00+08:00,3658.8,3661.23,3656.138,3658.394
2025-09-19T13:30:00+08:00,3658.51,3658.9,3651.065,3652.34
2025-09-19T14:00:00+08:00,3652.43,3654.195,3646.295,3650.35
2025-09-19T14:30:00+08:00,3650.339,3651.14,3643.025,3646.93
2025-09-19T15:00:00+08:00,3646.89,3653.98,3644.28,3652.8
2025-09-19T15:30:00+08:00,3652.85,3657.6,3650.91,3653.92
2025-09-19T16:00:00+08:00,3653.824,3655.06,3649.35,3652.48
2025-09-19T16:30:00+08:00,3652.52,3656.63,3652.145,3655.69
2025-09-19T17:00:00+08:00,3655.49,3658.54,3655.075,3656.624
2025-09-19T17:30:00+08:00,3656.495,3658.84,3655.305,3658.54
2025-09-19T18:00:00+08:00,3658.494,3659.18,3656.565,3656.92
2025-09-19T18:30:00+08:00,3656.83,3658.05,3654.92,3655.86
2025-09-19T19:00:00+08:00,3655.86,3655.95,3650.365,3650.891
2025-09-19T19:30:00+08:00,3650.87,3651.68,3645.495,3648.32
2025-09-19T20:00:00+08:00,3648.39,3651.91,3646.125,3647.52
2025-09-19T20:30:00+08:00,3647.523,3649.76,3644.175,3649.08
2025-09-19T21:00:00+08:00,3649.125,3655.84,3643.495,3655.81
2025-09-19T21:30:00+08:00,3655.725,3664.44,3653.655,3663.46
2025-09-19T22:00:00+08:00,3663.35,3664.46,3656.155,3663.95
2025-09-19T22:30:00+08:00,3664.03,3669.42,3662.31,3666.95
2025-09-19T23:00:00+08:00,3666.95,3675.91,3665.058,3671.39
2025-09-19T23:30:00+08:00,3671.344,3671.52,3667.598,3670.66
2025-09-20T00:00:00+08:00,3670.655,3673.39,3666.355,3668.189
2025-09-20T00:30:00+08:00,3668.16,3670.77,3667.198,3668.254
2025-09-20T01:00:00+08:00,3668.19,3672.35,3667.895,3671.71
2025-09-20T01:30:00+08:00,3671.555,3679.52,3671.395,3678.66
2025-09-20T02:00:00+08:00,3678.614,3682.771,3677.768,3682.2
2025-09-20T02:30:00+08:00,3682.179,3684.17,3680.525,3683.405
2025-09-20T03:00:00+08:00,3683.63,3684.55,3682.185,3683.65
2025-09-20T03:30:00+08:00,3683.489,3685.3,3681.133,3684.4
2025-09-20T04:00:00+08:00,3684.304,3684.62,3680.69,3683.064
2025-09-20T04:30:00+08:00,3683.03,3685.77,3682.475,3684.489
2025-09-22T06:00:00+08:00,3684.863,3692.21,3683.28,3691.221
2025-09-22T06:30:00+08:00,3691.22,3691.3,3687.19,3688.05
2025-09-22T07:00:00+08:00,3688.294,3690.49,3686.025,3689.443
2025-09-22T07:30:00+08:00,3689.48,3689.76,3685.448,3686.221
2025-09-22T08:00:00+08:00,3686.22,3690.84,3685.375,3689.511
2025-09-22T08:30:00+08:00,3689.5,3690.97,3687.23,3690.78
2025-09-22T09:00:00+08:00,3690.74,3696.77,3686.825,3690.08
2025-09-22T09:30:00+08:00,3689.93,3693.42,3686.475,3689.28
2025-09-22T10:00:00+08:00,3689.175,3691.49,3687.105,3691.4
2025-09-22T10:30:00+08:00,3691.305,3693.317,3685.235,3686.344
2025-09-22T11:00:00+08:00,3686.25,3692.43,3685.775,3691.451
2025-09-22T11:30:00+08:00,3691.45,3697.55,3690.82,3695.39
2025-09-22T12:00:00+08:00,3695.38,3695.99,3690.548,3691.25
2025-09-22T12:30:00+08:00,3691.264,3692.63,3689.795,3692.23
2025-09-22T13:00:00+08:00,3692.08,3697.88,3691.725,3696.095
2025-09-22T13:30:00+08:00,3696.31,3700.27,3695.74,3696.97
2025-09-22T14:00:00+08:00,3697.021,3706.37,3695.325,3706.074
2025-09-22T14:30:00+08:00,3706.09,3719.9,3704.78,3714.32
2025-09-22T15:00:00+08:00,3714.3,3714.77,3708.385,3713.35
2025-09-22T15:30:00+08:00,3713.32,3716.35,3712.225,3713.174
2025-09-22T16:00:00+08:00,3713.16,3720.05,3712.225,3717.654
2025-09-22T16:30:00+08:00,3717.64,3722.56,3717.445,3720.28
2025-09-22T17:00:00+08:00,3720.17,3726.702,3719.085,3725.28
2025-09-22T17:30:00+08:00,3725.035,3725.72,3720.425,3723.21
2025-09-22T18:00:00+08:00,3722.985,3727.254,3720.785,3725.21
2025-09-22T18:30:00+08:00,3725.064,3728.4,3722.948,3727.38
2025-09-22T19:00:00+08:00,3727.42,3728.33,3725.465,3726.57
2025-09-22T19:30:00+08:00,3726.4,3727.35,3720.925,3724.7
2025-09-22T20:00:00+08:00,3724.56,3725.48,3711.898,3715.26
2025-09-22T20:30:00+08:00,3715.23,3723.31,3713.098,3721.65
2025-09-22T21:00:00+08:00,3721.61,3725.57,3718.735,3723.18
2025-09-22T21:30:00+08:00,3723.11,3725.36,3713.225,3722.27
2025-09-22T22:00:00+08:00,3722.21,3723.29,3716.575,3721.434
2025-09-22T22:30:00+08:00,3721.5,3726.38,3716.525,3725.77
2025-09-22T23:00:00+08:00,3725.665,3731.903,3723.445,3731.45
2025-09-22T23:30:00+08:00,3731.29,3736.44,3730.435,3736.02
2025-09-23T00:00:00+08:00,3735.92,3739.1,3734.955,3736.85
2025-09-23T00:30:00+08:00,3736.72,3739.62,3736.095,3737.11
2025-09-23T01:00:00+08:00,3737.07,3741.77,3736.935,3739.868
2025-09-23T01:30:00+08:00,3740.02,3747.32,3739.888,3746.64
2025-09-23T02:00:00+08:00,3746.543,3747.68,3744.905,3745.794
2025-09-23T02:30:00+08:00,3745.83,3748.09,3744.395,3747.71
2025-09-23T03:00:00+08:00,3747.55,3748.88,3743.343,3743.694
2025-09-23T03:30:00+08:00,3743.79,3748.68,3742.225,3747.54
2025-09-23T04:00:00+08:00,3747.63,3748.43,3745.208,3747.603
2025-09-23T04:30:00+08:00,3747.603,3748.67,3744.98,3745.845
2025-09-23T06:00:00+08:00,3745.77,3747.65,3743.065,3743.3
2025-09-23T06:30:00+08:00,3743.46,3745.33,3737.728,3739.954
2025-09-23T07:00:00+08:00,3739.95,3749.04,3738.535,3746.62
2025-09-23T07:30:00+08:00,3746.59,3749.23,3745.548,3747.79
2025-09-23T08:00:00+08:00,3747.65,3749.03,3744.785,3748.763
2025-09-23T08:30:00+08:00,3748.82,3750.72,3746.048,3746.905
2025-09-23T09:00:00+08:00,3747.22,3758.17,3745.358,3749.72
2025-09-23T09:30:00+08:00,3749.78,3759.16,3747.505,3754.57
2025-09-23T10:00:00+08:00,3754.57,3755.47,3740.748,3742.68
2025-09-23T10:30:00+08:00,3742.763,3744.58,3736.455,3741.87
2025-09-23T11:00:00+08:00,3741.76,3744.51,3738.85,3742.86
2025-09-23T11:30:00+08:00,3742.85,3747.163,3741.535,3746.31
2025-09-23T12:00:00+08:00,3746.53,3747.49,3743.025,3745.93
2025-09-23T12:30:00+08:00,3745.93,3747.36,3743.385,3744.66
2025-09-23T13:00:00+08:00,3744.66,3750.43,3743.115,3749.9
2025-09-23T13:30:00+08:00,3750.14,3758.79,3749.335,3753.06
2025-09-23T14:00:00+08:00,3753.16,3757.41,3751.055,3756.55
2025-09-23T14:30:00+08:00,3756.534,3756.95,3751.905,3753.75
2025-09-23T15:00:00+08:00,3753.77,3755.59,3748.725,3754.814
2025-09-23T15:30:00+08:00,3754.79,3757.44,3751.758,3753.18
2025-09-23T16:00:00+08:00,3753.18,3759.57,3752.905,3759.31
2025-09-23T16:30:00+08:00,3759.31,3775.17,3758.985,3774.38
2025-09-23T17:00:00+08:00,3774.25,3791.08,3774.005,3786.839
2025-09-23T17:30:00+08:00,3787.03,3787.66,3778.038,3784.79
2025-09-23T18:00:00+08:00,3784.799,3787.95,3781.308,3782.61
2025-09-23T18:30:00+08:00,3782.52,3785.35,3780.585,3782.86
2025-09-23T19:00:00+08:00,3782.899,3788.84,3779.455,3788.03
2025-09-23T19:30:00+08:00,3788.26,3788.61,3780.195,3783.235
2025-09-23T20:00:00+08:00,3783.48,3784.92,3777.235,3780.948
2025-09-23T20:30:00+08:00,3781.074,3785.39,3779.185,3784.174
2025-09-23T21:00:00+08:00,3784.17,3788.01,3780.815,3783.61
2025-09-23T21:30:00+08:00,3783.61,3788.78,3773.725,3783.778
2025-09-23T22:00:00+08:00,3783.498,3784.96,3767.185,3770.99
2025-09-23T22:30:00+08:00,3770.785,3775.59,3770.615,3773.85
2025-09-23T23:00:00+08:00,3774.01,3780.42,3772.655,3780.24
2025-09-23T23:30:00+08:00,3780.259,3782.05,3774.995,3779.148
2025-09-24T00:00:00+08:00,3779.183,3780.18,3773.235,3775.33
2025-09-24T00:30:00+08:00,3775.26,3782.13,3764.805,3779.22
2025-09-24T01:00:00+08:00,3779.2,3785.76,3778.925,3782.055
2025-09-24T01:30:00+08:00,3782.21,3783.1,3775.595,3777.18
2025-09-24T02:00:00+08:00,3777.243,3781.56,3776.555,3778.47
2025-09-24T02:30:00+08:00,3778.66,3781.2,3755.93,3756.465
2025-09-24T03:00:00+08:00,3756.64,3765.38,3751.805,3758.6
2025-09-24T03:30:00+08:00,3758.67,3768.24,3758.515,3764.279
2025-09-24T04:00:00+08:00,3764.278,3767.47,3763.215,3764.9
2025-09-24T04:30:00+08:00,3764.98,3766.54,3762.345,3762.985
2025-09-24T06:00:00+08:00,3765.882,3767.57,3761.359,3761.9
2025-09-24T06:30:00+08:00,3762.03,3766.58,3761.805,3765.44
2025-09-24T07:00:00+08:00,3765.28,3770.19,3764.798,3769.45
2025-09-24T07:30:00+08:00,3769.42,3769.543,3761.685,3763.79
2025-09-24T08:00:00+08:00,3763.77,3765.27,3758.68,3763.634
2025-09-24T08:30:00+08:00,3763.52,3765.65,3761.425,3765.19
2025-09-24T09:00:00+08:00,3765.06,3771.8,3757.8,3758.53
2025-09-24T09:30:00+08:00,3758.83,3760.87,3754.66,3756.53
2025-09-24T10:00:00+08:00,3756.52,3756.924,3751.88,3752.37
2025-09-24T10:30:00+08:00,3752.73,3759.254,3750.29,3756.698
2025-09-24T11:00:00+08:00,3756.96,3761.603,3751.72,3760.705
2025-09-24T11:30:00+08:00,3760.8,3766.519,3760.01,3765.34
2025-09-24T12:00:00+08:00,3765.339,3767.599,3763,3764.82
2025-09-24T12:30:00+08:00,3764.839,3768.25,3764.48,3768.09
2025-09-24T13:00:00+08:00,3768.09,3773.47,3767.735,3772.159
2025-09-24T13:30:00+08:00,3772.21,3777.01,3771.098,3774.85
2025-09-24T14:00:00+08:00,3774.89,3776.12,3768.945,3771.11
2025-09-24T14:30:00+08:00,3771.11,3774.95,3769.855,3771.17
2025-09-24T15:00:00+08:00,3771.1,3777.05,3770.495,3775.25
2025-09-24T15:30:00+08:00,3775.25,3779.41,3773.958,3777.3
2025-09-24T16:00:00+08:00,3777.359,3777.79,3770.125,3770.443
2025-09-24T16:30:00+08:00,3770.41,3771.71,3766.855,3769.925
2025-09-24T17:00:00+08:00,3770.03,3771.75,3766.818,3767.61
2025-09-24T17:30:00+08:00,3767.61,3769.56,3762.9,3768.298
2025-09-24T18:00:00+08:00,3768.459,3768.75,3759.55,3764.02
2025-09-24T18:30:00+08:00,3764.01,3765.57,3759.995,3761.945
2025-09-24T19:00:00+08:00,3762.034,3765.87,3759.475,3765.263
2025-09-24T19:30:00+08:00,3765.16,3769.58,3764.035,3768.903
2025-09-24T20:00:00+08:00,3768.93,3771.5,3764.685,3767.57
2025-09-24T20:30:00+08:00,3767.48,3770.11,3763.795,3768.07
2025-09-24T21:00:00+08:00,3768.05,3772.92,3766.565,3767.44
2025-09-24T21:30:00+08:00,3767.44,3768.4,3758.825,3761.23
2025-09-24T22:00:00+08:00,3761.21,3765.09,3753.195,3758.74
2025-09-24T22:30:00+08:00,3758.695,3760.09,3749.44,3752.574
2025-09-24T23:00:00+08:00,3752.575,3756.61,3750.685,3751.01
2025-09-24T23:30:00+08:00,3751.02,3751.6,3739.535,3741.04
2025-09-25T00:00:00+08:00,3741.05,3745.21,3737.4,3742.03
2025-09-25T00:30:00+08:00,3742.04,3743.02,3732.06,3735.71
2025-09-25T01:00:00+08:00,3735.71,3738.76,3733.445,3734.67
2025-09-25T01:30:00+08:00,3734.71,3735.35,3732.015,3733.09
2025-09-25T02:00:00+08:00,3733.015,3733.99,3726.465,3729.1
2025-09-25T02:30:00+08:00,3728.96,3731.17,3722.585,3724.19
2025-09-25T03:00:00+08:00,3724.2,3724.39,3717.348,3718.284
2025-09-25T03:30:00+08:00,3718.19,3731.83,3718.148,3729.94
2025-09-25T04:00:00+08:00,3730.06,3732.53,3729.765,3731.97
2025-09-25T04:30:00+08:00,3731.83,3737.37,3731.445,3735.805
2025-09-25T06:00:00+08:00,3735.563,3745.18,3735.563,3744.76
2025-09-25T06:30:00+08:00,3744.66,3744.76,3739.195,3741.01
2025-09-25T07:00:00+08:00,3741.02,3742.194,3738.755,3739.5
2025-09-25T07:30:00+08:00,3739.63,3745.28,3739.51,3742.97
2025-09-25T08:00:00+08:00,3742.88,3751.415,3741.22,3750.4
2025-09-25T08:30:00+08:00,3750.43,3751.47,3746.298,3748.83
2025-09-25T09:00:00+08:00,3748.99,3750.49,3740.375,3744.19
2025-09-25T09:30:00+08:00,3744.23,3744.37,3732.705,3735.75
2025-09-25T10:00:00+08:00,3735.99,3736.33,3729.365,3735.523
2025-09-25T10:30:00+08:00,3735.36,3742.39,3735.32,3739.42
2025-09-25T11:00:00+08:00,3739.49,3739.64,3734.235,3735.63
2025-09-25T11:30:00+08:00,3735.66,3739.03,3734.125,3736.49
2025-09-25T12:00:00+08:00,3736.59,3736.64,3731.548,3733.86
2025-09-25T12:30:00+08:00,3734,3740.72,3733.425,3738
2025-09-25T13:00:00+08:00,3738.03,3738.47,3733.915,3736.31
2025-09-25T13:30:00+08:00,3736.334,3741.21,3735.375,3738.503
2025-09-25T14:00:00+08:00,3738.58,3748.24,3737.295,3745.01
2025-09-25T14:30:00+08:00,3744.79,3746.26,3739.669,3740.83
2025-09-25T15:00:00+08:00,3741.11,3746.04,3739.845,3744.834
2025-09-25T15:30:00+08:00,3744.82,3754.98,3742.805,3752.142
2025-09-25T16:00:00+08:00,3752.08,3761.602,3750.955,3757.35
2025-09-25T16:30:00+08:00,3757.35,3757.53,3751.265,3756.34
2025-09-25T17:00:00+08:00,3756.363,3757.194,3750.205,3750.69
2025-09-25T17:30:00+08:00,3750.67,3761.21,3750.415,3756.93
2025-09-25T18:00:00+08:00,3756.95,3758.95,3755.505,3756.88
2025-09-25T18:30:00+08:00,3756.88,3760.9,3755.315,3757.11
2025-09-25T19:00:00+08:00,3757.11,3757.62,3740.945,3749.68
2025-09-25T19:30:00+08:00,3749.729,3754.09,3748.559,3752.89
2025-09-25T20:00:00+08:00,3752.97,3755.85,3749.45,3754.123
2025-09-25T20:30:00+08:00,3754.23,3754.35,3730.425,3738.78
2025-09-25T21:00:00+08:00,3738.743,3745.58,3732.905,3741.93
2025-09-25T21:30:00+08:00,3741.99,3743.26,3721.89,3733.563
2025-09-25T22:00:00+08:00,3733.6,3736.42,3724.46,3733.45
2025-09-25T22:30:00+08:00,3733.449,3734.03,3723.49,3731.49
2025-09-25T23:00:00+08:00,3731.47,3738.85,3727.885,3730.38
2025-09-25T23:30:00+08:00,3730.445,3736.69,3728.925,3735.775
2025-09-26T00:00:00+08:00,3735.62,3742.88,3734.935,3737.465
2025-09-26T00:30:00+08:00,3737.6,3738.31,3732.428,3733.62
2025-09-26T01:00:00+08:00,3733.66,3743.18,3732.175,3739.78
2025-09-26T01:30:00+08:00,3739.77,3744.33,3738.085,3741.769
2025-09-26T02:00:00+08:00,3741.71,3750.76,3736.43,3750.04
2025-09-26T02:30:00+08:00,3749.979,3758.28,3748.618,3755.14
2025-09-26T03:00:00+08:00,3755.05,3756.73,3750.725,3751.71
2025-09-26T03:30:00+08:00,3751.62,3752.41,3744.535,3746.53
2025-09-26T04:00:00+08:00,3746.405,3750.51,3745.885,3748.774
2025-09-26T04:30:00+08:00,3748.77,3752.6,3748.365,3748.405
2025-09-26T06:00:00+08:00,3748.071,3751.4,3746.115,3749.28
2025-09-26T06:30:00+08:00,3749.28,3751.57,3747.995,3748.72
2025-09-26T07:00:00+08:00,3748.77,3749.83,3737.7,3742.82
2025-09-26T07:30:00+08:00,3742.98,3745.64,3739.495,3744.55
2025-09-26T08:00:00+08:00,3744.67,3749.06,3739.915,3741.84
2025-09-26T08:30:00+08:00,3741.83,3749.563,3741.005,3749.5
2025-09-26T09:00:00+08:00,3749.43,3753.29,3738.395,3740.924
2025-09-26T09:30:00+08:00,3740.98,3744.224,3737.565,3738.915
2025-09-26T10:00:00+08:00,3738.98,3741.103,3737.585,3740.85
2025-09-26T10:30:00+08:00,3740.92,3742.783,3737.395,3738.31
2025-09-26T11:00:00+08:00,3738.29,3742.689,3734.275,3742.315
2025-09-26T11:30:00+08:00,3742.26,3745.99,3742.12,3745.325
2025-09-26T12:00:00+08:00,3745.424,3747.63,3744.495,3744.87
2025-09-26T12:30:00+08:00,3744.87,3747.72,3744.415,3747.61
2025-09-26T13:00:00+08:00,3747.61,3747.77,3744.355,3746.62
2025-09-26T13:30:00+08:00,3746.71,3749.66,3741.378,3741.92
2025-09-26T14:00:00+08:00,3741.974,3754.18,3741.105,3751.61
2025-09-26T14:30:00+08:00,3751.73,3752.82,3742.06,3743.58
2025-09-26T15:00:00+08:00,3743.345,3745.834,3739.01,3745.08
2025-09-26T15:30:00+08:00,3745.18,3749.63,3744.265,3747.95
2025-09-26T16:00:00+08:00,3747.95,3752.56,3746.95,3751.06
2025-09-26T16:30:00+08:00,3750.98,3755.24,3750.695,3752.85
2025-09-26T17:00:00+08:00,3752.85,3754.47,3747.915,3748.79
2025-09-26T17:30:00+08:00,3748.65,3751.53,3747.018,3751.49
2025-09-26T18:00:00+08:00,3751.45,3755.079,3748.698,3749.59
2025-09-26T18:30:00+08:00,3749.45,3749.95,3742.755,3744.57
2025-09-26T19:00:00+08:00,3744.45,3751.48,3744.205,3750.925
2025-09-26T19:30:00+08:00,3750.99,3752.93,3748.29,3748.45
2025-09-26T20:00:00+08:00,3748.66,3753.44,3748.17,3749.583
2025-09-26T20:30:00+08:00,3749.13,3757.37,3746.135,3751.795
2025-09-26T21:00:00+08:00,3752.062,3766.31,3750.875,3757.67
2025-09-26T21:30:00+08:00,3757.665,3762.73,3751.905,3761.365
2025-09-26T22:00:00+08:00,3761.64,3783.85,3761.005,3777.68
2025-09-26T22:30:00+08:00,3777.63,3781.59,3772.81,3778.85
2025-09-26T23:00:00+08:00,3778.75,3779.74,3772.795,3778.845
2025-09-26T23:30:00+08:00,3779.19,3781.04,3774.875,3780.245
2025-09-27T00:00:00+08:00,3780.47,3781.22,3771.195,3773.77
2025-09-27T00:30:00+08:00,3773.719,3778.23,3773.045,3774.24
2025-09-27T01:00:00+08:00,3774.25,3780.24,3773.825,3778.779
2025-09-27T01:30:00+08:00,3778.774,3783.19,3777.455,3782.89
2025-09-27T02:00:00+08:00,3782.899,3783.27,3774.485,3777.929
2025-09-27T02:30:00+08:00,3777.91,3780.7,3776.775,3778.459
2025-09-27T03:00:00+08:00,3778.55,3778.62,3771.955,3772.78
2025-09-27T03:30:00+08:00,3772.635,3773.61,3764.345,3766.525
2025-09-27T04:00:00+08:00,3766.65,3769.58,3764.348,3766.08
2025-09-27T04:30:00+08:00,3766.012,3766.84,3758.78,3759.825
2025-09-29T06:00:00+08:00,3759.192,3770.99,3754.462,3767.57
2025-09-29T06:30:00+08:00,3767.569,3770.499,3765.56,3770.23
2025-09-29T07:00:00+08:00,3770.37,3770.55,3766.168,3768.55
2025-09-29T07:30:00+08:00,3768.42,3772.36,3766.168,3766.81
2025-09-29T08:00:00+08:00,3766.91,3777.51,3763.665,3777.185
2025-09-29T08:30:00+08:00,3777.14,3787.443,3776.845,3787.03
2025-09-29T09:00:00+08:00,3787.03,3788.74,3767.625,3772.594
2025-09-29T09:30:00+08:00,3772.7,3779.36,3768.788,3778.65
2025-09-29T10:00:00+08:00,3778.603,3798.63,3777.455,3793.154
2025-09-29T10:30:00+08:00,3793.149,3796.47,3787.755,3792.879
2025-09-29T11:00:00+08:00,3792.79,3799.32,3791.948,3793.38
2025-09-29T11:30:00+08:00,3793.45,3797.68,3793.215,3794.31
2025-09-29T12:00:00+08:00,3794.3,3799.633,3792.295,3799.6
2025-09-29T12:30:00+08:00,3799.653,3808.93,3798.155,3805.24
2025-09-29T13:00:00+08:00,3805.04,3811.93,3802.065,3805.23
2025-09-29T13:30:00+08:00,3805.279,3814.57,3800.805,3813.47
2025-09-29T14:00:00+08:00,3813.47,3818.41,3810.665,3812.66
2025-09-29T14:30:00+08:00,3812.66,3819.81,3811.625,3817.408
2025-09-29T15:00:00+08:00,3817.37,3819.423,3812.035,3814.26
2025-09-29T15:30:00+08:00,3814.25,3815.69,3804.688,3805.998
2025-09-29T16:00:00+08:00,3806.21,3816.47,3805.998,3811.538
2025-09-29T16:30:00+08:00,3811.538,3819.49,3810.935,3818.739
2025-09-29T17:00:00+08:00,3818.72,3819.71,3815.675,3816
2025-09-29T17:30:00+08:00,3816.09,3817.27,3806.685,3807.46
2025-09-29T18:00:00+08:00,3807.46,3817.339,3806.255,3815.61
2025-09-29T18:30:00+08:00,3815.61,3818.55,3814.535,3817.91
2025-09-29T19:00:00+08:00,3817.859,3824.553,3816.293,3823.49
2025-09-29T19:30:00+08:00,3823.57,3831.39,3822.398,3828.93
2025-09-29T20:00:00+08:00,3828.93,3830.46,3816.565,3817.4
2025-09-29T20:30:00+08:00,3817.41,3818.87,3811.435,3813.55
2025-09-29T21:00:00+08:00,3813.58,3823,3809.085,3821.75
2025-09-29T21:30:00+08:00,3821.68,3828.12,3818.025,3821.369
2025-09-29T22:00:00+08:00,3821.33,3830.56,3816.169,3826.86
2025-09-29T22:30:00+08:00,3826.753,3828.61,3823.065,3828.025
2025-09-29T23:00:00+08:00,3828.24,3832.79,3822.545,3829.35
2025-09-29T23:30:00+08:00,3829.31,3833.25,3820.528,3830.46
2025-09-30T00:00:00+08:00,3830.32,3833.61,3827.898,3831.19
2025-09-30T00:30:00+08:00,3831.19,3832.34,3828.145,3830.263
2025-09-30T01:00:00+08:00,3830.36,3832.89,3823.875,3826.212
2025-09-30T01:30:00+08:00,3826.22,3830.87,3824.89,3828.859
2025-09-30T02:00:00+08:00,3828.9,3830.69,3823.105,3829.63
2025-09-30T02:30:00+08:00,3829.709,3830.23,3823.589,3824.45
2025-09-30T03:00:00+08:00,3824.44,3829.34,3822.375,3825.949
2025-09-30T03:30:00+08:00,3825.93,3829.88,3825.14,3828.67
2025-09-30T04:00:00+08:00,3828.67,3830.24,3827.62,3828.91
2025-09-30T04:30:00+08:00,3828.84,3834.12,3827.79,3832.935
2025-09-30T06:00:00+08:00,3833.502,3833.61,3825.37,3826.87
2025-09-30T06:30:00+08:00,3826.87,3831.1,3826.645,3830.583
2025-09-30T07:00:00+08:00,3830.583,3830.993,3828.185,3829.31
2025-09-30T07:30:00+08:00,3829.3,3833.293,3827.855,3832.7
2025-09-30T08:00:00+08:00,3832.73,3840.589,3830.798,3838.553
2025-09-30T08:30:00+08:00,3838.56,3840.08,3834.405,3838.84
2025-09-30T09:00:00+08:00,3838.93,3847.453,3837.795,3844.223
2025-09-30T09:30:00+08:00,3844.15,3850.793,3842.515,3847.95
2025-09-30T10:00:00+08:00,3847.95,3851.879,3842.345,3845.63
2025-09-30T10:30:00+08:00,3845.599,3849.9,3843.365,3847.92
2025-09-30T11:00:00+08:00,3847.92,3859.433,3845.63,3858.18
2025-09-30T11:30:00+08:00,3858.15,3867.093,3857.648,3864.5
2025-09-30T12:00:00+08:00,3864.667,3865.889,3861.795,3863.84
2025-09-30T12:30:00+08:00,3863.77,3867.05,3863.08,3866.9
2025-09-30T13:00:00+08:00,3866.9,3869.973,3862.315,3867.413
2025-09-30T13:30:00+08:00,3867.32,3870.423,3863.935,3869.57
2025-09-30T14:00:00+08:00,3869.59,3871.73,3861.598,3866.56
2025-09-30T14:30:00+08:00,3866.46,3871.37,3854.535,3855.72
2025-09-30T15:00:00+08:00,3855.778,3859.5,3848.245,3852.86
2025-09-30T15:30:00+08:00,3852.85,3854.508,3839.195,3843.699
2025-09-30T16:00:00+08:00,3843.645,3847.12,3819.97,3823.69
2025-09-30T16:30:00+08:00,3823.699,3823.87,3807.308,3816.23
2025-09-30T17:00:00+08:00,3816.21,3821.38,3797.06,3801.47
2025-09-30T17:30:00+08:00,3801.52,3806.823,3792.875,3798.74
2025-09-30T18:00:00+08:00,3798.515,3809.91,3797.945,3804.15
2025-09-30T18:30:00+08:00,3804.15,3814.63,3802.95,3812.09
2025-09-30T19:00:00+08:00,3812.08,3813.6,3804.255,3809.45
2025-09-30T19:30:00+08:00,3809.59,3817.77,3807.878,3815.199
2025-09-30T20:00:00+08:00,3815.18,3816.63,3810.73,3813.775
2025-09-30T20:30:00+08:00,3813.85,3821.64,3808.72,3818.96
2025-09-30T21:00:00+08:00,3819.25,3820.19,3811.5,3815.25
2025-09-30T21:30:00+08:00,3815.29,3830.01,3812.075,3824
2025-09-30T22:00:00+08:00,3824.05,3852.48,3819.955,3843.793
2025-09-30T22:30:00+08:00,3843.835,3854.435,3842.505,3854.07
2025-09-30T23:00:00+08:00,3854.07,3854.14,3831.05,3835.15
2025-09-30T23:30:00+08:00,3835.028,3841.61,3834.105,3838.748
2025-10-01T00:00:00+08:00,3839.07,3844.711,3837.52,3843.72
2025-10-01T00:30:00+08:00,3843.72,3848.1,3842.385,3845.878
2025-10-01T01:00:00+08:00,3845.725,3848.63,3843.585,3845.405
2025-10-01T01:30:00+08:00,3845.425,3849.34,3842.535,3843.92
2025-10-01T02:00:00+08:00,3843.92,3846.52,3839.498,3845.93
2025-10-01T02:30:00+08:00,3846.06,3849.24,3843.505,3847.979
2025-10-01T03:00:00+08:00,3847.94,3854.599,3846.85,3853.16
2025-10-01T03:30:00+08:00,3853.16,3860.92,3852.985,3859.063
2025-10-01T04:00:00+08:00,3858.989,3859.159,3850.365,3855.319
2025-10-01T04:30:00+08:00,3855.21,3860.02,3854.555,3857.825
2025-10-01T06:00:00+08:00,3859.031,3861.389,3854.3,3854.58
2025-10-01T06:30:00+08:00,3854.599,3860.94,3854.35,3859.88
2025-10-01T07:00:00+08:00,3860.05,3862.32,3859.748,3861.513
2025-10-01T07:30:00+08:00,3861.533,3862.96,3859.925,3862.85
2025-10-01T08:00:00+08:00,3862.52,3865.36,3860.998,3861.11
2025-10-01T08:30:00+08:00,3861.19,3864.96,3858.445,3860.709
2025-10-01T09:00:00+08:00,3860.639,3865.149,3858.94,3864.91
2025-10-01T09:30:00+08:00,3864.859,3869.01,3863.57,3868.86
2025-10-01T10:00:00+08:00,3868.86,3875.46,3864.495,3866.02
2025-10-01T10:30:00+08:00,3866.1,3867.3,3858.03,3863.339
2025-10-01T11:00:00+08:00,3863,3866.4,3858.678,3863.455
2025-10-01T11:30:00+08:00,3863.659,3864.74,3855.385,3861.94
2025-10-01T12:00:00+08:00,3861.72,3864.459,3858.125,3860.92
2025-10-01T12:30:00+08:00,3860.95,3864.993,3857.24,3864.853
2025-10-01T13:00:00+08:00,3864.789,3869.823,3863.035,3865.77
2025-10-01T13:30:00+08:00,3865.748,3866.56,3861.955,3863.295
2025-10-01T14:00:00+08:00,3863.46,3864.32,3853.055,3861.759
2025-10-01T14:30:00+08:00,3861.74,3864.92,3857.68,3859.1
2025-10-01T15:00:00+08:00,3859.17,3871.353,3858.77,3870.6
2025-10-01T15:30:00+08:00,3870.58,3879.73,3867.96,3879.16
2025-10-01T16:00:00+08:00,3879.08,3895.33,3878.835,3891.78
2025-10-01T16:30:00+08:00,3891.662,3893.92,3887.74,3892.878
2025-10-01T17:00:00+08:00,3892.77,3895.12,3884.315,3886.09
2025-10-01T17:30:00+08:00,3886.09,3891.5,3883.418,3888.625
2025-10-01T18:00:00+08:00,3888.76,3889.48,3885.5,3886.5
2025-10-01T18:30:00+08:00,3886.462,3889.57,3884.965,3887.518
2025-10-01T19:00:00+08:00,3887.518,3888.42,3880.678,3881.805
2025-10-01T19:30:00+08:00,3881.968,3884.41,3877.75,3883.39
2025-10-01T20:00:00+08:00,3883.54,3891.19,3875.185,3877.759
2025-10-01T20:30:00+08:00,3877.72,3880.77,3864.375,3870.26
2025-10-01T21:00:00+08:00,3870.329,3874.1,3863.475,3869.765
2025-10-01T21:30:00+08:00,3869.773,3877.09,3867.445,3872.79
2025-10-01T22:00:00+08:00,3872.89,3876.04,3867.375,3875.13
2025-10-01T22:30:00+08:00,3875.17,3878.71,3856.315,3872.97
2025-10-01T23:00:00+08:00,3872.775,3876.94,3859.245,3859.643
2025-10-01T23:30:00+08:00,3859.59,3869.82,3857.845,3868.51
2025-10-02T00:00:00+08:00,3868.419,3870.77,3860.438,3870.258
2025-10-02T00:30:00+08:00,3870.47,3871.63,3869.078,3870.819
2025-10-02T01:00:00+08:00,3870.8,3871.878,3868.335,3870.719
2025-10-02T01:30:00+08:00,3870.71,3871.4,3860.415,3860.759
2025-10-02T02:00:00+08:00,3860.759,3864.93,3854.885,3862.939
2025-10-02T02:30:00+08:00,3862.88,3866.36,3857.855,3862.14
2025-10-02T03:00:00+08:00,3862.159,3866.71,3861.243,3864.669
2025-10-02T03:30:00+08:00,3864.7,3871.13,3863.985,3867.679
2025-10-02T04:00:00+08:00,3867.5,3867.92,3860.11,3863.359
2025-10-02T04:30:00+08:00,3863.34,3865.87,3862.69,3865.415
2025-10-02T06:00:00+08:00,3865.1,3870.91,3858.348,3860.02
2025-10-02T06:30:00+08:00,3860.01,3863.943,3858.808,3862.133
2025-10-02T07:00:00+08:00,3862.069,3866.573,3861.198,3865.67
2025-10-02T07:30:00+08:00,3865.69,3866.16,3857.375,3863.36
2025-10-02T08:00:00+08:00,3863.42,3863.74,3856.305,3857.785
2025-10-02T08:30:00+08:00,3858.003,3861.26,3855.735,3855.91
2025-10-02T09:00:00+08:00,3855.91,3864.89,3852.635,3863.77
2025-10-02T09:30:00+08:00,3863.749,3865.12,3862.33,3864.929
2025-10-02T10:00:00+08:00,3864.893,3869.95,3861.315,3863.96
2025-10-02T10:30:00+08:00,3863.77,3867.35,3862.775,3866.1
2025-10-02T11:00:00+08:00,3865.805,3869.46,3864.835,3867.19
2025-10-02T11:30:00+08:00,3866.99,3867.24,3863.635,3866.439
2025-10-02T12:00:00+08:00,3866.36,3867.67,3864.648,3865.85
2025-10-02T12:30:00+08:00,3866.04,3866.38,3861.575,3864.16
2025-10-02T13:00:00+08:00,3864.06,3871.28,3864.025,3869.2
2025-10-02T13:30:00+08:00,3869.2,3869.662,3865.968,3867.75
2025-10-02T14:00:00+08:00,3867.65,3874.262,3866.535,3871.879
2025-10-02T14:30:00+08:00,3871.86,3874.21,3861.668,3864.09
2025-10-02T15:00:00+08:00,3864.099,3874.81,3863.32,3864.535
2025-10-02T15:30:00+08:00,3864.535,3869.59,3861.518,3868.52
2025-10-02T16:00:00+08:00,3868.483,3870.53,3864.495,3869.455
2025-10-02T16:30:00+08:00,3869.628,3878.73,3868.81,3874.365
2025-10-02T17:00:00+08:00,3874.33,3878.38,3873.145,3875.4
2025-10-02T17:30:00+08:00,3875.3,3879.729,3874.985,3879.102
2025-10-02T18:00:00+08:00,3879.07,3883.78,3875.525,3882.17
2025-10-02T18:30:00+08:00,3882.095,3883.23,3878.55,3881.505
2025-10-02T19:00:00+08:00,3881.769,3885.31,3879.488,3883.27
2025-10-02T19:30:00+08:00,3883.459,3886.68,3881.91,3886.28
2025-10-02T20:00:00+08:00,3886.269,3892.11,3879.878,3882.86
2025-10-02T20:30:00+08:00,3882.64,3888.47,3880.445,3884.299
2025-10-02T21:00:00+08:00,3884.299,3893.86,3884.125,3893.82
2025-10-02T21:30:00+08:00,3893.673,3897,3873.24,3875.11
2025-10-02T22:00:00+08:00,3875.17,3876.69,3857.42,3863.873
2025-10-02T22:30:00+08:00,3863.52,3866.14,3825.06,3839.869
2025-10-02T23:00:00+08:00,3839.84,3844.785,3829.35,3835.84
2025-10-02T23:30:00+08:00,3835.71,3836.3,3819.095,3828.015
2025-10-03T00:00:00+08:00,3828.23,3844.81,3826.985,3837.755
2025-10-03T00:30:00+08:00,3837.93,3845.32,3835.195,3844.873
2025-10-03T01:00:00+08:00,3844.98,3847.733,3842.245,3844.49
2025-10-03T01:30:00+08:00,3844.509,3846.719,3840.375,3844.229
2025-10-03T02:00:00+08:00,3844.14,3847.63,3843.225,3847.07
2025-10-03T02:30:00+08:00,3847.33,3851.58,3845.925,3850.918
2025-10-03T03:00:00+08:00,3850.918,3859.12,3850.265,3856.95
2025-10-03T03:30:00+08:00,3856.913,3858.1,3852.628,3855.46
2025-10-03T04:00:00+08:00,3855.489,3859.48,3854.195,3856.25
2025-10-03T04:30:00+08:00,3856.06,3856.96,3852.88,3855.545
2025-10-03T06:00:00+08:00,3855.971,3858.7,3851.795,3854.283
2025-10-03T06:30:00+08:00,3854.29,3858.37,3853.895,3857.05
2025-10-03T07:00:00+08:00,3857.003,3858.73,3856.498,3858.29
2025-10-03T07:30:00+08:00,3858.363,3863.74,3857.63,3862.4
2025-10-03T08:00:00+08:00,3862.3,3862.76,3857.055,3858.513
2025-10-03T08:30:00+08:00,3858.57,3859.27,3856.115,3856.73
2025-10-03T09:00:00+08:00,3856.92,3862.68,3850.22,3851.49
2025-10-03T09:30:00+08:00,3851.39,3859.88,3847.175,3858.35
2025-10-03T10:00:00+08:00,3858.43,3859.16,3853.98,3855.14
2025-10-03T10:30:00+08:00,3854.959,3855.37,3847.345,3848.159
2025-10-03T11:00:00+08:00,3847.93,3851.02,3839.575,3839.99
2025-10-03T11:30:00+08:00,3840,3843.72,3837.785,3842.659
2025-10-03T12:00:00+08:00,3842.32,3848.31,3841.23,3844.95
2025-10-03T12:30:00+08:00,3844.78,3845.99,3842.77,3844.003
2025-10-03T13:00:00+08:00,3844.01,3855.49,3843.725,3853.775
2025-10-03T13:30:00+08:00,3853.983,3859.13,3853.215,3855.088
2025-10-03T14:00:00+08:00,3855.098,3860.728,3850.725,3860.66
2025-10-03T14:30:00+08:00,3860.718,3861,3854.948,3859.05
2025-10-03T15:00:00+08:00,3859.05,3863.06,3856.675,3862.78
2025-10-03T15:30:00+08:00,3862.749,3865.24,3861.185,3864.16
2025-10-03T16:00:00+08:00,3864.07,3865.643,3859.918,3862.77
2025-10-03T16:30:00+08:00,3862.74,3865.41,3860.398,3864.769
2025-10-03T17:00:00+08:00,3864.73,3864.96,3856.815,3859.02
2025-10-03T17:30:00+08:00,3859.129,3864.8,3857.911,3864.11
2025-10-03T18:00:00+08:00,3864.249,3866.2,3862.265,3863.39
2025-10-03T18:30:00+08:00,3863.241,3867.71,3861.805,3865.62
2025-10-03T19:00:00+08:00,3865.82,3867.12,3857.345,3858.799
2025-10-03T19:30:00+08:00,3858.779,3864.55,3854.548,3862.018
2025-10-03T20:00:00+08:00,3862.019,3865.06,3860.335,3862.968
2025-10-03T20:30:00+08:00,3863.749,3874.988,3862.695,3873.84
2025-10-03T21:00:00+08:00,3873.76,3884.53,3869.97,3881.18
2025-10-03T21:30:00+08:00,3880.999,3890.788,3872.61,3882.65
2025-10-03T22:00:00+08:00,3882.11,3885.9,3866.115,3879.12
2025-10-03T22:30:00+08:00,3879.138,3881.248,3872.125,3879.59
2025-10-03T23:00:00+08:00,3879.59,3889.1,3873.605,3887.609
2025-10-03T23:30:00+08:00,3887.609,3891.64,3883.848,3889.45
2025-10-04T00:00:00+08:00,3889.282,3889.78,3880.348,3882.61
2025-10-04T00:30:00+08:00,3882.71,3884.81,3880.359,3883.72
2025-10-04T01:00:00+08:00,3883.711,3886.07,3880.498,3883.56
2025-10-04T01:30:00+08:00,3883.71,3885.86,3876.8,3881.72
2025-10-04T02:00:00+08:00,3881.91,3885.21,3879.785,3884.319
2025-10-04T02:30:00+08:00,3884.293,3889.4,3883.995,3885.94
2025-10-04T03:00:00+08:00,3885.962,3888.618,3883.265,3886.642
2025-10-04T03:30:00+08:00,3886.53,3889.069,3884.305,3885.515
2025-10-04T04:00:00+08:00,3885.555,3887.16,3883.298,3884.29
2025-10-04T04:30:00+08:00,3884.309,3887.138,3882.69,3886.825
2025-10-06T06:00:00+08:00,3887.271,3893.95,3883.248,3893.756
2025-10-06T06:30:00+08:00,3893.12,3903.48,3889.67,3899.228
2025-10-06T07:00:00+08:00,3899.44,3920.77,3897.535,3910.489
2025-10-06T07:30:00+08:00,3910.489,3911.75,3907.525,3909.557
2025-10-06T08:00:00+08:00,3909.562,3909.949,3898.658,3902.31
2025-10-06T08:30:00+08:00,3902.278,3906.69,3899.695,3900.3
2025-10-06T09:00:00+08:00,3900.35,3908.4,3899.475,3902.875
2025-10-06T09:30:00+08:00,3903.03,3918.29,3902.21,3917.929
2025-10-06T10:00:00+08:00,3917.962,3924.68,3917.43,3921.823
2025-10-06T10:30:00+08:00,3921.85,3923.21,3918.518,3920.923
2025-10-06T11:00:00+08:00,3920.97,3926.57,3919.705,3921.849
2025-10-06T11:30:00+08:00,3921.85,3931.99,3921.275,3929.402
2025-10-06T12:00:00+08:00,3929.5,3934.42,3928.6,3933.678
2025-10-06T12:30:00+08:00,3933.67,3940.32,3932.155,3938.75
2025-10-06T13:00:00+08:00,3938.79,3945.092,3932.69,3936.909
2025-10-06T13:30:00+08:00,3936.842,3937.12,3927.065,3932.429
2025-10-06T14:00:00+08:00,3932.53,3932.87,3922.235,3928.329
2025-10-06T14:30:00+08:00,3928.23,3934.837,3924.795,3934.26
2025-10-06T15:00:00+08:00,3934.229,3936.47,3929.005,3932.56
2025-10-06T15:30:00+08:00,3932.255,3943.95,3930.955,3941.489
2025-10-06T16:00:00+08:00,3941.325,3949.55,3939.785,3943.78
2025-10-06T16:30:00+08:00,3943.68,3947.24,3935.105,3942.24
2025-10-06T17:00:00+08:00,3942.497,3944.93,3938.768,3943.39
2025-10-06T17:30:00+08:00,3943.619,3944.41,3936.335,3942.11
2025-10-06T18:00:00+08:00,3942.125,3942.69,3932.38,3939.793
2025-10-06T18:30:00+08:00,3939.69,3946.75,3939.065,3942.21
2025-10-06T19:00:00+08:00,3942.25,3942.83,3933.41,3938.658
2025-10-06T19:30:00+08:00,3938.62,3940.22,3930.875,3938.202
2025-10-06T20:00:00+08:00,3938.102,3941.35,3928.64,3931.153
2025-10-06T20:30:00+08:00,3931.16,3938.66,3926.4,3934.07
2025-10-06T21:00:00+08:00,3934.078,3937.16,3930.615,3933.15
2025-10-06T21:30:00+08:00,3933.249,3947.13,3927.025,3944.485
2025-10-06T22:00:00+08:00,3944.589,3950.195,3940.02,3947.9
2025-10-06T22:30:00+08:00,3948.09,3958.83,3946.635,3954.775
2025-10-06T23:00:00+08:00,3954.978,3958.16,3948.268,3949.902
2025-10-06T23:30:00+08:00,3950.04,3964.092,3947.908,3962.448
2025-10-07T00:00:00+08:00,3962.397,3970.06,3945.648,3952.285
2025-10-07T00:30:00+08:00,3952.43,3955.438,3950.588,3953.89
2025-10-07T01:00:00+08:00,3953.99,3958.992,3951.495,3951.76
2025-10-07T01:30:00+08:00,3951.868,3958.28,3950.848,3957.9
2025-10-07T02:00:00+08:00,3957.858,3959.89,3955.675,3957.93
2025-10-07T02:30:00+08:00,3957.93,3960.73,3955.798,3958.175
2025-10-07T03:00:00+08:00,3958.225,3964.93,3958.03,3963.97
2025-10-07T03:30:00+08:00,3963.98,3964.65,3958.205,3959.34
2025-10-07T04:00:00+08:00,3959.245,3961.48,3958.355,3959.77
2025-10-07T04:30:00+08:00,3959.52,3962.35,3957.015,3959.015
2025-10-07T06:00:00+08:00,3959.33,3976.18,3957.28,3972.905
2025-10-07T06:30:00+08:00,3973.16,3973.16,3958.605,3963.402
2025-10-07T07:00:00+08:00,3963.16,3969.842,3961.248,3969.25
2025-10-07T07:30:00+08:00,3968.96,3972.7,3967.515,3969.437
2025-10-07T08:00:00+08:00,3969.432,3977.43,3966.295,3973.83
2025-10-07T08:30:00+08:00,3973.96,3977.45,3961.138,3962.52
2025-10-07T09:00:00+08:00,3962.66,3963.77,3955.585,3959.35
2025-10-07T09:30:00+08:00,3959.245,3961.127,3955.648,3958.1
2025-10-07T10:00:00+08:00,3957.93,3965.48,3957.08,3964.592
2025-10-07T10:30:00+08:00,3964.592,3967.09,3963.685,3964.86
2025-10-07T11:00:00+08:00,3964.92,3969.88,3960.635,3963.44
2025-10-07T11:30:00+08:00,3963.29,3974.75,3962.715,3973.328
2025-10-07T12:00:00+08:00,3973.33,3975.66,3971.265,3973.567
2025-10-07T12:30:00+08:00,3973.51,3977.04,3972.92,3975.908
2025-10-07T13:00:00+08:00,3975.87,3976.88,3959.748,3963.37
2025-10-07T13:30:00+08:00,3963.492,3966.62,3960.275,3964.59
2025-10-07T14:00:00+08:00,3964.77,3966.29,3959.47,3963.91
2025-10-07T14:30:00+08:00,3964.077,3964.457,3953.548,3955.17
2025-10-07T15:00:00+08:00,3955.03,3956.2,3943.685,3951.147
2025-10-07T15:30:00+08:00,3951.21,3956.19,3943.148,3945.85
2025-10-07T16:00:00+08:00,3945.909,3953.7,3940.685,3950.58
2025-10-07T16:30:00+08:00,3950.662,3953.952,3950.215,3951.27
2025-10-07T17:00:00+08:00,3951.27,3963.482,3950.815,3958.18
2025-10-07T17:30:00+08:00,3958.11,3962.86,3954.965,3955.07
2025-10-07T18:00:00+08:00,3955.07,3959.752,3953.895,3956.64
2025-10-07T18:30:00+08:00,3956.7,3962.82,3956.045,3960.018
2025-10-07T19:00:00+08:00,3959.98,3962.07,3956.355,3957.648
2025-10-07T19:30:00+08:00,3957.672,3969.112,3956.185,3967.012
2025-10-07T20:00:00+08:00,3966.825,3972.2,3964.2,3965.7
2025-10-07T20:30:00+08:00,3965.78,3980.09,3964.745,3979.44
2025-10-07T21:00:00+08:00,3979.38,3985.66,3977.265,3982.888
2025-10-07T21:30:00+08:00,3982.89,3983.015,3970.245,3979.142
2025-10-07T22:00:00+08:00,3979.12,3980.55,3968.905,3978.06
2025-10-07T22:30:00+08:00,3978.012,3986.78,3977.22,3985.52
2025-10-07T23:00:00+08:00,3985.445,3991.07,3978.885,3984.855
2025-10-07T23:30:00+08:00,3984.938,3985.56,3961.555,3966.03
2025-10-08T00:00:00+08:00,3965.98,3976.27,3962.835,3969.205
2025-10-08T00:30:00+08:00,3969.328,3979.68,3968.275,3976.62
2025-10-08T01:00:00+08:00,3976.475,3985.22,3976.205,3980.72
2025-10-08T01:30:00+08:00,3980.728,3987.72,3980.285,3980.83
2025-10-08T02:00:00+08:00,3980.87,3983.96,3973.895,3979.99
2025-10-08T02:30:00+08:00,3980.037,3983.27,3978.148,3981.14
2025-10-08T03:00:00+08:00,3981.01,3983.47,3978.278,3980.14
2025-10-08T03:30:00+08:00,3980.032,3982.63,3978.758,3980.132
2025-10-08T04:00:00+08:00,3979.855,3983.38,3979.855,3982.472
2025-10-08T04:30:00+08:00,3982.31,3986.47,3981.35,3984.595
2025-10-08T06:00:00+08:00,3984.46,3990.68,3982.748,3990.46
2025-10-08T06:30:00+08:00,3990.458,3990.56,3986.948,3989.412
2025-10-08T07:00:00+08:00,3989.46,3992.182,3988.275,3988.785
2025-10-08T07:30:00+08:00,3988.97,3995.99,3988.135,3994.3
2025-10-08T08:00:00+08:00,3994.3,3999.36,3993.975,3998.368
2025-10-08T08:30:00+08:00,3998.49,3998.58,3989.165,3992.35
2025-10-08T09:00:00+08:00,3992.4,3995.66,3984.045,3993.98
2025-10-08T09:30:00+08:00,3993.89,4000.71,3990.82,4000.01
2025-10-08T10:00:00+08:00,4000.63,4006.04,3995.395,4003.6
2025-10-08T10:30:00+08:00,4003.58,4011.76,4003.345,4011.67
2025-10-08T11:00:00+08:00,4011.19,4014.64,4008.68,4011.3
2025-10-08T11:30:00+08:00,4011.24,4016.472,4010.145,4014.572
2025-10-08T12:00:00+08:00,4014.61,4021.49,4014.348,4018.62
2025-10-08T12:30:00+08:00,4018.51,4027.25,4016.798,4026.71
2025-10-08T13:00:00+08:00,4026.53,4034.64,4024.395,4033.412
2025-10-08T13:30:00+08:00,4033.27,4037.16,4028.06,4029.116
2025-10-08T14:00:00+08:00,4029.117,4032.828,4021.048,4026.468
2025-10-08T14:30:00+08:00,4026.448,4033.11,4025.285,4031.577
2025-10-08T15:00:00+08:00,4031.49,4039.137,4029.9,4036.2
2025-10-08T15:30:00+08:00,4036.127,4038.81,4030.745,4034.03
2025-10-08T16:00:00+08:00,4034.06,4040.41,4032.925,4038.05
2025-10-08T16:30:00+08:00,4038.008,4040.49,4036.04,4036.4
2025-10-08T17:00:00+08:00,4036.38,4040.01,4033.02,4035.39
2025-10-08T17:30:00+08:00,4035.39,4049.61,4030.525,4049.21
2025-10-08T18:00:00+08:00,4049.21,4049.64,4037.575,4040.36
2025-10-08T18:30:00+08:00,4040.37,4041.34,4033.205,4037.06
2025-10-08T19:00:00+08:00,4037.05,4037.38,4032.775,4034.61
2025-10-08T19:30:00+08:00,4034.49,4038.13,4031.845,4037.855
2025-10-08T20:00:00+08:00,4037.99,4046.48,4035.425,4040.092
2025-10-08T20:30:00+08:00,4039.97,4041,4030.805,4039.875
2025-10-08T21:00:00+08:00,4039.875,4049.5,4037.948,4038.53
2025-10-08T21:30:00+08:00,4038.512,4040.1,4026.055,4038.218
2025-10-08T22:00:00+08:00,4037.905,4046.22,4035.415,4044.55
2025-10-08T22:30:00+08:00,4044.415,4049.21,4039.195,4047.925
2025-10-08T23:00:00+08:00,4048.09,4050.73,4036.995,4044.357
2025-10-08T23:30:00+08:00,4044.51,4048.44,4042.395,4045.588
2025-10-09T00:00:00+08:00,4045.677,4056.52,4044.125,4055.56
2025-10-09T00:30:00+08:00,4055.415,4059.31,4052.138,4056.52
2025-10-09T01:00:00+08:00,4056.54,4058.057,4047.975,4048.91
2025-10-09T01:30:00+08:00,4048.91,4053.66,4042.755,4051.19
2025-10-09T02:00:00+08:00,4051.257,4053.24,4038.355,4048.51
2025-10-09T02:30:00+08:00,4048.42,4050.73,4045.825,4049.768
2025-10-09T03:00:00+08:00,4049.88,4054.73,4031.8,4044.81
2025-10-09T03:30:00+08:00,4044.82,4046.24,4033.945,4044.528
2025-10-09T04:00:00+08:00,4044.961,4046.73,4039.225,4043.948
2025-10-09T04:30:00+08:00,4043.94,4044.84,4038.23,4040.745
2025-10-09T06:00:00+08:00,4040.42,4046.4,4014.748,4025.708
2025-10-09T06:30:00+08:00,4025.677,4027.96,4020.105,4021.42
2025-10-09T07:00:00+08:00,4021.32,4021.977,4011.618,4013.87
2025-10-09T07:30:00+08:00,4013.88,4019.42,4001.025,4011.57
2025-10-09T08:00:00+08:00,4011.57,4027.77,4008.198,4027.21
2025-10-09T08:30:00+08:00,4027.3,4028.07,4019.418,4022.745
2025-10-09T09:00:00+08:00,4022.81,4032.64,4007.745,4031.041
2025-10-09T09:30:00+08:00,4031.22,4036.36,4016.45,4019.67
2025-10-09T10:00:00+08:00,4019.67,4020.93,4002.3,4013.08
2025-10-09T10:30:00+08:00,4013.052,4021.312,4005.785,4018.49
2025-10-09T11:00:00+08:00,4018.57,4025.1,4016.915,4024.21
2025-10-09T11:30:00+08:00,4024.36,4029.48,4023.665,4026.65
2025-10-09T12:00:00+08:00,4026.692,4038.61,4026.59,4038.15
2025-10-09T12:30:00+08:00,4038.27,4041.11,4035.735,4038.84
2025-10-09T13:00:00+08:00,4038.92,4040.32,4034.098,4038.805
2025-10-09T13:30:00+08:00,4038.83,4043.692,4034.705,4039.75
2025-10-09T14:00:00+08:00,4039.648,4040.94,4031.23,4031.56
2025-10-09T14:30:00+08:00,4031.67,4036.04,4022.365,4026.057
2025-10-09T15:00:00+08:00,4025.99,4032.84,4024.475,4028.615
2025-10-09T15:30:00+08:00,4028.59,4032.49,4026.5,4031.33
2025-10-09T16:00:00+08:00,4031.477,4037.98,4030.128,4036.74
2025-10-09T16:30:00+08:00,4036.575,4040.35,4035.145,4038.012
2025-10-09T17:00:00+08:00,4038.012,4042.02,4036.33,4038.43
2025-10-09T17:30:00+08:00,4038.408,4040.13,4033.805,4037.337
2025-10-09T18:00:00+08:00,4037.377,4039.42,4036.125,4038.82
2025-10-09T18:30:00+08:00,4038.65,4044.25,4037.835,4044.22
2025-10-09T19:00:00+08:00,4044.12,4046.71,4033.355,4035.86
2025-10-09T19:30:00+08:00,4035.997,4046.47,4035.745,4044.29
2025-10-09T20:00:00+08:00,4044.37,4044.8,4037.225,4040.735
2025-10-09T20:30:00+08:00,4041.1,4053.727,4039.605,4053.47
2025-10-09T21:00:00+08:00,4053.33,4058.01,4048.388,4055.508
2025-10-09T21:30:00+08:00,4055.31,4056.74,4016.725,4017.17
2025-10-09T22:00:00+08:00,4017.192,4029.281,4006.225,4006.79
2025-10-09T22:30:00+08:00,4006.718,4028.827,4003.65,4024.032
2025-10-09T23:00:00+08:00,4024.13,4028.75,4015.935,4016.23
2025-10-09T23:30:00+08:00,4016.228,4018.49,4006.26,4014.51
2025-10-10T00:00:00+08:00,4014.58,4021.7,4009.795,4012.31
2025-10-10T00:30:00+08:00,4012.196,4012.557,3963.1,3968.553
2025-10-10T01:00:00+08:00,3968.628,3974.377,3943.788,3958.992
2025-10-10T01:30:00+08:00,3958.515,3963.538,3944.64,3950.342
2025-10-10T02:00:00+08:00,3950.21,3968.85,3948.68,3963.2
2025-10-10T02:30:00+08:00,3962.96,3963.822,3955.705,3956.93
2025-10-10T03:00:00+08:00,3957.268,3978.18,3954.87,3978.072
2025-10-10T03:30:00+08:00,3978.01,3982.14,3971.685,3972.988
2025-10-10T04:00:00+08:00,3972.98,3978.98,3972.952,3976.15
2025-10-10T04:30:00+08:00,3976.15,3977.592,3972.37,3976.275
2025-10-10T06:00:00+08:00,3974.59,3981.33,3957.955,3972.15
2025-10-10T06:30:00+08:00,3972.15,3977.25,3970.898,3975.25
2025-10-10T07:00:00+08:00,3975.23,3985.88,3973.948,3983.092
2025-10-10T07:30:00+08:00,3982.93,3990.93,3977.795,3989.5
2025-10-10T08:00:00+08:00,3989.817,3993.11,3985.198,3991.508
2025-10-10T08:30:00+08:00,3991.61,3994.34,3987.73,3991.06
2025-10-10T09:00:00+08:00,3990.842,3992.43,3975.155,3981.255
2025-10-10T09:30:00+08:00,3981.52,3981.78,3969.588,3973.32
2025-10-10T10:00:00+08:00,3973.33,3985.59,3972.815,3983.905
2025-10-10T10:30:00+08:00,3984.19,3986.742,3976.485,3978.46
2025-10-10T11:00:00+08:00,3978.28,3979.14,3961.298,3970.228
2025-10-10T11:30:00+08:00,3970.362,3973.938,3960.41,3961.878
2025-10-10T12:00:00+08:00,3961.89,3964.572,3946.59,3958.56
2025-10-10T12:30:00+08:00,3958.91,3966.77,3957.375,3966.39
2025-10-10T13:00:00+08:00,3966.12,3977.812,3965.855,3972.67
2025-10-10T13:30:00+08:00,3972.84,3976.99,3965.415,3974.78
2025-10-10T14:00:00+08:00,3974.617,3976.02,3967.39,3971.52
2025-10-10T14:30:00+08:00,3971.66,3976.06,3962.355,3968.06
2025-10-10T15:00:00+08:00,3968.16,3968.45,3952.24,3964.79
2025-10-10T15:30:00+08:00,3964.51,3976.322,3962.09,3971.928
2025-10-10T16:00:00+08:00,3971.928,3988.832,3969.935,3986.315
2025-10-10T16:30:00+08:00,3986.48,3994.72,3984.905,3991.862
2025-10-10T17:00:00+08:00,3991.698,4001.69,3990.095,3996.248
2025-10-10T17:30:00+08:00,3996.248,4006.709,3994.215,3995.63
2025-10-10T18:00:00+08:00,3995.63,3999.107,3990.548,3998.635
2025-10-10T18:30:00+08:00,3998.778,4000.1,3992.995,3993.75
2025-10-10T19:00:00+08:00,3993.68,3999.902,3992.965,3996.84
2025-10-10T19:30:00+08:00,3996.795,3998.615,3982.988,3986.88
2025-10-10T20:00:00+08:00,3987.02,3993.5,3984.835,3991.468
2025-10-10T20:30:00+08:00,3991.448,3991.84,3979.855,3985.54
2025-10-10T21:00:00+08:00,3985.508,3994.75,3979.23,3992.5
2025-10-10T21:30:00+08:00,3992.87,3998.177,3975.175,3979.945
2025-10-10T22:00:00+08:00,3980.65,3987.17,3970.39,3983.13
2025-10-10T22:30:00+08:00,3983.268,3994.12,3979.87,3989.685
2025-10-10T23:00:00+08:00,3989.982,4020.17,3987.85,4016.788
2025-10-10T23:30:00+08:00,4016.448,4022.901,3994.125,3997.782
2025-10-11T00:00:00+08:00,3997.94,3998.77,3976.885,3987.906
2025-10-11T00:30:00+08:00,3987.545,3995.28,3979.36,3983.31
2025-10-11T01:00:00+08:00,3983.337,3986.88,3974.845,3984.528
2025-10-11T01:30:00+08:00,3984.51,3992.217,3978.135,3989.47
2025-10-11T02:00:00+08:00,3989.79,4009.16,3983.95,4003.748
2025-10-11T02:30:00+08:00,4003.748,4005.122,3992.635,3998.87
2025-10-11T03:00:00+08:00,3999.24,4008.59,3995.65,4005.19
2025-10-11T03:30:00+08:00,4005.127,4021.49,4004.898,4011.177
2025-10-11T04:00:00+08:00,4010.708,4015.73,4005.465,4012.181
2025-10-11T04:30:00+08:00,4012.25,4020.595,4007.29,4017.845
2025-10-13T06:00:00+08:00,4000.069,4045.98,3994.569,4040.048
2025-10-13T06:30:00+08:00,4040.38,4042.892,4031.985,4041.66
2025-10-13T07:00:00+08:00,4042.218,4060.05,4040.318,4048.9
2025-10-13T07:30:00+08:00,4048.91,4049.792,4031.885,4034.87
2025-10-13T08:00:00+08:00,4035.088,4041.6,4024.04,4040.02
2025-10-13T08:30:00+08:00,4040.341,4059.699,4037.41,4043.52
2025-10-13T09:00:00+08:00,4043.82,4053.43,4035.445,4042.06
2025-10-13T09:30:00+08:00,4042.061,4054.918,4041.015,4053.1
2025-10-13T10:00:00+08:00,4052.94,4055.92,4042.245,4045.92
2025-10-13T10:30:00+08:00,4046.17,4051.04,4041.125,4048.06
2025-10-13T11:00:00+08:00,4048.056,4052.692,4045.83,4051.818
2025-10-13T11:30:00+08:00,4051.797,4056.32,4047.935,4051.97
2025-10-13T12:00:00+08:00,4051.93,4057.15,4050.675,4056.548
2025-10-13T12:30:00+08:00,4056.22,4059.42,4055.198,4056.177
2025-10-13T13:00:00+08:00,4056.17,4074.01,4054.309,4071.28
2025-10-13T13:30:00+08:00,4071.288,4078.09,4061.275,4063.5
2025-10-13T14:00:00+08:00,4063.597,4071.52,4059.398,4068.575
2025-10-13T14:30:00+08:00,4068.769,4073.53,4066.605,4069.272
2025-10-13T15:00:00+08:00,4069.21,4076.19,4066.145,4074.235
2025-10-13T15:30:00+08:00,4074.46,4077.572,4067.9,4071.061
2025-10-13T16:00:00+08:00,4071.108,4076.257,4069.535,4073.265
2025-10-13T16:30:00+08:00,4073.632,4079.22,4068.715,4077.69
2025-10-13T17:00:00+08:00,4077.69,4079.85,4070.798,4071.285
2025-10-13T17:30:00+08:00,4071.672,4079.63,4069.945,4077.36
2025-10-13T18:00:00+08:00,4077.36,4077.477,4070.855,4076.167
2025-10-13T18:30:00+08:00,4076.025,4085.251,4073.325,4080.89
2025-10-13T19:00:00+08:00,4080.85,4084.591,4076.99,4081.25
2025-10-13T19:30:00+08:00,4081.2,4081.44,4073.435,4073.86
2025-10-13T20:00:00+08:00,4073.86,4084.421,4072.965,4083.61
2025-10-13T20:30:00+08:00,4083.75,4085.97,4075.138,4079.69
2025-10-13T21:00:00+08:00,4079.59,4092.97,4078.02,4091.23
2025-10-13T21:30:00+08:00,4091.14,4095.64,4081.555,4094.06
2025-10-13T22:00:00+08:00,4093.951,4097.08,4090.475,4094.647
2025-10-13T22:30:00+08:00,4094.63,4103.82,4094.485,4097.317
2025-10-13T23:00:00+08:00,4097.317,4100.29,4091.418,4092.958
2025-10-13T23:30:00+08:00,4093.207,4107.4,4092.348,4104.847
2025-10-14T00:00:00+08:00,4104.857,4117.02,4104.675,4109.92
2025-10-14T00:30:00+08:00,4109.917,4112.86,4103.548,4105.67
2025-10-14T01:00:00+08:00,4105.54,4115.48,4101.515,4112.435
2025-10-14T01:30:00+08:00,4112.597,4113.77,4099.925,4103.63
2025-10-14T02:00:00+08:00,4103.637,4107.66,4099.105,4104.78
2025-10-14T02:30:00+08:00,4104.651,4107.21,4099.83,4101.62
2025-10-14T03:00:00+08:00,4101.627,4106.7,4090.46,4104.64
2025-10-14T03:30:00+08:00,4104.63,4110.99,4101.865,4108.82
2025-10-14T04:00:00+08:00,4108.547,4111.29,4105.805,4110.53
2025-10-14T04:30:00+08:00,4110.53,4112.671,4107.19,4110.015
2025-10-14T06:00:00+08:00,4110.628,4114.23,4108.455,4108.86
2025-10-14T06:30:00+08:00,4108.93,4115.81,4106.365,4114.797
2025-10-14T07:00:00+08:00,4114.79,4117.06,4112.655,4115.091
2025-10-14T07:30:00+08:00,4115.101,4132.04,4114.765,4127.95
2025-10-14T08:00:00+08:00,4128.1,4129.67,4119.065,4126.17
2025-10-14T08:30:00+08:00,4126.251,4130.21,4124.065,4124.481
2025-10-14T09:00:00+08:00,4124.511,4149.89,4122.845,4146.79
2025-10-14T09:30:00+08:00,4146.787,4149.246,4131.798,4137.07
2025-10-14T10:00:00+08:00,4137.06,4143.76,4136.475,4142.32
2025-10-14T10:30:00+08:00,4142.13,4149.83,4141.598,4145.79
2025-10-14T11:00:00+08:00,4145.851,4159.58,4144.865,4159.25
2025-10-14T11:30:00+08:00,4159.145,4166.24,4157.875,4162.885
2025-10-14T12:00:00+08:00,4163.316,4169.16,4157.325,4163.69
2025-10-14T12:30:00+08:00,4163.817,4169.978,4155.505,4167.798
2025-10-14T13:00:00+08:00,4168,4179.748,4165.39,4179.2
2025-10-14T13:30:00+08:00,4179.24,4179.62,4110.26,4120.585
2025-10-14T14:00:00+08:00,4120.81,4133.97,4089.885,4113.877
2025-10-14T14:30:00+08:00,4113.84,4115.031,4089.805,4112.27
2025-10-14T15:00:00+08:00,4112.11,4127.807,4102.19,4123.25
2025-10-14T15:30:00+08:00,4123.627,4126.877,4116.395,4126.257
2025-10-14T16:00:00+08:00,4126.257,4144.571,4124.43,4144.256
2025-10-14T16:30:00+08:00,4144.348,4145.162,4129.935,4143.96
2025-10-14T17:00:00+08:00,4143.82,4144.267,4133.655,4139.565
2025-10-14T17:30:00+08:00,4139.83,4143.981,4121.288,4127.44
2025-10-14T18:00:00+08:00,4127.506,4139.53,4124.455,4139.42
2025-10-14T18:30:00+08:00,4139.46,4144.35,4128.318,4131.39
2025-10-14T19:00:00+08:00,4131.64,4137.836,4128.048,4132.187
2025-10-14T19:30:00+08:00,4132.08,4132.571,4125.52,4130.28
2025-10-14T20:00:00+08:00,4130.43,4134.52,4116.255,4118.71
2025-10-14T20:30:00+08:00,4118.7,4120.02,4103.178,4106.541
2025-10-14T21:00:00+08:00,4106.627,4119.93,4097.598,4110.35
2025-10-14T21:30:00+08:00,4110.327,4129.48,4106.21,4123.97
2025-10-14T22:00:00+08:00,4124.107,4137.45,4120.915,4133.281
2025-10-14T22:30:00+08:00,4133.47,4137.62,4126.048,4129.107
2025-10-14T23:00:00+08:00,4128.975,4141.3,4126.055,4137.831
2025-10-14T23:30:00+08:00,4137.98,4142.78,4131.525,4137.705
2025-10-15T00:00:00+08:00,4137.946,4141.77,4127.555,4133.627
2025-10-15T00:30:00+08:00,4133.48,4155.21,4128.455,4140.075
2025-10-15T01:00:00+08:00,4140.175,4153.12,4136.99,4146.91
2025-10-15T01:30:00+08:00,4146.916,4152.8,4143.135,4148.28
2025-10-15T02:00:00+08:00,4148.09,4152.62,4142.905,4145.83
2025-10-15T02:30:00+08:00,4145.585,4150.71,4145.195,4148.221
2025-10-15T03:00:00+08:00,4148.37,4150.67,4145.979,4149.82
2025-10-15T03:30:00+08:00,4149.67,4150.33,4134.05,4141.466
2025-10-15T04:00:00+08:00,4141.425,4146.05,4138.8,4143.82
2025-10-15T04:30:00+08:00,4143.82,4145.56,4141.27,4141.535
2025-10-15T06:00:00+08:00,4142.588,4163.65,4140.065,4152.3
2025-10-15T06:30:00+08:00,4152.075,4161.86,4149.725,4158.22
2025-10-15T07:00:00+08:00,4158.22,4164.16,4156.675,4163.587
2025-10-15T07:30:00+08:00,4163.59,4167.25,4159.905,4161.325
2025-10-15T08:00:00+08:00,4161.44,4169.72,4153.465,4156.09
2025-10-15T08:30:00+08:00,4155.867,4168.8,4154.665,4162.46
2025-10-15T09:00:00+08:00,4162.48,4186.8,4161.745,4185.25
2025-10-15T09:30:00+08:00,4185.32,4186.44,4175.585,4181.636
2025-10-15T10:00:00+08:00,4181.53,4184.47,4177.535,4179.19
2025-10-15T10:30:00+08:00,4179.24,4180.16,4166.698,4176.14
2025-10-15T11:00:00+08:00,4176.45,4185.751,4175.82,4183.63
2025-10-15T11:30:00+08:00,4183.626,4190.84,4179.928,4186.951
2025-10-15T12:00:00+08:00,4187.03,4187.45,4172.848,4176.34
2025-10-15T12:30:00+08:00,4176.32,4180.365,4173.905,4179.7
2025-10-15T13:00:00+08:00,4179.53,4193.15,4176.295,4192.73
2025-10-15T13:30:00+08:00,4192.57,4193.69,4184.18,4185.87
2025-10-15T14:00:00+08:00,4185.58,4193.47,4183.848,4190.05
2025-10-15T14:30:00+08:00,4189.955,4200.34,4187.275,4199.416
2025-10-15T15:00:00+08:00,4199.3,4200.64,4194.145,4199.48
2025-10-15T15:30:00+08:00,4199.5,4209.78,4198.705,4207.728
2025-10-15T16:00:00+08:00,4207.39,4218.13,4206.87,4210.59
2025-10-15T16:30:00+08:00,4210.61,4216.99,4207.348,4207.885
2025-10-15T17:00:00+08:00,4208.18,4212.12,4164.16,4189.805
2025-10-15T17:30:00+08:00,4189.825,4196.706,4188.325,4192.496
2025-10-15T18:00:00+08:00,4192.55,4206.25,4191.005,4201.2
2025-10-15T18:30:00+08:00,4201.24,4203.32,4190.119,4202.586
2025-10-15T19:00:00+08:00,4202.58,4203.47,4196.95,4202.22
2025-10-15T19:30:00+08:00,4201.805,4204.18,4193.26,4198.64
2025-10-15T20:00:00+08:00,4198.591,4202.81,4180,4181.22
2025-10-15T20:30:00+08:00,4181.33,4192.65,4175.779,4190.57
2025-10-15T21:00:00+08:00,4190.63,4197.87,4182.57,4194.53
2025-10-15T21:30:00+08:00,4194.407,4198.93,4183.075,4192.03
2025-10-15T22:00:00+08:00,4192.056,4212.43,4191.475,4205.87
2025-10-15T22:30:00+08:00,4205.876,4207.37,4191.21,4199.82
2025-10-15T23:00:00+08:00,4200.12,4203.12,4193.065,4201.065
2025-10-15T23:30:00+08:00,4201.408,4201.75,4179.1,4190.25
2025-10-16T00:00:00+08:00,4190.71,4199.7,4185.975,4197.17
2025-10-16T00:30:00+08:00,4196.9,4200.08,4189.725,4198.695
2025-10-16T01:00:00+08:00,4198.89,4199.74,4182.345,4188.491
2025-10-16T01:30:00+08:00,4188.451,4197.77,4186.125,4197.648
2025-10-16T02:00:00+08:00,4197.7,4204.82,4194.828,4198.34
2025-10-16T02:30:00+08:00,4198.39,4201.49,4195.82,4200.756
2025-10-16T03:00:00+08:00,4200.57,4211.87,4200.245,4210.8
2025-10-16T03:30:00+08:00,4210.84,4213.72,4205.39,4210.346
2025-10-16T04:00:00+08:00,4209.998,4212.8,4205.798,4207.57
2025-10-16T04:30:00+08:00,4207.526,4211.38,4206.31,4206.575
2025-10-16T06:00:00+08:00,4209.167,4213.18,4199,4211.74
2025-10-16T06:30:00+08:00,4211.5,4215.683,4209.948,4213.04
2025-10-16T07:00:00+08:00,4213.04,4215.776,4208.205,4212.19
2025-10-16T07:30:00+08:00,4212.14,4213.09,4205.685,4209.7
2025-10-16T08:00:00+08:00,4209.57,4225.36,4204.698,4223.03
2025-10-16T08:30:00+08:00,4223.34,4227.2,4210.075,4210.125
2025-10-16T09:00:00+08:00,4210.5,4228.01,4210.125,4224.6
2025-10-16T09:30:00+08:00,4224.475,4232.89,4222.448,4229.998
2025-10-16T10:00:00+08:00,4230.11,4234.64,4229.358,4231.395
2025-10-16T10:30:00+08:00,4231.68,4239.63,4225.655,4238.9
2025-10-16T11:00:00+08:00,4239.33,4242.08,4233.815,4235.5
2025-10-16T11:30:00+08:00,4235.3,4236.75,4228.798,4233.8
2025-10-16T12:00:00+08:00,4233.64,4239.1,4229.985,4237.98
2025-10-16T12:30:00+08:00,4237.895,4239.347,4227.81,4233.5
2025-10-16T13:00:00+08:00,4233.37,4234.75,4221.275,4223.996
2025-10-16T13:30:00+08:00,4223.82,4224.04,4203.175,4204.79
2025-10-16T14:00:00+08:00,4204.77,4227.33,4203.315,4224.37
2025-10-16T14:30:00+08:00,4224.5,4226.25,4215.32,4222.615
2025-10-16T15:00:00+08:00,4222.766,4234.01,4221.98,4233.58
2025-10-16T15:30:00+08:00,4233.56,4233.61,4225.8,4230.24
2025-10-16T16:00:00+08:00,4230.55,4236.04,4229.94,4231.366
2025-10-16T16:30:00+08:00,4231.26,4234.38,4228.305,4232.826
2025-10-16T17:00:00+08:00,4232.81,4234.95,4222.565,4222.885
2025-10-16T17:30:00+08:00,4223.146,4241.95,4221.665,4239.515
2025-10-16T18:00:00+08:00,4239.51,4243.26,4234.94,4237.726
2025-10-16T18:30:00+08:00,4237.726,4246.205,4233.845,4242.66
2025-10-16T19:00:00+08:00,4242.54,4246.63,4239.215,4244.43
2025-10-16T19:30:00+08:00,4244.305,4247.64,4239.845,4240.54
2025-10-16T20:00:00+08:00,4240.43,4245.39,4236.425,4239.212
2025-10-16T20:30:00+08:00,4238.248,4251.07,4227.185,4235.88
2025-10-16T21:00:00+08:00,4235.66,4254.79,4234.45,4251.62
2025-10-16T21:30:00+08:00,4251.105,4258.706,4242.855,4246.246
2025-10-16T22:00:00+08:00,4246.12,4265.79,4245.01,4262.665
2025-10-16T22:30:00+08:00,4263.01,4267.53,4253.805,4263.26
2025-10-16T23:00:00+08:00,4263.14,4273.166,4260.275,4271.806
2025-10-16T23:30:00+08:00,4271.64,4276.01,4267.005,4273.345
2025-10-17T00:00:00+08:00,4273.53,4291.995,4269.185,4289.02
2025-10-17T00:30:00+08:00,4289.395,4291.65,4261.13,4282.495
2025-10-17T01:00:00+08:00,4282.6,4295.07,4279.655,4289.81
2025-10-17T01:30:00+08:00,4289.735,4298.72,4287.2,4293.83
2025-10-17T02:00:00+08:00,4293.77,4294.9,4272.955,4285.564
2025-10-17T02:30:00+08:00,4285.295,4293.91,4282.798,4290.609
2025-10-17T03:00:00+08:00,4290.9,4296.93,4287.435,4295.08
2025-10-17T03:30:00+08:00,4295.08,4313.05,4290.635,4307.19
2025-10-17T04:00:00+08:00,4307.045,4320.51,4307.025,4315.62
2025-10-17T04:30:00+08:00,4315.525,4330.66,4311.535,4327.215
2025-10-17T06:00:00+08:00,4326.48,4380.79,4325.866,4368.37
2025-10-17T06:30:00+08:00,4367.95,4368.36,4342.535,4346.459
2025-10-17T07:00:00+08:00,4346.38,4363.765,4340.908,4363.765
2025-10-17T07:30:00+08:00,4363.67,4379.22,4349.498,4365.659
2025-10-17T08:00:00+08:00,4365.65,4366.899,4354.7,4357.85
2025-10-17T08:30:00+08:00,4357.82,4371.81,4353.365,4358.17
2025-10-17T09:00:00+08:00,4358.09,4362.26,4323.63,4333.765
2025-10-17T09:30:00+08:00,4333.79,4337.71,4278.298,4314
2025-10-17T10:00:00+08:00,4313.92,4335.85,4311.668,4332.5
2025-10-17T10:30:00+08:00,4332.459,4348.55,4331.22,4342.42
2025-10-17T11:00:00+08:00,4342.49,4361.06,4338.36,4356.755
2025-10-17T11:30:00+08:00,4356.74,4366.8,4354.005,4366.7
2025-10-17T12:00:00+08:00,4366.7,4376.66,4354.648,4358.47
2025-10-17T12:30:00+08:00,4358.175,4377.08,4357.745,4376.349
2025-10-17T13:00:00+08:00,4376.399,4378.65,4357.745,4359.21
2025-10-17T13:30:00+08:00,4359.26,4369.54,4341.625,4365.485
2025-10-17T14:00:00+08:00,4365.345,4369.592,4354.435,4361.33
2025-10-17T14:30:00+08:00,4361.315,4367.33,4346.545,4360.539
2025-10-17T15:00:00+08:00,4360.305,4361.919,4308.83,4338.09
2025-10-17T15:30:00+08:00,4338.81,4349.73,4329.555,4342.375
2025-10-17T16:00:00+08:00,4342.09,4349.64,4320.745,4341.45
2025-10-17T16:30:00+08:00,4341.4,4349.73,4332.51,4347.77
2025-10-17T17:00:00+08:00,4347.645,4348.34,4332.085,4335.32
2025-10-17T17:30:00+08:00,4335.36,4345.19,4333.3,4340.185
2025-10-17T18:00:00+08:00,4340.185,4342.19,4335.925,4340.955
2025-10-17T18:30:00+08:00,4340.84,4341.56,4319.28,4327.585
2025-10-17T19:00:00+08:00,4327.475,4335.94,4316.11,4321.57
2025-10-17T19:30:00+08:00,4321.695,4322.89,4286.435,4287.35
2025-10-17T20:00:00+08:00,4287.32,4316.78,4283.3,4293.37
2025-10-17T20:30:00+08:00,4293.375,4320.01,4290.88,4314.555
2025-10-17T21:00:00+08:00,4314.439,4317.835,4300.73,4315.99
2025-10-17T21:30:00+08:00,4315.915,4317.14,4257.74,4273.77
2025-10-17T22:00:00+08:00,4273.545,4274.669,4216.465,4240.73
2025-10-17T22:30:00+08:00,4240.73,4266.42,4230.185,4249.11
2025-10-17T23:00:00+08:00,4248.635,4259.38,4230.805,4248.25
2025-10-17T23:30:00+08:00,4247.94,4259.22,4236.04,4237.07
2025-10-18T00:00:00+08:00,4237.36,4244.94,4214.67,4215.699
2025-10-18T00:30:00+08:00,4215.832,4221.59,4200,4205.1
2025-10-18T01:00:00+08:00,4204.843,4214.34,4185.425,4201.07
2025-10-18T01:30:00+08:00,4200.685,4228.61,4196.105,4221.09
2025-10-18T02:00:00+08:00,4220.648,4244.49,4217.748,4244.355
2025-10-18T02:30:00+08:00,4244.376,4244.57,4231.64,4235.466
2025-10-18T03:00:00+08:00,4235.485,4237.756,4212.23,4216.4
2025-10-18T03:30:00+08:00,4216.12,4231.468,4216.1,4225.965
2025-10-18T04:00:00+08:00,4225.933,4246.206,4219.765,4245.77
2025-10-18T04:30:00+08:00,4245.67,4253.04,4241.77,4251.448
2025-10-20T06:00:00+08:00,4252.667,4274.8,4238.876,4259.75
2025-10-20T06:30:00+08:00,4259.4,4262.18,4245.47,4255.69
2025-10-20T07:00:00+08:00,4254.74,4256.27,4238.915,4247.61
2025-10-20T07:30:00+08:00,4247.195,4248.02,4233.298,4238.046
2025-10-20T08:00:00+08:00,4237.88,4242.65,4218.32,4222.01
2025-10-20T08:30:00+08:00,4221.665,4250.75,4219.96,4249.57
2025-10-20T09:00:00+08:00,4249.14,4264.58,4229.045,4262.665
2025-10-20T09:30:00+08:00,4262.77,4268.85,4255.675,4262.04
2025-10-20T10:00:00+08:00,4262.41,4267.15,4258.569,4266.705
2025-10-20T10:30:00+08:00,4266.565,4271.18,4253.1,4255.35
2025-10-20T11:00:00+08:00,4255.57,4262.59,4251.74,4254.76
2025-10-20T11:30:00+08:00,4254.7,4265.26,4248.335,4264.309
2025-10-20T12:00:00+08:00,4264.54,4267.22,4260.08,4264.37
2025-10-20T12:30:00+08:00,4264.26,4268.2,4262.125,4266.31
2025-10-20T13:00:00+08:00,4266.27,4266.78,4246.996,4256.53
2025-10-20T13:30:00+08:00,4256.94,4260.58,4239.17,4239.25
2025-10-20T14:00:00+08:00,4239.55,4245.73,4225.655,4226.319
2025-10-20T14:30:00+08:00,4226.32,4240.86,4221.005,4236.07
2025-10-20T15:00:00+08:00,4236.12,4260.19,4234.305,4253.99
2025-10-20T15:30:00+08:00,4253.755,4260.93,4251.198,4254.99
2025-10-20T16:00:00+08:00,4254.895,4263.05,4253.64,4260.59
2025-10-20T16:30:00+08:00,4260.39,4266.23,4252.115,4258.74
2025-10-20T17:00:00+08:00,4258.72,4260.27,4250.08,4252.63
2025-10-20T17:30:00+08:00,4252.386,4263.65,4251.36,4260.74
2025-10-20T18:00:00+08:00,4260.67,4261.01,4245.435,4255.89
2025-10-20T18:30:00+08:00,4255.745,4260.37,4251.105,4254.77
2025-10-20T19:00:00+08:00,4254.55,4263.74,4250.665,4262.81
2025-10-20T19:30:00+08:00,4262.78,4279.38,4259.358,4279.09
2025-10-20T20:00:00+08:00,4279.066,4299.79,4272.355,4293.82
2025-10-20T20:30:00+08:00,4293.84,4327.215,4291.608,4323.395
2025-10-20T21:00:00+08:00,4323.38,4325.17,4313.209,4319.89
2025-10-20T21:30:00+08:00,4319.915,4320.84,4299.195,4300.505
2025-10-20T22:00:00+08:00,4300.76,4334.4,4292.56,4326.29
2025-10-20T22:30:00+08:00,4326.39,4334.78,4316.665,4332.15
2025-10-20T23:00:00+08:00,4332.42,4355.53,4331.948,4345.45
2025-10-20T23:30:00+08:00,4345.485,4351.36,4343.775,4349.045
2025-10-21T00:00:00+08:00,4349.075,4350.87,4342.379,4344.918
2025-10-21T00:30:00+08:00,4345.015,4349.82,4343.058,4347.81
2025-10-21T01:00:00+08:00,4347.8,4351.17,4340.215,4341.95
2025-10-21T01:30:00+08:00,4342.04,4349.1,4336.948,4347.359
2025-10-21T02:00:00+08:00,4347.298,4358.05,4344.335,4357.595
2025-10-21T02:30:00+08:00,4357.335,4364.65,4354.665,4359.23
2025-10-21T03:00:00+08:00,4359.24,4367.21,4358.948,4366.62
2025-10-21T03:30:00+08:00,4366.75,4381.484,4364.425,4377.884
2025-10-21T04:00:00+08:00,4377.884,4380,4345.948,4354.31
2025-10-21T04:30:00+08:00,4354.005,4359.05,4346.435,4355.685
2025-10-21T06:00:00+08:00,4355.666,4375.49,4352.498,4371.39
2025-10-21T06:30:00+08:00,4371.385,4371.78,4357.23,4367.22
2025-10-21T07:00:00+08:00,4367.25,4371.75,4359.44,4362.31
2025-10-21T07:30:00+08:00,4362.31,4362.75,4356.405,4360.23
2025-10-21T08:00:00+08:00,4360.339,4370.44,4356.01,4368.51
2025-10-21T08:30:00+08:00,4368.65,4371.14,4364.195,4368.51
2025-10-21T09:00:00+08:00,4368.61,4372.35,4348.895,4350.1
2025-10-21T09:30:00+08:00,4350.085,4351.12,4332.45,4350.85
2025-10-21T10:00:00+08:00,4350.835,4355.43,4340.64,4350.35
2025-10-21T10:30:00+08:00,4350.35,4351.255,4334.93,4338.66
2025-10-21T11:00:00+08:00,4338.795,4349.8,4337.54,4348.87
2025-10-21T11:30:00+08:00,4348.48,4350.83,4342.945,4346.04
2025-10-21T12:00:00+08:00,4346.51,4347.12,4341.805,4342.9
2025-10-21T12:30:00+08:00,4342.87,4344.225,4336.815,4341.99
2025-10-21T13:00:00+08:00,4341.73,4344.22,4329.31,4333.39
2025-10-21T13:30:00+08:00,4333.17,4333.23,4316.9,4323.27
2025-10-21T14:00:00+08:00,4323.19,4330.7,4316.93,4324.075
2025-10-21T14:30:00+08:00,4323.94,4344.225,4321.865,4343.045
2025-10-21T15:00:00+08:00,4343.07,4343.2,4322.425,4324.77
2025-10-21T15:30:00+08:00,4324.63,4324.83,4293.01,4298.62
2025-10-21T16:00:00+08:00,4298.286,4301.885,4244.085,4267.035
2025-10-21T16:30:00+08:00,4267.015,4274.09,4262.958,4273.866
2025-10-21T17:00:00+08:00,4273.91,4277.92,4254.27,4270.58
2025-10-21T17:30:00+08:00,4270.746,4276.285,4262.425,4264.98
2025-10-21T18:00:00+08:00,4265.134,4266.55,4249.185,4264.326
2025-10-21T18:30:00+08:00,4264.165,4264.78,4253.29,4253.576
2025-10-21T19:00:00+08:00,4253.54,4272.45,4251.795,4266.446
2025-10-21T19:30:00+08:00,4266.28,4267.03,4245.32,4253.07
2025-10-21T20:00:00+08:00,4253.3,4257.63,4214.005,4228.552
2025-10-21T20:30:00+08:00,4228.27,4230.11,4205.27,4211.073
2025-10-21T21:00:00+08:00,4210.815,4211.34,4189.355,4200.515
2025-10-21T21:30:00+08:00,4200.966,4225.79,4167.239,4173.815
2025-10-21T22:00:00+08:00,4174.1,4188.69,4129.875,4136.701
2025-10-21T22:30:00+08:00,4136.807,4141.396,4080.87,4138.955
2025-10-21T23:00:00+08:00,4138.59,4150.69,4119.63,4124.801
2025-10-21T23:30:00+08:00,4124.38,4147.591,4122.538,4138.405
2025-10-22T00:00:00+08:00,4138.636,4143.8,4114.465,4117.48
2025-10-22T00:30:00+08:00,4117.501,4126.49,4100.305,4113.16
2025-10-22T01:00:00+08:00,4113.491,4119.58,4092.94,4097.767
2025-10-22T01:30:00+08:00,4097.797,4120.26,4095.66,4111.22
2025-10-22T02:00:00+08:00,4111.01,4124.301,4110.365,4116.141
2025-10-22T02:30:00+08:00,4116.16,4125.85,4106.175,4114.685
2025-10-22T03:00:00+08:00,4114.82,4122.16,4100.21,4104.331
2025-10-22T03:30:00+08:00,4104.297,4112.35,4101.03,4108.5
2025-10-22T04:00:00+08:00,4108.936,4124.867,4105.82,4122.64
2025-10-22T04:30:00+08:00,4122.64,4130.91,4120.45,4124.355
2025-10-22T06:00:00+08:00,4122.868,4132.76,4113.225,4124.68
2025-10-22T06:30:00+08:00,4124.05,4129.03,4120.05,4123.137
2025-10-22T07:00:00+08:00,4123.17,4127.12,4113.94,4123.21
2025-10-22T07:30:00+08:00,4123.847,4127.93,4089.44,4092.51
2025-10-22T08:00:00+08:00,4092.52,4094,4002.89,4048.25
2025-10-22T08:30:00+08:00,4048.752,4091.23,4040.575,4074.598
2025-10-22T09:00:00+08:00,4074.91,4121.071,4063.73,4104.115
2025-10-22T09:30:00+08:00,4104.15,4110.39,4082.348,4086.39
2025-10-22T10:00:00+08:00,4087.147,4117.83,4086.48,4110.197
2025-10-22T10:30:00+08:00,4109.76,4116.796,4102.98,4115.03
2025-10-22T11:00:00+08:00,4114.37,4121.56,4106.815,4116.951
2025-10-22T11:30:00+08:00,4116.75,4143.176,4115.54,4128.78
2025-10-22T12:00:00+08:00,4128.79,4133.42,4106.665,4129.08
2025-10-22T12:30:00+08:00,4128.24,4133.39,4117.79,4127.43
2025-10-22T13:00:00+08:00,4128.22,4147,4125.81,4140.315
2025-10-22T13:30:00+08:00,4140.531,4145.511,4131.32,4134.95
2025-10-22T14:00:00+08:00,4134.729,4143.89,4127.285,4141.961
2025-10-22T14:30:00+08:00,4141.907,4161.32,4141.368,4155.88
2025-10-22T15:00:00+08:00,4155.834,4156.5,4129.225,4141.44
2025-10-22T15:30:00+08:00,4141.916,4148.07,4130.39,4132.901
2025-10-22T16:00:00+08:00,4132.88,4135.9,4051.909,4102.66
2025-10-22T16:30:00+08:00,4103.191,4110.05,4068.948,4069.925
2025-10-22T17:00:00+08:00,4070.597,4101.577,4063.979,4075.74
2025-10-22T17:30:00+08:00,4075.541,4082.622,4061.375,4069.54
2025-10-22T18:00:00+08:00,4069.53,4085.36,4062.555,4084.57
2025-10-22T18:30:00+08:00,4084.641,4090.77,4022.748,4034.99
2025-10-22T19:00:00+08:00,4035.03,4045.047,4014.45,4020.822
2025-10-22T19:30:00+08:00,4020.777,4033.65,4014.55,4027.65
2025-10-22T20:00:00+08:00,4027.228,4045.83,4025.795,4045.33
2025-10-22T20:30:00+08:00,4045.21,4053.46,4022.645,4033.8
2025-10-22T21:00:00+08:00,4033.707,4068.65,4032.958,4052.592
2025-10-22T21:30:00+08:00,4052.592,4085.22,4046.945,4075.83
2025-10-22T22:00:00+08:00,4075.71,4078.42,4047.135,4056.097
2025-10-22T22:30:00+08:00,4056.02,4058.752,4010.795,4014.865
2025-10-22T23:00:00+08:00,4015.008,4047.14,4014.625,4029.095
2025-10-22T23:30:00+08:00,4029.24,4046.57,4022.93,4037.16
2025-10-23T00:00:00+08:00,4037.02,4045.75,4022.955,4043.48
2025-10-23T00:30:00+08:00,4043.608,4064.28,4037.395,4059.11
2025-10-23T01:00:00+08:00,4059.33,4059.33,4043.835,4049.557
2025-10-23T01:30:00+08:00,4049.385,4071.16,4044.695,4070.2
2025-10-23T02:00:00+08:00,4070.05,4078.95,4066.415,4073.737
2025-10-23T02:30:00+08:00,4073.71,4081.62,4073.575,4076.485
2025-10-23T03:00:00+08:00,4076.647,4105.66,4076.375,4105.225
2025-10-23T03:30:00+08:00,4105.15,4113.531,4099.46,4102.195
2025-10-23T04:00:00+08:00,4102.351,4107.26,4088.26,4091.94
2025-10-23T04:30:00+08:00,4092.05,4103.86,4091.55,4098.055
2025-10-23T06:00:00+08:00,4097.94,4116.33,4092.725,4103.067
2025-10-23T06:30:00+08:00,4103,4103.94,4091.57,4101.498
2025-10-23T07:00:00+08:00,4101.518,4104.857,4079.91,4086.07
2025-10-23T07:30:00+08:00,4086.127,4094.85,4083.255,4087.587
2025-10-23T08:00:00+08:00,4087.621,4096.83,4065.63,4076.137
2025-10-23T08:30:00+08:00,4076.07,4085.88,4071.298,4081.555
2025-10-23T09:00:00+08:00,4081.707,4092.906,4071.605,4087.005
2025-10-23T09:30:00+08:00,4087.02,4091.48,4072.6,4073.21
2025-10-23T10:00:00+08:00,4072.91,4084.97,4071.535,4080.96
2025-10-23T10:30:00+08:00,4081.13,4085.51,4075.995,4082.371
2025-10-23T11:00:00+08:00,4081.995,4100.72,4077.635,4095.14
2025-10-23T11:30:00+08:00,4095.301,4096.087,4089.545,4090.85
2025-10-23T12:00:00+08:00,4091.087,4093.04,4079.468,4084.2
2025-10-23T12:30:00+08:00,4084.22,4091.421,4082.09,4089.295
2025-10-23T13:00:00+08:00,4089.41,4094.13,4083.695,4089.24
2025-10-23T13:30:00+08:00,4089.397,4110.44,4088.28,4110.107
2025-10-23T14:00:00+08:00,4109.93,4137.916,4109.93,4124.995
2025-10-23T14:30:00+08:00,4125.167,4127.78,4110.225,4113.43
2025-10-23T15:00:00+08:00,4113.59,4121.33,4111.84,4115.5
2025-10-23T15:30:00+08:00,4115.185,4115.73,4091.565,4093.86
2025-10-23T16:00:00+08:00,4093.86,4119.009,4093.86,4114.04
2025-10-23T16:30:00+08:00,4113.981,4118.56,4107.95,4116.085
2025-10-23T17:00:00+08:00,4116.301,4123.73,4110.85,4121.875
2025-10-23T17:30:00+08:00,4121.82,4125.41,4111.085,4124.307
2025-10-23T18:00:00+08:00,4124.441,4125.27,4108.38,4110.01
2025-10-23T18:30:00+08:00,4109.861,4119.266,4101.52,4108.95
2025-10-23T19:00:00+08:00,4108.74,4121.1,4107.56,4113.44
2025-10-23T19:30:00+08:00,4113.307,4117.71,4107.455,4109.43
2025-10-23T20:00:00+08:00,4109.39,4116.158,4099.965,4108.855
2025-10-23T20:30:00+08:00,4108.91,4129.33,4108.5,4127.07
2025-10-23T21:00:00+08:00,4127.21,4149.86,4125.58,4146.92
2025-10-23T21:30:00+08:00,4146.921,4150.99,4132.15,4144.78
2025-10-23T22:00:00+08:00,4144.78,4154.79,4135.48,4147.49
2025-10-23T22:30:00+08:00,4147.29,4151.77,4139.795,4148.136
2025-10-23T23:00:00+08:00,4147.945,4151.76,4136.925,4144.97
2025-10-23T23:30:00+08:00,4144.748,4146.89,4136.855,4141.77
2025-10-24T00:00:00+08:00,4141.95,4148.57,4132.425,4140.36
2025-10-24T00:30:00+08:00,4140.491,4143.651,4125.26,4132.89
2025-10-24T01:00:00+08:00,4132.89,4139.39,4124.655,4129.397
2025-10-24T01:30:00+08:00,4129.49,4138.33,4126.445,4137.4
2025-10-24T02:00:00+08:00,4137.77,4143.51,4132.815,4142.57
2025-10-24T02:30:00+08:00,4142.64,4142.9,4133.395,4135.735
2025-10-24T03:00:00+08:00,4135.856,4138.17,4125.555,4128.27
2025-10-24T03:30:00+08:00,4128.53,4128.69,4116.24,4118.03
2025-10-24T04:00:00+08:00,4118.09,4119.207,4107.3,4108.32
2025-10-24T04:30:00+08:00,4108.24,4126.809,4107.19,4125.185
2025-10-24T06:00:00+08:00,4127.459,4132.77,4117.105,4122
2025-10-24T06:30:00+08:00,4121.88,4122.511,4111.08,4115.87
2025-10-24T07:00:00+08:00,4116.001,4119.84,4110.44,4111.94
2025-10-24T07:30:00+08:00,4112.077,4122.94,4105.675,4121.407
2025-10-24T08:00:00+08:00,4121.57,4132.981,4117.555,4132.761
2025-10-24T08:30:00+08:00,4132.63,4133.651,4125.91,4132.3
2025-10-24T09:00:00+08:00,4132.557,4144.36,4127.425,4136.71
2025-10-24T09:30:00+08:00,4136.46,4137.5,4111.815,4118.62
2025-10-24T10:00:00+08:00,4118.44,4118.941,4109.275,4111.66
2025-10-24T10:30:00+08:00,4111.66,4117.287,4109.148,4109.441
2025-10-24T11:00:00+08:00,4109.441,4119.68,4107.255,4117.09
2025-10-24T11:30:00+08:00,4117.147,4123.61,4113.535,4122.17
2025-10-24T12:00:00+08:00,4122.17,4123.291,4104.9,4106.77
2025-10-24T12:30:00+08:00,4106.625,4113.79,4102.54,4111.561
2025-10-24T13:00:00+08:00,4111.62,4118.04,4110.195,4112.465
2025-10-24T13:30:00+08:00,4112.596,4113.511,4102.305,4104.47
2025-10-24T14:00:00+08:00,4104.43,4104.846,4081.048,4089.651
2025-10-24T14:30:00+08:00,4089.56,4097.47,4082.94,4091.86
2025-10-24T15:00:00+08:00,4091.708,4096,4086.295,4088.15
2025-10-24T15:30:00+08:00,4088.441,4091.45,4069.305,4074.16
2025-10-24T16:00:00+08:00,4074.4,4077.72,4047.21,4053.45
2025-10-24T16:30:00+08:00,4053.537,4069.44,4050.04,4065.137
2025-10-24T17:00:00+08:00,4065.31,4073.36,4061.85,4069.77
2025-10-24T17:30:00+08:00,4069.86,4073.57,4053.9,4060.7
2025-10-24T18:00:00+08:00,4060.67,4070.86,4058.2,4059.03
2025-10-24T18:30:00+08:00,4059.112,4062.832,4053.3,4054.717
2025-10-24T19:00:00+08:00,4054.655,4061.8,4043.6,4056.48
2025-10-24T19:30:00+08:00,4056.637,4065.54,4054.41,4061.31
2025-10-24T20:00:00+08:00,4061.28,4065.28,4059.615,4061.18
2025-10-24T20:30:00+08:00,4061.46,4093.54,4060.275,4081.97
2025-10-24T21:00:00+08:00,4081.98,4122.24,4078.718,4113.98
2025-10-24T21:30:00+08:00,4114.017,4120.16,4097.475,4106.099
2025-10-24T22:00:00+08:00,4105.979,4134.977,4101.725,4123.55
2025-10-24T22:30:00+08:00,4123.55,4131.49,4112.035,4117.447
2025-10-24T23:00:00+08:00,4117.447,4128.7,4113.035,4125.275
2025-10-24T23:30:00+08:00,4125.28,4131.9,4120.535,4130.37
2025-10-25T00:00:00+08:00,4130.81,4139.01,4127.02,4136.391
2025-10-25T00:30:00+08:00,4136.24,4137.08,4121.535,4129.135
2025-10-25T01:00:00+08:00,4129.09,4134.3,4120,4120.977
2025-10-25T01:30:00+08:00,4120.979,4124.021,4105.52,4107.42
2025-10-25T02:00:00+08:00,4107.66,4110.767,4101.46,4105.7
2025-10-25T02:30:00+08:00,4105.976,4113.57,4103.69,4110.177
2025-10-25T03:00:00+08:00,4110.11,4117.446,4109.45,4112.941
2025-10-25T03:30:00+08:00,4113.007,4113.78,4101.8,4103.64
2025-10-25T04:00:00+08:00,4103.941,4104.301,4096.21,4099.44
2025-10-25T04:30:00+08:00,4099.83,4113.961,4099.13,4111.555
2025-10-27T06:00:00+08:00,4094.8,4109.08,4063.35,4091.69
2025-10-27T06:30:00+08:00,4091.448,4100.57,4070.81,4081.687
2025-10-27T07:00:00+08:00,4081.158,4088.46,4072.76,4074.501
2025-10-27T07:30:00+08:00,4074.385,4080.372,4061.31,4064.48
2025-10-27T08:00:00+08:00,4064.468,4072.66,4057.845,4067.07
2025-10-27T08:30:00+08:00,4067.68,4084.35,4066.76,4081.14
2025-10-27T09:00:00+08:00,4081.126,4097.81,4074.68,4093.14
2025-10-27T09:30:00+08:00,4093.32,4093.821,4081,4081.77
2025-10-27T10:00:00+08:00,4081.77,4082.141,4070.875,4073.04
2025-10-27T10:30:00+08:00,4072.8,4079.407,4070.015,4071.35
2025-10-27T11:00:00+08:00,4071.45,4079.41,4065.075,4077.01
2025-10-27T11:30:00+08:00,4077.24,4081.92,4068.555,4069.47
2025-10-27T12:00:00+08:00,4069.408,4069.63,4053.505,4062.6
2025-10-27T12:30:00+08:00,4062.63,4071.637,4057.815,4068.67
2025-10-27T13:00:00+08:00,4068.8,4084.54,4068.455,4081.71
2025-10-27T13:30:00+08:00,4081.58,4083.79,4076.04,4079.397
2025-10-27T14:00:00+08:00,4079.39,4084.85,4077.118,4082.11
2025-10-27T14:30:00+08:00,4082.08,4083.48,4073.61,4078.08
2025-10-27T15:00:00+08:00,4077.91,4079.85,4065.698,4068.24
2025-10-27T15:30:00+08:00,4068.32,4071.43,4063.738,4068.708
2025-10-27T16:00:00+08:00,4068.752,4070.51,4055.915,4058.42
2025-10-27T16:30:00+08:00,4058.31,4062.57,4023.59,4043.252
2025-10-27T17:00:00+08:00,4043.252,4050.247,4029.53,4037.45
2025-10-27T17:30:00+08:00,4037.31,4049.9,4036.305,4039.75
2025-10-27T18:00:00+08:00,4039.76,4047.81,4034.62,4035.83
2025-10-27T18:30:00+08:00,4035.825,4045.758,4028.63,4037.3
2025-10-27T19:00:00+08:00,4037.3,4041.35,4021.39,4030.12
2025-10-27T19:30:00+08:00,4030.17,4031.88,4015.055,4024.1
2025-10-27T20:00:00+08:00,4023.69,4041.88,4022.15,4034.532
2025-10-27T20:30:00+08:00,4034.66,4046.467,4029.86,4045.641
2025-10-27T21:00:00+08:00,4045.641,4050.28,4031.195,4033.612
2025-10-27T21:30:00+08:00,4033.788,4039.02,4013.055,4022.097
2025-10-27T22:00:00+08:00,4021.748,4023.377,3985.15,3998.82
2025-10-27T22:30:00+08:00,3998.61,4000.132,3982.635,3987.828
2025-10-27T23:00:00+08:00,3987.81,3988.242,3971.068,3986.53
2025-10-27T23:30:00+08:00,3986.75,3993.42,3979.1,3989.82
2025-10-28T00:00:00+08:00,3989.81,3998.15,3986.035,3986.962
2025-10-28T00:30:00+08:00,3987.02,4000.42,3983.728,3999.23
2025-10-28T01:00:00+08:00,3999.125,4006.16,3990.395,4005.11
2025-10-28T01:30:00+08:00,4005.092,4009.03,3998.745,4006.37
2025-10-28T02:00:00+08:00,4006.255,4010.148,4002.419,4008.248
2025-10-28T02:30:00+08:00,4008.23,4009.54,3997.675,3999.217
2025-10-28T03:00:00+08:00,3999.292,4005.6,3988.585,3989.108
2025-10-28T03:30:00+08:00,3989.17,3992.53,3985.375,3990
2025-10-28T04:00:00+08:00,3990.06,4000.3,3987.13,3999.872
2025-10-28T04:30:00+08:00,3999.91,4000.12,3978.788,3982.18
2025-10-28T06:00:00+08:00,3983.45,3996.49,3978.86,3992.09
2025-10-28T06:30:00+08:00,3992.1,3994.288,3988.12,3989.7
2025-10-28T07:00:00+08:00,3989.63,3995.35,3982.475,3994.825
2025-10-28T07:30:00+08:00,3995.152,4004.49,3993.84,3998.205
2025-10-28T08:00:00+08:00,3998.412,3998.822,3972.445,3984.342
2025-10-28T08:30:00+08:00,3984.342,4009.65,3983.178,4006.76
2025-10-28T09:00:00+08:00,4006.73,4019.72,4003.948,4009.405
2025-10-28T09:30:00+08:00,4009.652,4015.53,4004.305,4011.14
2025-10-28T10:00:00+08:00,4010.91,4013.93,3996.965,4000.55
2025-10-28T10:30:00+08:00,4000.597,4002.01,3980.405,3983.75
2025-10-28T11:00:00+08:00,3983.73,3994.54,3982.91,3990.29
2025-10-28T11:30:00+08:00,3990.025,3993.672,3984.93,3992.74
2025-10-28T12:00:00+08:00,3992.65,3994.212,3963.288,3971.4
2025-10-28T12:30:00+08:00,3971.42,3980.46,3966.755,3973.49
2025-10-28T13:00:00+08:00,3973.5,3980.1,3968.418,3975.2
2025-10-28T13:30:00+08:00,3975.17,3976.06,3958.88,3966.492
2025-10-28T14:00:00+08:00,3966.48,3968.54,3951.36,3952.605
2025-10-28T14:30:00+08:00,3952.77,3957.21,3938.015,3942.422
2025-10-28T15:00:00+08:00,3942.39,3948.55,3930.27,3931.162
2025-10-28T15:30:00+08:00,3931.25,3936.32,3921.248,3932.28
2025-10-28T16:00:00+08:00,3932.135,3935.793,3910.595,3914.708
2025-10-28T16:30:00+08:00,3914.708,3916.788,3896.125,3897.248
2025-10-28T17:00:00+08:00,3897.293,3908.12,3886.199,3904.509
2025-10-28T17:30:00+08:00,3904.773,3911.09,3897.398,3904.69
2025-10-28T18:00:00+08:00,3904.65,3909.19,3899.748,3905.1
2025-10-28T18:30:00+08:00,3904.948,3931.02,3904.415,3926.29
2025-10-28T19:00:00+08:00,3926.458,3927.2,3910.625,3917.94
2025-10-28T19:30:00+08:00,3917.875,3929.958,3917.4,3923.15
2025-10-28T20:00:00+08:00,3923.075,3929.85,3921.335,3921.95
2025-10-28T20:30:00+08:00,3921.819,3926.122,3905.335,3912.63
2025-10-28T21:00:00+08:00,3912.662,3933.86,3911.915,3932.558
2025-10-28T21:30:00+08:00,3932.538,3940.4,3914.59,3938.445
2025-10-28T22:00:00+08:00,3938.425,3950.16,3934.675,3949.68
2025-10-28T22:30:00+08:00,3949.76,3953.837,3939.41,3949.63
2025-10-28T23:00:00+08:00,3949.63,3960.4,3946.865,3958.41
2025-10-28T23:30:00+08:00,3958.41,3969.62,3957.35,3964.83
2025-10-29T00:00:00+08:00,3964.585,3965.5,3954.52,3963.12
2025-10-29T00:30:00+08:00,3963.045,3964.86,3950.758,3958.31
2025-10-29T01:00:00+08:00,3958.41,3970.42,3956.288,3967.222
2025-10-29T01:30:00+08:00,3967.23,3969.25,3954.97,3962.348
2025-10-29T02:00:00+08:00,3962.29,3964.2,3952.385,3954.57
2025-10-29T02:30:00+08:00,3954.87,3957.51,3944.935,3956.312
2025-10-29T03:00:00+08:00,3956.342,3958.82,3950.65,3955.718
2025-10-29T03:30:00+08:00,3955.79,3962.8,3950.595,3960.102
2025-10-29T04:00:00+08:00,3959.83,3960.93,3949.18,3951.06
2025-10-29T04:30:00+08:00,3951.07,3956.31,3949.93,3951.945
2025-10-29T06:00:00+08:00,3952.59,3960.798,3914.725,3946.41
2025-10-29T06:30:00+08:00,3945.81,3947.562,3933.248,3933.78
2025-10-29T07:00:00+08:00,3933.97,3953.992,3933.135,3950.53
2025-10-29T07:30:00+08:00,3950.73,3968.03,3946.91,3964.812
2025-10-29T08:00:00+08:00,3964.57,3972.04,3958.835,3970.65
2025-10-29T08:30:00+08:00,3970.65,3982.293,3966.605,3974.948
2025-10-29T09:00:00+08:00,3975.03,3979.69,3968.395,3973.22
2025-10-29T09:30:00+08:00,3973.035,3977.09,3965.79,3973.56
2025-10-29T10:00:00+08:00,3973.53,3974.3,3961.95,3963.39
2025-10-29T10:30:00+08:00,3963.2,3964.69,3943.605,3960.93
2025-10-29T11:00:00+08:00,3960.93,3970.32,3958.22,3964.488
2025-10-29T11:30:00+08:00,3964.47,3972.21,3962.125,3963.32
2025-10-29T12:00:00+08:00,3963.15,3964.83,3950.668,3953.29
2025-10-29T12:30:00+08:00,3953.29,3960.06,3951.415,3951.96
2025-10-29T13:00:00+08:00,3951.8,3963.298,3950.825,3957.51
2025-10-29T13:30:00+08:00,3957.635,3966.21,3953.79,3962.39
2025-10-29T14:00:00+08:00,3962.15,3974.052,3959.49,3970.45
2025-10-29T14:30:00+08:00,3970.45,3984.71,3969.948,3978.27
2025-10-29T15:00:00+08:00,3978.15,3998.612,3974.565,3996.518
2025-10-29T15:30:00+08:00,3996.518,4001.438,3989.575,4001.278
2025-10-29T16:00:00+08:00,4001.045,4011.33,4000.278,4009.645
2025-10-29T16:30:00+08:00,4009.712,4018.517,4006.8,4016.5
2025-10-29T17:00:00+08:00,4016.768,4021.597,4013.165,4016.96
2025-10-29T17:30:00+08:00,4017.09,4029.65,4015.43,4023.89
2025-10-29T18:00:00+08:00,4023.88,4029.561,4016.878,4024.532
2025-10-29T18:30:00+08:00,4024.42,4029.65,4020.78,4023.24
2025-10-29T19:00:00+08:00,4023.26,4028.48,4017.849,4018.177
2025-10-29T19:30:00+08:00,4018.14,4020.943,4013.135,4016.588
2025-10-29T20:00:00+08:00,4016.425,4030.23,4013.315,4026.157
2025-10-29T20:30:00+08:00,4026,4028.81,4021.485,4025.55
2025-10-29T21:00:00+08:00,4025.568,4025.641,4009.775,4018.64
2025-10-29T21:30:00+08:00,4018.57,4019.49,4002.085,4012.401
2025-10-29T22:00:00+08:00,4012.46,4022.61,4011.325,4016.53
2025-10-29T22:30:00+08:00,4016.68,4020.9,4007.135,4008.31
2025-10-29T23:00:00+08:00,4008.43,4012.09,4001.165,4006.47
2025-10-29T23:30:00+08:00,4006.47,4008.84,3989.165,3992.79
2025-10-30T00:00:00+08:00,3992.9,4001.14,3991.115,3998.355
2025-10-30T00:30:00+08:00,3998.4,3999.9,3991.865,3992.688
2025-10-30T01:00:00+08:00,3992.67,3997.86,3985.495,3986.595
2025-10-30T01:30:00+08:00,3986.78,3995.922,3985.945,3994.27
2025-10-30T02:00:00+08:00,3994.542,4007.492,3976.77,3981.078
2025-10-30T02:30:00+08:00,3981.07,3989.56,3941.988,3969.422
2025-10-30T03:00:00+08:00,3969.17,3979.96,3951.06,3953.098
2025-10-30T03:30:00+08:00,3953.105,3954.51,3927.58,3945.489
2025-10-30T04:00:00+08:00,3945.465,3954.042,3931.95,3948.57
2025-10-30T04:30:00+08:00,3948.468,3950.21,3927.615,3929.655
2025-10-30T06:00:00+08:00,3928.77,3944.93,3915.11,3937.34
2025-10-30T06:30:00+08:00,3937.193,3948.529,3930.765,3941.352
2025-10-30T07:00:00+08:00,3941.282,3951.24,3938.948,3950.23
2025-10-30T07:30:00+08:00,3950.24,3954.082,3940.805,3952.66
2025-10-30T08:00:00+08:00,3952.71,3964.42,3951.69,3959.588
2025-10-30T08:30:00+08:00,3959.6,3959.777,3937.305,3950.118
2025-10-30T09:00:00+08:00,3949.84,3966.482,3944.69,3950.08
2025-10-30T09:30:00+08:00,3949.97,3959.71,3945.51,3947.66
2025-10-30T10:00:00+08:00,3947.5,3948.18,3925.955,3933.93
2025-10-30T10:30:00+08:00,3933.78,3941.889,3921.575,3922.069
2025-10-30T11:00:00+08:00,3922.03,3934.87,3915.065,3932.9
2025-10-30T11:30:00+08:00,3932.83,3938.02,3929.735,3937.862
2025-10-30T12:00:00+08:00,3937.838,3959.31,3934.505,3959.23
2025-10-30T12:30:00+08:00,3959.192,3982.59,3958.315,3972.46
2025-10-30T13:00:00+08:00,3972.27,3978.27,3948.495,3950.115
2025-10-30T13:30:00+08:00,3950.348,3973.798,3946.87,3963.752
2025-10-30T14:00:00+08:00,3963.62,3970.918,3956.065,3964.862
2025-10-30T14:30:00+08:00,3964.91,3977.25,3956.3,3976.94
2025-10-30T15:00:00+08:00,3976.94,3977.458,3959.97,3968.21
2025-10-30T15:30:00+08:00,3968.118,3969.582,3955.645,3961.25
2025-10-30T16:00:00+08:00,3961.2,3974.529,3959.895,3972.77
2025-10-30T16:30:00+08:00,3972.75,3976.89,3968.115,3976.53
2025-10-30T17:00:00+08:00,3976.235,4011.875,3975.798,4004.352
2025-10-30T17:30:00+08:00,4004.21,4007.27,3992.205,3998.94
2025-10-30T18:00:00+08:00,3998.76,4000.98,3982.18,3987.07
2025-10-30T18:30:00+08:00,3987.07,3988.25,3973.345,3984.03
2025-10-30T19:00:00+08:00,3984.03,3985.1,3963.625,3966.13
2025-10-30T19:30:00+08:00,3966.13,3976.67,3964.92,3974.48
2025-10-30T20:00:00+08:00,3974.53,3985.61,3970.395,3970.91
2025-10-30T20:30:00+08:00,3970.91,3980.25,3960.74,3960.965
2025-10-30T21:00:00+08:00,3960.96,3977.58,3959.955,3969.667
2025-10-30T21:30:00+08:00,3969.39,3995.48,3962.895,3995.277
2025-10-30T22:00:00+08:00,3995.277,4014.83,3991.558,3997.765
2025-10-30T22:30:00+08:00,3997.908,4002.3,3986.515,3996.45
2025-10-30T23:00:00+08:00,3996.32,4003.72,3987.848,3998.77
2025-10-30T23:30:00+08:00,3998.798,4008.6,3997.625,4001.662
2025-10-31T00:00:00+08:00,4001.67,4004.44,3990.905,3995.7
2025-10-31T00:30:00+08:00,3995.442,4003.23,3994.695,4001.262
2025-10-31T01:00:00+08:00,4001.275,4004.07,3994.265,4002.228
2025-10-31T01:30:00+08:00,4002.6,4018.05,4001.845,4004.488
2025-10-31T02:00:00+08:00,4004.195,4013.05,3999.885,4012.96
2025-10-31T02:30:00+08:00,4012.9,4017.8,4006.998,4016.03
2025-10-31T03:00:00+08:00,4016.03,4025.88,4015.098,4020.11
2025-10-31T03:30:00+08:00,4019.698,4025.85,4019.698,4023.32
2025-10-31T04:00:00+08:00,4023.352,4027.23,4017.695,4019.06
2025-10-31T04:30:00+08:00,4019.06,4027.12,4016.098,4024.305
2025-10-31T06:00:00+08:00,4024.429,4025.67,4010.87,4020.57
2025-10-31T06:30:00+08:00,4020.46,4046.252,4020.46,4037.74
2025-10-31T07:00:00+08:00,4037.792,4038.6,4018.415,4027.997
2025-10-31T07:30:00+08:00,4028.02,4043.07,4026.248,4036.345
2025-10-31T08:00:00+08:00,4036.517,4036.91,4025.8,4027.36
2025-10-31T08:30:00+08:00,4027.368,4031.37,4023.615,4025.14
2025-10-31T09:00:00+08:00,4024.941,4039.29,4019.375,4030.57
2025-10-31T09:30:00+08:00,4030.8,4030.97,4012.458,4018.68
2025-10-31T10:00:00+08:00,4018.83,4019.18,4008.315,4013.16
2025-10-31T10:30:00+08:00,4013.16,4017.17,4001.22,4011
2025-10-31T11:00:00+08:00,4010.93,4013.99,3990.938,4000.24
2025-10-31T11:30:00+08:00,4000.15,4003.76,3993.605,3996.23
2025-10-31T12:00:00+08:00,3996.21,4000.902,3988.765,4000.655
2025-10-31T12:30:00+08:00,4000.58,4010.55,3998.19,4005.67
2025-10-31T13:00:00+08:00,4005.702,4006.172,3993.785,4001.91
2025-10-31T13:30:00+08:00,4001.92,4011.182,3997.94,4004.9
2025-10-31T14:00:00+08:00,4005.008,4015.18,4001.785,4009.048
2025-10-31T14:30:00+08:00,4008.92,4014.65,4004.97,4012.88
2025-10-31T15:00:00+08:00,4013.18,4023.49,4007.305,4023.21
2025-10-31T15:30:00+08:00,4022.91,4025.47,4011.6,4021.27
2025-10-31T16:00:00+08:00,4020.9,4026.808,4018.165,4021.125
2025-10-31T16:30:00+08:00,4021.36,4026.09,4006.455,4010.29
2025-10-31T17:00:00+08:00,4010.21,4014.332,3998.49,4002.31
2025-10-31T17:30:00+08:00,4002.27,4009.71,3999.415,4008.292
2025-10-31T18:00:00+08:00,4008.36,4016.85,4008.12,4013.1
2025-10-31T18:30:00+08:00,4013.12,4014.07,4003.375,4007.567
2025-10-31T19:00:00+08:00,4007.28,4009.54,4001.435,4005.29
2025-10-31T19:30:00+08:00,4005.502,4011.2,4001.635,4010.57
2025-10-31T20:00:00+08:00,4010.418,4025.1,4008.805,4019.32
2025-10-31T20:30:00+08:00,4019.009,4036.24,4016.165,4023.01
2025-10-31T21:00:00+08:00,4022.79,4035.492,4020.045,4026.62
2025-10-31T21:30:00+08:00,4026.63,4028.73,4009.985,4016.155
2025-10-31T22:00:00+08:00,4016.47,4027.27,4014.515,4015.51
2025-10-31T22:30:00+08:00,4015.105,4022.48,4010.825,4020.59
2025-10-31T23:00:00+08:00,4020.59,4020.87,4009.375,4017.79
2025-10-31T23:30:00+08:00,4017.87,4022.87,4011.375,4012.828
2025-11-01T00:00:00+08:00,4012.6,4015.25,3971.965,3985.63
2025-11-01T00:30:00+08:00,3985.92,3990.57,3978.635,3980.572
2025-11-01T01:00:00+08:00,3980.62,3990.49,3980.405,3984.568
2025-11-01T01:30:00+08:00,3984.52,4003.61,3980.165,3997.482
2025-11-01T02:00:00+08:00,3997.345,4010.002,3995.185,4008.647
2025-11-01T02:30:00+08:00,4008.55,4009.2,3999.265,3999.78
2025-11-01T03:00:00+08:00,3999.94,4005.45,3990.918,4001.53
2025-11-01T03:30:00+08:00,4001.31,4002.25,3994.5,4001.092
2025-11-01T04:00:00+08:00,4001.14,4002.45,3995.955,4001.882
2025-11-01T04:30:00+08:00,4001.87,4006.64,4000.46,4001.505
2025-11-03T07:00:00+08:00,3989.41,4002.69,3981.08,3994.688
2025-11-03T07:30:00+08:00,3994.64,3995.92,3977.415,3980.35
2025-11-03T08:00:00+08:00,3980.23,3987.872,3962.27,3970.538
2025-11-03T08:30:00+08:00,3970.43,3977.66,3962.918,3970.615
2025-11-03T09:00:00+08:00,3970.46,3999.482,3965.26,3997.73
2025-11-03T09:30:00+08:00,3998.72,4001.79,3989.935,3995.83
2025-11-03T10:00:00+08:00,3995.78,4006.62,3990.035,3995.5
2025-11-03T10:30:00+08:00,3995.55,4006.28,3994.815,4003.81
2025-11-03T11:00:00+08:00,4003.93,4011.42,4001.925,4006.1
2025-11-03T11:30:00+08:00,4005.92,4015.4,4005.285,4011.33
2025-11-03T12:00:00+08:00,4011.337,4014.321,4001.57,4005.43
2025-11-03T12:30:00+08:00,4005.442,4008,4002.33,4003.542
2025-11-03T13:00:00+08:00,4003.68,4012.73,3997.479,4011.615
2025-11-03T13:30:00+08:00,4011.741,4018.388,4010.998,4013.801
2025-11-03T14:00:00+08:00,4013.801,4018.557,4009.71,4016.27
2025-11-03T14:30:00+08:00,4016.281,4018.568,4012.835,4017.46
2025-11-03T15:00:00+08:00,4017.45,4023.552,4013.27,4018.92
2025-11-03T15:30:00+08:00,4018.92,4025.9,4015.67,4025.23
2025-11-03T16:00:00+08:00,4025.188,4028.05,4010.905,4014.39
2025-11-03T16:30:00+08:00,4014.39,4020.56,4011.745,4019.5
2025-11-03T17:00:00+08:00,4019.5,4026.14,4004.85,4007.108
2025-11-03T17:30:00+08:00,4007.07,4008.06,3992.87,4000.36
2025-11-03T18:00:00+08:00,4000.4,4004.748,3994.185,3997.73
2025-11-03T18:30:00+08:00,3997.73,4001.56,3994.155,3998.7
2025-11-03T19:00:00+08:00,3998.7,4007.002,3994.098,4006.238
2025-11-03T19:30:00+08:00,4006.155,4008.756,4002.735,4007.52
2025-11-03T20:00:00+08:00,4007.538,4008.72,4001.565,4004.94
2025-11-03T20:30:00+08:00,4004.925,4013.512,4003.51,4013.222
2025-11-03T21:00:00+08:00,4013.41,4019.68,4011.82,4014.195
2025-11-03T21:30:00+08:00,4014.22,4020.51,4010.525,4015.881
2025-11-03T22:00:00+08:00,4016.01,4020.984,4009.068,4010.242
2025-11-03T22:30:00+08:00,4010.07,4026.18,4001.41,4022.61
2025-11-03T23:00:00+08:00,4022.637,4030.532,4008.335,4011.44
2025-11-03T23:30:00+08:00,4011.44,4023.85,4002.945,4008.508
2025-11-04T00:00:00+08:00,4008.265,4013.43,3994.989,3997.815
2025-11-04T00:30:00+08:00,3998.02,4010.05,3995.75,4008.05
2025-11-04T01:00:00+08:00,4008.17,4012.23,4003.215,4007.27
2025-11-04T01:30:00+08:00,4006.735,4007.78,4004.155,4005.849
2025-11-04T02:00:00+08:00,4006.018,4006.89,3999.215,4001.125
2025-11-04T02:30:00+08:00,4001.24,4009.597,4000.825,4006.4
2025-11-04T03:00:00+08:00,4006.338,4008.112,3995.075,4004.01
2025-11-04T03:30:00+08:00,4003.94,4007.7,3999.435,4004.73
2025-11-04T04:00:00+08:00,4004.66,4015.01,4004.335,4011.62
2025-11-04T04:30:00+08:00,4011.39,4012.16,4006.915,4010.19
2025-11-04T05:00:00+08:00,4010.105,4010.3,4000.81,4001.83
2025-11-04T05:30:00+08:00,4001.83,4002.88,3999.688,4001.065
2025-11-04T07:00:00+08:00,4001.15,4005.94,3981.36,3995.73
2025-11-04T07:30:00+08:00,3995.6,3999.72,3992.348,3997.17
2025-11-04T08:00:00+08:00,3997.16,3999.36,3990.045,3993.132
2025-11-04T08:30:00+08:00,3993.17,3993.948,3978.245,3986.35
2025-11-04T09:00:00+08:00,3986.35,3994.53,3980.605,3985.225
2025-11-04T09:30:00+08:00,3985.24,3990.367,3979.198,3987.19
2025-11-04T10:00:00+08:00,3987.24,3987.24,3975.435,3983.92
2025-11-04T10:30:00+08:00,3983.92,3986.89,3975.505,3986.475
2025-11-04T11:00:00+08:00,3986.678,3993.87,3981.41,3992.91
2025-11-04T11:30:00+08:00,3992.87,3999.34,3990.705,3994.51
2025-11-04T12:00:00+08:00,3994.75,3995.178,3987.735,3991.715
2025-11-04T12:30:00+08:00,3991.698,3993.44,3983.78,3985.61
2025-11-04T13:00:00+08:00,3985.59,3987.08,3981,3982.77
2025-11-04T13:30:00+08:00,3983.04,3985.67,3972.41,3973.078
2025-11-04T14:00:00+08:00,3973.06,3976.248,3966.395,3975.582
2025-11-04T14:30:00+08:00,3975.38,3988.16,3973.595,3985.06
2025-11-04T15:00:00+08:00,3984.98,3996.382,3982.05,3993.888
2025-11-04T15:30:00+08:00,3993.91,3996.27,3990.165,3993.9
2025-11-04T16:00:00+08:00,3993.662,4000.67,3990.445,3999.92
2025-11-04T16:30:00+08:00,3999.95,4000.592,3994.748,3996.19
2025-11-04T17:00:00+08:00,3995.895,3997.682,3990.97,3991.87
2025-11-04T17:30:00+08:00,3991.95,3999.442,3990.235,3991.15
2025-11-04T18:00:00+08:00,3991.15,3996.878,3985.74,3991.8
2025-11-04T18:30:00+08:00,3992.02,3997.64,3990.435,3993.97
2025-11-04T19:00:00+08:00,3993.97,3995.89,3991.465,3994.22
2025-11-04T19:30:00+08:00,3994.18,4000.16,3991.598,3994.725
2025-11-04T20:00:00+08:00,3994.822,3997.572,3989.62,3990.012
2025-11-04T20:30:00+08:00,3990.025,3992.54,3983.37,3984.74
2025-11-04T21:00:00+08:00,3984.648,3995.94,3982.705,3983.88
2025-11-04T21:30:00+08:00,3983.595,3988.26,3971.648,3975.75
2025-11-04T22:00:00+08:00,3975.445,3977.79,3950.92,3951.2
2025-11-04T22:30:00+08:00,3950.94,3959.818,3928.42,3956.992
2025-11-04T23:00:00+08:00,3956.85,3958.91,3940.98,3948.855
2025-11-04T23:30:00+08:00,3948.95,3968.09,3947.945,3956.782
2025-11-05T00:00:00+08:00,3956.79,3975.7,3956.515,3972.32
2025-11-05T00:30:00+08:00,3972.39,3974.11,3963.745,3968.872
2025-11-05T01:00:00+08:00,3968.96,3971,3958.455,3959.155
2025-11-05T01:30:00+08:00,3959.25,3965.21,3952.09,3955
2025-11-05T02:00:00+08:00,3954.948,3956.79,3945.285,3950.48
2025-11-05T02:30:00+08:00,3950.532,3951.56,3931.73,3937.86
2025-11-05T03:00:00+08:00,3937.86,3944.28,3934.19,3941.8
2025-11-05T03:30:00+08:00,3941.902,3943.052,3935.325,3937.38
2025-11-05T04:00:00+08:00,3937.2,3939.42,3931.255,3937.29
2025-11-05T04:30:00+08:00,3937.49,3942.26,3935.775,3938.65
2025-11-05T05:00:00+08:00,3938.505,3939.09,3930.6,3933.913
2025-11-05T05:30:00+08:00,3933.82,3935.01,3930.15,3931.95
2025-11-05T07:00:00+08:00,3931.63,3940.613,3931.095,3937.67
2025-11-05T07:30:00+08:00,3937.698,3938.61,3930.695,3934.328
2025-11-05T08:00:00+08:00,3934.76,3942.93,3932.745,3938.549
2025-11-05T08:30:00+08:00,3938.54,3939.84,3929.49,3939.84
2025-11-05T09:00:00+08:00,3939.84,3948.6,3936.935,3946.14
2025-11-05T09:30:00+08:00,3946.065,3949.462,3934.18,3936.72
2025-11-05T10:00:00+08:00,3936.96,3945.19,3935.31,3938.068
2025-11-05T10:30:00+08:00,3937.95,3951.08,3937.77,3948.365
2025-11-05T11:00:00+08:00,3948.28,3956.26,3947.312,3953.038
2025-11-05T11:30:00+08:00,3953.01,3965.17,3951.765,3960.84
2025-11-05T12:00:00+08:00,3960.758,3965.03,3959.585,3963.35
2025-11-05T12:30:00+08:00,3963.68,3973.702,3963.235,3970.3
2025-11-05T13:00:00+08:00,3970.21,3978.63,3966.785,3975.602
2025-11-05T13:30:00+08:00,3975.79,3975.987,3961.648,3964.52
2025-11-05T14:00:00+08:00,3964.89,3970.43,3961.662,3967.298
2025-11-05T14:30:00+08:00,3967.22,3973.63,3964.835,3966.42
2025-11-05T15:00:00+08:00,3966.208,3969.508,3963.485,3965.84
2025-11-05T15:30:00+08:00,3965.97,3974.83,3965.165,3972.63
2025-11-05T16:00:00+08:00,3972.512,3987.11,3972.285,3979.878
2025-11-05T16:30:00+08:00,3979.86,3986.125,3979.325,3979.85
2025-11-05T17:00:00+08:00,3979.82,3981.29,3963.375,3965.41
2025-11-05T17:30:00+08:00,3965.502,3972.58,3963.305,3971.78
2025-11-05T18:00:00+08:00,3971.8,3971.86,3955.825,3964.428
2025-11-05T18:30:00+08:00,3964.495,3970.162,3960.1,3964.48
2025-11-05T19:00:00+08:00,3964.378,3968.987,3957.195,3958.192
2025-11-05T19:30:00+08:00,3958.192,3968.27,3957.41,3966.87
2025-11-05T20:00:00+08:00,3966.792,3969.95,3961.945,3967.28
2025-11-05T20:30:00+08:00,3967.43,3969.6,3962.9,3969.55
2025-11-05T21:00:00+08:00,3969.452,3977.48,3964.54,3976.32
2025-11-05T21:30:00+08:00,3976.19,3979.47,3970.675,3975.74
2025-11-05T22:00:00+08:00,3975.78,3985.473,3973.575,3983.48
2025-11-05T22:30:00+08:00,3983.93,3985.608,3969.36,3973.548
2025-11-05T23:00:00+08:00,3973.47,3980.2,3963.53,3979.18
2025-11-05T23:30:00+08:00,3979.042,3984.358,3976.978,3978.22
2025-11-06T00:00:00+08:00,3978.232,3982.14,3974.72,3981.14
2025-11-06T00:30:00+08:00,3981.192,3990.4,3977.275,3986.68
2025-11-06T01:00:00+08:00,3986.83,3989.65,3978.395,3982.17
2025-11-06T01:30:00+08:00,3982.26,3984.24,3979.425,3982.09
2025-11-06T02:00:00+08:00,3982.072,3986.4,3979.255,3983.68
2025-11-06T02:30:00+08:00,3983.465,3985.44,3978.735,3982.87
2025-11-06T03:00:00+08:00,3982.88,3986.26,3978.985,3984.148
2025-11-06T03:30:00+08:00,3984.12,3989.21,3982.735,3987.59
2025-11-06T04:00:00+08:00,3987.79,3990.61,3985.415,3985.572
2025-11-06T04:30:00+08:00,3985.588,3988.53,3981.36,3984.28
2025-11-06T05:00:00+08:00,3984.28,3985.28,3981.39,3982.2
2025-11-06T05:30:00+08:00,3981.76,3983.62,3977.758,3979.755
2025-11-06T07:00:00+08:00,3980.69,3985.038,3966.095,3970
2025-11-06T07:30:00+08:00,3970.24,3977.618,3970,3973.56
2025-11-06T08:00:00+08:00,3973.56,3975.47,3970.08,3973.558
2025-11-06T08:30:00+08:00,3973.58,3976.05,3969.13,3976.022
2025-11-06T09:00:00+08:00,3976.088,3977.418,3964.35,3969.28
2025-11-06T09:30:00+08:00,3969.042,3976.718,3967.335,3976.58
2025-11-06T10:00:00+08:00,3976.58,3979.66,3973.98,3978.07
2025-11-06T10:30:00+08:00,3977.96,3985.19,3977.875,3983.35
2025-11-06T11:00:00+08:00,3983.28,3986.94,3979.295,3986.008
2025-11-06T11:30:00+08:00,3986.04,3990.38,3985.21,3987.368
2025-11-06T12:00:00+08:00,3987.56,3988,3984.19,3986.525
2025-11-06T12:30:00+08:00,3986.555,3989.81,3984.94,3988.73
2025-11-06T13:00:00+08:00,3988.73,3990.76,3985.885,3989.91
2025-11-06T13:30:00+08:00,3990.04,3990.39,3985.57,3987.6
2025-11-06T14:00:00+08:00,3987.248,3989.82,3984.635,3986.962
2025-11-06T14:30:00+08:00,3987.022,3992.83,3982.035,3991.425
2025-11-06T15:00:00+08:00,3991.5,4009.18,3990.915,4003.9
2025-11-06T15:30:00+08:00,4003.92,4009.48,4003.435,4005.6
2025-11-06T16:00:00+08:00,4005.77,4016.13,4004.415,4015.52
2025-11-06T16:30:00+08:00,4015.71,4016.852,4009.778,4014.86
2025-11-06T17:00:00+08:00,4014.86,4015.18,4010.488,4012.85
2025-11-06T17:30:00+08:00,4012.69,4013.36,4008.935,4010.93
2025-11-06T18:00:00+08:00,4010.93,4011.17,4005.06,4005.92
2025-11-06T18:30:00+08:00,4005.852,4009.54,4004.155,4008.16
2025-11-06T19:00:00+08:00,4008.16,4011.27,4006.765,4009.43
2025-11-06T19:30:00+08:00,4009.332,4019.557,4009.135,4018.09
2025-11-06T20:00:00+08:00,4017.95,4019.57,4010.79,4011.55
2025-11-06T20:30:00+08:00,4011.55,4013.04,4002.615,4005.148
2025-11-06T21:00:00+08:00,4005.04,4016.147,4003.455,4013.501
2025-11-06T21:30:00+08:00,4013.075,4016.207,4010.51,4011.89
2025-11-06T22:00:00+08:00,4011.955,4013.941,3988.805,3991.475
2025-11-06T22:30:00+08:00,3991.762,4003.262,3990.525,3993.25
2025-11-06T23:00:00+08:00,3993.28,3993.752,3978.028,3986.63
2025-11-06T23:30:00+08:00,3986.66,3987.208,3974.895,3979.98
2025-11-07T00:00:00+08:00,3980.31,3986.33,3976.375,3983.535
2025-11-07T00:30:00+08:00,3983.64,3984.62,3976.23,3980.888
2025-11-07T01:00:00+08:00,3980.71,3985.59,3965.425,3969.44
2025-11-07T01:30:00+08:00,3969.862,3988.16,3967.445,3986.1
2025-11-07T02:00:00+08:00,3986.07,3989.53,3979.94,3983.18
2025-11-07T02:30:00+08:00,3983.302,3990.82,3982.805,3987.54
2025-11-07T03:00:00+08:00,3987.758,3995.23,3986.505,3992.038
2025-11-07T03:30:00+08:00,3992.42,3992.82,3982.835,3985.33
2025-11-07T04:00:00+08:00,3985.33,3987.29,3981.76,3982.56
2025-11-07T04:30:00+08:00,3982.43,3986.88,3979.088,3980.69
2025-11-07T05:00:00+08:00,3980.64,3982.58,3977.655,3980.5
2025-11-07T05:30:00+08:00,3980.56,3981.15,3976.455,3976.91
2025-11-07T07:00:00+08:00,3977.03,3985.3,3973.74,3983.29
2025-11-07T07:30:00+08:00,3983.29,3989.662,3981.615,3989.022
2025-11-07T08:00:00+08:00,3989.022,3992.63,3984.295,3991.57
2025-11-07T08:30:00+08:00,3991.472,3994.554,3987.598,3988.5
2025-11-07T09:00:00+08:00,3988.472,4001.74,3986.965,3997.46
2025-11-07T09:30:00+08:00,3997.24,4002.78,3994.575,4001.66
2025-11-07T10:00:00+08:00,4001.718,4003.29,3993.795,3995.552
2025-11-07T10:30:00+08:00,3995.38,3998.88,3991.265,3995.37
2025-11-07T11:00:00+08:00,3995.362,3996.56,3987.925,3992.67
2025-11-07T11:30:00+08:00,3992.538,3995.43,3989.405,3990.39
2025-11-07T12:00:00+08:00,3990.5,3998.09,3985.18,3996.138
2025-11-07T12:30:00+08:00,3996.148,3998.62,3993.345,3998.358
2025-11-07T13:00:00+08:00,3998.358,3998.9,3991.765,3994.1
2025-11-07T13:30:00+08:00,3994.16,3997.85,3993.245,3995.02
2025-11-07T14:00:00+08:00,3995.09,3999.958,3992.065,3998.23
2025-11-07T14:30:00+08:00,3998.23,4008.51,3996.235,4006.67
2025-11-07T15:00:00+08:00,4006.678,4009.842,4002.975,4003.688
2025-11-07T15:30:00+08:00,4003.588,4008.15,4002.545,4007.69
2025-11-07T16:00:00+08:00,4007.68,4010.48,4003.745,4005.558
2025-11-07T16:30:00+08:00,4005.558,4010.41,4003.41,4009.445
2025-11-07T17:00:00+08:00,4009.79,4014.26,4008.1,4010.17
2025-11-07T17:30:00+08:00,4010.04,4011.44,4003.995,4006.56
2025-11-07T18:00:00+08:00,4006.56,4009.58,4002.95,4006.027
2025-11-07T18:30:00+08:00,4005.81,4009.24,4003.025,4007.9
2025-11-07T19:00:00+08:00,4007.94,4011.92,3997.878,3998.86
2025-11-07T19:30:00+08:00,3999.03,4004.46,3993.535,4002.83
2025-11-07T20:00:00+08:00,4002.847,4008.45,3997.93,3998.175
2025-11-07T20:30:00+08:00,3998.29,3999.36,3991.47,3995.772
2025-11-07T21:00:00+08:00,3995.68,4001.972,3991.84,3997.05
2025-11-07T21:30:00+08:00,3996.359,3999.872,3991.49,3997.36
2025-11-07T22:00:00+08:00,3997.79,4007.37,3995.02,4000.348
2025-11-07T22:30:00+08:00,4000.47,4000.47,3984.06,3992.55
2025-11-07T23:00:00+08:00,3993.27,3999.172,3987.33,3993.25
2025-11-07T23:30:00+08:00,3993.08,3995.54,3983.8,3990.775
2025-11-08T00:00:00+08:00,3990.77,4009.36,3989.78,4007.838
2025-11-08T00:30:00+08:00,4007.82,4027.38,4005.925,4007.585
2025-11-08T01:00:00+08:00,4007.67,4009.9,3992.165,3997.71
2025-11-08T01:30:00+08:00,3997.93,4006.51,3993.815,4005.35
2025-11-08T02:00:00+08:00,4005.4,4009.07,3999.32,4002.83
2025-11-08T02:30:00+08:00,4002.63,4007.53,4001.535,4005.48
2025-11-08T03:00:00+08:00,4005.42,4009.06,4003.232,4006.382
2025-11-08T03:30:00+08:00,4006.21,4008.42,4001.51,4006.732
2025-11-08T04:00:00+08:00,4006.73,4007.02,3994.245,3998.15
2025-11-08T04:30:00+08:00,3998.19,4005.882,3996.92,4003.92
2025-11-08T05:00:00+08:00,4003.89,4005.22,4000.91,4001.91
2025-11-08T05:30:00+08:00,4001.91,4002.84,3998.06,4000.289
2025-11-10T07:00:00+08:00,3998.91,4011.64,3997.198,4008.29
2025-11-10T07:30:00+08:00,4008.382,4012.32,4003.85,4011.64
2025-11-10T08:00:00+08:00,4011.92,4017.19,4010.91,4016.372
2025-11-10T08:30:00+08:00,4016.38,4023.87,4011.065,4020.18
2025-11-10T09:00:00+08:00,4020.15,4051.857,4018.79,4047.92
2025-11-10T09:30:00+08:00,4047.781,4053.28,4040.95,4044.17
2025-11-10T10:00:00+08:00,4043.832,4047.932,4037.435,4040.988
2025-11-10T10:30:00+08:00,4040.977,4049.06,4038.245,4047.91
2025-11-10T11:00:00+08:00,4048.12,4051.907,4044.685,4050.57
2025-11-10T11:30:00+08:00,4050.51,4052.822,4046.74,4050.26
2025-11-10T12:00:00+08:00,4050.32,4056.85,4049.765,4053.81
2025-11-10T12:30:00+08:00,4053.615,4055.51,4049.615,4054.14
2025-11-10T13:00:00+08:00,4053.96,4056.05,4049.995,4055.01
2025-11-10T13:30:00+08:00,4055.34,4069.881,4054.615,4069.31
2025-11-10T14:00:00+08:00,4069.31,4073.732,4066.635,4072.86
2025-11-10T14:30:00+08:00,4072.95,4078.42,4069.705,4074.875
2025-11-10T15:00:00+08:00,4075.03,4079.1,4071.98,4075.465
2025-11-10T15:30:00+08:00,4075.58,4078.94,4073.76,4075.207
2025-11-10T16:00:00+08:00,4075.21,4083.4,4074.6,4080.14
2025-11-10T16:30:00+08:00,4080.132,4085.1,4077.86,4082.08
2025-11-10T17:00:00+08:00,4082.112,4083.45,4071.265,4079.96
2025-11-10T17:30:00+08:00,4080.022,4086.38,4075.825,4076.71
2025-11-10T18:00:00+08:00,4076.71,4082.82,4076.34,4077.8
2025-11-10T18:30:00+08:00,4077.42,4083.47,4075.705,4080.88
2025-11-10T19:00:00+08:00,4080.88,4082.37,4075.62,4078.995
2025-11-10T19:30:00+08:00,4079.08,4085.401,4078.53,4085.22
2025-11-10T20:00:00+08:00,4085.22,4095.771,4084.1,4094.18
2025-11-10T20:30:00+08:00,4094.18,4099.988,4093.31,4097.437
2025-11-10T21:00:00+08:00,4097.47,4106.01,4096.76,4101.94
2025-11-10T21:30:00+08:00,4101.9,4103.39,4089.93,4091.5
2025-11-10T22:00:00+08:00,4091.62,4094.131,4081.72,4086.127
2025-11-10T22:30:00+08:00,4086.147,4086.98,4074.07,4083.477
2025-11-10T23:00:00+08:00,4083.467,4094.45,4083.215,4089.087
2025-11-10T23:30:00+08:00,4089.13,4089.49,4077.595,4084.287
2025-11-11T00:00:00+08:00,4084.27,4093.411,4081.73,4092.867
2025-11-11T00:30:00+08:00,4092.85,4095.751,4088.4,4094.88
2025-11-11T01:00:00+08:00,4095.001,4098.307,4093.17,4096.877
2025-11-11T01:30:00+08:00,4096.86,4102.627,4093.705,4102.51
2025-11-11T02:00:00+08:00,4102.385,4114.57,4101.28,4113.985
2025-11-11T02:30:00+08:00,4114.2,4115.83,4105.48,4110.087
2025-11-11T03:00:00+08:00,4109.795,4115.387,4107.638,4114.321
2025-11-11T03:30:00+08:00,4114.341,4114.64,4109.32,4113.025
2025-11-11T04:00:00+08:00,4113.46,4114.56,4106.425,4111.22
2025-11-11T04:30:00+08:00,4111.1,4113.34,4107.715,4111.448
2025-11-11T05:00:00+08:00,4111.59,4114.79,4110.22,4112.28
2025-11-11T05:30:00+08:00,4112.49,4116.511,4111.467,4115.605
2025-11-11T07:00:00+08:00,4115.028,4120.651,4113.03,4120.151
2025-11-11T07:30:00+08:00,4120.119,4122.721,4116.92,4119.84
2025-11-11T08:00:00+08:00,4119.83,4126.157,4115.97,4124.86
2025-11-11T08:30:00+08:00,4124.83,4133.73,4124.665,4130.71
2025-11-11T09:00:00+08:00,4130.87,4137.976,4127.79,4137.34
2025-11-11T09:30:00+08:00,4137.34,4141.12,4130.11,4136.105
2025-11-11T10:00:00+08:00,4136.2,4137.611,4130.155,4134.01
2025-11-11T10:30:00+08:00,4134.01,4139.66,4129.23,4137.72
2025-11-11T11:00:00+08:00,4137.74,4145.83,4136.78,4144.03
2025-11-11T11:30:00+08:00,4144.1,4148.21,4143.038,4146.61
2025-11-11T12:00:00+08:00,4146.827,4148.966,4142.125,4143.835
2025-11-11T12:30:00+08:00,4143.96,4146.41,4141.7,4143.11
2025-11-11T13:00:00+08:00,4142.95,4144.48,4134.63,4136
2025-11-11T13:30:00+08:00,4136.08,4136.94,4124.37,4131.057
2025-11-11T14:00:00+08:00,4130.66,4137.83,4126.555,4137.507
2025-11-11T14:30:00+08:00,4137.61,4137.721,4126.955,4129.81
2025-11-11T15:00:00+08:00,4129.725,4133.24,4125.91,4131.207
2025-11-11T15:30:00+08:00,4131.207,4132.88,4124.76,4129.6
2025-11-11T16:00:00+08:00,4129.29,4137.63,4128.45,4134.74
2025-11-11T16:30:00+08:00,4134.72,4137.37,4128.885,4135.405
2025-11-11T17:00:00+08:00,4135.59,4144.41,4134.205,4143.68
2025-11-11T17:30:00+08:00,4143.73,4145.98,4141.595,4141.605
2025-11-11T18:00:00+08:00,4141.84,4144.1,4137.365,4141.967
2025-11-11T18:30:00+08:00,4142,4144.21,4136.595,4141.79
2025-11-11T19:00:00+08:00,4141.71,4143.72,4138.905,4140.88
2025-11-11T19:30:00+08:00,4140.909,4144.62,4138.898,4142.69
2025-11-11T20:00:00+08:00,4142.51,4143.99,4136.4,4138.927
2025-11-11T20:30:00+08:00,4138.93,4141.79,4132.92,4134.155
2025-11-11T21:00:00+08:00,4134.17,4143.711,4133.675,4141.23
2025-11-11T21:30:00+08:00,4141.52,4146.691,4138.898,4142.41
2025-11-11T22:00:00+08:00,4142.436,4143.271,4128.24,4130.19
2025-11-11T22:30:00+08:00,4130.19,4134.87,4119.655,4124.971
2025-11-11T23:00:00+08:00,4124.765,4126.151,4096.64,4101.43
2025-11-11T23:30:00+08:00,4101.305,4112.521,4096.76,4106.57
2025-11-12T00:00:00+08:00,4106.63,4115.51,4105.265,4109.227
2025-11-12T00:30:00+08:00,4109.185,4115.82,4104.92,4113.085
2025-11-12T01:00:00+08:00,4113.292,4117.821,4111.525,4114.3
2025-11-12T01:30:00+08:00,4114.3,4116.39,4110.365,4114.33
2025-11-12T02:00:00+08:00,4114.125,4116.365,4108.995,4110.357
2025-11-12T02:30:00+08:00,4110.185,4114.86,4106.435,4113.78
2025-11-12T03:00:00+08:00,4113.777,4119.07,4111.845,4117.611
2025-11-12T03:30:00+08:00,4117.34,4126.16,4117.31,4123.14
2025-11-12T04:00:00+08:00,4123.01,4128.79,4122.235,4125.61
2025-11-12T04:30:00+08:00,4125.47,4131.93,4124.155,4129.245
2025-11-12T05:00:00+08:00,4129.467,4131.52,4127.055,4128.73
2025-11-12T05:30:00+08:00,4128.76,4129.33,4125.395,4125.475
2025-11-12T07:00:00+08:00,4127.019,4139.38,4126,4138.16
2025-11-12T07:30:00+08:00,4138.16,4144.75,4135.89,4142.4
2025-11-12T08:00:00+08:00,4142.61,4145.55,4138.85,4141.38
2025-11-12T08:30:00+08:00,4141.547,4144.34,4131.82,4132.97
2025-11-12T09:00:00+08:00,4133.001,4137.33,4127.43,4130.76
2025-11-12T09:30:00+08:00,4130.59,4135.79,4125.92,4131.47
2025-11-12T10:00:00+08:00,4131.46,4135.454,4130.298,4131.517
2025-11-12T10:30:00+08:00,4131.541,4131.74,4118.47,4123.865
2025-11-12T11:00:00+08:00,4123.977,4125.48,4116.328,4119.467
2025-11-12T11:30:00+08:00,4119.285,4121.627,4111.51,4111.785
2025-11-12T12:00:00+08:00,4111.877,4113.075,4103.24,4111.43
2025-11-12T12:30:00+08:00,4111.35,4112.51,4105.4,4110.25
2025-11-12T13:00:00+08:00,4110.317,4111.01,4104.63,4104.97
2025-11-12T13:30:00+08:00,4105.331,4107.941,4098.41,4104.641
2025-11-12T14:00:00+08:00,4104.58,4116.051,4102.85,4115.08
2025-11-12T14:30:00+08:00,4114.59,4118.987,4111.79,4118.371
2025-11-12T15:00:00+08:00,4118.19,4125.3,4115.18,4123.96
2025-11-12T15:30:00+08:00,4123.777,4124.17,4113.1,4116.861
2025-11-12T16:00:00+08:00,4116.9,4130.377,4111.94,4128.06
2025-11-12T16:30:00+08:00,4127.98,4132.81,4126.075,4131.247
2025-11-12T17:00:00+08:00,4131.195,4133.581,4124.7,4126.9
2025-11-12T17:30:00+08:00,4127.06,4129.7,4120.249,4124.47
2025-11-12T18:00:00+08:00,4124.59,4128.36,4120.011,4120.67
2025-11-12T18:30:00+08:00,4120.69,4129.466,4117.715,4127.545
2025-11-12T19:00:00+08:00,4127.565,4131.186,4122.825,4124.19
2025-11-12T19:30:00+08:00,4124.22,4128.881,4123.295,4126.017
2025-11-12T20:00:00+08:00,4125.87,4137.69,4124.735,4136.32
2025-11-12T20:30:00+08:00,4136.17,4139.48,4129.5,4130
2025-11-12T21:00:00+08:00,4130.17,4131.44,4122.495,4127.45
2025-11-12T21:30:00+08:00,4127.42,4132.67,4124.02,4127.24
2025-11-12T22:00:00+08:00,4126.84,4138.05,4126.58,4131.88
2025-11-12T22:30:00+08:00,4131.49,4140.1,4124.75,4136.57
2025-11-12T23:00:00+08:00,4136.65,4172.431,4134.408,4166.33
2025-11-12T23:30:00+08:00,4166.656,4185.514,4165.6,4181.35
2025-11-13T00:00:00+08:00,4181.18,4189.46,4179.77,4186.66
2025-11-13T00:30:00+08:00,4186.831,4197.751,4186.02,4196.4
2025-11-13T01:00:00+08:00,4196.24,4202.39,4192.16,4196.446
2025-11-13T01:30:00+08:00,4196.44,4206.511,4195.34,4199.45
2025-11-13T02:00:00+08:00,4199.4,4211.656,4190.219,4206.78
2025-11-13T02:30:00+08:00,4206.796,4210.54,4205.655,4206.6
2025-11-13T03:00:00+08:00,4206.659,4210.14,4191.825,4194.08
2025-11-13T03:30:00+08:00,4194.096,4200.46,4193.76,4197.61
2025-11-13T04:00:00+08:00,4197.431,4199.71,4190.305,4195.376
2025-11-13T04:30:00+08:00,4195.165,4199.491,4191.598,4195.715
2025-11-13T05:00:00+08:00,4195.79,4198.49,4190.72,4197.62
2025-11-13T05:30:00+08:00,4197.62,4202.106,4192.78,4194.605
2025-11-13T07:00:00+08:00,4195.02,4208.39,4193.35,4195.85
2025-11-13T07:30:00+08:00,4195.85,4196.21,4187.005,4190.956
2025-11-13T08:00:00+08:00,4190.975,4194.116,4185.68,4192.44
2025-11-13T08:30:00+08:00,4192.44,4208.84,4192.34,4205.75
2025-11-13T09:00:00+08:00,4205.776,4209.35,4179.625,4187.605
2025-11-13T09:30:00+08:00,4188.03,4194.05,4180.08,4192.3
2025-11-13T10:00:00+08:00,4192.36,4195.891,4185.548,4187.75
2025-11-13T10:30:00+08:00,4187.54,4194.631,4183.255,4189.86
2025-11-13T11:00:00+08:00,4190.096,4205.86,4189.795,4200.485
2025-11-13T11:30:00+08:00,4200.455,4213.28,4200.038,4212.93
2025-11-13T12:00:00+08:00,4212.565,4219.4,4206.375,4209.395
2025-11-13T12:30:00+08:00,4209.52,4210.73,4203.05,4209.83
2025-11-13T13:00:00+08:00,4209.33,4217.69,4207.03,4212.38
2025-11-13T13:30:00+08:00,4212.36,4217.15,4207.66,4211.749
2025-11-13T14:00:00+08:00,4211.76,4212.85,4203.065,4208.9
2025-11-13T14:30:00+08:00,4208.899,4212.071,4204.89,4210.23
2025-11-13T15:00:00+08:00,4210.33,4218.35,4208.145,4216.191
2025-11-13T15:30:00+08:00,4216.1,4220.091,4212.29,4219.85
2025-11-13T16:00:00+08:00,4220.05,4238.17,4218.95,4237.36
2025-11-13T16:30:00+08:00,4237.394,4239.496,4231.929,4232.539
2025-11-13T17:00:00+08:00,4232.81,4239.52,4226.55,4226.846
2025-11-13T17:30:00+08:00,4226.846,4233.935,4224.765,4233.03
2025-11-13T18:00:00+08:00,4232.92,4240.105,4231.62,4234.685
2025-11-13T18:30:00+08:00,4234.735,4236.32,4221.455,4225.44
2025-11-13T19:00:00+08:00,4225.493,4231.58,4219.005,4222.91
2025-11-13T19:30:00+08:00,4222.77,4232.25,4221.61,4230.63
2025-11-13T20:00:00+08:00,4230.5,4237.2,4229.81,4233.24
2025-11-13T20:30:00+08:00,4233.36,4245.22,4231.93,4242.4
2025-11-13T21:00:00+08:00,4242.416,4243.92,4225.675,4235.12
2025-11-13T21:30:00+08:00,4234.895,4236.16,4220.01,4231.498
2025-11-13T22:00:00+08:00,4231.64,4232.4,4207.295,4211.21
2025-11-13T22:30:00+08:00,4211.12,4220.16,4184.27,4195.43
2025-11-13T23:00:00+08:00,4195.43,4205.13,4188.896,4194.727
2025-11-13T23:30:00+08:00,4194.505,4203.41,4186.198,4202.3
2025-11-14T00:00:00+08:00,4202.275,4210.98,4201.975,4206.205
2025-11-14T00:30:00+08:00,4206.17,4208.87,4195.425,4206.79
2025-11-14T01:00:00+08:00,4206.48,4208.42,4192.945,4202.68
2025-11-14T01:30:00+08:00,4202.57,4206.83,4195.97,4201.696
2025-11-14T02:00:00+08:00,4201.66,4203.28,4187.31,4190.3
2025-11-14T02:30:00+08:00,4190.307,4190.81,4144.965,4157.87
2025-11-14T03:00:00+08:00,4157.94,4161.11,4145.49,4159.76
2025-11-14T03:30:00+08:00,4159.81,4170.61,4157.8,4163.83
2025-11-14T04:00:00+08:00,4163.6,4170.64,4159.995,4169.065
2025-11-14T04:30:00+08:00,4169.39,4170.68,4160.49,4163.735
2025-11-14T05:00:00+08:00,4163.92,4181.38,4160.935,4174.056
2025-11-14T05:30:00+08:00,4174.18,4175.95,4169.028,4170.865
2025-11-14T07:00:00+08:00,4170.138,4184.68,4169.098,4179.18
2025-11-14T07:30:00+08:00,4178.8,4186.63,4176.305,4185.76
2025-11-14T08:00:00+08:00,4185.82,4189.86,4178.99,4188.025
2025-11-14T08:30:00+08:00,4188.3,4189.82,4177.835,4183.79
2025-11-14T09:00:00+08:00,4183.79,4189.047,4173.835,4174.38
2025-11-14T09:30:00+08:00,4174.345,4193.89,4173.34,4189.871
2025-11-14T10:00:00+08:00,4189.95,4202.39,4188.28,4199.24
2025-11-14T10:30:00+08:00,4199.48,4210.33,4198.755,4206.94
2025-11-14T11:00:00+08:00,4207.056,4211.17,4202.955,4210.77
2025-11-14T11:30:00+08:00,4210.63,4211.31,4201.04,4204.08
2025-11-14T12:00:00+08:00,4204.34,4205.73,4196.675,4197.69
2025-11-14T12:30:00+08:00,4197.395,4204.26,4196.89,4202.98
2025-11-14T13:00:00+08:00,4203.291,4203.66,4183.665,4188.3
2025-11-14T13:30:00+08:00,4188.3,4196.697,4185.315,4189.74
2025-11-14T14:00:00+08:00,4189.79,4193.32,4173.218,4178.27
2025-11-14T14:30:00+08:00,4178.26,4184.09,4169.34,4175.16
2025-11-14T15:00:00+08:00,4175.196,4177.32,4158.685,4163.06
2025-11-14T15:30:00+08:00,4163.065,4182.31,4162.408,4181
2025-11-14T16:00:00+08:00,4181,4184.311,4172.84,4177.017
2025-11-14T16:30:00+08:00,4176.79,4186.98,4169.63,4175.855
2025-11-14T17:00:00+08:00,4175.98,4180.56,4167.855,4169.955
2025-11-14T17:30:00+08:00,4169.92,4171.79,4166.255,4169.21
2025-11-14T18:00:00+08:00,4169.2,4170.78,4162.42,4164.98
2025-11-14T18:30:00+08:00,4165.18,4171.13,4159.028,4167.91
2025-11-14T19:00:00+08:00,4167.936,4169.9,4141.578,4148.65
2025-11-14T19:30:00+08:00,4148.52,4157.93,4130.685,4132.94
2025-11-14T20:00:00+08:00,4132.931,4140.66,4110.86,4113.32
2025-11-14T20:30:00+08:00,4113.16,4119.68,4107.59,4115.99
2025-11-14T21:00:00+08:00,4115.865,4119.04,4052.435,4055.62
2025-11-14T21:30:00+08:00,4055.62,4063.677,4040.85,4055.83
2025-11-14T22:00:00+08:00,4055.83,4060.36,4037.165,4053.31
2025-11-14T22:30:00+08:00,4052.99,4084.03,4031.82,4082.527
2025-11-14T23:00:00+08:00,4082.505,4082.81,4067.965,4080.8
2025-11-14T23:30:00+08:00,4080.787,4096.6,4071.77,4093.341
2025-11-15T00:00:00+08:00,4093.44,4103.38,4080.735,4102.087
2025-11-15T00:30:00+08:00,4102.16,4111.25,4096.225,4105.01
2025-11-15T01:00:00+08:00,4105.01,4110.67,4093.9,4098.64
2025-11-15T01:30:00+08:00,4098.705,4110.43,4095.975,4099.911
2025-11-15T02:00:00+08:00,4099.8,4100.37,4080.645,4092.991
2025-11-15T02:30:00+08:00,4093.05,4103.667,4090.66,4098.05
2025-11-15T03:00:00+08:00,4098.26,4100.09,4089.685,4093.55
2025-11-15T03:30:00+08:00,4093.411,4095.77,4087.529,4089.79
2025-11-15T04:00:00+08:00,4089.91,4092.38,4075.19,4083.79
2025-11-15T04:30:00+08:00,4083.47,4092.431,4081.67,4087.07
2025-11-15T05:00:00+08:00,4086.937,4087.32,4078.67,4082.88
2025-11-15T05:30:00+08:00,4082.615,4086.297,4077.27,4082.159
2025-11-17T07:00:00+08:00,4084.65,4109.72,4070.85,4103.2
2025-11-17T07:30:00+08:00,4103.357,4106.13,4093.28,4096.55
2025-11-17T08:00:00+08:00,4097.408,4098.27,4080.36,4086.135
2025-11-17T08:30:00+08:00,4086.446,4091.981,4081.2,4083.181
2025-11-17T09:00:00+08:00,4083.157,4096.94,4082.24,4095.59
2025-11-17T09:30:00+08:00,4095.78,4101.93,4089.805,4091.22
2025-11-17T10:00:00+08:00,4091.25,4092.58,4083.3,4091.45
2025-11-17T10:30:00+08:00,4091.69,4093.81,4080.39,4081.458
2025-11-17T11:00:00+08:00,4081.622,4085.877,4069.575,4080.16
2025-11-17T11:30:00+08:00,4080.01,4085.28,4077.56,4082.657
2025-11-17T12:00:00+08:00,4082.75,4088.08,4080.875,4083.045
2025-11-17T12:30:00+08:00,4083.12,4085.27,4076.645,4078.46
2025-11-17T13:00:00+08:00,4078.34,4078.71,4058.465,4064.125
2025-11-17T13:30:00+08:00,4064.377,4064.94,4049.44,4058.23
2025-11-17T14:00:00+08:00,4058.23,4066.537,4054.35,4062.935
2025-11-17T14:30:00+08:00,4062.892,4072.077,4062.28,4065.74
2025-11-17T15:00:00+08:00,4066.037,4079.59,4064.84,4078.652
2025-11-17T15:30:00+08:00,4078.76,4089.2,4076.77,4087.925
2025-11-17T16:00:00+08:00,4088.13,4096.07,4078.85,4081.041
2025-11-17T16:30:00+08:00,4081.03,4083.932,4071.885,4077.35
2025-11-17T17:00:00+08:00,4077.367,4085.26,4072.095,4083.45
2025-11-17T17:30:00+08:00,4083.45,4088.74,4078.838,4082.212
2025-11-17T18:00:00+08:00,4082.24,4089.46,4080.85,4084.37
2025-11-17T18:30:00+08:00,4084.37,4086.4,4068.105,4070.23
2025-11-17T19:00:00+08:00,4070,4073.777,4060.84,4065.61
2025-11-17T19:30:00+08:00,4065.53,4085.9,4064.205,4078.39
2025-11-17T20:00:00+08:00,4078.39,4080.36,4074.465,4078.25
2025-11-17T20:30:00+08:00,4078.31,4085.385,4074.795,4077.17
2025-11-17T21:00:00+08:00,4076.87,4092.38,4074.83,4076.62
2025-11-17T21:30:00+08:00,4076.195,4079.59,4060.48,4065.35
2025-11-17T22:00:00+08:00,4065.372,4074.63,4060.435,4066.205
2025-11-17T22:30:00+08:00,4066.297,4082.08,4065.29,4076.19
2025-11-17T23:00:00+08:00,4076.248,4077.588,4060.545,4072.51
2025-11-17T23:30:00+08:00,4072.44,4077.57,4063.255,4064.35
2025-11-18T00:00:00+08:00,4064.35,4068.892,4051.92,4068.88
2025-11-18T00:30:00+08:00,4068.63,4073.682,4064.87,4069.745
2025-11-18T01:00:00+08:00,4069.81,4080.63,4069.398,4077.441
2025-11-18T01:30:00+08:00,4077.24,4081.012,4071.035,4073.32
2025-11-18T02:00:00+08:00,4073.157,4076.33,4067.44,4072.848
2025-11-18T02:30:00+08:00,4072.94,4073.03,4062.03,4062.34
2025-11-18T03:00:00+08:00,4062.62,4065.12,4053.225,4056.26
2025-11-18T03:30:00+08:00,4056.43,4058.53,4010.54,4011.261
2025-11-18T04:00:00+08:00,4010.995,4027.95,4006.59,4026.83
2025-11-18T04:30:00+08:00,4027.06,4044.18,4024.855,4040.64
2025-11-18T05:00:00+08:00,4040.865,4045.84,4038.41,4043.088
2025-11-18T05:30:00+08:00,4043.137,4046.16,4042.16,4044.505
2025-11-18T07:00:00+08:00,4045.33,4055.32,4044.52,4048.012
2025-11-18T07:30:00+08:00,4047.66,4049.73,4028.35,4036.472
2025-11-18T08:00:00+08:00,4036.41,4040.26,4027.045,4030.75
2025-11-18T08:30:00+08:00,4030.75,4041.2,4028.48,4039.857
2025-11-18T09:00:00+08:00,4040.13,4045.16,4034.65,4040.24
2025-11-18T09:30:00+08:00,4040.095,4041.43,4022.19,4025.12
2025-11-18T10:00:00+08:00,4024.75,4034.42,4019.035,4030.61
2025-11-18T10:30:00+08:00,4030.7,4035.91,4015.085,4017.645
2025-11-18T11:00:00+08:00,4017.45,4019.712,4008.215,4012.75
2025-11-18T11:30:00+08:00,4012.71,4026.38,4011.03,4013.24
2025-11-18T12:00:00+08:00,4012.95,4018.17,4004.41,4017.64
2025-11-18T12:30:00+08:00,4017.6,4017.93,4007.26,4010.36
2025-11-18T13:00:00+08:00,4010.368,4021.908,4007.8,4016.87
2025-11-18T13:30:00+08:00,4016.69,4025.248,4015.32,4018.7
2025-11-18T14:00:00+08:00,4018.85,4020.488,4008.125,4014.02
2025-11-18T14:30:00+08:00,4013.85,4015.777,4007.36,4009
2025-11-18T15:00:00+08:00,4008.665,4010.9,4001.925,4002.61
2025-11-18T15:30:00+08:00,4002.33,4017.492,3997.658,4013.757
2025-11-18T16:00:00+08:00,4013.57,4026.94,4010.225,4022.27
2025-11-18T16:30:00+08:00,4022.14,4042.7,4021.335,4036.78
2025-11-18T17:00:00+08:00,4036.64,4039.99,4030.265,4034.588
2025-11-18T17:30:00+08:00,4034.8,4047.17,4030.02,4040.15
2025-11-18T18:00:00+08:00,4040,4044.92,4037.395,4038.42
2025-11-18T18:30:00+08:00,4038.317,4050.43,4037.205,4044.12
2025-11-18T19:00:00+08:00,4044.029,4049.157,4042.455,4048.308
2025-11-18T19:30:00+08:00,4048.308,4050.32,4036.685,4039.347
2025-11-18T20:00:00+08:00,4039.41,4045.117,4031.935,4033.037
2025-11-18T20:30:00+08:00,4033.048,4039.98,4028.99,4032.22
2025-11-18T21:00:00+08:00,4032.44,4053.04,4031.215,4048.872
2025-11-18T21:30:00+08:00,4048.91,4070.32,4047.645,4065.015
2025-11-18T22:00:00+08:00,4065.16,4080.58,4063.195,4074.575
2025-11-18T22:30:00+08:00,4074.717,4081.977,4057.955,4065.74
2025-11-18T23:00:00+08:00,4065.74,4068.04,4053.135,4064.8
2025-11-18T23:30:00+08:00,4064.69,4072.497,4048.87,4052.94
2025-11-19T00:00:00+08:00,4052.77,4065.49,4040.145,4064.66
2025-11-19T00:30:00+08:00,4064.9,4069.17,4057.485,4066.66
2025-11-19T01:00:00+08:00,4066.697,4070.52,4059.125,4061.461
2025-11-19T01:30:00+08:00,4061.49,4075.792,4060.365,4071.12
2025-11-19T02:00:00+08:00,4071.41,4074.62,4062.89,4065.62
2025-11-19T02:30:00+08:00,4065.688,4074.437,4063.43,4072.48
2025-11-19T03:00:00+08:00,4072.596,4080.81,4072.26,4075.51
2025-11-19T03:30:00+08:00,4075.53,4082.18,4073.375,4081.11
2025-11-19T04:00:00+08:00,4080.99,4082.41,4069.145,4072.18
2025-11-19T04:30:00+08:00,4072.06,4073.66,4067.135,4069.4
2025-11-19T05:00:00+08:00,4069.395,4072.448,4064.735,4065.62
2025-11-19T05:30:00+08:00,4065.72,4068.48,4065.025,4066.605
2025-11-19T07:00:00+08:00,4067.27,4073.497,4065.348,4071.27
2025-11-19T07:30:00+08:00,4071.121,4077.95,4067.74,4076.6
2025-11-19T08:00:00+08:00,4076.6,4078.5,4070.81,4074.763
2025-11-19T08:30:00+08:00,4074.66,4077.422,4067.325,4069.197
2025-11-19T09:00:00+08:00,4069.237,4070.17,4060.535,4067.63
2025-11-19T09:30:00+08:00,4067.71,4070.418,4055.95,4058.95
2025-11-19T10:00:00+08:00,4059.03,4065.13,4055.248,4064.461
2025-11-19T10:30:00+08:00,4064.33,4080.67,4063.895,4075.5
2025-11-19T11:00:00+08:00,4075.657,4078.62,4069.365,4071.79
2025-11-19T11:30:00+08:00,4071.792,4076.297,4065.895,4066.92
2025-11-19T12:00:00+08:00,4067.128,4075.79,4064.29,4074.17
2025-11-19T12:30:00+08:00,4074.38,4076.95,4072.155,4075.27
2025-11-19T13:00:00+08:00,4075.17,4092.197,4074.045,4088.615
2025-11-19T13:30:00+08:00,4088.64,4097.54,4087.635,4095.331
2025-11-19T14:00:00+08:00,4095.331,4098.61,4088.865,4092.16
2025-11-19T14:30:00+08:00,4092.16,4095.541,4089.285,4090.88
2025-11-19T15:00:00+08:00,4091.07,4092.901,4084.625,4088.405
2025-11-19T15:30:00+08:00,4088.385,4096.9,4086.035,4086.745
2025-11-19T16:00:00+08:00,4086.76,4088.72,4078.125,4087.855
2025-11-19T16:30:00+08:00,4087.92,4088.58,4079.958,4083.31
2025-11-19T17:00:00+08:00,4083.47,4092.07,4080.945,4091.12
2025-11-19T17:30:00+08:00,4091.08,4116.3,4087.685,4113.18
2025-11-19T18:00:00+08:00,4113.23,4119.06,4108.945,4112.38
2025-11-19T18:30:00+08:00,4112.16,4114.79,4106.865,4109.131
2025-11-19T19:00:00+08:00,4108.87,4117.678,4106.245,4114.22
2025-11-19T19:30:00+08:00,4114.32,4116.936,4109.615,4112.786
2025-11-19T20:00:00+08:00,4113.01,4119.75,4111.995,4117.04
2025-11-19T20:30:00+08:00,4117.13,4119.84,4112.045,4114.51
2025-11-19T21:00:00+08:00,4114.51,4115.25,4100.615,4109.346
2025-11-19T21:30:00+08:00,4109.367,4117.77,4105.875,4110.56
2025-11-19T22:00:00+08:00,4110.475,4118.79,4105.655,4106.777
2025-11-19T22:30:00+08:00,4106.8,4129.07,4101.785,4127.95
2025-11-19T23:00:00+08:00,4127.907,4132.81,4115.695,4116.22
2025-11-19T23:30:00+08:00,4116.33,4121.27,4089.855,4096.6
2025-11-20T00:00:00+08:00,4096.697,4098.58,4071.455,4074.44
2025-11-20T00:30:00+08:00,4074.552,4079.28,4067.715,4074.54
2025-11-20T01:00:00+08:00,4074.64,4076.357,4055.385,4072.065
2025-11-20T01:30:00+08:00,4072.19,4081.28,4062.89,4078.741
2025-11-20T02:00:00+08:00,4078.86,4086.88,4078.395,4081.912
2025-11-20T02:30:00+08:00,4081.907,4091.26,4075.565,4087.2
2025-11-20T03:00:00+08:00,4087.031,4087.24,4069.055,4071.677
2025-11-20T03:30:00+08:00,4071.83,4077.54,4069.045,4073.58
2025-11-20T04:00:00+08:00,4073.505,4082.17,4072.09,4079.332
2025-11-20T04:30:00+08:00,4079.31,4080.53,4072.06,4076.16
2025-11-20T05:00:00+08:00,4076.237,4077.4,4065.425,4076.69
2025-11-20T05:30:00+08:00,4076.69,4084.78,4075.875,4077.025
2025-11-20T07:00:00+08:00,4077.629,4091.21,4077.36,4087.89
2025-11-20T07:30:00+08:00,4087.9,4108.15,4085.565,4104.46
2025-11-20T08:00:00+08:00,4104.391,4110.227,4103.04,4105.567
2025-11-20T08:30:00+08:00,4105.567,4108.92,4100.175,4103.04
2025-11-20T09:00:00+08:00,4102.851,4109.221,4092.098,4094.4
2025-11-20T09:30:00+08:00,4094.406,4098.399,4080.887,4081.591
2025-11-20T10:00:00+08:00,4081.46,4081.751,4039.457,4054.97
2025-11-20T10:30:00+08:00,4055.22,4070.33,4053.215,4066.77
2025-11-20T11:00:00+08:00,4066.901,4085.57,4065.995,4075.94
2025-11-20T11:30:00+08:00,4076.27,4076.757,4064.615,4072.3
2025-11-20T12:00:00+08:00,4072.075,4080.08,4068.115,4078.21
2025-11-20T12:30:00+08:00,4077.935,4080.552,4073.155,4075.57
2025-11-20T13:00:00+08:00,4075.5,4075.94,4067.71,4069.34
2025-11-20T13:30:00+08:00,4069.34,4072.35,4064.185,4066.587
2025-11-20T14:00:00+08:00,4066.82,4077.73,4058.285,4062.897
2025-11-20T14:30:00+08:00,4062.88,4072.187,4061.27,4068.21
2025-11-20T15:00:00+08:00,4068.32,4076.741,4059.805,4062.595
2025-11-20T15:30:00+08:00,4062.79,4068.22,4054.025,4059.77
2025-11-20T16:00:00+08:00,4059.94,4063.14,4038.605,4045.777
2025-11-20T16:30:00+08:00,4045.66,4069.55,4043.42,4063.28
2025-11-20T17:00:00+08:00,4063.28,4072.82,4058.575,4059.172
2025-11-20T17:30:00+08:00,4059.22,4069.1,4055.37,4064.12
2025-11-20T18:00:00+08:00,4063.901,4068.32,4057.88,4061.54
2025-11-20T18:30:00+08:00,4061.512,4066.96,4058.02,4059.96
2025-11-20T19:00:00+08:00,4059.837,4061.172,4050.755,4056.42
2025-11-20T19:30:00+08:00,4056.54,4068.41,4054.165,4060.535
2025-11-20T20:00:00+08:00,4060.677,4079.59,4059.855,4073.241
2025-11-20T20:30:00+08:00,4073.206,4082.09,4072.705,4081.75
2025-11-20T21:00:00+08:00,4081.85,4094.514,4081.155,4085.105
2025-11-20T21:30:00+08:00,4085.86,4096.25,4066.218,4080.37
2025-11-20T22:00:00+08:00,4080.157,4088.67,4071.905,4080.195
2025-11-20T22:30:00+08:00,4080.292,4107.84,4073.94,4092.675
2025-11-20T23:00:00+08:00,4093.27,4098.92,4082.395,4095.353
2025-11-20T23:30:00+08:00,4095.089,4096.22,4069.94,4070.13
2025-11-21T00:00:00+08:00,4070.081,4082.68,4062.7,4065.068
2025-11-21T00:30:00+08:00,4064.915,4068.21,4044.485,4049.168
2025-11-21T01:00:00+08:00,4049.24,4061.32,4043.348,4056.2
2025-11-21T01:30:00+08:00,4056.23,4068.52,4049.015,4066.07
2025-11-21T02:00:00+08:00,4066.19,4072.67,4055.935,4060.45
2025-11-21T02:30:00+08:00,4060.27,4067.29,4056.37,4060.57
2025-11-21T03:00:00+08:00,4060.537,4087.19,4058.699,4084.1
2025-11-21T03:30:00+08:00,4084.1,4087.18,4079.005,4084.547
2025-11-21T04:00:00+08:00,4084.398,4085.1,4073.755,4077.15
2025-11-21T04:30:00+08:00,4077.177,4080.18,4073.155,4077.21
2025-11-21T05:00:00+08:00,4077.21,4080.96,4074,4078.84
2025-11-21T05:30:00+08:00,4078.84,4080.31,4075.3,4076.615
2025-11-21T07:00:00+08:00,4075.329,4086.14,4072.375,4080.74
2025-11-21T07:30:00+08:00,4081.04,4089.05,4074.095,4078.906
2025-11-21T08:00:00+08:00,4079.16,4081.293,4071.325,4075.08
2025-11-21T08:30:00+08:00,4074.455,4080,4071.315,4073.77
2025-11-21T09:00:00+08:00,4073.77,4073.8,4061.315,4061.77
2025-11-21T09:30:00+08:00,4061.622,4074.62,4060.265,4068.5
2025-11-21T10:00:00+08:00,4068.53,4075.83,4065.885,4073.55
2025-11-21T10:30:00+08:00,4073.35,4079.95,4056.225,4057.18
2025-11-21T11:00:00+08:00,4057.222,4059.27,4049.02,4052.468
2025-11-21T11:30:00+08:00,4052.52,4059.492,4050.46,4056.272
2025-11-21T12:00:00+08:00,4056.232,4062.521,4052.44,4059.98
2025-11-21T12:30:00+08:00,4059.665,4060.63,4047.358,4052.11
2025-11-21T13:00:00+08:00,4051.87,4057.4,4051.12,4052.56
2025-11-21T13:30:00+08:00,4053.02,4059.892,4039.635,4058.388
2025-11-21T14:00:00+08:00,4058.265,4064.76,4030.29,4031.788
2025-11-21T14:30:00+08:00,4031.175,4040.64,4028.965,4032.76
2025-11-21T15:00:00+08:00,4032.73,4037.721,4024.538,4037.17
2025-11-21T15:30:00+08:00,4037.61,4039.861,4028.695,4031.53
2025-11-21T16:00:00+08:00,4031.401,4048.1,4022.075,4042.67
2025-11-21T16:30:00+08:00,4042.587,4047.59,4038.38,4041.02
2025-11-21T17:00:00+08:00,4041.02,4063.432,4039.905,4056.55
2025-11-21T17:30:00+08:00,4056.25,4060.79,4047.98,4050.381
2025-11-21T18:00:00+08:00,4050.46,4052.82,4032.375,4032.549
2025-11-21T18:30:00+08:00,4032.75,4041.89,4032.055,4036.815
2025-11-21T19:00:00+08:00,4037.308,4046.975,4035.36,4039.28
2025-11-21T19:30:00+08:00,4039.28,4041.16,4030.71,4036.548
2025-11-21T20:00:00+08:00,4036.74,4050.52,4034.485,4044.805
2025-11-21T20:30:00+08:00,4044.968,4071.706,4043.585,4065.648
2025-11-21T21:00:00+08:00,4065.62,4070.81,4058.889,4067.53
2025-11-21T21:30:00+08:00,4067.49,4081.227,4065.965,4079.61
2025-11-21T22:00:00+08:00,4079.63,4083.97,4063.685,4066.28
2025-11-21T22:30:00+08:00,4066.581,4075.22,4061.22,4071.85
2025-11-21T23:00:00+08:00,4071.025,4076.87,4066.255,4069.07
2025-11-21T23:30:00+08:00,4068.829,4072.03,4054.86,4069.61
2025-11-22T00:00:00+08:00,4069.61,4072.5,4062.63,4070.168
2025-11-22T00:30:00+08:00,4070.167,4100.75,4069.51,4099.76
2025-11-22T01:00:00+08:00,4099.96,4101.167,4078.795,4081.372
2025-11-22T01:30:00+08:00,4081.335,4088.72,4079.12,4085.411
2025-11-22T02:00:00+08:00,4085.57,4087.42,4078.875,4080
2025-11-22T02:30:00+08:00,4079.892,4088.31,4076.205,4082.801
2025-11-22T03:00:00+08:00,4082.74,4092.16,4082.345,4090.487
2025-11-22T03:30:00+08:00,4090.51,4092.33,4084.165,4087.6
2025-11-22T04:00:00+08:00,4087.66,4088.89,4067.905,4069.657
2025-11-22T04:30:00+08:00,4069.632,4070.05,4054.955,4067.39
2025-11-22T05:00:00+08:00,4067.22,4069.1,4054.35,4061.868
2025-11-22T05:30:00+08:00,4062.357,4067.19,4061.39,4064.279
2025-11-24T07:00:00+08:00,4064.59,4077.65,4064.59,4070.597
2025-11-24T07:30:00+08:00,4070.52,4076.7,4065.495,4075.092
2025-11-24T08:00:00+08:00,4075.05,4076.05,4057.935,4062.86
2025-11-24T08:30:00+08:00,4062.68,4068.05,4061.56,4067.47
2025-11-24T09:00:00+08:00,4067.41,4073.32,4049.705,4055.065
2025-11-24T09:30:00+08:00,4055.3,4056.64,4042.385,4044.061
2025-11-24T10:00:00+08:00,4043.845,4048.77,4043.135,4047.94
2025-11-24T10:30:00+08:00,4047.83,4051.62,4040.375,4043.32
2025-11-24T11:00:00+08:00,4043.57,4051.03,4043.32,4048.89
2025-11-24T11:30:00+08:00,4048.908,4058.192,4048.005,4050.23
2025-11-24T12:00:00+08:00,4050.15,4061.21,4048.165,4051.02
2025-11-24T12:30:00+08:00,4051.077,4052.5,4041.935,4044.07
2025-11-24T13:00:00+08:00,4043.997,4048.147,4039.89,4046.99
2025-11-24T13:30:00+08:00,4046.957,4049.577,4040.995,4046.12
2025-11-24T14:00:00+08:00,4046.35,4056.668,4045.26,4052.82
2025-11-24T14:30:00+08:00,4052.861,4058.15,4051.84,4053.35
2025-11-24T15:00:00+08:00,4053.35,4057.61,4051.15,4052.428
2025-11-24T15:30:00+08:00,4052.28,4067.73,4052.21,4059.988
2025-11-24T16:00:00+08:00,4060,4066.29,4059.425,4062.94
2025-11-24T16:30:00+08:00,4062.801,4067,4059.885,4063.38
2025-11-24T17:00:00+08:00,4063.32,4074.29,4062.845,4068.67
2025-11-24T17:30:00+08:00,4068.57,4072.9,4065.555,4071.66
2025-11-24T18:00:00+08:00,4071.737,4077.315,4068.03,4070.28
2025-11-24T18:30:00+08:00,4070.268,4071.1,4062.935,4063.83
2025-11-24T19:00:00+08:00,4063.86,4070.53,4062.885,4070.117
2025-11-24T19:30:00+08:00,4070.18,4071.76,4066.825,4069.72
2025-11-24T20:00:00+08:00,4069.94,4074.32,4065.325,4070.56
2025-11-24T20:30:00+08:00,4070.668,4084.03,4070.348,4080.32
2025-11-24T21:00:00+08:00,4080.32,4085.05,4075.717,4080.53
2025-11-24T21:30:00+08:00,4080.53,4085.857,4073.335,4077.66
2025-11-24T22:00:00+08:00,4077.525,4083.08,4073.595,4075.24
2025-11-24T22:30:00+08:00,4075.375,4086.04,4068.075,4081.33
2025-11-24T23:00:00+08:00,4081.11,4093.87,4080.985,4088.13
2025-11-24T23:30:00+08:00,4088.247,4093.69,4086.815,4091.52
2025-11-25T00:00:00+08:00,4091.72,4095.52,4089.398,4092.26
2025-11-25T00:30:00+08:00,4092.361,4098.97,4091.795,4097.33
2025-11-25T01:00:00+08:00,4097.04,4099.79,4088.548,4093.397
2025-11-25T01:30:00+08:00,4093.51,4100.43,4092.285,4093.126
2025-11-25T02:00:00+08:00,4093.047,4095.78,4087.685,4095.72
2025-11-25T02:30:00+08:00,4095.448,4125.8,4095.335,4120.43
2025-11-25T03:00:00+08:00,4120.36,4124.26,4114.615,4118.75
2025-11-25T03:30:00+08:00,4118.798,4121.25,4113.725,4118.417
2025-11-25T04:00:00+08:00,4118.45,4125.75,4117.725,4124.93
2025-11-25T04:30:00+08:00,4124.6,4133.64,4124.435,4132.61
2025-11-25T05:00:00+08:00,4132.4,4133.8,4129.745,4132.42
2025-11-25T05:30:00+08:00,4132.27,4139.993,4130.765,4134.719
2025-11-25T07:00:00+08:00,4134.23,4139.35,4124.73,4130.69
2025-11-25T07:30:00+08:00,4131.14,4144.33,4128.53,4143.68
2025-11-25T08:00:00+08:00,4143.676,4144.561,4133.7,4135.54
2025-11-25T08:30:00+08:00,4135.09,4137.188,4127.165,4129.437
2025-11-25T09:00:00+08:00,4129.285,4135.99,4122.265,4127.4
2025-11-25T09:30:00+08:00,4127.4,4139.33,4127.14,4134.72
2025-11-25T10:00:00+08:00,4134.72,4145.617,4132.49,4144.78
2025-11-25T10:30:00+08:00,4144.707,4155.916,4143.665,4150.205
2025-11-25T11:00:00+08:00,4150.728,4151.08,4139.215,4145.04
2025-11-25T11:30:00+08:00,4145.33,4145.73,4140.495,4143.17
2025-11-25T12:00:00+08:00,4142.89,4147.96,4139.21,4145.89
2025-11-25T12:30:00+08:00,4145.89,4148.34,4139.925,4140.62
2025-11-25T13:00:00+08:00,4140.606,4148.075,4140.46,4144.03
2025-11-25T13:30:00+08:00,4143.795,4151.97,4141.1,4150.776
2025-11-25T14:00:00+08:00,4150.91,4152.107,4139.735,4140.88
2025-11-25T14:30:00+08:00,4140.48,4143.986,4138.365,4141.516
2025-11-25T15:00:00+08:00,4141.19,4146.02,4134.655,4137.02
2025-11-25T15:30:00+08:00,4136.865,4139.247,4129.785,4132.46
2025-11-25T16:00:00+08:00,4132.46,4139.48,4131.185,4136.316
2025-11-25T16:30:00+08:00,4136.29,4136.606,4109.415,4115.96
2025-11-25T17:00:00+08:00,4116.01,4130.54,4113.765,4124.61
2025-11-25T17:30:00+08:00,4124.76,4131.38,4121.67,4128.36
2025-11-25T18:00:00+08:00,4128.247,4138.76,4127.255,4130.797
2025-11-25T18:30:00+08:00,4130.941,4134.78,4127.195,4131.211
2025-11-25T19:00:00+08:00,4131.34,4137.32,4127.625,4132.09
2025-11-25T19:30:00+08:00,4132.366,4134.16,4129.05,4133.285
2025-11-25T20:00:00+08:00,4133.531,4138.833,4132.395,4132.83
2025-11-25T20:30:00+08:00,4132.82,4137.027,4115.85,4129.771
2025-11-25T21:00:00+08:00,4129.625,4146.92,4129.14,4141.58
2025-11-25T21:30:00+08:00,4141.82,4150.81,4140.748,4147.7
2025-11-25T22:00:00+08:00,4147.42,4148.7,4133.215,4134.45
2025-11-25T22:30:00+08:00,4134.296,4137.85,4110.685,4125.33
2025-11-25T23:00:00+08:00,4125.025,4134.04,4117.645,4127.9
2025-11-25T23:30:00+08:00,4127.886,4133.407,4120.305,4123.22
2025-11-26T00:00:00+08:00,4122.99,4141.4,4121.85,4140.5
2025-11-26T00:30:00+08:00,4140.5,4141.14,4134.28,4136.135
2025-11-26T01:00:00+08:00,4136.25,4154.01,4135.805,4149.627
2025-11-26T01:30:00+08:00,4149.65,4159.47,4144.055,4145.935
2025-11-26T02:00:00+08:00,4146.06,4151.08,4141.5,4142.447
2025-11-26T02:30:00+08:00,4142.215,4145.581,4132.345,4134.416
2025-11-26T03:00:00+08:00,4134.296,4140.391,4128.09,4129.91
2025-11-26T03:30:00+08:00,4130.02,4134.041,4128.76,4133.69
2025-11-26T04:00:00+08:00,4133.56,4138.45,4131.909,4132.138
2025-11-26T04:30:00+08:00,4132.18,4136.41,4130.385,4132.31
2025-11-26T05:00:00+08:00,4132.005,4132.52,4127.15,4130.02
2025-11-26T05:30:00+08:00,4130.31,4132.39,4128.955,4131.89
2025-11-26T07:00:00+08:00,4131.668,4137.03,4130.25,4132.95
2025-11-26T07:30:00+08:00,4132.95,4135.78,4129.44,4133.38
2025-11-26T08:00:00+08:00,4133.53,4142.848,4132.44,4141.516
2025-11-26T08:30:00+08:00,4141.6,4144.38,4134.42,4142.721
2025-11-26T09:00:00+08:00,4142.73,4147.32,4138.315,4144.64
2025-11-26T09:30:00+08:00,4144.94,4152.836,4142.815,4148.09
2025-11-26T10:00:00+08:00,4148.09,4164.566,4147,4162.176
2025-11-26T10:30:00+08:00,4162.176,4166.687,4158.035,4161.54
2025-11-26T11:00:00+08:00,4161.26,4169.003,4159.945,4164.03
2025-11-26T11:30:00+08:00,4164.021,4169.376,4162.835,4165.76
2025-11-26T12:00:00+08:00,4165.73,4167.09,4156.61,4157.47
2025-11-26T12:30:00+08:00,4157.46,4162.84,4156.2,4161.87
2025-11-26T13:00:00+08:00,4161.66,4168.69,4160.475,4166.9
2025-11-26T13:30:00+08:00,4166.62,4167.56,4159.86,4162.19
2025-11-26T14:00:00+08:00,4162.225,4162.95,4152.745,4158.18
2025-11-26T14:30:00+08:00,4158.256,4158.49,4146.42,4150.1
2025-11-26T15:00:00+08:00,4149.77,4154.946,4148.91,4151.69
2025-11-26T15:30:00+08:00,4152.07,4161.59,4150.71,4157.36
2025-11-26T16:00:00+08:00,4157.287,4168.54,4156.455,4166.82
2025-11-26T16:30:00+08:00,4166.76,4167.316,4154.475,4161.09
2025-11-26T17:00:00+08:00,4161.13,4164.64,4156.175,4162.53
2025-11-26T17:30:00+08:00,4162.63,4163.99,4157.468,4162.485
2025-11-26T18:00:00+08:00,4162.69,4165.25,4160.125,4162.99
2025-11-26T18:30:00+08:00,4163.09,4163.38,4155.735,4159.856
2025-11-26T19:00:00+08:00,4159.79,4164.987,4157.475,4164.651
2025-11-26T19:30:00+08:00,4164.651,4173.04,4164.58,4171.45
2025-11-26T20:00:00+08:00,4171.48,4173.34,4159.258,4161.64
2025-11-26T20:30:00+08:00,4161.69,4163.82,4148.23,4155.056
2025-11-26T21:00:00+08:00,4154.955,4166.67,4152.825,4165.096
2025-11-26T21:30:00+08:00,4165.2,4165.71,4148.795,4153.24
2025-11-26T22:00:00+08:00,4153.148,4156.93,4139.95,4141.95
2025-11-26T22:30:00+08:00,4141.966,4154.24,4141.165,4142.206
2025-11-26T23:00:00+08:00,4142.32,4157.97,4136.345,4156.6
2025-11-26T23:30:00+08:00,4156.451,4165.82,4155.365,4165.29
2025-11-27T00:00:00+08:00,4165.159,4165.8,4160.455,4161.926
2025-11-27T00:30:00+08:00,4161.87,4168.85,4160.845,4167.01
2025-11-27T01:00:00+08:00,4167.01,4169.91,4164.865,4167.755
2025-11-27T01:30:00+08:00,4167.826,4169.65,4165.425,4167.116
2025-11-27T02:00:00+08:00,4166.9,4171.69,4166.718,4167.831
2025-11-27T02:30:00+08:00,4167.88,4168.707,4157.855,4164.6
2025-11-27T03:00:00+08:00,4164.87,4169.9,4163.825,4167.31
2025-11-27T03:30:00+08:00,4167.447,4168.24,4162.285,4163.12
2025-11-27T04:00:00+08:00,4163.37,4167.6,4161.165,4165.2
2025-11-27T04:30:00+08:00,4165.176,4167.56,4161.525,4163.94
2025-11-27T05:00:00+08:00,4163.98,4164.96,4161.985,4163.95
2025-11-27T05:30:00+08:00,4163.72,4167.63,4162.06,4162.565
2025-11-27T07:00:00+08:00,4163.58,4168.62,4162.82,4164.08
2025-11-27T07:30:00+08:00,4164.04,4167.97,4162.055,4164.63
2025-11-27T08:00:00+08:00,4164.348,4167.2,4161.898,4165.92
2025-11-27T08:30:00+08:00,4165.92,4166.71,4161.458,4164.45
2025-11-27T09:00:00+08:00,4164.44,4165.286,4148.476,4153.596
2025-11-27T09:30:00+08:00,4153.72,4156.54,4148.575,4154.2
2025-11-27T10:00:00+08:00,4154.107,4156.156,4149.38,4152.787
2025-11-27T10:30:00+08:00,4152.96,4154.95,4144.31,4145.606
2025-11-27T11:00:00+08:00,4145.561,4150.756,4143.945,4148.17
2025-11-27T11:30:00+08:00,4148.036,4149.89,4145.705,4147.49
2025-11-27T12:00:00+08:00,4147.24,4149.91,4142.425,4149.43
2025-11-27T12:30:00+08:00,4149.39,4154.61,4149.01,4150.636
2025-11-27T13:00:00+08:00,4150.695,4154.73,4150.4,4152.756
2025-11-27T13:30:00+08:00,4152.75,4153.56,4144.425,4147.17
2025-11-27T14:00:00+08:00,4146.95,4156.856,4146.725,4156.63
2025-11-27T14:30:00+08:00,4156.656,4159.187,4152.405,4157.32
2025-11-27T15:00:00+08:00,4157.305,4162.41,4155.295,4159.3
2025-11-27T15:30:00+08:00,4159.17,4160.63,4157.265,4160.04
2025-11-27T16:00:00+08:00,4160.04,4165.621,4159.305,4164.69
2025-11-27T16:30:00+08:00,4164.99,4167.3,4162.895,4165.76
2025-11-27T17:00:00+08:00,4165.56,4165.827,4148.165,4154.715
2025-11-27T17:30:00+08:00,4154.83,4160.755,4152.95,4158.35
2025-11-27T18:00:00+08:00,4158.35,4160.51,4152.547,4152.76
2025-11-27T18:30:00+08:00,4152.76,4157.16,4152.185,4156.52
2025-11-27T19:00:00+08:00,4156.52,4159.78,4155.675,4158.89
2025-11-27T19:30:00+08:00,4158.896,4162.44,4157.08,4157.416
2025-11-27T20:00:00+08:00,4157.11,4159.1,4155.6,4156.81
2025-11-27T20:30:00+08:00,4156.79,4158.65,4153.27,4153.83
2025-11-27T21:00:00+08:00,4153.97,4154.247,4148.895,4152.32
2025-11-27T21:30:00+08:00,4152.14,4158.06,4151.725,4154.94
2025-11-27T22:00:00+08:00,4154.705,4160.79,4153.63,4157.07
2025-11-27T22:30:00+08:00,4157.22,4159.06,4152.685,4153.311
2025-11-27T23:00:00+08:00,4153.23,4161.787,4152.745,4161.2
2025-11-27T23:30:00+08:00,4160.845,4161.12,4156.675,4157.81
2025-11-28T00:00:00+08:00,4157.947,4158.44,4151.235,4154.39
2025-11-28T00:30:00+08:00,4154.09,4157.591,4153.825,4156.34
2025-11-28T01:00:00+08:00,4156.07,4157.247,4154.465,4156.707
2025-11-28T01:30:00+08:00,4156.7,4159.24,4156.195,4157.77
2025-11-28T02:00:00+08:00,4157.77,4158.636,4155.545,4156.258
2025-11-28T02:30:00+08:00,4156.14,4159.885,4155.915,4158.96
2025-11-28T03:00:00+08:00,4158.96,4160.41,4156.31,4157.33
2025-11-28T07:00:00+08:00,4157.748,4163.16,4156.88,4162.74
2025-11-28T07:30:00+08:00,4162.74,4163.88,4161.758,4163.148
2025-11-28T08:00:00+08:00,4163.41,4172.05,4162.625,4170.69
2025-11-28T08:30:00+08:00,4170.65,4183.305,4170.185,4180.65
2025-11-28T09:00:00+08:00,4180.587,4191.56,4180.345,4187.31
2025-11-28T09:30:00+08:00,4187.25,4193.2,4185.905,4191.06
2025-11-28T10:00:00+08:00,4190.996,4192.16,4186.885,4189.74
2025-11-28T10:30:00+08:00,4189.74,4190.621,4185.71,4189.45
2025-11-28T11:00:00+08:00,4189.416,4192.79,4183.61,4188.111
2025-11-28T11:30:00+08:00,4187.935,4189.905,4181.915,4184.06
2025-11-28T12:00:00+08:00,4184.06,4187.424,4177.72,4180.89
2025-11-28T12:30:00+08:00,4180.905,4188.82,4178.57,4188.62
2025-11-28T13:00:00+08:00,4188.62,4188.82,4148.474,4184.075
2025-11-28T13:30:00+08:00,4184.82,4185.84,4181.345,4182.551
2025-11-28T14:00:00+08:00,4182.596,4185.427,4180.835,4185.26
2025-11-28T14:30:00+08:00,4185.27,4190.45,4184.445,4187.302
2025-11-28T15:00:00+08:00,4187.46,4187.88,4181.215,4182.87
2025-11-28T15:30:00+08:00,4182.907,4183.44,4173.365,4174.626
2025-11-28T16:00:00+08:00,4174.626,4181.529,4147.707,4159.686
2025-11-28T16:30:00+08:00,4160.216,4174.905,4153.21,4170.42
2025-11-28T17:00:00+08:00,4170.336,4170.834,4158.13,4160.547
2025-11-28T17:30:00+08:00,4160.596,4168.037,4159.996,4167.578
2025-11-28T18:00:00+08:00,4167.557,4178.767,4165.91,4168.787
2025-11-28T18:30:00+08:00,4168.796,4170.278,4159.64,4163.62
2025-11-28T19:00:00+08:00,4163.947,4180.007,4162.57,4173.956
2025-11-28T19:30:00+08:00,4174.05,4177.15,4171.27,4171.72
2025-11-28T20:00:00+08:00,4171.52,4178.258,4167.87,4174.98
2025-11-28T20:30:00+08:00,4175.03,4177.654,4173.08,4176.35
2025-11-28T21:00:00+08:00,4176.547,4178.492,4168.038,4169.95
2025-11-28T21:30:00+08:00,4170.406,4182.99,4168.91,4182.385
2025-11-28T22:00:00+08:00,4182.48,4200.32,4182.385,4196.338
2025-11-28T22:30:00+08:00,4196.7,4209.32,4194.145,4197.97
2025-11-28T23:00:00+08:00,4198.071,4199.14,4185.415,4197.08
2025-11-28T23:30:00+08:00,4196.925,4204.006,4193.406,4203.59
2025-11-29T00:00:00+08:00,4203.58,4210.66,4197.595,4209.421
2025-11-29T00:30:00+08:00,4209.411,4210.81,4201.968,4206.085
2025-11-29T01:00:00+08:00,4206.09,4211.74,4204.165,4206.6
2025-11-29T01:30:00+08:00,4206.756,4216.986,4205.975,4216.86
2025-11-29T02:00:00+08:00,4216.811,4220.72,4210.755,4219.971
2025-11-29T02:30:00+08:00,4220.1,4226.796,4218.335,4220.21
2025-11-29T03:00:00+08:00,4220.21,4221.84,4216.05,4217.656
2025-11-29T03:30:00+08:00,4217.97,4221.65,4216.355,4219.38
2025-12-01T07:00:00+08:00,4222.287,4232.73,4204.77,4221.855
2025-12-01T07:30:00+08:00,4221.82,4225.3,4219.396,4221.905
2025-12-01T08:00:00+08:00,4221.92,4232.4,4218.04,4227.03
2025-12-01T08:30:00+08:00,4226.97,4233.67,4225.615,4230.67
2025-12-01T09:00:00+08:00,4230.836,4239.47,4219.565,4238.28
2025-12-01T09:30:00+08:00,4238.63,4256.29,4234.495,4255.24
2025-12-01T10:00:00+08:00,4255.41,4256.55,4240.45,4240.95
2025-12-01T10:30:00+08:00,4241.05,4243.31,4233.915,4242.88
2025-12-01T11:00:00+08:00,4242.89,4243.92,4232.28,4235.28
2025-12-01T11:30:00+08:00,4235.397,4240.87,4234.61,4239.11
2025-12-01T12:00:00+08:00,4239.14,4240.66,4236.155,4239.646
2025-12-01T12:30:00+08:00,4239.64,4246.96,4239.065,4245.305
2025-12-01T13:00:00+08:00,4245.58,4246.66,4215.15,4220.17
2025-12-01T13:30:00+08:00,4219.985,4231.58,4217.455,4229.57
2025-12-01T14:00:00+08:00,4229.57,4233.92,4225.885,4231.7
2025-12-01T14:30:00+08:00,4231.7,4240.58,4229.66,4237.03
2025-12-01T15:00:00+08:00,4237.04,4242.74,4231.45,4240.49
2025-12-01T15:30:00+08:00,4240.425,4246.65,4237.86,4245.28
2025-12-01T16:00:00+08:00,4245.146,4253.66,4244.305,4249.345
2025-12-01T16:30:00+08:00,4249.33,4250.17,4237.958,4244.66
2025-12-01T17:00:00+08:00,4244.646,4251.876,4244.39,4251.26
2025-12-01T17:30:00+08:00,4251.31,4251.6,4243.415,4249.755
2025-12-01T18:00:00+08:00,4249.77,4262.32,4248.888,4253.36
2025-12-01T18:30:00+08:00,4253.325,4257.9,4251.005,4255.67
2025-12-01T19:00:00+08:00,4255.29,4256.73,4247.945,4254.346
2025-12-01T19:30:00+08:00,4254.306,4258.64,4251.635,4254.41
2025-12-01T20:00:00+08:00,4254.53,4256.55,4247.235,4252.48
2025-12-01T20:30:00+08:00,4252.77,4256.34,4243.975,4246.4
2025-12-01T21:00:00+08:00,4246.4,4257.66,4245.445,4256.95
2025-12-01T21:30:00+08:00,4256.736,4264.56,4246.915,4247.176
2025-12-01T22:00:00+08:00,4247.25,4249.37,4238.425,4246.536
2025-12-01T22:30:00+08:00,4246.49,4248.146,4219.345,4239.84
2025-12-01T23:00:00+08:00,4239.726,4245.04,4219.425,4228.15
2025-12-01T23:30:00+08:00,4228.03,4236.55,4221.505,4232.48
2025-12-02T00:00:00+08:00,4232.32,4240.07,4226.805,4239.716
2025-12-02T00:30:00+08:00,4239.706,4242.406,4225.005,4226.22
2025-12-02T01:00:00+08:00,4226.136,4236.66,4222.835,4236.07
2025-12-02T01:30:00+08:00,4235.52,4240.2,4229.765,4232.2
2025-12-02T02:00:00+08:00,4232.25,4241.98,4232.065,4241.01
2025-12-02T02:30:00+08:00,4240.886,4244.66,4236.005,4240.07
2025-12-02T03:00:00+08:00,4240.28,4242.19,4235.805,4241.71
2025-12-02T03:30:00+08:00,4241.73,4243.79,4229.089,4236.83
2025-12-02T04:00:00+08:00,4236.93,4240.95,4234.775,4237.61
2025-12-02T04:30:00+08:00,4237.59,4241.678,4234.225,4237.286
2025-12-02T05:00:00+08:00,4237.42,4240.55,4235.22,4238.53
2025-12-02T05:30:00+08:00,4238.47,4238.7,4229.995,4231.255
2025-12-02T07:00:00+08:00,4231.47,4236,4228.078,4235.46
2025-12-02T07:30:00+08:00,4235.43,4235.81,4224.11,4227.47
2025-12-02T08:00:00+08:00,4227.47,4227.98,4221.35,4224.83
2025-12-02T08:30:00+08:00,4225.03,4229.71,4223.335,4226.62
2025-12-02T09:00:00+08:00,4226.69,4227.35,4198.02,4214.01
2025-12-02T09:30:00+08:00,4213.74,4220.951,4208.125,4219.41
2025-12-02T10:00:00+08:00,4219.466,4223.28,4215.265,4217.146
2025-12-02T10:30:00+08:00,4217.08,4224.48,4214.175,4221.431
2025-12-02T11:00:00+08:00,4221.39,4226.416,4220.46,4222.47
2025-12-02T11:30:00+08:00,4222.47,4225.356,4215.435,4216.68
2025-12-02T12:00:00+08:00,4216.79,4220.596,4215.185,4216.451
2025-12-02T12:30:00+08:00,4216.17,4218.84,4213.425,4218.59
2025-12-02T13:00:00+08:00,4218.7,4223.18,4214.865,4221.31
2025-12-02T13:30:00+08:00,4221.35,4225.41,4218.665,4224.94
2025-12-02T14:00:00+08:00,4225.04,4226.29,4203.955,4205.546
2025-12-02T14:30:00+08:00,4205.45,4215.45,4202.985,4212.84
2025-12-02T15:00:00+08:00,4212.84,4219.52,4210.23,4217.456
2025-12-02T15:30:00+08:00,4217.455,4218.736,4209.455,4213.196
2025-12-02T16:00:00+08:00,4213.42,4217.4,4206.875,4214.63
2025-12-02T16:30:00+08:00,4214.45,4216.716,4209.885,4210.16
2025-12-02T17:00:00+08:00,4210.09,4213.28,4191.975,4194.45
2025-12-02T17:30:00+08:00,4194.576,4196.17,4180.895,4192.09
2025-12-02T18:00:00+08:00,4191.77,4192.43,4182.225,4186.617
2025-12-02T18:30:00+08:00,4186.616,4189.917,4182.045,4185.84
2025-12-02T19:00:00+08:00,4185.49,4196.9,4184.735,4196.765
2025-12-02T19:30:00+08:00,4196.89,4205.96,4194.298,4205.285
2025-12-02T20:00:00+08:00,4205.4,4208.09,4200.815,4204.275
2025-12-02T20:30:00+08:00,4204.37,4209.631,4202.205,4208.451
2025-12-02T21:00:00+08:00,4208.415,4215.32,4201.915,4203.355
2025-12-02T21:30:00+08:00,4203.591,4212.83,4202.415,4212.39
2025-12-02T22:00:00+08:00,4212.39,4230.72,4212.12,4227.62
2025-12-02T22:30:00+08:00,4227.435,4229.48,4214.135,4218.815
2025-12-02T23:00:00+08:00,4218.88,4219.72,4186.345,4187.495
2025-12-02T23:30:00+08:00,4187.876,4192.13,4163.458,4169.225
2025-12-03T00:00:00+08:00,4169.49,4179.83,4166.545,4177.26
2025-12-03T00:30:00+08:00,4177.08,4190.29,4176.78,4184.62
2025-12-03T01:00:00+08:00,4184.621,4192.81,4184.46,4191.956
2025-12-03T01:30:00+08:00,4191.98,4196.87,4190.065,4193.69
2025-12-03T02:00:00+08:00,4193.81,4196.84,4188.795,4189.4
2025-12-03T02:30:00+08:00,4189.52,4191.78,4182.985,4190.83
2025-12-03T03:00:00+08:00,4190.61,4198.3,4190.61,4197.33
2025-12-03T03:30:00+08:00,4197.13,4200.63,4193.555,4196.336
2025-12-03T04:00:00+08:00,4196.47,4200.05,4194.555,4198.51
2025-12-03T04:30:00+08:00,4198.51,4212.4,4198.285,4210.258
2025-12-03T05:00:00+08:00,4210.218,4211.81,4207.56,4209.84
2025-12-03T05:30:00+08:00,4209.94,4211.5,4204.998,4205.695
2025-12-03T07:00:00+08:00,4207.788,4213.16,4202.098,4208.856
2025-12-03T07:30:00+08:00,4208.91,4216.04,4206.516,4212.778
2025-12-03T08:00:00+08:00,4212.53,4212.919,4206.005,4207.46
2025-12-03T08:30:00+08:00,4207.546,4211.91,4204.325,4211.72
2025-12-03T09:00:00+08:00,4211.65,4221.13,4211.408,4216.665
2025-12-03T09:30:00+08:00,4216.85,4219.786,4213.065,4214.15
2025-12-03T10:00:00+08:00,4214.47,4224.54,4213.98,4223.18
2025-12-03T10:30:00+08:00,4223.05,4228.88,4222.28,4226.5
2025-12-03T11:00:00+08:00,4226.636,4227.55,4220.23,4225.58
2025-12-03T11:30:00+08:00,4225.38,4226.166,4219.825,4221.156
2025-12-03T12:00:00+08:00,4220.9,4224.34,4217.02,4222.616
2025-12-03T12:30:00+08:00,4222.51,4225.396,4219.865,4222.31
2025-12-03T13:00:00+08:00,4222.36,4223.89,4218.515,4220.4
2025-12-03T13:30:00+08:00,4220.506,4221.026,4203.155,4207.448
2025-12-03T14:00:00+08:00,4207.74,4211.87,4205.915,4208.93
2025-12-03T14:30:00+08:00,4209.086,4210,4204.495,4208.08
2025-12-03T15:00:00+08:00,4208.23,4210.39,4201.935,4202.45
2025-12-03T15:30:00+08:00,4202.356,4207.85,4199.996,4206.316
2025-12-03T16:00:00+08:00,4206.19,4208.13,4203.575,4206.45
2025-12-03T16:30:00+08:00,4206.356,4210.21,4203.905,4206.245
2025-12-03T17:00:00+08:00,4206.22,4207.65,4196.866,4199.84
2025-12-03T17:30:00+08:00,4199.84,4202.41,4199.635,4202.14
2025-12-03T18:00:00+08:00,4201.98,4204.824,4194.33,4202.735
2025-12-03T18:30:00+08:00,4202.906,4204.08,4197.71,4200.5
2025-12-03T19:00:00+08:00,4200.566,4205.68,4196.86,4205.08
2025-12-03T19:30:00+08:00,4205.15,4209.25,4202.44,4208.48
2025-12-03T20:00:00+08:00,4208.48,4210.52,4204.875,4208.03
2025-12-03T20:30:00+08:00,4207.95,4214.34,4207.48,4213.38
2025-12-03T21:00:00+08:00,4213.356,4222.921,4210.67,4220.035
2025-12-03T21:30:00+08:00,4220.27,4238.57,4216.545,4237.16
2025-12-03T22:00:00+08:00,4236.98,4240.81,4218.375,4225.09
2025-12-03T22:30:00+08:00,4224.64,4241.73,4204.835,4212.636
2025-12-03T23:00:00+08:00,4212.58,4224.58,4205.795,4221.7
2025-12-03T23:30:00+08:00,4221.65,4229.4,4214.065,4216.26
2025-12-04T00:00:00+08:00,4216.115,4222.01,4212.365,4218.93
2025-12-04T00:30:00+08:00,4218.93,4225.09,4195.585,4200.61
2025-12-04T01:00:00+08:00,4200.87,4213.08,4200.075,4209
2025-12-04T01:30:00+08:00,4208.92,4215.41,4207.795,4211.066
2025-12-04T02:00:00+08:00,4211.04,4211.59,4198.476,4201.736
2025-12-04T02:30:00+08:00,4201.726,4206.66,4194.945,4196.725
2025-12-04T03:00:00+08:00,4196.79,4206.811,4196.705,4205.96
2025-12-04T03:30:00+08:00,4205.97,4210,4204.605,4207.82
2025-12-04T04:00:00+08:00,4207.98,4212.84,4207.098,4209.945
2025-12-04T04:30:00+08:00,4210.07,4211.38,4203.288,4206.166
2025-12-04T05:00:00+08:00,4206.216,4210.13,4205.815,4206.88
2025-12-04T05:30:00+08:00,4206.88,4209.7,4201.915,4202.93
2025-12-04T07:00:00+08:00,4202.42,4208.911,4202.42,4206.98
2025-12-04T07:30:00+08:00,4206.98,4207.39,4202.42,4207.21
2025-12-04T08:00:00+08:00,4206.98,4212.846,4204.3,4211.93
2025-12-04T08:30:00+08:00,4211.76,4215.81,4209.165,4211.636
2025-12-04T09:00:00+08:00,4211.61,4214.691,4205.585,4213.28
2025-12-04T09:30:00+08:00,4212.995,4216.811,4207.485,4209.21
2025-12-04T10:00:00+08:00,4209.266,4209.306,4198.72,4205.906
2025-12-04T10:30:00+08:00,4205.96,4207.54,4199.6,4200.365
2025-12-04T11:00:00+08:00,4200.36,4201.6,4187.125,4193.32
2025-12-04T11:30:00+08:00,4193.27,4197.9,4189.97,4195.59
2025-12-04T12:00:00+08:00,4195.8,4199.15,4192.545,4198.39
2025-12-04T12:30:00+08:00,4198.186,4198.54,4194.34,4196.936
2025-12-04T13:00:00+08:00,4196.72,4197.95,4189.355,4196.775
2025-12-04T13:30:00+08:00,4197.02,4199.04,4174.73,4180.88
2025-12-04T14:00:00+08:00,4180.88,4185.84,4178.41,4183.02
2025-12-04T14:30:00+08:00,4182.61,4190.32,4182.245,4190.14
2025-12-04T15:00:00+08:00,4190.14,4195.01,4186.605,4188.935
2025-12-04T15:30:00+08:00,4189.186,4193.94,4186.48,4193.84
2025-12-04T16:00:00+08:00,4193.84,4196.36,4189.638,4192.867
2025-12-04T16:30:00+08:00,4192.87,4194.48,4184.635,4184.667
2025-12-04T17:00:00+08:00,4184.96,4192.02,4183.315,4191.37
2025-12-04T17:30:00+08:00,4191.35,4202.38,4190.385,4199.766
2025-12-04T18:00:00+08:00,4199.85,4202.666,4198.145,4199.166
2025-12-04T18:30:00+08:00,4199.09,4201.91,4196.405,4197.26
2025-12-04T19:00:00+08:00,4197.26,4206.61,4196.919,4199.13
2025-12-04T19:30:00+08:00,4199.13,4202.04,4197.015,4198.46
2025-12-04T20:00:00+08:00,4198.516,4201.86,4192.835,4194.32
2025-12-04T20:30:00+08:00,4194.32,4194.45,4188.505,4190.46
2025-12-04T21:00:00+08:00,4190.3,4197.48,4185.155,4195.665
2025-12-04T21:30:00+08:00,4195.86,4199.02,4186.748,4198.171
2025-12-04T22:00:00+08:00,4198.31,4210.33,4198.045,4208.1
2025-12-04T22:30:00+08:00,4208.18,4213.316,4193.285,4201.29
2025-12-04T23:00:00+08:00,4201.291,4206.44,4191.215,4205.91
2025-12-04T23:30:00+08:00,4205.936,4210.21,4202.395,4207.396
2025-12-05T00:00:00+08:00,4207.4,4219.91,4206.315,4216.22
2025-12-05T00:30:00+08:00,4216.09,4217.24,4207.205,4215.51
2025-12-05T01:00:00+08:00,4215.61,4217.41,4208.655,4211.06
2025-12-05T01:30:00+08:00,4211.07,4217.66,4209.435,4216.405
2025-12-05T02:00:00+08:00,4216.49,4217.47,4209.875,4212.99
2025-12-05T02:30:00+08:00,4212.9,4213.04,4207.15,4208.03
2025-12-05T03:00:00+08:00,4207.821,4209.83,4199.41,4204.72
2025-12-05T03:30:00+08:00,4204.816,4210.26,4203.86,4208.86
2025-12-05T04:00:00+08:00,4208.9,4209.97,4205.905,4207.52
2025-12-05T04:30:00+08:00,4207.65,4210.45,4205.19,4209.585
2025-12-05T05:00:00+08:00,4209.98,4210.25,4207.665,4208.34
2025-12-05T05:30:00+08:00,4208.4,4210.26,4206.905,4207.86
2025-12-05T07:00:00+08:00,4208.16,4209.74,4206.605,4207.9
2025-12-05T07:30:00+08:00,4207.89,4208.85,4203.655,4206.13
2025-12-05T08:00:00+08:00,4205.98,4210.43,4203.955,4205.66
2025-12-05T08:30:00+08:00,4205.78,4205.946,4200.918,4201.636
2025-12-05T09:00:00+08:00,4201.62,4204.49,4194.465,4199.64
2025-12-05T09:30:00+08:00,4199.4,4203.99,4197.095,4203.18
2025-12-05T10:00:00+08:00,4203.136,4204.81,4196.478,4197.771
2025-12-05T10:30:00+08:00,4197.72,4208.47,4196.545,4207.58
2025-12-05T11:00:00+08:00,4207.19,4208.87,4201.445,4203.16
2025-12-05T11:30:00+08:00,4203.28,4211.016,4202.11,4209.41
2025-12-05T12:00:00+08:00,4209.46,4214.43,4207.74,4212.4
2025-12-05T12:30:00+08:00,4212.255,4217.451,4212.185,4216.52
2025-12-05T13:00:00+08:00,4216.52,4219.91,4214.08,4219.47
2025-12-05T13:30:00+08:00,4219.47,4221.3,4217.465,4220.226
2025-12-05T14:00:00+08:00,4220.3,4229.28,4218.385,4227.73
2025-12-05T14:30:00+08:00,4227.585,4228.776,4223.499,4224.476
2025-12-05T15:00:00+08:00,4224.456,4230.82,4224.215,4230.03
2025-12-05T15:30:00+08:00,4230.07,4230.24,4222.285,4224.44
2025-12-05T16:00:00+08:00,4224.436,4227.09,4221.615,4222.846
2025-12-05T16:30:00+08:00,4222.836,4225.79,4220.345,4220.385
2025-12-05T17:00:00+08:00,4220.571,4222.46,4215.735,4221.086
2025-12-05T17:30:00+08:00,4221.11,4225.19,4219.415,4223.41
2025-12-05T18:00:00+08:00,4223.19,4227.48,4222.925,4224
2025-12-05T18:30:00+08:00,4223.91,4225.51,4222.25,4222.87
2025-12-05T19:00:00+08:00,4222.69,4225.79,4219.835,4221.145
2025-12-05T19:30:00+08:00,4221.135,4224.11,4220.265,4223.525
2025-12-05T20:00:00+08:00,4223.34,4229.73,4222.805,4224.39
2025-12-05T20:30:00+08:00,4224.39,4229.58,4222.71,4228.545
2025-12-05T21:00:00+08:00,4228.68,4235.026,4221.285,4232.91
2025-12-05T21:30:00+08:00,4232.726,4238.92,4229.645,4234.365
2025-12-05T22:00:00+08:00,4234.32,4239.53,4229.8,4231.626
2025-12-05T22:30:00+08:00,4231.61,4245.529,4228.045,4241.77
2025-12-05T23:00:00+08:00,4241.69,4249.05,4233.945,4248.65
2025-12-05T23:30:00+08:00,4248.576,4259.6,4237.245,4243.59
2025-12-06T00:00:00+08:00,4243.77,4245.82,4198.395,4216.56
2025-12-06T00:30:00+08:00,4216.46,4217.69,4207.265,4214.02
2025-12-06T01:00:00+08:00,4214.15,4218.64,4210.375,4216.94
2025-12-06T01:30:00+08:00,4216.88,4220.12,4206.295,4217.476
2025-12-06T02:00:00+08:00,4217.365,4219.31,4209.92,4212.7
2025-12-06T02:30:00+08:00,4212.395,4215.7,4206.465,4208.81
2025-12-06T03:00:00+08:00,4208.81,4210.89,4203.345,4209.51
2025-12-06T03:30:00+08:00,4209.51,4210.44,4202.195,4207.68
2025-12-06T04:00:00+08:00,4207.43,4207.74,4202.46,4202.9
2025-12-06T04:30:00+08:00,4202.55,4205.384,4198.995,4202.06
2025-12-06T05:00:00+08:00,4202.016,4202.578,4191.79,4197.08
2025-12-06T05:30:00+08:00,4197.09,4199.67,4193.555,4197.405
2025-12-08T07:00:00+08:00,4198.23,4209.126,4192.76,4199.611
2025-12-08T07:30:00+08:00,4199.621,4202.954,4197.565,4200.59
2025-12-08T08:00:00+08:00,4201.39,4207.93,4199.19,4205.66
2025-12-08T08:30:00+08:00,4205.4,4211.77,4204.58,4210.726
2025-12-08T09:00:00+08:00,4210.726,4211.8,4200.805,4207.96
2025-12-08T09:30:00+08:00,4207.95,4209.77,4197.225,4201.266
2025-12-08T10:00:00+08:00,4201.2,4203.606,4198.27,4203.35
2025-12-08T10:30:00+08:00,4203.35,4212.43,4199.075,4208.36
2025-12-08T11:00:00+08:00,4208.215,4213.125,4206.635,4210
2025-12-08T11:30:00+08:00,4209.811,4211.84,4206.51,4210
2025-12-08T12:00:00+08:00,4209.86,4212.06,4208.415,4209.68
2025-12-08T12:30:00+08:00,4209.32,4213.21,4206.77,4208.53
2025-12-08T13:00:00+08:00,4208.53,4209.46,4204.435,4206.255
2025-12-08T13:30:00+08:00,4206.4,4217.14,4206.135,4217
2025-12-08T14:00:00+08:00,4217,4218.621,4211.925,4216.44
2025-12-08T14:30:00+08:00,4216.59,4219.1,4214.72,4216.87
2025-12-08T15:00:00+08:00,4217.03,4217.45,4212.385,4213.826
2025-12-08T15:30:00+08:00,4213.8,4216.29,4206.075,4206.8
2025-12-08T16:00:00+08:00,4206.72,4216.55,4202.895,4209.411
2025-12-08T16:30:00+08:00,4209.48,4212.05,4204.825,4209.7
2025-12-08T17:00:00+08:00,4209.65,4210.81,4204.01,4210.54
2025-12-08T17:30:00+08:00,4210.57,4212.78,4205.675,4207.916
2025-12-08T18:00:00+08:00,4207.94,4210.33,4205.049,4205.94
2025-12-08T18:30:00+08:00,4205.766,4208.23,4200.856,4203.49
2025-12-08T19:00:00+08:00,4203.47,4209.54,4199.418,4209.346
2025-12-08T19:30:00+08:00,4209.44,4214.22,4208.275,4208.58
2025-12-08T20:00:00+08:00,4208.335,4212.85,4208.19,4211.7
2025-12-08T20:30:00+08:00,4211.7,4215.52,4210.725,4213.716
2025-12-08T21:00:00+08:00,4213.73,4214.66,4202.215,4202.911
2025-12-08T21:30:00+08:00,4203.44,4206.42,4197.525,4201.7
2025-12-08T22:00:00+08:00,4201.48,4211.61,4197.215,4208.58
2025-12-08T22:30:00+08:00,4208.79,4210.96,4195.36,4196.49
2025-12-08T23:00:00+08:00,4196.52,4196.88,4175.998,4191.97
2025-12-08T23:30:00+08:00,4191.836,4193.2,4181.835,4182.79
2025-12-09T00:00:00+08:00,4182.665,4196.23,4176.665,4194.95
2025-12-09T00:30:00+08:00,4194.71,4197.886,4187.65,4191.436
2025-12-09T01:00:00+08:00,4191.425,4192.15,4185.32,4191.98
2025-12-09T01:30:00+08:00,4191.94,4195.65,4187.875,4194.75
2025-12-09T02:00:00+08:00,4194.74,4195.67,4186.945,4188.625
2025-12-09T02:30:00+08:00,4188.79,4192.27,4184.255,4187.296
2025-12-09T03:00:00+08:00,4187.296,4188.68,4184.035,4187.715
2025-12-09T03:30:00+08:00,4187.79,4188.96,4184.725,4186.99
2025-12-09T04:00:00+08:00,4187.09,4191.49,4184.705,4189.14
2025-12-09T04:30:00+08:00,4189.08,4195.59,4188.985,4191.415
2025-12-09T05:00:00+08:00,4191.42,4193.217,4189.43,4190.58
2025-12-09T05:30:00+08:00,4190.42,4190.8,4187.94,4189.885
2025-12-09T07:00:00+08:00,4190.108,4193.97,4188.535,4192.66
2025-12-09T07:30:00+08:00,4192.91,4195.386,4191.395,4194.49
2025-12-09T08:00:00+08:00,4194.7,4195.687,4191.05,4192.22
2025-12-09T08:30:00+08:00,4192.38,4194.316,4189.715,4190.38
2025-12-09T09:00:00+08:00,4190.38,4197.32,4188.545,4194.01
2025-12-09T09:30:00+08:00,4194.01,4197.27,4193.645,4195.99
2025-12-09T10:00:00+08:00,4195.995,4197.206,4189.255,4190.647
2025-12-09T10:30:00+08:00,4190.65,4191.09,4185.785,4189.771
2025-12-09T11:00:00+08:00,4189.665,4198.16,4189.64,4197.756
2025-12-09T11:30:00+08:00,4198.06,4198.82,4193.398,4194.5
2025-12-09T12:00:00+08:00,4194.43,4195.59,4191.69,4193.515
2025-12-09T12:30:00+08:00,4193.54,4195.72,4184.275,4186.86
2025-12-09T13:00:00+08:00,4186.91,4187.36,4183.265,4185.12
2025-12-09T13:30:00+08:00,4185.276,4185.81,4177.805,4179.54
2025-12-09T14:00:00+08:00,4179.82,4179.87,4169.845,4178.411
2025-12-09T14:30:00+08:00,4178.35,4184.12,4176.25,4182.09
2025-12-09T15:00:00+08:00,4181.755,4185.76,4175.615,4178.467
2025-12-09T15:30:00+08:00,4178.406,4183.62,4178.185,4182.227
2025-12-09T16:00:00+08:00,4182.35,4189.23,4182.135,4186.11
2025-12-09T16:30:00+08:00,4186.156,4191.82,4185.248,4191.66
2025-12-09T17:00:00+08:00,4191.556,4212.94,4190.498,4207.02
2025-12-09T17:30:00+08:00,4207.17,4209.15,4200.375,4202.81
2025-12-09T18:00:00+08:00,4202.726,4208.44,4201.565,4204.355
2025-12-09T18:30:00+08:00,4204.47,4206.01,4201.095,4203.78
2025-12-09T19:00:00+08:00,4203.84,4205.57,4200.965,4203.86
2025-12-09T19:30:00+08:00,4203.86,4206.52,4202.355,4202.91
2025-12-09T20:00:00+08:00,4203.08,4205.24,4198.325,4202.2
2025-12-09T20:30:00+08:00,4202.11,4207.56,4201.01,4204.31
2025-12-09T21:00:00+08:00,4203.99,4208.51,4198.175,4201.84
2025-12-09T21:30:00+08:00,4202.01,4203.39,4195.445,4201.296
2025-12-09T22:00:00+08:00,4201.26,4202.28,4189.229,4193.316
2025-12-09T22:30:00+08:00,4193.265,4210.38,4192.485,4204.876
2025-12-09T23:00:00+08:00,4204.876,4208.57,4189.78,4206.14
2025-12-09T23:30:00+08:00,4206.085,4216.368,4198.435,4212.45
2025-12-10T00:00:00+08:00,4212.476,4220.4,4209.798,4213.228
2025-12-10T00:30:00+08:00,4213.32,4221.4,4211.405,4212.13
2025-12-10T01:00:00+08:00,4212.336,4216.54,4204.658,4207.76
2025-12-10T01:30:00+08:00,4207.74,4209.21,4201.475,4203.076
2025-12-10T02:00:00+08:00,4202.875,4208.251,4201.085,4207.166
2025-12-10T02:30:00+08:00,4207.166,4209.8,4203.72,4208.895
2025-12-10T03:00:00+08:00,4208.88,4212.41,4207.525,4208.34
2025-12-10T03:30:00+08:00,4208.26,4214.44,4206.975,4212.456
2025-12-10T04:00:00+08:00,4212.45,4216.03,4208.708,4210.72
2025-12-10T04:30:00+08:00,4210.68,4213.8,4209.075,4212.28
2025-12-10T05:00:00+08:00,4212.076,4212.97,4208.615,4209.98
2025-12-10T05:30:00+08:00,4210.051,4210.57,4206.47,4206.59
2025-12-10T07:00:00+08:00,4207.588,4210.92,4206.676,4210.31
2025-12-10T07:30:00+08:00,4210.346,4213.13,4208.998,4210.71
2025-12-10T08:00:00+08:00,4210.67,4212.636,4206.778,4208.986
2025-12-10T08:30:00+08:00,4208.971,4209.72,4206.698,4208.366
2025-12-10T09:00:00+08:00,4208.24,4218.03,4206.648,4216.78
2025-12-10T09:30:00+08:00,4216.62,4217.93,4211.395,4213.79
2025-12-10T10:00:00+08:00,4213.63,4217.84,4211.33,4213.355
2025-12-10T10:30:00+08:00,4213.456,4218.78,4212.92,4216.866
2025-12-10T11:00:00+08:00,4216.83,4217.17,4207.595,4208.07
2025-12-10T11:30:00+08:00,4208.25,4210.12,4203.365,4206.095
2025-12-10T12:00:00+08:00,4206.32,4209.09,4205.315,4206.736
2025-12-10T12:30:00+08:00,4206.66,4209.68,4205.218,4207.04
2025-12-10T13:00:00+08:00,4206.85,4207.271,4200.82,4205.66
2025-12-10T13:30:00+08:00,4205.405,4214.538,4204.755,4211.17
2025-12-10T14:00:00+08:00,4211.31,4211.76,4204.155,4207.33
2025-12-10T14:30:00+08:00,4207.18,4207.68,4202.765,4207.176
2025-12-10T15:00:00+08:00,4207.38,4209.33,4204.258,4207.421
2025-12-10T15:30:00+08:00,4207.08,4208.38,4202.985,4203.351
2025-12-10T16:00:00+08:00,4203.32,4206.57,4200.025,4203.856
2025-12-10T16:30:00+08:00,4203.86,4204.03,4196.805,4198.01
2025-12-10T17:00:00+08:00,4197.99,4200.59,4194.295,4197.806
2025-12-10T17:30:00+08:00,4197.786,4198.351,4192.445,4194.39
2025-12-10T18:00:00+08:00,4194.215,4196.38,4191.205,4191.86
2025-12-10T18:30:00+08:00,4191.66,4194.606,4187.525,4193.196
2025-12-10T19:00:00+08:00,4193.216,4196.29,4192.415,4194.68
2025-12-10T19:30:00+08:00,4194.45,4197.84,4193.45,4197.246
2025-12-10T20:00:00+08:00,4197.35,4202.151,4197.035,4197.68
2025-12-10T20:30:00+08:00,4197.505,4199.116,4195.085,4196.266
2025-12-10T21:00:00+08:00,4196.327,4200.35,4192.79,4197.665
2025-12-10T21:30:00+08:00,4197.65,4205.14,4195.71,4200.65
2025-12-10T22:00:00+08:00,4200.58,4206.99,4194.645,4196.51
2025-12-10T22:30:00+08:00,4196.496,4202.07,4191.095,4192.44
2025-12-10T23:00:00+08:00,4192.285,4201.21,4188.645,4196.48
2025-12-10T23:30:00+08:00,4196.447,4199.62,4189.985,4193.576
2025-12-11T00:00:00+08:00,4193.68,4201.04,4192.685,4200.61
2025-12-11T00:30:00+08:00,4200.455,4205.12,4198.878,4204.645
2025-12-11T01:00:00+08:00,4204.631,4204.81,4198.81,4200.526
2025-12-11T01:30:00+08:00,4200.526,4201.81,4196.698,4199.606
2025-12-11T02:00:00+08:00,4199.65,4200.81,4193.235,4196.417
2025-12-11T02:30:00+08:00,4196.48,4196.89,4191.82,4194.61
2025-12-11T03:00:00+08:00,4194.54,4219.85,4190.78,4198.77
2025-12-11T03:30:00+08:00,4198.6,4217.46,4181.565,4216.405
2025-12-11T04:00:00+08:00,4216.356,4238.7,4210.86,4232.466
2025-12-11T04:30:00+08:00,4232.72,4237.5,4229.395,4229.535
2025-12-11T05:00:00+08:00,4229.81,4232.53,4221.06,4226.07
2025-12-11T05:30:00+08:00,4226.19,4229.44,4225.655,4227.645
2025-12-11T07:00:00+08:00,4228.737,4231.4,4223.74,4225.476
2025-12-11T07:30:00+08:00,4225.51,4234.126,4225.375,4232.266
2025-12-11T08:00:00+08:00,4232.266,4245.136,4231.09,4241.12
2025-12-11T08:30:00+08:00,4241.17,4243.3,4234.57,4237.22
2025-12-11T09:00:00+08:00,4237.006,4247.68,4234.775,4235.95
2025-12-11T09:30:00+08:00,4235.875,4240.29,4232.77,4238.07
2025-12-11T10:00:00+08:00,4238.34,4240.82,4229.26,4229.92
2025-12-11T10:30:00+08:00,4229.916,4230.52,4220.225,4222.06
2025-12-11T11:00:00+08:00,4222.226,4224.99,4208.26,4212.81
2025-12-11T11:30:00+08:00,4212.98,4218.59,4211.848,4216.79
2025-12-11T12:00:00+08:00,4216.79,4218.38,4210.555,4212.86
2025-12-11T12:30:00+08:00,4212.88,4216.076,4208.235,4213.33
2025-12-11T13:00:00+08:00,4213.42,4216.318,4209.615,4212.24
2025-12-11T13:30:00+08:00,4212.206,4212.9,4205.848,4207.21
2025-12-11T14:00:00+08:00,4207.396,4214.58,4203.9,4213.696
2025-12-11T14:30:00+08:00,4213.63,4215.45,4210.765,4214.43
2025-12-11T15:00:00+08:00,4214.44,4214.776,4210.355,4213.096
2025-12-11T15:30:00+08:00,4213.09,4218.52,4211.205,4215.845
2025-12-11T16:00:00+08:00,4215.906,4217.89,4212.635,4214.26
2025-12-11T16:30:00+08:00,4214.17,4219.78,4213.445,4216.57
2025-12-11T17:00:00+08:00,4216.4,4218.06,4210.195,4214.08
2025-12-11T17:30:00+08:00,4214.05,4221.546,4213.575,4218.416
2025-12-11T18:00:00+08:00,4218.416,4225.98,4215.915,4217.256
2025-12-11T18:30:00+08:00,4217.256,4219.14,4211.545,4216.856
2025-12-11T19:00:00+08:00,4216.846,4219.12,4213.965,4214.77
2025-12-11T19:30:00+08:00,4214.76,4215.43,4209.445,4211.286
2025-12-11T20:00:00+08:00,4211.25,4218.31,4208.525,4217.986
2025-12-11T20:30:00+08:00,4217.986,4220.52,4216.595,4220.346
2025-12-11T21:00:00+08:00,4220.4,4222.47,4205.01,4212.956
2025-12-11T21:30:00+08:00,4212.645,4223.45,4209.09,4220.821
2025-12-11T22:00:00+08:00,4220.82,4232.05,4217.685,4230.905
2025-12-11T22:30:00+08:00,4231.01,4244.55,4228.705,4230.19
2025-12-11T23:00:00+08:00,4230.04,4244.46,4225.975,4238.94
2025-12-11T23:30:00+08:00,4238.77,4261.61,4238.245,4255.86
2025-12-12T00:00:00+08:00,4255.87,4261.576,4249.855,4257.03
2025-12-12T00:30:00+08:00,4257.126,4279.09,4255.17,4273.44
2025-12-12T01:00:00+08:00,4273.56,4282,4272.125,4276.16
2025-12-12T01:30:00+08:00,4275.96,4279.595,4272.005,4278.485
2025-12-12T02:00:00+08:00,4278.65,4285.98,4276.925,4281.53
2025-12-12T02:30:00+08:00,4281.88,4284.07,4266.515,4268.09
2025-12-12T03:00:00+08:00,4268.12,4274.63,4262.305,4273.07
2025-12-12T03:30:00+08:00,4273.13,4277.7,4271.195,4273.56
2025-12-12T04:00:00+08:00,4273.6,4274.24,4263.995,4268.56
2025-12-12T04:30:00+08:00,4268.79,4276.52,4267.998,4276.19
2025-12-12T05:00:00+08:00,4276.195,4279.58,4272.475,4279.55
2025-12-12T05:30:00+08:00,4279.34,4283.79,4276.695,4279.1
2025-12-12T07:00:00+08:00,4280.457,4283.48,4277.425,4279.91
2025-12-12T07:30:00+08:00,4280.02,4281.24,4271.935,4276.47
2025-12-12T08:00:00+08:00,4276.24,4280.26,4273.42,4278.36
2025-12-12T08:30:00+08:00,4278.416,4279.09,4268.745,4269.41
2025-12-12T09:00:00+08:00,4269.366,4276.32,4264.148,4266.2
2025-12-12T09:30:00+08:00,4266,4274.16,4264.825,4270.99
2025-12-12T10:00:00+08:00,4270.92,4276.855,4270.09,4273.348
2025-12-12T10:30:00+08:00,4273.67,4276.78,4269.045,4270.38
2025-12-12T11:00:00+08:00,4270.4,4274.6,4268.53,4269.96
2025-12-12T11:30:00+08:00,4269.79,4273.18,4268.898,4270.71
2025-12-12T12:00:00+08:00,4270.51,4271.03,4266.575,4268.38
2025-12-12T12:30:00+08:00,4268.22,4268.906,4266.055,4266.315
2025-12-12T13:00:00+08:00,4266.16,4275.74,4265.805,4274.46
2025-12-12T13:30:00+08:00,4274.33,4280.62,4274.029,4279.01
2025-12-12T14:00:00+08:00,4278.87,4281.56,4276.198,4280.9
2025-12-12T14:30:00+08:00,4280.9,4283.28,4278.91,4282.72
2025-12-12T15:00:00+08:00,4282.86,4288.835,4281.135,4285.77
2025-12-12T15:30:00+08:00,4285.73,4290.37,4284.02,4287.016
2025-12-12T16:00:00+08:00,4286.975,4295.57,4286.846,4294.27
2025-12-12T16:30:00+08:00,4294.38,4309.5,4294.018,4308
2025-12-12T17:00:00+08:00,4308.139,4317.96,4306.648,4313.446
2025-12-12T17:30:00+08:00,4313.305,4320.31,4307.035,4318.245
2025-12-12T18:00:00+08:00,4318.038,4322.07,4314.565,4316.91
2025-12-12T18:30:00+08:00,4316.806,4330.96,4316.045,4329.85
2025-12-12T19:00:00+08:00,4329.77,4339.215,4326.73,4334.23
2025-12-12T19:30:00+08:00,4334.245,4339.16,4329.775,4336.155
2025-12-12T20:00:00+08:00,4336.35,4339.21,4329.99,4332.128
2025-12-12T20:30:00+08:00,4332.54,4334.31,4324.485,4325.779
2025-12-12T21:00:00+08:00,4325.605,4339.41,4321.165,4335.86
2025-12-12T21:30:00+08:00,4336,4346.21,4332.095,4340.81
2025-12-12T22:00:00+08:00,4340.99,4345.79,4338.26,4340.48
2025-12-12T22:30:00+08:00,4340.565,4353.57,4330.779,4346.538
2025-12-12T23:00:00+08:00,4346.94,4351.56,4298.055,4300.59
2025-12-12T23:30:00+08:00,4300.687,4322.05,4282.64,4290.317
2025-12-13T00:00:00+08:00,4290.295,4296.64,4271.77,4289.76
2025-12-13T00:30:00+08:00,4289.806,4290.55,4256.845,4281.76
2025-12-13T01:00:00+08:00,4281.848,4290.82,4270.705,4282.29
2025-12-13T01:30:00+08:00,4281.9,4298.44,4281.42,4294.32
2025-12-13T02:00:00+08:00,4294.35,4303.67,4291.625,4295.286
2025-12-13T02:30:00+08:00,4295.286,4300.59,4290.385,4294.84
2025-12-13T03:00:00+08:00,4294.88,4299.81,4289.6,4296.08
2025-12-13T03:30:00+08:00,4296.02,4298.75,4293.415,4296.71
2025-12-13T04:00:00+08:00,4296.48,4302.99,4290.915,4293.106
2025-12-13T04:30:00+08:00,4293.29,4302.98,4288.39,4299.24
2025-12-13T05:00:00+08:00,4299.24,4303.86,4298.03,4302.875
2025-12-13T05:30:00+08:00,4302.68,4304.16,4298.298,4299.285
2025-12-15T07:00:00+08:00,4299.87,4307.648,4293.907,4304.939
2025-12-15T07:30:00+08:00,4304.67,4308.51,4301.11,4302.48
2025-12-15T08:00:00+08:00,4301.92,4306.75,4299.85,4301.84
2025-12-15T08:30:00+08:00,4301.83,4308.05,4301.795,4307.62
2025-12-15T09:00:00+08:00,4307.47,4315.82,4305.275,4314.78
2025-12-15T09:30:00+08:00,4315.04,4325.65,4314.335,4322.345
2025-12-15T10:00:00+08:00,4322.315,4326.75,4320.478,4324.185
2025-12-15T10:30:00+08:00,4324.035,4329.29,4323.935,4326.3
2025-12-15T11:00:00+08:00,4326.37,4329.679,4318.98,4323.67
2025-12-15T11:30:00+08:00,4323.87,4328.73,4323.64,4327.045
2025-12-15T12:00:00+08:00,4327.01,4330.025,4325.33,4327.53
2025-12-15T12:30:00+08:00,4327.52,4328.09,4322.915,4325.98
2025-12-15T13:00:00+08:00,4325.98,4331.125,4324.545,4329.47
2025-12-15T13:30:00+08:00,4329.5,4344.48,4329.045,4343.7
2025-12-15T14:00:00+08:00,4343.57,4345.81,4339.128,4343.69
2025-12-15T14:30:00+08:00,4343.69,4347.31,4341.72,4342.96
2025-12-15T15:00:00+08:00,4343.53,4344.85,4340.498,4343.87
2025-12-15T15:30:00+08:00,4344.01,4344.51,4333.21,4339.115
2025-12-15T16:00:00+08:00,4339.06,4346.81,4338.465,4345.92
2025-12-15T16:30:00+08:00,4345.75,4349.03,4343.458,4346.935
2025-12-15T17:00:00+08:00,4346.885,4350.42,4343.01,4347.57
2025-12-15T17:30:00+08:00,4347.757,4350.139,4342.145,4342.405
2025-12-15T18:00:00+08:00,4342.455,4348.33,4340.55,4342.66
2025-12-15T18:30:00+08:00,4342.725,4343.545,4337.505,4339.66
2025-12-15T19:00:00+08:00,4339.625,4341.68,4335.008,4340.56
2025-12-15T19:30:00+08:00,4340.78,4343.68,4338.86,4342.775
2025-12-15T20:00:00+08:00,4342.6,4346.57,4342.338,4346.37
2025-12-15T20:30:00+08:00,4346.52,4348.31,4343.255,4345.54
2025-12-15T21:00:00+08:00,4345.69,4346.66,4333.255,4339.7
2025-12-15T21:30:00+08:00,4339.195,4345.35,4330.398,4332.229
2025-12-15T22:00:00+08:00,4331.785,4337.6,4321.165,4324.93
2025-12-15T22:30:00+08:00,4324.985,4335.139,4317.175,4323.579
2025-12-15T23:00:00+08:00,4323.368,4327.62,4311.318,4314.24
2025-12-15T23:30:00+08:00,4314.24,4327.87,4312.845,4318.216
2025-12-16T00:00:00+08:00,4318.2,4318.86,4292.72,4296.054
2025-12-16T00:30:00+08:00,4296.16,4300.14,4285.055,4297.405
2025-12-16T01:00:00+08:00,4297.539,4303.69,4290.42,4302.11
2025-12-16T01:30:00+08:00,4301.995,4306.65,4300.01,4304.46
2025-12-16T02:00:00+08:00,4304.466,4306.56,4299.69,4305.755
2025-12-16T02:30:00+08:00,4305.53,4313.69,4302.39,4312.93
2025-12-16T03:00:00+08:00,4312.935,4317.81,4308.935,4309.13
2025-12-16T03:30:00+08:00,4309.36,4314.62,4307.645,4314.1
2025-12-16T04:00:00+08:00,4314.14,4314.45,4299.31,4304.88
2025-12-16T04:30:00+08:00,4305.179,4307.67,4300.32,4304.28
2025-12-16T05:00:00+08:00,4304.5,4305.73,4300.555,4303.72
2025-12-16T05:30:00+08:00,4303.72,4305.85,4300.935,4303.995
2025-12-16T07:00:00+08:00,4305.11,4309.73,4304.695,4307.21
2025-12-16T07:30:00+08:00,4307.53,4308.57,4303.05,4303.989
2025-12-16T08:00:00+08:00,4303.77,4310.11,4302.43,4309.62
2025-12-16T08:30:00+08:00,4309.31,4313.23,4305.495,4307.874
2025-12-16T09:00:00+08:00,4307.91,4311.97,4298.83,4311.45
2025-12-16T09:30:00+08:00,4311.45,4317.89,4304.345,4308.85
2025-12-16T10:00:00+08:00,4308.83,4312.23,4305.57,4310.94
2025-12-16T10:30:00+08:00,4310.59,4312.05,4286.32,4289.55
2025-12-16T11:00:00+08:00,4289.475,4294.46,4280.385,4287.67
2025-12-16T11:30:00+08:00,4287.67,4291.82,4282.7,4290.95
2025-12-16T12:00:00+08:00,4290.78,4292.34,4286.4,4288.245
2025-12-16T12:30:00+08:00,4288.03,4291.82,4287.425,4289.15
2025-12-16T13:00:00+08:00,4289.166,4292.3,4279.72,4280.75
2025-12-16T13:30:00+08:00,4280.666,4287.75,4271.125,4284.04
2025-12-16T14:00:00+08:00,4284.04,4290.74,4282.275,4287.1
2025-12-16T14:30:00+08:00,4286.98,4292.24,4285.6,4289.166
2025-12-16T15:00:00+08:00,4289.166,4289.91,4279.245,4281.11
2025-12-16T15:30:00+08:00,4280.85,4288.55,4279.865,4287.625
2025-12-16T16:00:00+08:00,4287.65,4289.51,4275.498,4279.3
2025-12-16T16:30:00+08:00,4278.97,4286.88,4275.225,4284.52
2025-12-16T17:00:00+08:00,4284.61,4285.92,4280.975,4281.65
2025-12-16T17:30:00+08:00,4281.655,4283.98,4276.245,4280.41
2025-12-16T18:00:00+08:00,4280.4,4284.68,4276.3,4277.74
2025-12-16T18:30:00+08:00,4277.545,4281.9,4274.428,4277.33
2025-12-16T19:00:00+08:00,4277.31,4278.9,4273.585,4277.14
2025-12-16T19:30:00+08:00,4277.295,4279.68,4275.285,4278.43
2025-12-16T20:00:00+08:00,4278.426,4292.84,4276.57,4291.49
2025-12-16T20:30:00+08:00,4291.495,4295.09,4287.575,4294.27
2025-12-16T21:00:00+08:00,4294.46,4302.06,4290.62,4300.755
2025-12-16T21:30:00+08:00,4300.815,4313.366,4299.595,4312.925
2025-12-16T22:00:00+08:00,4313.03,4330.68,4311.185,4325.55
2025-12-16T22:30:00+08:00,4325.79,4332.26,4321.515,4324.44
2025-12-16T23:00:00+08:00,4324.395,4335.13,4312.23,4320.95
2025-12-16T23:30:00+08:00,4320.98,4330.1,4318.95,4319.729
2025-12-17T00:00:00+08:00,4319.76,4323.3,4303.4,4307.495
2025-12-17T00:30:00+08:00,4307.32,4307.69,4290.94,4300.446
2025-12-17T01:00:00+08:00,4300.77,4311.06,4299.99,4302.775
2025-12-17T01:30:00+08:00,4303.06,4309.1,4300.26,4303.56
2025-12-17T02:00:00+08:00,4303.88,4306.01,4297.91,4302.04
2025-12-17T02:30:00+08:00,4301.83,4313.69,4301,4311.45
2025-12-17T03:00:00+08:00,4311.19,4311.72,4296.82,4305.465
2025-12-17T03:30:00+08:00,4305.37,4316.04,4304.545,4310.86
2025-12-17T04:00:00+08:00,4310.575,4314.64,4307.705,4310.67
2025-12-17T04:30:00+08:00,4310.82,4312.34,4302.548,4304.666
2025-12-17T05:00:00+08:00,4304.95,4305.65,4300.49,4302.54
2025-12-17T05:30:00+08:00,4302.31,4305.22,4300.925,4302.84
2025-12-17T07:00:00+08:00,4302.18,4307.07,4300.848,4306.35
2025-12-17T07:30:00+08:00,4306.38,4309.15,4304.84,4307.71
2025-12-17T08:00:00+08:00,4307.63,4315.16,4307.275,4313.53
2025-12-17T08:30:00+08:00,4313.32,4314.41,4310.99,4313.25
2025-12-17T09:00:00+08:00,4313.14,4320.86,4311.25,4316.87
2025-12-17T09:30:00+08:00,4316.88,4326.82,4315.905,4326.62
2025-12-17T10:00:00+08:00,4326.62,4327.77,4318.035,4320.638
2025-12-17T10:30:00+08:00,4320.6,4323.02,4310.885,4314.175
2025-12-17T11:00:00+08:00,4314.22,4320.27,4312.348,4318.71
2025-12-17T11:30:00+08:00,4318.71,4325.16,4317.979,4323.53
2025-12-17T12:00:00+08:00,4323.66,4326.06,4320.985,4322.72
2025-12-17T12:30:00+08:00,4322.37,4331.66,4320.285,4329.57
2025-12-17T13:00:00+08:00,4329.51,4338.97,4327.84,4330.92
2025-12-17T13:30:00+08:00,4331.08,4342.52,4330.75,4333.88
2025-12-17T14:00:00+08:00,4334.01,4337.7,4330.18,4332.44
2025-12-17T14:30:00+08:00,4332.439,4333.229,4324.448,4328.79
2025-12-17T15:00:00+08:00,4328.615,4328.82,4319.265,4322.985
2025-12-17T15:30:00+08:00,4323.14,4324.7,4315.33,4317.886
2025-12-17T16:00:00+08:00,4317.88,4320.92,4308.145,4316.23
2025-12-17T16:30:00+08:00,4315.98,4320.82,4312.905,4319.11
2025-12-17T17:00:00+08:00,4318.95,4323.25,4316.9,4322.23
2025-12-17T17:30:00+08:00,4322.02,4322.3,4315.73,4317.05
2025-12-17T18:00:00+08:00,4316.66,4322.239,4315.92,4319.8
2025-12-17T18:30:00+08:00,4319.78,4319.99,4306.305,4317.64
2025-12-17T19:00:00+08:00,4317.52,4320.44,4315.645,4317.95
2025-12-17T19:30:00+08:00,4318.12,4318.839,4314.85,4316.33
2025-12-17T20:00:00+08:00,4316.326,4323.225,4314.725,4321.32
2025-12-17T20:30:00+08:00,4321.09,4322.33,4315.545,4317.375
2025-12-17T21:00:00+08:00,4317.345,4331.59,4314.84,4328.01
2025-12-17T21:30:00+08:00,4327.39,4344.07,4327.36,4341.878
2025-12-17T22:00:00+08:00,4342.035,4345.95,4322.58,4329.12
2025-12-17T22:30:00+08:00,4329.035,4342.84,4325.36,4338.155
2025-12-17T23:00:00+08:00,4338.4,4345.31,4332.66,4343.405
2025-12-17T23:30:00+08:00,4343.68,4349.5,4324.035,4330.23
2025-12-18T00:00:00+08:00,4330.65,4334.69,4319.985,4326.61
2025-12-18T00:30:00+08:00,4326.61,4337.66,4323.495,4333.47
2025-12-18T01:00:00+08:00,4333.51,4340.1,4328.28,4337.12
2025-12-18T01:30:00+08:00,4337.015,4342.44,4335.57,4342.44
2025-12-18T02:00:00+08:00,4342.16,4346.442,4338.055,4341.61
2025-12-18T02:30:00+08:00,4341.76,4344.04,4328.548,4335.959
2025-12-18T03:00:00+08:00,4336.03,4340.76,4332.98,4339.74
2025-12-18T03:30:00+08:00,4339.9,4341.11,4330.095,4337.03
2025-12-18T04:00:00+08:00,4336.925,4342.79,4335.04,4341.44
2025-12-18T04:30:00+08:00,4341.29,4346.18,4338.375,4341.34
2025-12-18T05:00:00+08:00,4341.175,4346.38,4340.475,4344
2025-12-18T05:30:00+08:00,4343.91,4344.715,4337.305,4337.335
2025-12-18T07:00:00+08:00,4337.97,4340.74,4335.415,4338.17
2025-12-18T07:30:00+08:00,4337.97,4343.18,4336.975,4338.648
2025-12-18T08:00:00+08:00,4338.92,4342.91,4336.355,4337.408
2025-12-18T08:30:00+08:00,4337.58,4340.539,4332.86,4334.679
2025-12-18T09:00:00+08:00,4334.79,4337.04,4324.5,4324.61
2025-12-18T09:30:00+08:00,4324.9,4331.85,4324.205,4331.445
2025-12-18T10:00:00+08:00,4331.55,4336.29,4329.62,4334.58
2025-12-18T10:30:00+08:00,4334.29,4337.75,4330.41,4333.215
2025-12-18T11:00:00+08:00,4333.21,4336.76,4330.67,4332.86
2025-12-18T11:30:00+08:00,4333.17,4335.63,4330.9,4333.15
2025-12-18T12:00:00+08:00,4332.85,4333.5,4328.775,4330.344
2025-12-18T12:30:00+08:00,4330.345,4332.559,4328.27,4331.9
2025-12-18T13:00:00+08:00,4331.85,4337.44,4330.8,4335.91
2025-12-18T13:30:00+08:00,4335.645,4337.3,4331.975,4332.99
2025-12-18T14:00:00+08:00,4333.29,4335.4,4330.43,4333.62
2025-12-18T14:30:00+08:00,4333.379,4336.18,4331.705,4333.675
2025-12-18T15:00:00+08:00,4333.77,4335.15,4329.835,4334.915
2025-12-18T15:30:00+08:00,4334.72,4337.89,4331.135,4331.505
2025-12-18T16:00:00+08:00,4331.45,4332.71,4324.585,4327.16
2025-12-18T16:30:00+08:00,4326.77,4328.965,4321.44,4326.36
2025-12-18T17:00:00+08:00,4326.45,4328.56,4323.378,4324.605
2025-12-18T17:30:00+08:00,4324.625,4327.02,4320.485,4323.395
2025-12-18T18:00:00+08:00,4323.11,4325.91,4322.76,4323.21
2025-12-18T18:30:00+08:00,4323.575,4327.725,4321.75,4325.06
2025-12-18T19:00:00+08:00,4325.155,4328.728,4324,4325.795
2025-12-18T19:30:00+08:00,4325.58,4327.26,4324.25,4325.56
2025-12-18T20:00:00+08:00,4325.31,4326.67,4317.005,4319.299
2025-12-18T20:30:00+08:00,4319.09,4323.61,4318.29,4320.9
2025-12-18T21:00:00+08:00,4320.7,4324.16,4314.26,4321.23
2025-12-18T21:30:00+08:00,4321.006,4342.99,4320.12,4336.525
2025-12-18T22:00:00+08:00,4336.49,4341.41,4332.205,4332.71
2025-12-18T22:30:00+08:00,4332.59,4341.2,4308.285,4328.27
2025-12-18T23:00:00+08:00,4328.46,4336.93,4324.58,4333.29
2025-12-18T23:30:00+08:00,4332.99,4341.605,4330.945,4338.05
2025-12-19T00:00:00+08:00,4337.95,4375.17,4337.495,4367.17
2025-12-19T00:30:00+08:00,4367.33,4371.79,4356.025,4360.09
2025-12-19T01:00:00+08:00,4360.28,4363.53,4321.4,4327.82
2025-12-19T01:30:00+08:00,4327.71,4341.495,4324.695,4333.095
2025-12-19T02:00:00+08:00,4333.26,4341.31,4331.19,4331.985
2025-12-19T02:30:00+08:00,4332.14,4340.26,4325.28,4331.535
2025-12-19T03:00:00+08:00,4331.519,4334.26,4326.03,4333.79
2025-12-19T03:30:00+08:00,4333.32,4335.1,4322.525,4324.915
2025-12-19T04:00:00+08:00,4325.32,4336.05,4324.355,4332.305
2025-12-19T04:30:00+08:00,4332.38,4338.27,4330.805,4334.86
2025-12-19T05:00:00+08:00,4334.73,4335,4330.45,4332.12
2025-12-19T05:30:00+08:00,4332.14,4333.91,4328.315,4332.07
2025-12-19T07:00:00+08:00,4332.51,4336.56,4331.806,4333.65
2025-12-19T07:30:00+08:00,4334.12,4336.93,4333.14,4334.65
2025-12-19T08:00:00+08:00,4334.84,4335.759,4327.48,4330.8
2025-12-19T08:30:00+08:00,4330.92,4332.455,4325.26,4325.81
2025-12-19T09:00:00+08:00,4325.81,4328.44,4309.22,4313.25
2025-12-19T09:30:00+08:00,4313.02,4324.09,4308.82,4323.35
2025-12-19T10:00:00+08:00,4323.25,4327.9,4321.35,4324.53
2025-12-19T10:30:00+08:00,4324.54,4326.05,4313.96,4316.79
2025-12-19T11:00:00+08:00,4316.59,4321.66,4312.485,4319.32
2025-12-19T11:30:00+08:00,4319,4322.54,4317.015,4317.92
2025-12-19T12:00:00+08:00,4317.92,4319.939,4316.68,4317.28
2025-12-19T12:30:00+08:00,4317.155,4323.03,4316.94,4322.695
2025-12-19T13:00:00+08:00,4322.719,4323.93,4317.305,4319.72
2025-12-19T13:30:00+08:00,4319.83,4329.07,4319.615,4325.72
2025-12-19T14:00:00+08:00,4325.72,4329.54,4323.97,4327.07
2025-12-19T14:30:00+08:00,4327.015,4328.2,4321.39,4326.279
2025-12-19T15:00:00+08:00,4326.16,4328.53,4322.785,4327.47
2025-12-19T15:30:00+08:00,4327.525,4329.61,4321.398,4322.82
2025-12-19T16:00:00+08:00,4322.4,4326.2,4320.81,4325.065
2025-12-19T16:30:00+08:00,4325.09,4330.99,4324.67,4326.2
2025-12-19T17:00:00+08:00,4325.785,4328.37,4324.195,4326.745
2025-12-19T17:30:00+08:00,4326.815,4333.64,4325.615,4329.48
2025-12-19T18:00:00+08:00,4329.22,4331.81,4326.865,4327.35
2025-12-19T18:30:00+08:00,4327.12,4329.68,4322.21,4327.86
2025-12-19T19:00:00+08:00,4327.85,4329.1,4325.425,4327.28
2025-12-19T19:30:00+08:00,4327.14,4329.44,4324.91,4327.02
2025-12-19T20:00:00+08:00,4327.15,4327.79,4320.475,4325.5
2025-12-19T20:30:00+08:00,4325.5,4328.95,4323.045,4326.63
2025-12-19T21:00:00+08:00,4326.47,4335.18,4325.815,4334.715
2025-12-19T21:30:00+08:00,4334.813,4335.42,4327.095,4328.68
2025-12-19T22:00:00+08:00,4328.15,4334.6,4325.085,4327.51
2025-12-19T22:30:00+08:00,4327.74,4337.92,4319.52,4332.09
2025-12-19T23:00:00+08:00,4332.459,4346.485,4331.68,4337.53
2025-12-19T23:30:00+08:00,4337.405,4349.17,4336.325,4347.72
2025-12-20T00:00:00+08:00,4347.72,4354.92,4341.79,4346.65
2025-12-20T00:30:00+08:00,4346.645,4351.035,4342.97,4349.74
2025-12-20T01:00:00+08:00,4349.81,4353.8,4346.78,4351.83
2025-12-20T01:30:00+08:00,4352.09,4355.952,4349.745,4353.43
2025-12-20T02:00:00+08:00,4353.34,4356.59,4350.165,4354.26
2025-12-20T02:30:00+08:00,4354.265,4354.97,4342.995,4348.639
2025-12-20T03:00:00+08:00,4348.5,4350.66,4346.215,4347.63
2025-12-20T03:30:00+08:00,4347.74,4349.92,4344.935,4345.28
2025-12-20T04:00:00+08:00,4345.265,4346.42,4341.205,4345.255
2025-12-20T04:30:00+08:00,4345.74,4345.74,4336.565,4339.41
2025-12-20T05:00:00+08:00,4339.535,4340.24,4336.68,4337.66
2025-12-20T05:30:00+08:00,4337.67,4339.51,4336.275,4338.669
2025-12-23T13:00:00+08:00,4482.51,4484.734,4476.34,4480.12
2025-12-23T13:30:00+08:00,4480.314,4485.58,4474.61,4475.194
2025-12-23T14:00:00+08:00,4475.06,4478.184,4469.265,4475.88
2025-12-23T14:30:00+08:00,4476.054,4481.678,4474.415,4481.5
2025-12-23T15:00:00+08:00,4481.51,4485.91,4478.055,4483.84
2025-12-23T15:30:00+08:00,4483.978,4489.794,4483.328,4486.728
2025-12-23T16:00:00+08:00,4486.67,4490.69,4484.99,4487.15
2025-12-23T16:30:00+08:00,4487.2,4493.23,4484.425,4489.894
2025-12-23T17:00:00+08:00,4489.67,4491.25,4478.85,4483.19
2025-12-23T17:30:00+08:00,4482.98,4484.98,4477.945,4480.49
2025-12-23T18:00:00+08:00,4480.403,4487.63,4479.125,4485.684
2025-12-23T18:30:00+08:00,4485.694,4485.93,4481.228,4484.318
2025-12-23T19:00:00+08:00,4484.34,4486.48,4482.855,4483.92
2025-12-23T19:30:00+08:00,4483.93,4494.33,4482.865,4493.529
2025-12-23T20:00:00+08:00,4493.43,4493.69,4482.975,4485.203
2025-12-23T20:30:00+08:00,4485.187,4489.35,4484.215,4486.205
2025-12-23T21:00:00+08:00,4486.46,4497.394,4485.875,4489.09
2025-12-23T21:30:00+08:00,4489.114,4492.584,4472.89,4479.12
2025-12-23T22:00:00+08:00,4479.189,4479.898,4452.97,4464.695
2025-12-23T22:30:00+08:00,4464.85,4465,4441.138,4446.23
2025-12-23T23:00:00+08:00,4446.344,4452.18,4429.975,4442.57
2025-12-23T23:30:00+08:00,4442.625,4459.309,4441.315,4458.41
2025-12-24T00:00:00+08:00,4458.429,4465.42,4455.995,4461.543
2025-12-24T00:30:00+08:00,4461.37,4476.61,4455.559,4474.19
2025-12-24T01:00:00+08:00,4474.035,4479.91,4470.055,4477.724
2025-12-24T01:30:00+08:00,4477.8,4479.49,4469.47,4472.55
2025-12-24T02:00:00+08:00,4472.68,4481.21,4472.57,4477.498
2025-12-24T02:30:00+08:00,4477.7,4485.06,4472.49,4484.235
2025-12-24T03:00:00+08:00,4484.38,4496.294,4483.77,4489.949
2025-12-24T03:30:00+08:00,4489.82,4494.04,4487.775,4490.618
2025-12-24T04:00:00+08:00,4490.618,4494.63,4489.215,4491.83
2025-12-24T04:30:00+08:00,4491.785,4499.89,4489.065,4497.478
2025-12-24T05:00:00+08:00,4497.38,4498.97,4489.77,4490.009
2025-12-24T05:30:00+08:00,4490.19,4491.46,4483.215,4485.28
2025-12-24T07:00:00+08:00,4483.98,4497.964,4482.97,4492.114
2025-12-24T07:30:00+08:00,4492.1,4510.414,4491.88,4503.06
2025-12-24T08:00:00+08:00,4503.389,4514.05,4500.34,4513.744
2025-12-24T08:30:00+08:00,4513.76,4518.34,4507.895,4511.748
2025-12-24T09:00:00+08:00,4511.864,4525.83,4506.675,4521.54
2025-12-24T09:30:00+08:00,4521.5,4523.63,4518.05,4518.48
2025-12-24T10:00:00+08:00,4518.644,4519.164,4504.41,4506.564
2025-12-24T10:30:00+08:00,4506.609,4512.21,4474.035,4477.61
2025-12-24T11:00:00+08:00,4477.275,4496.34,4467.99,4490.92
2025-12-24T11:30:00+08:00,4491.414,4498.344,4489.86,4492.66
2025-12-24T12:00:00+08:00,4492.66,4497.66,4490.98,4496.73
2025-12-24T12:30:00+08:00,4497.06,4501.48,4495.91,4499.089
2025-12-24T13:00:00+08:00,4499.064,4500.63,4484.77,4492.349
2025-12-24T13:30:00+08:00,4492.364,4497.27,4487.74,4488.34
2025-12-24T14:00:00+08:00,4488.1,4493.03,4484.935,4487.478
2025-12-24T14:30:00+08:00,4487.05,4498.34,4487.05,4493.569
2025-12-24T15:00:00+08:00,4493.62,4495.134,4490.315,4491.53
2025-12-24T15:30:00+08:00,4491.285,4492.089,4483.195,4483.438
2025-12-24T16:00:00+08:00,4483.834,4490.69,4477.805,4484.784
2025-12-24T16:30:00+08:00,4484.794,4492.82,4481.09,4482.395
2025-12-24T17:00:00+08:00,4482.248,4493.43,4481.635,4489.19
2025-12-24T17:30:00+08:00,4489.19,4496.06,4486.035,4494.31
2025-12-24T18:00:00+08:00,4494.58,4499.91,4489.345,4494.198
2025-12-24T18:30:00+08:00,4493.85,4494.67,4481.988,4489.03
2025-12-24T19:00:00+08:00,4489.334,4490.43,4484.585,4486.93
2025-12-24T19:30:00+08:00,4486.92,4492.04,4482.795,4491.08
2025-12-24T20:00:00+08:00,4491.5,4496.1,4490.465,4492.8
2025-12-24T20:30:00+08:00,4493.068,4493.5,4489.435,4490.619
2025-12-24T21:00:00+08:00,4490.674,4493.28,4474.175,4479.398
2025-12-24T21:30:00+08:00,4478.035,4489.07,4477.355,4487.615
2025-12-24T22:00:00+08:00,4487.834,4489.43,4481.805,4484.745
2025-12-24T22:30:00+08:00,4485.04,4488.84,4460.07,4464.81
2025-12-24T23:00:00+08:00,4464.68,4476.64,4460.975,4469.77
2025-12-24T23:30:00+08:00,4469.625,4473.034,4447.895,4458.424
2025-12-25T00:00:00+08:00,4458.12,4471.1,4455.725,4468.46
2025-12-25T00:30:00+08:00,4468.05,4478.14,4466.79,4476.81
2025-12-25T01:00:00+08:00,4476.41,4487.83,4475.125,4477.954
2025-12-25T01:30:00+08:00,4477.77,4483.7,4476.755,4480.52
2025-12-25T02:00:00+08:00,4480.604,4482.52,4476.918,4480.644
2025-12-25T02:30:00+08:00,4480.36,4482.104,4478.198,4479.4
2025-12-26T07:00:00+08:00,4479.39,4504.19,4475.494,4496.7
2025-12-26T07:30:00+08:00,4497.46,4499.625,4488.35,4494.97
2025-12-26T08:00:00+08:00,4494.714,4507.28,4491.84,4507.044
2025-12-26T08:30:00+08:00,4506.84,4518.33,4503.81,4518.11
2025-12-26T09:00:00+08:00,4517.335,4531.284,4506.335,4509.49
2025-12-26T09:30:00+08:00,4510.214,4515.98,4496.855,4503.86
2025-12-26T10:00:00+08:00,4503.963,4509.784,4497.998,4502.014
2025-12-26T10:30:00+08:00,4501.418,4508.73,4491.535,4508.684
2025-12-26T11:00:00+08:00,4508.68,4513.424,4500.705,4502.87
2025-12-26T11:30:00+08:00,4502.929,4506.01,4497.175,4501.74
2025-12-26T12:00:00+08:00,4501.764,4510.28,4500.235,4509.544
2025-12-26T12:30:00+08:00,4509.065,4511.624,4505.205,4508.75
2025-12-26T13:00:00+08:00,4509.01,4511.484,4505.64,4507
2025-12-26T13:30:00+08:00,4507.22,4514.81,4506.935,4510.05
2025-12-26T14:00:00+08:00,4509.978,4518.87,4508.43,4518.115
2025-12-26T14:30:00+08:00,4518.32,4519.54,4507.555,4511.86
2025-12-26T15:00:00+08:00,4511.14,4515.62,4507.578,4509.42
2025-12-26T15:30:00+08:00,4509.46,4513.04,4506.97,4510.84
2025-12-26T16:00:00+08:00,4510.989,4517.33,4509.175,4515.16
2025-12-26T16:30:00+08:00,4515.073,4519.72,4512.72,4518.505
2025-12-26T17:00:00+08:00,4518.59,4520.63,4514.64,4517.058
2025-12-26T17:30:00+08:00,4517.13,4518.36,4511.518,4512.63
2025-12-26T18:00:00+08:00,4512.63,4523.722,4511.675,4520.245
2025-12-26T18:30:00+08:00,4520.678,4522.28,4510.808,4514.49
2025-12-26T19:00:00+08:00,4514.23,4515.228,4503.07,4505.22
2025-12-26T19:30:00+08:00,4505.318,4509.82,4502.505,4509.754
2025-12-26T20:00:00+08:00,4509.42,4512.61,4506.6,4511.804
2025-12-26T20:30:00+08:00,4511.675,4514.98,4506.255,4508.882
2025-12-26T21:00:00+08:00,4508.96,4519.68,4503.205,4517.37
2025-12-26T21:30:00+08:00,4517.71,4528.76,4514.685,4525.01
2025-12-26T22:00:00+08:00,4525.144,4530.25,4522.09,4529.54
2025-12-26T22:30:00+08:00,4529.483,4533.513,4512.385,4521.05
2025-12-26T23:00:00+08:00,4521.044,4533.907,4519.23,4533.31
2025-12-26T23:30:00+08:00,4533.14,4547.62,4531.525,4546.418
2025-12-27T00:00:00+08:00,4546.32,4549.96,4534.405,4545.29
2025-12-27T00:30:00+08:00,4546.04,4546.58,4531.07,4536.34
2025-12-27T01:00:00+08:00,4536.338,4537.698,4516.54,4517.91
2025-12-27T01:30:00+08:00,4517.988,4524.82,4509.625,4519.214
2025-12-27T02:00:00+08:00,4519.168,4524.82,4514.515,4519.24
2025-12-27T02:30:00+08:00,4518.875,4532.67,4515.915,4530.893
2025-12-27T03:00:00+08:00,4530.69,4535.66,4524.55,4529.91
2025-12-27T03:30:00+08:00,4529.48,4530.32,4519.625,4523.545
2025-12-27T04:00:00+08:00,4523.94,4535.74,4521.498,4523.71
2025-12-27T04:30:00+08:00,4523.705,4533.46,4522.355,4531.07
2025-12-27T05:00:00+08:00,4531.108,4533.038,4526.835,4531.42
2025-12-27T05:30:00+08:00,4531.383,4534.74,4529.008,4532.505
2025-12-29T07:00:00+08:00,4532.41,4550.52,4522.625,4536.068
2025-12-29T07:30:00+08:00,4536.38,4540.3,4525,4527.05
2025-12-29T08:00:00+08:00,4527.05,4528.073,4481.865,4487.24
2025-12-29T08:30:00+08:00,4487.164,4506.94,4471.498,4497.57
2025-12-29T09:00:00+08:00,4497.27,4517.79,4491.998,4499.634
2025-12-29T09:30:00+08:00,4499.58,4508.12,4491.408,4496.765
2025-12-29T10:00:00+08:00,4496.795,4514.74,4495.72,4512.13
2025-12-29T10:30:00+08:00,4512.93,4516.26,4508.47,4512.055
2025-12-29T11:00:00+08:00,4512.59,4519.15,4508.88,4513.09
2025-12-29T11:30:00+08:00,4512.853,4520.8,4512.475,4516.2
2025-12-29T12:00:00+08:00,4516.3,4517.34,4507.569,4514.23
2025-12-29T12:30:00+08:00,4514.253,4519.67,4512.775,4515.58
2025-12-29T13:00:00+08:00,4515.68,4515.9,4509.575,4514.148
2025-12-29T13:30:00+08:00,4513.685,4519.32,4504.699,4506.135
2025-12-29T14:00:00+08:00,4506.304,4510.614,4488.865,4490.79
2025-12-29T14:30:00+08:00,4490.435,4497.84,4470.76,4475.26
2025-12-29T15:00:00+08:00,4475.26,4481.69,4444.735,4471.46
2025-12-29T15:30:00+08:00,4471.38,4479.554,4469.798,4474.22
2025-12-29T16:00:00+08:00,4474.47,4488.5,4465.795,4480.01
2025-12-29T16:30:00+08:00,4479.7,4480.72,4452.18,4461.033
2025-12-29T17:00:00+08:00,4461.044,4468.938,4458.805,4466.004
2025-12-29T17:30:00+08:00,4465.67,4476.35,4459.57,4472.189
2025-12-29T18:00:00+08:00,4471.97,4474.6,4462.255,4462.604
2025-12-29T18:30:00+08:00,4462.638,4463.81,4456.73,4460.909
2025-12-29T19:00:00+08:00,4460.84,4467.74,4455.515,4464.77
2025-12-29T19:30:00+08:00,4465.33,4465.803,4433.62,4446.265
2025-12-29T20:00:00+08:00,4446.8,4457.13,4445.215,4456.358
2025-12-29T20:30:00+08:00,4456.73,4464.82,4454.348,4464.09
2025-12-29T21:00:00+08:00,4464.293,4467.59,4445,4451.245
2025-12-29T21:30:00+08:00,4451.638,4454.874,4406.22,4421.348
2025-12-29T22:00:00+08:00,4421.7,4421.7,4385.825,4389.69
2025-12-29T22:30:00+08:00,4389.99,4389.99,4355.89,4360.32
2025-12-29T23:00:00+08:00,4360.6,4360.665,4301.788,4319.12
2025-12-29T23:30:00+08:00,4319.8,4339.9,4316.18,4325.105
2025-12-30T00:00:00+08:00,4325.26,4342.67,4323.04,4334.225
2025-12-30T00:30:00+08:00,4334.28,4347.44,4328.36,4341.755
2025-12-30T01:00:00+08:00,4341.325,4343.16,4322.15,4328.72
2025-12-30T01:30:00+08:00,4329.18,4330.055,4314.62,4328.085
2025-12-30T02:00:00+08:00,4328.11,4334.67,4322.545,4327.44
2025-12-30T02:30:00+08:00,4327.739,4334.35,4325.965,4331.225
2025-12-30T03:00:00+08:00,4331.098,4336.632,4327.26,4330.53
2025-12-30T03:30:00+08:00,4330.17,4338.11,4329.89,4336.73
2025-12-30T04:00:00+08:00,4336.655,4344.594,4336.305,4340.73
2025-12-30T04:30:00+08:00,4340.37,4341.57,4325.545,4334.7
2025-12-30T05:00:00+08:00,4334.355,4339.53,4328.03,4331.568
2025-12-30T05:30:00+08:00,4331.235,4332.871,4326.75,4332.29
2025-12-30T07:00:00+08:00,4331.71,4347.163,4322.6,4333.725
2025-12-30T07:30:00+08:00,4333.485,4346.96,4330.5,4345.22
2025-12-30T08:00:00+08:00,4345.75,4350.77,4337.58,4349.01
2025-12-30T08:30:00+08:00,4349.19,4349.375,4334.19,4339.74
2025-12-30T09:00:00+08:00,4339.555,4343.245,4324.09,4336.545
2025-12-30T09:30:00+08:00,4336.5,4360.16,4331.655,4360.08
2025-12-30T10:00:00+08:00,4359.9,4361.88,4351.45,4355.62
2025-12-30T10:30:00+08:00,4355.27,4365.03,4348.42,4362.69
2025-12-30T11:00:00+08:00,4362.649,4369.31,4356.865,4368.11
2025-12-30T11:30:00+08:00,4368.12,4368.95,4355.92,4359.205
2025-12-30T12:00:00+08:00,4359.25,4365.69,4357.09,4362.835
2025-12-30T12:30:00+08:00,4362.99,4369.64,4361.85,4363.375
2025-12-30T13:00:00+08:00,4363.28,4376.3,4358.5,4372.295
2025-12-30T13:30:00+08:00,4372.17,4380.28,4371.685,4377.72
2025-12-30T14:00:00+08:00,4377.565,4378.76,4363.83,4366.45
2025-12-30T14:30:00+08:00,4366.579,4369.88,4359.605,4364.36
2025-12-30T15:00:00+08:00,4364.275,4372.54,4358.715,4368.45
2025-12-30T15:30:00+08:00,4367.97,4383.449,4367.805,4372.509
2025-12-30T16:00:00+08:00,4372.2,4373.98,4351.54,4353.005
2025-12-30T16:30:00+08:00,4353.398,4366.47,4349.81,4364.989
2025-12-30T17:00:00+08:00,4364.99,4376.72,4363.89,4368.565
2025-12-30T17:30:00+08:00,4368.539,4373.91,4366.87,4372.025
2025-12-30T18:00:00+08:00,4371.95,4382.82,4367.33,4382.07
2025-12-30T18:30:00+08:00,4382.079,4391.64,4378.33,4384.6
2025-12-30T19:00:00+08:00,4384.6,4390.3,4384.6,4388.82
2025-12-30T19:30:00+08:00,4388.86,4389.42,4380.875,4384.43
2025-12-30T20:00:00+08:00,4384.09,4399.21,4383.115,4393.475
2025-12-30T20:30:00+08:00,4393.829,4402.83,4392.645,4401.089
2025-12-30T21:00:00+08:00,4401.07,4404.41,4389.794,4393.539
2025-12-30T21:30:00+08:00,4393.31,4393.76,4375.905,4388.4
2025-12-30T22:00:00+08:00,4388.265,4391.23,4380.62,4390.31
2025-12-30T22:30:00+08:00,4390.605,4392.15,4355.335,4365.965
2025-12-30T23:00:00+08:00,4366.225,4377.64,4360.38,4365.95
2025-12-30T23:30:00+08:00,4366.11,4374.52,4359.08,4365.02
2025-12-31T00:00:00+08:00,4365.03,4371.5,4354.585,4368.505
2025-12-31T00:30:00+08:00,4368.815,4379.92,4362.065,4377.83
2025-12-31T01:00:00+08:00,4377.715,4381.93,4368.115,4374.6
2025-12-31T01:30:00+08:00,4374.85,4376.29,4363.94,4370.27
2025-12-31T02:00:00+08:00,4370.26,4378.73,4365.72,4370.715
2025-12-31T02:30:00+08:00,4370.81,4371.05,4362.24,4364.058
2025-12-31T03:00:00+08:00,4364.259,4368.05,4363.225,4365.62
2025-12-31T03:30:00+08:00,4365.62,4366.51,4337.08,4348.12
2025-12-31T04:00:00+08:00,4348.4,4353.03,4337.75,4350.453
2025-12-31T04:30:00+08:00,4350.33,4355.52,4337.41,4341.255
2025-12-31T05:00:00+08:00,4341.535,4350.465,4340.33,4346.16
2025-12-31T05:30:00+08:00,4346.465,4349.5,4334.39,4338.029
2025-12-31T07:00:00+08:00,4338.34,4346.365,4331.79,4333.755
2025-12-31T07:30:00+08:00,4334.075,4342.845,4328.65,4339.005
2025-12-31T08:00:00+08:00,4339.005,4344.07,4332,4336.255
2025-12-31T08:30:00+08:00,4336.505,4346.779,4332.515,4342.34
2025-12-31T09:00:00+08:00,4342.255,4360.94,4336.549,4354.759
2025-12-31T09:30:00+08:00,4354.66,4373.499,4354.005,4365.53
2025-12-31T10:00:00+08:00,4365.94,4371.239,4357.14,4360.81
2025-12-31T10:30:00+08:00,4361.17,4371.23,4346.375,4348.525
2025-12-31T11:00:00+08:00,4348.58,4359.985,4340.25,4348.757
2025-12-31T11:30:00+08:00,4348.298,4354.06,4344.96,4348.115
2025-12-31T12:00:00+08:00,4348.615,4351.355,4341.73,4346.555
2025-12-31T12:30:00+08:00,4346.42,4348.395,4330.255,4332.855
2025-12-31T13:00:00+08:00,4332.957,4343.05,4328.96,4342.25
2025-12-31T13:30:00+08:00,4342.495,4343.17,4275.595,4285.99
2025-12-31T14:00:00+08:00,4285.915,4308.88,4273.78,4307.46
2025-12-31T14:30:00+08:00,4306.75,4328.992,4304.31,4327.985
2025-12-31T15:00:00+08:00,4327.71,4334.98,4323.285,4332.898
2025-12-31T15:30:00+08:00,4333.19,4334.78,4326.395,4331.11
2025-12-31T16:00:00+08:00,4331.025,4332.85,4319.92,4326.095
2025-12-31T16:30:00+08:00,4326.135,4326.57,4302.998,4307.38
2025-12-31T17:00:00+08:00,4307.44,4327.61,4306.75,4323.81
2025-12-31T17:30:00+08:00,4323.759,4337.35,4322.97,4325.64
2025-12-31T18:00:00+08:00,4325.41,4331.57,4319.215,4319.64
2025-12-31T18:30:00+08:00,4319.61,4320,4303.015,4306.325
2025-12-31T19:00:00+08:00,4306.44,4316.08,4303.78,4311.22
2025-12-31T19:30:00+08:00,4311.21,4316.36,4307.53,4310.895
2025-12-31T20:00:00+08:00,4310.7,4312.49,4302.598,4307.04
2025-12-31T20:30:00+08:00,4306.605,4318.13,4306.39,4313.61
2025-12-31T21:00:00+08:00,4313.42,4329.29,4307.74,4328.645
2025-12-31T21:30:00+08:00,4328.61,4348.345,4325.385,4345.875
2025-12-31T22:00:00+08:00,4345.885,4348.53,4332.448,4336.81
2025-12-31T22:30:00+08:00,4336.9,4353.37,4332.315,4346
2025-12-31T23:00:00+08:00,4345.48,4346.408,4326.418,4337.25
2025-12-31T23:30:00+08:00,4337.195,4341.655,4326.788,4337.095
2026-01-01T00:00:00+08:00,4337.31,4339.8,4321.378,4325.025
2026-01-01T00:30:00+08:00,4325.56,4329.71,4316.685,4322.865
2026-01-01T01:00:00+08:00,4322.941,4328.37,4317.885,4320.679
2026-01-01T01:30:00+08:00,4320.62,4329.56,4318.765,4321.88
2026-01-01T02:00:00+08:00,4321.86,4331.57,4321.259,4328.175
2026-01-01T02:30:00+08:00,4328.64,4329.05,4315.365,4319.63
2026-01-01T03:00:00+08:00,4319.641,4322.911,4315.298,4317.63
2026-01-01T03:30:00+08:00,4317.82,4318.13,4307.585,4311.35
2026-01-01T04:00:00+08:00,4311.37,4319.09,4304.1,4314.66
2026-01-01T04:30:00+08:00,4314.348,4324.7,4306.435,4313.046
2026-01-01T05:00:00+08:00,4313.09,4314.661,4306.47,4309.62
2026-01-01T05:30:00+08:00,4309.63,4319.019,4309.07,4317.949
2026-01-02T07:00:00+08:00,4318.27,4342.69,4318.27,4341.04
2026-01-02T07:30:00+08:00,4341.09,4351.26,4338.445,4348.21
2026-01-02T08:00:00+08:00,4348.23,4353.18,4341.02,4347.24
2026-01-02T08:30:00+08:00,4347.21,4355.98,4346.248,4353.69
2026-01-02T09:00:00+08:00,4354.17,4356.04,4344.28,4349.24
2026-01-02T09:30:00+08:00,4349.184,4354.49,4345.325,4347.95
2026-01-02T10:00:00+08:00,4347.99,4351.975,4344.42,4347.888
2026-01-02T10:30:00+08:00,4347.8,4363.27,4345.38,4362.935
2026-01-02T11:00:00+08:00,4362.46,4371.93,4361.7,4369.12
2026-01-02T11:30:00+08:00,4369.01,4375.64,4367.7,4375.07
2026-01-02T12:00:00+08:00,4375.04,4378.49,4371.215,4373.76
2026-01-02T12:30:00+08:00,4373.49,4375.97,4371.02,4373.199
2026-01-02T13:00:00+08:00,4373.16,4380.12,4370.598,4378.39
2026-01-02T13:30:00+08:00,4378.36,4381.74,4377.435,4380.335
2026-01-02T14:00:00+08:00,4380.62,4381,4373.18,4379.82
2026-01-02T14:30:00+08:00,4379.825,4379.884,4372.965,4374.66
2026-01-02T15:00:00+08:00,4374.53,4378.03,4371.635,4373.81
2026-01-02T15:30:00+08:00,4373.78,4383.4,4371.945,4382.705
2026-01-02T16:00:00+08:00,4382.555,4386.59,4380.44,4385.06
2026-01-02T16:30:00+08:00,4385.09,4397.53,4383.798,4387.054
2026-01-02T17:00:00+08:00,4387.054,4391.64,4382.858,4388.679
2026-01-02T17:30:00+08:00,4388.64,4389.93,4384.638,4385.055
2026-01-02T18:00:00+08:00,4385.24,4390.11,4384.198,4385.948
2026-01-02T18:30:00+08:00,4386.348,4398.6,4384.328,4396.165
2026-01-02T19:00:00+08:00,4396.36,4399.31,4393.555,4394.41
2026-01-02T19:30:00+08:00,4394.41,4395.75,4390.245,4392.6
2026-01-02T20:00:00+08:00,4392.6,4398.26,4390.598,4393.31
2026-01-02T20:30:00+08:00,4393.274,4394.7,4384.705,4394.4
2026-01-02T21:00:00+08:00,4394.15,4402.354,4372.81,4374.485
2026-01-02T21:30:00+08:00,4374.495,4377.85,4361.695,4365.91
2026-01-02T22:00:00+08:00,4365.81,4373.765,4364.26,4368.34
2026-01-02T22:30:00+08:00,4368.415,4370.203,4347.635,4353.38
2026-01-02T23:00:00+08:00,4353.12,4357.02,4329.97,4336.465
2026-01-02T23:30:00+08:00,4336.56,4347.08,4331.4,4335.32
2026-01-03T00:00:00+08:00,4335.32,4337.455,4314.54,4321.57
2026-01-03T00:30:00+08:00,4321.55,4328.3,4314.83,4326.51
2026-01-03T01:00:00+08:00,4326.275,4333.88,4323.71,4328.78
2026-01-03T01:30:00+08:00,4328.835,4331.32,4322.46,4322.73
2026-01-03T02:00:00+08:00,4323.02,4323.68,4310.008,4318.72
2026-01-03T02:30:00+08:00,4318.675,4319.56,4309.42,4315.04
2026-01-03T03:00:00+08:00,4314.955,4323.13,4314.9,4318.29
2026-01-03T03:30:00+08:00,4318.29,4326.32,4317.165,4318.05
2026-01-03T04:00:00+08:00,4318.031,4329.48,4316.87,4328.46
2026-01-03T04:30:00+08:00,4328.435,4331.77,4325.08,4331.47
2026-01-03T05:00:00+08:00,4331.47,4331.86,4326.635,4328.81
2026-01-03T05:30:00+08:00,4328.56,4333.98,4326.99,4331.575
2026-01-05T07:00:00+08:00,4332.19,4372.617,4332.19,4366.72
2026-01-05T07:30:00+08:00,4366.31,4375.82,4353.99,4372.385
2026-01-05T08:00:00+08:00,4372.44,4389.46,4369.91,4386.715
2026-01-05T08:30:00+08:00,4386.77,4396.7,4384.648,4394.665
2026-01-05T09:00:00+08:00,4394.6,4421.56,4393.685,4395.97
2026-01-05T09:30:00+08:00,4396.025,4406.75,4390.558,4401.395
2026-01-05T10:00:00+08:00,4401.704,4404.87,4388.28,4402.4
2026-01-05T10:30:00+08:00,4402.38,4409.71,4398.145,4405.43
2026-01-05T11:00:00+08:00,4405.47,4414.13,4404.85,4407.685
2026-01-05T11:30:00+08:00,4407.665,4410.794,4399.485,4400.07
2026-01-05T12:00:00+08:00,4400.034,4406.3,4396.9,4404.51
2026-01-05T12:30:00+08:00,4404.51,4408.39,4403.23,4404.16
2026-01-05T13:00:00+08:00,4404.035,4412.84,4403.4,4412.579
2026-01-05T13:30:00+08:00,4412.22,4414.36,4400.74,4411.99
2026-01-05T14:00:00+08:00,4412.28,4426.24,4410.87,4424.109
2026-01-05T14:30:00+08:00,4424.05,4426.49,4415.93,4420.205
2026-01-05T15:00:00+08:00,4420.25,4424.114,4416.43,4420.335
2026-01-05T15:30:00+08:00,4419.99,4425.22,4418.248,4421.76
2026-01-05T16:00:00+08:00,4421.53,4430.3,4419.025,4426.57
2026-01-05T16:30:00+08:00,4426.57,4433.98,4423.195,4429.92
2026-01-05T17:00:00+08:00,4429.92,4434.46,4425.798,4432.645
2026-01-05T17:30:00+08:00,4432.73,4438.43,4430.725,4434.75
2026-01-05T18:00:00+08:00,4434.876,4436.55,4430.505,4433.193
2026-01-05T18:30:00+08:00,4433.114,4439.9,4432.38,4436.289
2026-01-05T19:00:00+08:00,4436.22,4437.43,4410.285,4417.17
2026-01-05T19:30:00+08:00,4417.17,4426.13,4414.848,4419.345
2026-01-05T20:00:00+08:00,4419.31,4421.5,4413.545,4415.53
2026-01-05T20:30:00+08:00,4415.59,4417.32,4405.265,4409.525
2026-01-05T21:00:00+08:00,4409.489,4419.02,4396.415,4399.629
2026-01-05T21:30:00+08:00,4399.55,4417.39,4395.92,4416.91
2026-01-05T22:00:00+08:00,4416.57,4429.84,4416.57,4420.835
2026-01-05T22:30:00+08:00,4420.97,4442.785,4417.598,4436.55
2026-01-05T23:00:00+08:00,4436.82,4455.743,4435.998,4444.148
2026-01-05T23:30:00+08:00,4444.55,4449.94,4435.345,4448.494
2026-01-06T00:00:00+08:00,4448.51,4451.43,4438.125,4440.508
2026-01-06T00:30:00+08:00,4440.81,4454.438,4439.748,4441.79
2026-01-06T01:00:00+08:00,4441.79,4449.16,4431.71,4445.785
2026-01-06T01:30:00+08:00,4445.874,4447.56,4437.475,4443.66
2026-01-06T02:00:00+08:00,4443.67,4448.55,4439.475,4441.11
2026-01-06T02:30:00+08:00,4441.04,4448.347,4440.705,4448.28
2026-01-06T03:00:00+08:00,4448.385,4449.382,4434.57,4441.68
2026-01-06T03:30:00+08:00,4441.64,4445.82,4438.198,4439.485
2026-01-06T04:00:00+08:00,4439.53,4447.05,4438.785,4445.62
2026-01-06T04:30:00+08:00,4445.36,4446.08,4437.735,4444.8
2026-01-06T05:00:00+08:00,4444.794,4448.25,4442.95,4445.44
2026-01-06T05:30:00+08:00,4445.08,4449.23,4444.95,4446.77
2026-01-06T07:00:00+08:00,4449.09,4460.074,4448.345,4448.63
2026-01-06T07:30:00+08:00,4448.86,4450.268,4436.45,4440.48
2026-01-06T08:00:00+08:00,4440.48,4442.64,4436.185,4440.918
2026-01-06T08:30:00+08:00,4440.914,4444.87,4429.988,4436.49
2026-01-06T09:00:00+08:00,4436.42,4444.32,4427.725,4435.01
2026-01-06T09:30:00+08:00,4434.97,4452.3,4432.26,4450.515
2026-01-06T10:00:00+08:00,4450.409,4460.74,4448.32,4459.98
2026-01-06T10:30:00+08:00,4460.28,4461.18,4448.3,4454.89
2026-01-06T11:00:00+08:00,4454.64,4468.2,4453.875,4463.27
2026-01-06T11:30:00+08:00,4463.67,4468.2,4462.79,4467.32
2026-01-06T12:00:00+08:00,4467.66,4468.56,4462.905,4464.72
2026-01-06T12:30:00+08:00,4464.75,4468.468,4461.475,4467.368
2026-01-06T13:00:00+08:00,4467.284,4470.8,4466.475,4469.33
2026-01-06T13:30:00+08:00,4469.32,4474.22,4449.198,4451.64
2026-01-06T14:00:00+08:00,4452.214,4461.25,4451.16,4461.005
2026-01-06T14:30:00+08:00,4461.23,4467.11,4458.61,4465.49
2026-01-06T15:00:00+08:00,4465.81,4470.46,4461.185,4464.61
2026-01-06T15:30:00+08:00,4464.218,4467.32,4456.695,4459.155
2026-01-06T16:00:00+08:00,4459.478,4475.81,4456.975,4471.1
2026-01-06T16:30:00+08:00,4470.83,4472.52,4464.18,4468.169
2026-01-06T17:00:00+08:00,4467.91,4468.53,4451.7,4456.758
2026-01-06T17:30:00+08:00,4456.65,4457.149,4444.498,4446.32
2026-01-06T18:00:00+08:00,4446.38,4452.64,4442.095,4450.01
2026-01-06T18:30:00+08:00,4450.02,4456.07,4448.09,4451.61
2026-01-06T19:00:00+08:00,4451.32,4455.844,4448.285,4455.464
2026-01-06T19:30:00+08:00,4455.35,4464.54,4454.505,4463.28
2026-01-06T20:00:00+08:00,4463.284,4465.7,4461.118,4464.15
2026-01-06T20:30:00+08:00,4464.45,4466.4,4458.478,4463.6
2026-01-06T21:00:00+08:00,4463.58,4470.53,4457.125,4459.04
2026-01-06T21:30:00+08:00,4458.86,4468.34,4453.535,4468
2026-01-06T22:00:00+08:00,4467.96,4473.35,4464.165,4466.71
2026-01-06T22:30:00+08:00,4466.744,4489.8,4464.66,4486.945
2026-01-06T23:00:00+08:00,4487.038,4490.958,4473.42,4480.98
2026-01-06T23:30:00+08:00,4480.98,4482.06,4462.955,4478.39
2026-01-07T00:00:00+08:00,4478.38,4485.38,4471.178,4483.634
2026-01-07T00:30:00+08:00,4483.57,4489.07,4482.205,4488.284
2026-01-07T01:00:00+08:00,4487.94,4490.284,4483.925,4487.13
2026-01-07T01:30:00+08:00,4487.13,4491.654,4481.345,4489.488
2026-01-07T02:00:00+08:00,4489.38,4494.26,4483.94,4485.77
2026-01-07T02:30:00+08:00,4485.908,4490.318,4481.71,4488.488
2026-01-07T03:00:00+08:00,4488.25,4489.53,4477.11,4480.82
2026-01-07T03:30:00+08:00,4480.52,4483.71,4477.258,4481.26
2026-01-07T04:00:00+08:00,4481.26,4487.7,4480.07,4485.604
2026-01-07T04:30:00+08:00,4485.604,4497.12,4483.53,4493.59
2026-01-07T05:00:00+08:00,4493.448,4494.569,4491.46,4493.73
2026-01-07T05:30:00+08:00,4493.98,4497.324,4493.265,4495.14
2026-01-07T07:00:00+08:00,4494.59,4500.64,4494.385,4498.472
2026-01-07T07:30:00+08:00,4498.46,4499.628,4491.78,4493.235
2026-01-07T08:00:00+08:00,4493.32,4494.354,4489.405,4490.87
2026-01-07T08:30:00+08:00,4490.98,4494.798,4481.999,4491.868
2026-01-07T09:00:00+08:00,4492.23,4495.9,4468.945,4476.835
2026-01-07T09:30:00+08:00,4477.08,4477.96,4460.625,4465.23
2026-01-07T10:00:00+08:00,4465.62,4475.76,4459.49,4473.884
2026-01-07T10:30:00+08:00,4473.48,4478.69,4473.06,4474.68
2026-01-07T11:00:00+08:00,4474.65,4480.314,4471.365,4476.39
2026-01-07T11:30:00+08:00,4476.404,4478.87,4473.32,4474.789
2026-01-07T12:00:00+08:00,4474.624,4476.09,4465.52,4466.1
2026-01-07T12:30:00+08:00,4466.07,4468.7,4463.165,4464.764
2026-01-07T13:00:00+08:00,4464.75,4470.5,4461.69,4468.608
2026-01-07T13:30:00+08:00,4468.648,4469.362,4442.935,4453.91
2026-01-07T14:00:00+08:00,4454.38,4460.42,4451.935,4454.95
2026-01-07T14:30:00+08:00,4454.55,4455.48,4441.17,4443.72
2026-01-07T15:00:00+08:00,4444.15,4455.11,4441.35,4454.84
2026-01-07T15:30:00+08:00,4454.84,4465.13,4453.31,4461.19
2026-01-07T16:00:00+08:00,4461.11,4468.662,4459.085,4465.284
2026-01-07T16:30:00+08:00,4465.08,4474.93,4463.855,4468.138
2026-01-07T17:00:00+08:00,4468.095,4468.733,4459.215,4461.98
2026-01-07T17:30:00+08:00,4462.15,4465.638,4459.67,4463.5
2026-01-07T18:00:00+08:00,4463.5,4466.7,4458.495,4459.725
2026-01-07T18:30:00+08:00,4459.695,4467.834,4458.548,4464.16
2026-01-07T19:00:00+08:00,4464.43,4464.89,4454.945,4459.1
2026-01-07T19:30:00+08:00,4459.04,4460.169,4446.24,4447.135
2026-01-07T20:00:00+08:00,4447.06,4450.5,4439.145,4450.07
2026-01-07T20:30:00+08:00,4450.06,4455.1,4444.695,4445.209
2026-01-07T21:00:00+08:00,4445.14,4449.978,4427.505,4442.009
2026-01-07T21:30:00+08:00,4442.16,4453.17,4437.995,4452.89
2026-01-07T22:00:00+08:00,4452.85,4454.34,4442.465,4444.63
2026-01-07T22:30:00+08:00,4444.727,4453.07,4435.485,4445.312
2026-01-07T23:00:00+08:00,4444.41,4445.5,4423.135,4441.956
2026-01-07T23:30:00+08:00,4442.11,4452.23,4440.145,4446.12
2026-01-08T00:00:00+08:00,4446.148,4461.189,4443.54,4457.93
2026-01-08T00:30:00+08:00,4457.85,4468.4,4456.615,4463.88
2026-01-08T01:00:00+08:00,4464.06,4465.478,4456.87,4458.404
2026-01-08T01:30:00+08:00,4458.509,4461.513,4449.455,4451.74
2026-01-08T02:00:00+08:00,4451.85,4455.9,4446.815,4452.109
2026-01-08T02:30:00+08:00,4451.755,4458.86,4449.855,4452.02
2026-01-08T03:00:00+08:00,4451.97,4455.293,4445.105,4450.55
2026-01-08T03:30:00+08:00,4450.53,4458.034,4450.255,4456.914
2026-01-08T04:00:00+08:00,4456.92,4461.69,4455.225,4458.15
2026-01-08T04:30:00+08:00,4458.154,4460.553,4450.325,4451.998
2026-01-08T05:00:00+08:00,4452.038,4455.13,4449.62,4452.469
2026-01-08T05:30:00+08:00,4452.36,4456.56,4452.08,4456.07
2026-01-08T07:00:00+08:00,4456.24,4464.093,4456.24,4461.85
2026-01-08T07:30:00+08:00,4462.04,4463.864,4459.585,4463.41
2026-01-08T08:00:00+08:00,4463.38,4466.47,4453.655,4456.828
2026-01-08T08:30:00+08:00,4456.79,4458.96,4446.395,4449.71
2026-01-08T09:00:00+08:00,4450.13,4460.37,4444.145,4454.99
2026-01-08T09:30:00+08:00,4454.868,4457.552,4441.678,4448.29
2026-01-08T10:00:00+08:00,4448.51,4449.65,4440.035,4441.147
2026-01-08T10:30:00+08:00,4440.935,4444.22,4433.09,4440.87
2026-01-08T11:00:00+08:00,4441.29,4445.88,4437.005,4444.38
2026-01-08T11:30:00+08:00,4444.18,4446.48,4437.805,4440.215
2026-01-08T12:00:00+08:00,4440.188,4440.545,4436.215,4436.6
2026-01-08T12:30:00+08:00,4436.72,4438.9,4429.838,4431.605
2026-01-08T13:00:00+08:00,4431.275,4432.465,4422.465,4426.11
2026-01-08T13:30:00+08:00,4426.06,4427.9,4415.215,4425.468
2026-01-08T14:00:00+08:00,4425.44,4429.35,4415.495,4426.19
2026-01-08T14:30:00+08:00,4426.09,4437.79,4425.785,4433.25
2026-01-08T15:00:00+08:00,4433.25,4439.81,4430.45,4436.43
2026-01-08T15:30:00+08:00,4436.43,4436.922,4428.005,4430.67
2026-01-08T16:00:00+08:00,4430.79,4433.358,4425,4426.97
2026-01-08T16:30:00+08:00,4426.615,4432.96,4419.438,4431.628
2026-01-08T17:00:00+08:00,4431.6,4435.52,4425.73,4430.34
2026-01-08T17:30:00+08:00,4430.373,4434.878,4428.8,4432.54
2026-01-08T18:00:00+08:00,4432.54,4432.68,4422.755,4424.679
2026-01-08T18:30:00+08:00,4424.35,4434.994,4423.41,4433.31
2026-01-08T19:00:00+08:00,4433.01,4433.27,4424.495,4426.46
2026-01-08T19:30:00+08:00,4426.35,4428.13,4421.885,4422.73
2026-01-08T20:00:00+08:00,4422.859,4423.064,4407.44,4420.36
2026-01-08T20:30:00+08:00,4420.15,4431.47,4419.85,4427.763
2026-01-08T21:00:00+08:00,4427.719,4436.12,4417.05,4433.96
2026-01-08T21:30:00+08:00,4433.988,4435.66,4421.455,4423.72
2026-01-08T22:00:00+08:00,4423.734,4430.19,4418.86,4427.73
2026-01-08T22:30:00+08:00,4427.75,4439.56,4421.58,4433
2026-01-08T23:00:00+08:00,4432.99,4454.09,4427.58,4447.65
2026-01-08T23:30:00+08:00,4447.65,4456.45,4446.438,4454.108
2026-01-09T00:00:00+08:00,4454.04,4457.99,4446.695,4453.71
2026-01-09T00:30:00+08:00,4453.45,4464.457,4451.615,4463.19
2026-01-09T01:00:00+08:00,4463.218,4465.418,4457.275,4461.45
2026-01-09T01:30:00+08:00,4461.76,4464.17,4458.598,4463.56
2026-01-09T02:00:00+08:00,4463.23,4463.53,4449.095,4452.05
2026-01-09T02:30:00+08:00,4451.94,4455.05,4447.66,4449.37
2026-01-09T03:00:00+08:00,4449.634,4451.3,4444.41,4447.72
2026-01-09T03:30:00+08:00,4447.49,4452.94,4447.32,4451.93
2026-01-09T04:00:00+08:00,4452.22,4473.79,4451.285,4469.908
2026-01-09T04:30:00+08:00,4469.82,4478.14,4469.82,4475.865
2026-01-09T05:00:00+08:00,4476.09,4479.64,4472.458,4474.984
2026-01-09T05:30:00+08:00,4475.01,4478.61,4472.398,4477.555
2026-01-09T07:00:00+08:00,4478.83,4483.99,4474.855,4476.9
2026-01-09T07:30:00+08:00,4477.154,4477.42,4472.515,4475.65
2026-01-09T08:00:00+08:00,4475.4,4476.74,4463.055,4465.495
2026-01-09T08:30:00+08:00,4465.66,4468.8,4459.47,4461.21
2026-01-09T09:00:00+08:00,4462.283,4465.83,4452.58,4457.13
2026-01-09T09:30:00+08:00,4457.349,4470.04,4455.725,4468.66
2026-01-09T10:00:00+08:00,4468.949,4476.53,4468.52,4472.07
2026-01-09T10:30:00+08:00,4472.13,4475.52,4465.34,4469.42
2026-01-09T11:00:00+08:00,4469.42,4470.12,4460.81,4463.195
2026-01-09T11:30:00+08:00,4463.16,4465.889,4460.14,4463.86
2026-01-09T12:00:00+08:00,4463.86,4465.74,4460.54,4462.86
2026-01-09T12:30:00+08:00,4462.53,4466.94,4461.35,4464.72
2026-01-09T13:00:00+08:00,4464.42,4466.83,4457.985,4464.65
2026-01-09T13:30:00+08:00,4464.66,4471.84,4464.27,4467.845
2026-01-09T14:00:00+08:00,4468.118,4473.564,4465.76,4473.41
2026-01-09T14:30:00+08:00,4473.514,4477.444,4472.46,4473.83
2026-01-09T15:00:00+08:00,4474.04,4475.54,4468.299,4470.274
2026-01-09T15:30:00+08:00,4470.274,4473.518,4468.355,4470.3
2026-01-09T16:00:00+08:00,4469.99,4476.9,4466.14,4473.17
2026-01-09T16:30:00+08:00,4473.33,4473.92,4463.905,4468.34
2026-01-09T17:00:00+08:00,4468.33,4477.6,4468.09,4473.78
2026-01-09T17:30:00+08:00,4473.763,4475.2,4470.398,4471.02
2026-01-09T18:00:00+08:00,4471.198,4474.3,4468.66,4468.695
2026-01-09T18:30:00+08:00,4468.944,4472.774,4466.798,4472.35
2026-01-09T19:00:00+08:00,4472.46,4474.77,4469.65,4470.58
2026-01-09T19:30:00+08:00,4470.33,4476.19,4468.385,4475.317
2026-01-09T20:00:00+08:00,4475.31,4480.59,4466.725,4467.425
2026-01-09T20:30:00+08:00,4467.819,4468.798,4460.705,4465.81
2026-01-09T21:00:00+08:00,4465.97,4474.7,4461.745,4473.002
2026-01-09T21:30:00+08:00,4472.75,4491.89,4458.7,4482.729
2026-01-09T22:00:00+08:00,4482.59,4496.62,4480.175,4494.32
2026-01-09T22:30:00+08:00,4494.32,4498.089,4478.985,4493.71
2026-01-09T23:00:00+08:00,4494.662,4511.04,4489.818,4505.06
2026-01-09T23:30:00+08:00,4505.055,4517.23,4504.915,4512.06
2026-01-10T00:00:00+08:00,4512.46,4514.38,4499.498,4503.608
2026-01-10T00:30:00+08:00,4504.43,4508.084,4500.568,4506.41
2026-01-10T01:00:00+08:00,4506.21,4511.66,4501.525,4503.878
2026-01-10T01:30:00+08:00,4503.76,4510.138,4481.615,4484.564
2026-01-10T02:00:00+08:00,4484.68,4494.81,4482.655,4491.454
2026-01-10T02:30:00+08:00,4491.315,4504.624,4490.95,4496.23
2026-01-10T03:00:00+08:00,4496.05,4501.76,4492.42,4498.764
2026-01-10T03:30:00+08:00,4498.58,4501.98,4495.615,4499.025
2026-01-10T04:00:00+08:00,4499.318,4509.49,4497.405,4505.055
2026-01-10T04:30:00+08:00,4505.38,4510.204,4502.115,4507.497
2026-01-10T05:00:00+08:00,4507.473,4510.45,4504.748,4509.58
2026-01-10T05:30:00+08:00,4509.58,4511.284,4505.708,4509.015
2026-01-12T07:00:00+08:00,4508.98,4538.38,4508.98,4537.72
2026-01-12T07:30:00+08:00,4537.448,4545.004,4532.83,4540.01
2026-01-12T08:00:00+08:00,4539.69,4565.95,4535.94,4564.34
2026-01-12T08:30:00+08:00,4564.35,4601.38,4561.848,4588.35
2026-01-12T09:00:00+08:00,4588.71,4595.17,4573.668,4582.55
2026-01-12T09:30:00+08:00,4582.573,4584.26,4570.118,4570.313
2026-01-12T10:00:00+08:00,4570.257,4574.963,4561.355,4566.09
2026-01-12T10:30:00+08:00,4566.24,4582.093,4562.138,4577.493
2026-01-12T11:00:00+08:00,4577.43,4581.338,4574.72,4581.05
2026-01-12T11:30:00+08:00,4581.258,4581.418,4567.445,4570.26
2026-01-12T12:00:00+08:00,4570.637,4572.2,4565.27,4568.578
2026-01-12T12:30:00+08:00,4568.395,4570.25,4563.118,4568.578
2026-01-12T13:00:00+08:00,4568.365,4573.923,4565.83,4572.407
2026-01-12T13:30:00+08:00,4572.35,4584.94,4569.7,4580.713
2026-01-12T14:00:00+08:00,4580.76,4580.92,4569.455,4573.618
2026-01-12T14:30:00+08:00,4573.617,4580.063,4571.78,4578.438
2026-01-12T15:00:00+08:00,4578.26,4587.56,4574.45,4581.38
2026-01-12T15:30:00+08:00,4581.38,4589.61,4578.435,4587.49
2026-01-12T16:00:00+08:00,4587.57,4589.49,4579.235,4583.47
2026-01-12T16:30:00+08:00,4583.48,4598.46,4581.61,4596.89
2026-01-12T17:00:00+08:00,4596.89,4599.4,4593.068,4596.498
2026-01-12T17:30:00+08:00,4596.67,4597.03,4587.415,4589.177
2026-01-12T18:00:00+08:00,4589.03,4594.1,4585.82,4592.3
2026-01-12T18:30:00+08:00,4592.33,4595.46,4586.44,4594.1
2026-01-12T19:00:00+08:00,4594.357,4594.923,4583.655,4585.08
2026-01-12T19:30:00+08:00,4585.13,4592.128,4581.415,4585.22
2026-01-12T20:00:00+08:00,4585.06,4586.74,4578.145,4582.55
2026-01-12T20:30:00+08:00,4582.75,4590.72,4582.08,4590.28
2026-01-12T21:00:00+08:00,4590.423,4611.21,4588.345,4604.73
2026-01-12T21:30:00+08:00,4604.89,4620.34,4604.469,4615.56
2026-01-12T22:00:00+08:00,4615.63,4617.27,4584.615,4586.28
2026-01-12T22:30:00+08:00,4587.077,4611.53,4585.095,4602.13
2026-01-12T23:00:00+08:00,4602.12,4622.21,4601.43,4619.633
2026-01-12T23:30:00+08:00,4619.6,4627.49,4617.805,4621.263
2026-01-13T00:00:00+08:00,4621.06,4630.24,4617.25,4619.98
2026-01-13T00:30:00+08:00,4619.92,4623.313,4607.508,4616.72
2026-01-13T01:00:00+08:00,4616.625,4618.52,4611.805,4616.267
2026-01-13T01:30:00+08:00,4616.22,4620.55,4610.48,4616.422
2026-01-13T02:00:00+08:00,4616.21,4618.66,4600.215,4605.635
2026-01-13T02:30:00+08:00,4605.55,4611.32,4602.905,4610.75
2026-01-13T03:00:00+08:00,4610.847,4617.273,4608.535,4616.933
2026-01-13T03:30:00+08:00,4616.725,4619.01,4609.075,4610.97
2026-01-13T04:00:00+08:00,4611.053,4611.76,4599.505,4602.373
2026-01-13T04:30:00+08:00,4602.3,4604.743,4591.32,4593.45
2026-01-13T05:00:00+08:00,4593.43,4596.943,4590.665,4593.677
2026-01-13T05:30:00+08:00,4593.55,4598.815,4588.95,4598.545
2026-01-13T07:00:00+08:00,4597.2,4608.13,4577.335,4584.577
2026-01-13T07:30:00+08:00,4584.573,4599.793,4583.65,4598.64
2026-01-13T08:00:00+08:00,4599.06,4599.653,4587.665,4588.23
2026-01-13T08:30:00+08:00,4587.96,4592.23,4584.148,4587.19
2026-01-13T09:00:00+08:00,4587.02,4595.9,4581.255,4581.63
2026-01-13T09:30:00+08:00,4581.3,4587.25,4575.275,4577.933
2026-01-13T10:00:00+08:00,4577.63,4590.62,4576.455,4583.43
2026-01-13T10:30:00+08:00,4583.727,4595.07,4581.725,4594.09
2026-01-13T11:00:00+08:00,4594.127,4599.72,4592.5,4595.34
2026-01-13T11:30:00+08:00,4595.663,4598.22,4592.19,4594.18
2026-01-13T12:00:00+08:00,4594.157,4599.68,4593.64,4597.25
2026-01-13T12:30:00+08:00,4597.25,4599.79,4594.33,4596.35
2026-01-13T13:00:00+08:00,4596.35,4601.5,4591.405,4601.095
2026-01-13T13:30:00+08:00,4601.155,4602.11,4585.32,4591.925
2026-01-13T14:00:00+08:00,4592.083,4592.443,4581.985,4584.763
2026-01-13T14:30:00+08:00,4584.615,4586.14,4573.325,4581.28
2026-01-13T15:00:00+08:00,4581.215,4585.37,4578.705,4583.89
2026-01-13T15:30:00+08:00,4583.89,4587.073,4577.18,4580.67
2026-01-13T16:00:00+08:00,4580.608,4592.55,4579.43,4589.71
2026-01-13T16:30:00+08:00,4589.88,4597.05,4588.92,4592.52
2026-01-13T17:00:00+08:00,4592.64,4595.67,4587.709,4589.2
2026-01-13T17:30:00+08:00,4588.86,4592.18,4585.368,4586.1
2026-01-13T18:00:00+08:00,4585.98,4587.008,4580.065,4584.677
2026-01-13T18:30:00+08:00,4584.44,4588.317,4581.358,4586.23
2026-01-13T19:00:00+08:00,4586.23,4589.14,4581.84,4586.73
2026-01-13T19:30:00+08:00,4586.78,4592.023,4584.86,4588.628
2026-01-13T20:00:00+08:00,4588.365,4589.243,4577.615,4580.51
2026-01-13T20:30:00+08:00,4580.41,4595.35,4579.075,4593.167
2026-01-13T21:00:00+08:00,4593.14,4606.402,4590.405,4600.993
2026-01-13T21:30:00+08:00,4601.12,4620.977,4600.155,4611.14
2026-01-13T22:00:00+08:00,4611.14,4623.55,4608.695,4618.06
2026-01-13T22:30:00+08:00,4618.118,4634.58,4611.36,4629.83
2026-01-13T23:00:00+08:00,4629.15,4630.25,4600.415,4608.69
2026-01-13T23:30:00+08:00,4608.69,4620.607,4604.8,4619.1
2026-01-14T00:00:00+08:00,4618.82,4620.797,4592.775,4598.24
2026-01-14T00:30:00+08:00,4598.653,4613.91,4596.425,4613.33
2026-01-14T01:00:00+08:00,4613.015,4616.08,4606.125,4609.67
2026-01-14T01:30:00+08:00,4609.515,4612.15,4586.33,4590.18
2026-01-14T02:00:00+08:00,4590.18,4594.993,4580.835,4591.58
2026-01-14T02:30:00+08:00,4591.555,4602.04,4589.575,4594.168
2026-01-14T03:00:00+08:00,4593.84,4597.34,4583.985,4593.23
2026-01-14T03:30:00+08:00,4593.43,4599.05,4590.38,4597.477
2026-01-14T04:00:00+08:00,4597.477,4597.91,4587.385,4588.942
2026-01-14T04:30:00+08:00,4588.84,4589.41,4569.185,4586.108
2026-01-14T05:00:00+08:00,4585.93,4589.51,4582.45,4587.943
2026-01-14T05:30:00+08:00,4587.963,4589.84,4585.325,4585.655
2026-01-14T07:00:00+08:00,4586,4597.837,4586,4596.99
2026-01-14T07:30:00+08:00,4597.183,4598.833,4592.805,4596.805
2026-01-14T08:00:00+08:00,4596.79,4610.677,4596.74,4609.61
2026-01-14T08:30:00+08:00,4609.465,4610.66,4604.4,4608.76
2026-01-14T09:00:00+08:00,4608.85,4618.425,4605.875,4614.595
2026-01-14T09:30:00+08:00,4614.537,4619.92,4613.195,4619.07
2026-01-14T10:00:00+08:00,4619.117,4621.37,4613.935,4620.018
2026-01-14T10:30:00+08:00,4619.83,4623.77,4617.79,4620.32
2026-01-14T11:00:00+08:00,4620.443,4622.88,4613.095,4615.037
2026-01-14T11:30:00+08:00,4615,4629.99,4614.64,4628.06
2026-01-14T12:00:00+08:00,4628.24,4630.16,4625.015,4626.407
2026-01-14T12:30:00+08:00,4626.38,4630.44,4625.14,4629.07
2026-01-14T13:00:00+08:00,4629.05,4639.64,4628.93,4634.097
2026-01-14T13:30:00+08:00,4634.097,4639.723,4617.67,4619.47
2026-01-14T14:00:00+08:00,4619.653,4635.33,4618.25,4632.765
2026-01-14T14:30:00+08:00,4632.72,4637.25,4625.943,4637.103
2026-01-14T15:00:00+08:00,4637.25,4639.65,4631.3,4637.07
2026-01-14T15:30:00+08:00,4637.07,4638.432,4632.138,4632.24
2026-01-14T16:00:00+08:00,4632.37,4634.083,4621.265,4625.187
2026-01-14T16:30:00+08:00,4624.93,4637.93,4624.12,4634.952
2026-01-14T17:00:00+08:00,4634.74,4639.648,4633.03,4637.386
2026-01-14T17:30:00+08:00,4637.19,4637.78,4626.815,4630.37
2026-01-14T18:00:00+08:00,4630.37,4637.05,4627.48,4635.01
2026-01-14T18:30:00+08:00,4634.73,4638.24,4631.05,4632.93
2026-01-14T19:00:00+08:00,4632.93,4637.51,4628.938,4629.94
2026-01-14T19:30:00+08:00,4630.15,4632.89,4625.795,4630.273
2026-01-14T20:00:00+08:00,4630.2,4639.008,4630.02,4635.98
2026-01-14T20:30:00+08:00,4636.006,4641.853,4633.355,4638.56
2026-01-14T21:00:00+08:00,4638.4,4641.61,4627.035,4631.2
2026-01-14T21:30:00+08:00,4631.91,4637.22,4624.17,4635.57
2026-01-14T22:00:00+08:00,4635.57,4638.93,4629.42,4635.185
2026-01-14T22:30:00+08:00,4635.2,4635.392,4606.45,4617.607
2026-01-14T23:00:00+08:00,4617.56,4626.67,4599.15,4615.41
2026-01-14T23:30:00+08:00,4615.528,4621.86,4609.66,4617.8
2026-01-15T00:00:00+08:00,4617.66,4624.86,4614.73,4621.62
2026-01-15T00:30:00+08:00,4621.733,4623.25,4608.42,4617.08
2026-01-15T01:00:00+08:00,4616.99,4619.17,4605.265,4611.308
2026-01-15T01:30:00+08:00,4611.21,4616.63,4600.985,4614.18
2026-01-15T02:00:00+08:00,4614.125,4630.137,4612.6,4628.04
2026-01-15T02:30:00+08:00,4628.123,4637.35,4627.758,4635.025
2026-01-15T03:00:00+08:00,4635.032,4643,4632.915,4635.003
2026-01-15T03:30:00+08:00,4634.83,4641.55,4634.348,4639.117
2026-01-15T04:00:00+08:00,4639.34,4641.63,4625.87,4634.21
2026-01-15T04:30:00+08:00,4634.21,4635.51,4625.35,4632.455
2026-01-15T05:00:00+08:00,4632.587,4633.09,4620.7,4622.253
2026-01-15T05:30:00+08:00,4622.24,4629,4617.66,4628.14
2026-01-15T07:00:00+08:00,4626.82,4632.743,4604.99,4608.85
2026-01-15T07:30:00+08:00,4609.04,4616.223,4602.575,4615.45
2026-01-15T08:00:00+08:00,4615.17,4618.26,4611.265,4616.41
2026-01-15T08:30:00+08:00,4616.64,4618.03,4609.82,4615.077
2026-01-15T09:00:00+08:00,4614.895,4617.59,4596.76,4600.54
2026-01-15T09:30:00+08:00,4600.48,4607.2,4583.21,4600
2026-01-15T10:00:00+08:00,4600,4614.65,4597.14,4610.94
2026-01-15T10:30:00+08:00,4610.78,4614.74,4595.21,4602.83
2026-01-15T11:00:00+08:00,4602.827,4604.25,4580.955,4584.97
2026-01-15T11:30:00+08:00,4585.08,4597.56,4580.84,4592.16
2026-01-15T12:00:00+08:00,4592.16,4597.43,4586.695,4593.98
2026-01-15T12:30:00+08:00,4593.92,4595.84,4588.92,4592.13
2026-01-15T13:00:00+08:00,4592.133,4593.06,4580.815,4592.74
2026-01-15T13:30:00+08:00,4592.835,4599.03,4581.145,4595.097
2026-01-15T14:00:00+08:00,4594.97,4610.03,4593.255,4604.027
2026-01-15T14:30:00+08:00,4603.98,4611.988,4600.115,4609.85
2026-01-15T15:00:00+08:00,4610.123,4613.52,4605.54,4610.31
2026-01-15T15:30:00+08:00,4610.1,4611.22,4599.015,4601.565
2026-01-15T16:00:00+08:00,4601.67,4606.39,4597.63,4602.07
2026-01-15T16:30:00+08:00,4602.06,4607.167,4598.985,4604.24
2026-01-15T17:00:00+08:00,4604,4605.51,4600.42,4604.583
2026-01-15T17:30:00+08:00,4604.43,4613.12,4602.505,4612.63
2026-01-15T18:00:00+08:00,4612.445,4615.665,4609.12,4611.925
2026-01-15T18:30:00+08:00,4612.03,4620.67,4610.41,4619.803
2026-01-15T19:00:00+08:00,4619.59,4621.51,4617.075,4619.123
2026-01-15T19:30:00+08:00,4619.02,4623.043,4615.305,4618.9
2026-01-15T20:00:00+08:00,4619.07,4620.81,4613.678,4616.568
2026-01-15T20:30:00+08:00,4616.41,4618.577,4611.39,4613.82
2026-01-15T21:00:00+08:00,4613.785,4616.21,4602.335,4605.33
2026-01-15T21:30:00+08:00,4605.683,4605.683,4581.82,4588.117
2026-01-15T22:00:00+08:00,4588.173,4606.63,4583.105,4602.405
2026-01-15T22:30:00+08:00,4602.63,4615.26,4599.915,4611.04
2026-01-15T23:00:00+08:00,4610.72,4618.18,4603.478,4616.37
2026-01-15T23:30:00+08:00,4616.37,4617.53,4608.965,4615.37
2026-01-16T00:00:00+08:00,4615.513,4624.969,4608.295,4611.27
2026-01-16T00:30:00+08:00,4611.5,4613.39,4600.975,4605.56
2026-01-16T01:00:00+08:00,4605.35,4613.8,4605.315,4610.465
2026-01-16T01:30:00+08:00,4610.837,4617.02,4609.895,4616.42
2026-01-16T02:00:00+08:00,4616.42,4621.23,4616.048,4619.363
2026-01-16T02:30:00+08:00,4619.23,4619.68,4613.168,4617.24
2026-01-16T03:00:00+08:00,4617.44,4621.593,4617.108,4618.09
2026-01-16T03:30:00+08:00,4618.107,4619.26,4612.485,4615.75
2026-01-16T04:00:00+08:00,4615.635,4616.37,4600.399,4604.735
2026-01-16T04:30:00+08:00,4605.05,4609.33,4603.16,4605.61
2026-01-16T05:00:00+08:00,4605.7,4615.62,4604.175,4613.969
2026-01-16T05:30:00+08:00,4613.895,4616.36,4613.12,4615.52
2026-01-16T07:00:00+08:00,4615.93,4621.15,4608.4,4609.28
2026-01-16T07:30:00+08:00,4608.983,4611.33,4605.93,4609.98
2026-01-16T08:00:00+08:00,4610.15,4611.4,4602.91,4607.75
2026-01-16T08:30:00+08:00,4607.61,4608.14,4598.098,4600.008
2026-01-16T09:00:00+08:00,4600.16,4607.35,4593.54,4605.987
2026-01-16T09:30:00+08:00,4605.985,4608.52,4598.805,4600.22
2026-01-16T10:00:00+08:00,4600.69,4604.2,4596.545,4599.9
2026-01-16T10:30:00+08:00,4599.947,4601.01,4590.94,4594.83
2026-01-16T11:00:00+08:00,4594.83,4599.99,4594.13,4595.31
2026-01-16T11:30:00+08:00,4595.49,4597.59,4592.53,4596.07
2026-01-16T12:00:00+08:00,4596.26,4601.48,4595.82,4598.46
2026-01-16T12:30:00+08:00,4598.23,4602.15,4596.998,4601.03
2026-01-16T13:00:00+08:00,4601.03,4601.613,4595.08,4601.323
2026-01-16T13:30:00+08:00,4601.18,4616.097,4596.095,4611.56
2026-01-16T14:00:00+08:00,4611.44,4612.43,4603.285,4604.45
2026-01-16T14:30:00+08:00,4604.45,4608.23,4593.865,4598.127
2026-01-16T15:00:00+08:00,4598.02,4612.13,4596.515,4605.913
2026-01-16T15:30:00+08:00,4605.645,4611.94,4600.735,4607.285
2026-01-16T16:00:00+08:00,4607.517,4610.657,4604.298,4606.98
2026-01-16T16:30:00+08:00,4607.32,4609.07,4600.945,4603.09
2026-01-16T17:00:00+08:00,4602.92,4608.62,4599.37,4601.07
2026-01-16T17:30:00+08:00,4601.21,4603.55,4598.615,4600.44
2026-01-16T18:00:00+08:00,4600.55,4611.14,4600.235,4607.25
2026-01-16T18:30:00+08:00,4607.39,4609.34,4599.465,4599.99
2026-01-16T19:00:00+08:00,4600.1,4611.58,4598.285,4611.04
2026-01-16T19:30:00+08:00,4611.067,4616.139,4609.31,4612.56
2026-01-16T20:00:00+08:00,4612.35,4612.96,4604.265,4606.37
2026-01-16T20:30:00+08:00,4606.433,4606.9,4596.915,4601.69
2026-01-16T21:00:00+08:00,4601.893,4605.652,4582.105,4587.02
2026-01-16T21:30:00+08:00,4587.203,4603.1,4584.885,4601.94
2026-01-16T22:00:00+08:00,4601.82,4609.473,4597.9,4598.718
2026-01-16T22:30:00+08:00,4599.127,4614.78,4595.66,4607.917
2026-01-16T23:00:00+08:00,4607.74,4620.423,4564.295,4565.03
2026-01-16T23:30:00+08:00,4565.14,4575.52,4536.35,4571.15
2026-01-17T00:00:00+08:00,4571.177,4596.58,4567.138,4591.365
2026-01-17T00:30:00+08:00,4591.47,4599.09,4581.655,4591.297
2026-01-17T01:00:00+08:00,4591.297,4593.2,4576.395,4578.24
2026-01-17T01:30:00+08:00,4578.43,4586.69,4576.575,4581.29
2026-01-17T02:00:00+08:00,4581.357,4591.8,4579.648,4589.988
2026-01-17T02:30:00+08:00,4589.89,4596.19,4582,4582.588
2026-01-17T03:00:00+08:00,4582.53,4588.53,4580.54,4583.74
2026-01-17T03:30:00+08:00,4583.72,4592.427,4583.54,4590.56
2026-01-17T04:00:00+08:00,4590.51,4595.857,4587.198,4588.37
2026-01-17T04:30:00+08:00,4588.207,4589.008,4580.335,4582.022
2026-01-17T05:00:00+08:00,4581.955,4598.313,4581.598,4592.34
2026-01-17T05:30:00+08:00,4591.985,4596.648,4591.348,4595.515
2026-01-19T07:00:00+08:00,4595.86,4684.37,4595.86,4678.47
2026-01-19T07:30:00+08:00,4678.61,4690.88,4662.925,4672.16
2026-01-19T08:00:00+08:00,4672.55,4678.315,4660.685,4675.53
2026-01-19T08:30:00+08:00,4675.69,4682.21,4671.72,4675.21
2026-01-19T09:00:00+08:00,4675.21,4678.57,4656.195,4662.21
2026-01-19T09:30:00+08:00,4662.055,4667.546,4655.79,4657.223
2026-01-19T10:00:00+08:00,4656.99,4665.18,4652.845,4659.936
2026-01-19T10:30:00+08:00,4659.86,4664.583,4654.655,4662.15
2026-01-19T11:00:00+08:00,4662.38,4670.01,4662.1,4664.5
2026-01-19T11:30:00+08:00,4664.24,4665.98,4657.845,4658.43
2026-01-19T12:00:00+08:00,4658.14,4664.97,4657.89,4662.38
2026-01-19T12:30:00+08:00,4662.04,4665.94,4658.995,4663.1
2026-01-19T13:00:00+08:00,4662.95,4672.39,4662.77,4669.06
2026-01-19T13:30:00+08:00,4669.05,4674.38,4663.458,4669.93
2026-01-19T14:00:00+08:00,4669.9,4672.6,4666.47,4669.65
2026-01-19T14:30:00+08:00,4669.76,4679.13,4669.37,4677.877
2026-01-19T15:00:00+08:00,4677.86,4678.62,4663.335,4667.38
2026-01-19T15:30:00+08:00,4667.49,4669.686,4661.628,4664.955
2026-01-19T16:00:00+08:00,4665.01,4673.93,4663.545,4669.286
2026-01-19T16:30:00+08:00,4669.15,4670.99,4661.345,4663.532
2026-01-19T17:00:00+08:00,4663.355,4672.91,4661.658,4666.315
2026-01-19T17:30:00+08:00,4666.57,4670.61,4664.598,4668.42
2026-01-19T18:00:00+08:00,4668.16,4671.17,4665.245,4665.73
2026-01-19T18:30:00+08:00,4665.59,4667.07,4660.948,4663.5
2026-01-19T19:00:00+08:00,4663.63,4667.15,4661.555,4666.9
2026-01-19T19:30:00+08:00,4666.76,4667.56,4659.41,4660.666
2026-01-19T20:00:00+08:00,4660.378,4672.1,4659.825,4670.97
2026-01-19T20:30:00+08:00,4670.78,4673.71,4667.815,4671.86
2026-01-19T21:00:00+08:00,4671.88,4673.59,4668.298,4671.772
2026-01-19T21:30:00+08:00,4671.5,4673.786,4664.185,4666.14
2026-01-19T22:00:00+08:00,4666.14,4668.506,4661.198,4667.983
2026-01-19T22:30:00+08:00,4667.89,4670.323,4663.65,4666.42
2026-01-19T23:00:00+08:00,4666.42,4670.89,4663.995,4666.6
2026-01-19T23:30:00+08:00,4666.683,4676.12,4665.715,4674.11
2026-01-20T00:00:00+08:00,4674.11,4675.64,4670.145,4671.597
2026-01-20T00:30:00+08:00,4671.51,4673.74,4670.298,4672.2
2026-01-20T01:00:00+08:00,4672.1,4673.04,4668.848,4670.59
2026-01-20T01:30:00+08:00,4670.87,4678.82,4670.59,4676.15
2026-01-20T02:00:00+08:00,4676.186,4680.3,4673.475,4678.19
2026-01-20T02:30:00+08:00,4678.31,4678.813,4674.635,4676.33
2026-01-20T03:00:00+08:00,4676.6,4676.746,4666.848,4670.8
2026-01-20T07:00:00+08:00,4670.24,4676.823,4664.298,4666.15
2026-01-20T07:30:00+08:00,4665.88,4668.9,4664.13,4665.22
2026-01-20T08:00:00+08:00,4665.34,4668.08,4659.14,4659.46
2026-01-20T08:30:00+08:00,4659.517,4666.403,4659.335,4660.392
2026-01-20T09:00:00+08:00,4660.15,4673.52,4659.665,4670.966
2026-01-20T09:30:00+08:00,4670.7,4676.01,4665.475,4669.66
2026-01-20T10:00:00+08:00,4669.505,4673.57,4665.205,4671.9
2026-01-20T10:30:00+08:00,4671.73,4674.83,4666.515,4668.425
2026-01-20T11:00:00+08:00,4668.606,4674.21,4665.735,4673.095
2026-01-20T11:30:00+08:00,4673.186,4681.53,4672.5,4680.32
2026-01-20T12:00:00+08:00,4680,4687.15,4679.34,4685.89
2026-01-20T12:30:00+08:00,4685.93,4697.12,4684.11,4695.45
2026-01-20T13:00:00+08:00,4694.97,4701.48,4694.355,4695.822
2026-01-20T13:30:00+08:00,4695.83,4716.706,4693.95,4714.32
2026-01-20T14:00:00+08:00,4714.52,4717.182,4707.175,4712.342
2026-01-20T14:30:00+08:00,4712.396,4715.238,4705.355,4712.49
2026-01-20T15:00:00+08:00,4712.18,4722.157,4711.14,4718.067
2026-01-20T15:30:00+08:00,4717.76,4722.83,4714.575,4715.935
2026-01-20T16:00:00+08:00,4716.086,4725.845,4714.745,4718.38
2026-01-20T16:30:00+08:00,4718.447,4731.53,4715.715,4729.316
2026-01-20T17:00:00+08:00,4729.13,4733.83,4720.998,4733.2
2026-01-20T17:30:00+08:00,4733.186,4737.346,4732.095,4732.5
2026-01-20T18:00:00+08:00,4732.3,4734.98,4727.538,4727.57
2026-01-20T18:30:00+08:00,4727.558,4729.27,4722.785,4726.496
2026-01-20T19:00:00+08:00,4726.33,4729.15,4721.35,4726.86
2026-01-20T19:30:00+08:00,4726.62,4735.292,4725.605,4732.885
2026-01-20T20:00:00+08:00,4732.89,4733.15,4725.935,4726.55
2026-01-20T20:30:00+08:00,4726.31,4729.463,4723.765,4727.586
2026-01-20T21:00:00+08:00,4727.7,4728.442,4715.73,4719.21
2026-01-20T21:30:00+08:00,4719.27,4738.42,4715.075,4737.061
2026-01-20T22:00:00+08:00,4737.015,4750.71,4732.055,4750.68
2026-01-20T22:30:00+08:00,4750.332,4751.22,4728.295,4740.835
2026-01-20T23:00:00+08:00,4741.235,4748.622,4722.028,4723.795
2026-01-20T23:30:00+08:00,4723.925,4739.272,4722.285,4737.58
2026-01-21T00:00:00+08:00,4737.54,4744.172,4728.685,4740.885
2026-01-21T00:30:00+08:00,4741.07,4757.647,4740.345,4753.52
2026-01-21T01:00:00+08:00,4753.535,4756.72,4745.755,4754.765
2026-01-21T01:30:00+08:00,4754.86,4762.49,4751.885,4759.145
2026-01-21T02:00:00+08:00,4759.08,4766.23,4758.285,4761.58
2026-01-21T02:30:00+08:00,4761.55,4762.87,4752.485,4759.335
2026-01-21T03:00:00+08:00,4759.15,4766.2,4756.235,4759.48
2026-01-21T03:30:00+08:00,4759.63,4764.14,4756.585,4760.555
2026-01-21T04:00:00+08:00,4760.631,4761.34,4747.048,4750.31
2026-01-21T04:30:00+08:00,4750.13,4758.09,4748.55,4756.58
2026-01-21T05:00:00+08:00,4756.605,4760.912,4756.055,4759.75
2026-01-21T05:30:00+08:00,4759.72,4763.882,4757.005,4762.975
2026-01-21T07:00:00+08:00,4762.97,4766.16,4757.38,4759.556
2026-01-21T07:30:00+08:00,4759.556,4781.24,4758.24,4775.71
2026-01-21T08:00:00+08:00,4775.85,4779.93,4770.198,4776.925
2026-01-21T08:30:00+08:00,4777.105,4787.79,4776.35,4784.49
2026-01-21T09:00:00+08:00,4784.525,4827.77,4783.13,4827.28
2026-01-21T09:30:00+08:00,4827.28,4844.241,4814.725,4835.151
2026-01-21T10:00:00+08:00,4835.045,4842.08,4817.005,4824.88
2026-01-21T10:30:00+08:00,4824.57,4839.411,4822,4836.56
2026-01-21T11:00:00+08:00,4836.604,4849.816,4826.73,4833.505
2026-01-21T11:30:00+08:00,4833.34,4847.07,4831.53,4844.85
2026-01-21T12:00:00+08:00,4844.71,4854.17,4837.695,4850.01
2026-01-21T12:30:00+08:00,4849.73,4870.95,4849.54,4865.824
2026-01-21T13:00:00+08:00,4865.824,4874.22,4858.6,4868.731
2026-01-21T13:30:00+08:00,4869.01,4878.22,4863.6,4869.661
2026-01-21T14:00:00+08:00,4869.751,4888.43,4864.025,4883.585
2026-01-21T14:30:00+08:00,4883.746,4887.26,4845.31,4847.41
2026-01-21T15:00:00+08:00,4847.16,4850.58,4832.27,4849.038
2026-01-21T15:30:00+08:00,4848.934,4857.32,4838.445,4855.13
2026-01-21T16:00:00+08:00,4855.27,4869.636,4853.455,4866.76
2026-01-21T16:30:00+08:00,4866.77,4868.131,4851.17,4854.66
2026-01-21T17:00:00+08:00,4854.671,4876.65,4852.09,4875.38
2026-01-21T17:30:00+08:00,4875.73,4877.15,4858.97,4860.27
2026-01-21T18:00:00+08:00,4860.29,4866.74,4859.25,4860.2
2026-01-21T18:30:00+08:00,4860.35,4866.73,4859.81,4862.041
2026-01-21T19:00:00+08:00,4862.384,4871.61,4860.6,4866.921
2026-01-21T19:30:00+08:00,4866.906,4867.264,4854.97,4866.74
2026-01-21T20:00:00+08:00,4866.83,4867.49,4855.415,4864.66
2026-01-21T20:30:00+08:00,4864.66,4870.95,4856.58,4865.02
2026-01-21T21:00:00+08:00,4864.93,4871.45,4858.05,4867.914
2026-01-21T21:30:00+08:00,4867.815,4880.3,4866.73,4879.201
2026-01-21T22:00:00+08:00,4879.32,4880.91,4839.115,4860.62
2026-01-21T22:30:00+08:00,4860.646,4872.56,4846.48,4851.545
2026-01-21T23:00:00+08:00,4851.91,4868.87,4812.21,4830.71
2026-01-21T23:30:00+08:00,4831.04,4854.6,4828.69,4847.535
2026-01-22T00:00:00+08:00,4847.754,4855.69,4828.85,4839.951
2026-01-22T00:30:00+08:00,4839.6,4850.26,4819.38,4833.374
2026-01-22T01:00:00+08:00,4833.32,4834.47,4814.23,4821.02
2026-01-22T01:30:00+08:00,4820.83,4827.571,4802.22,4825.92
2026-01-22T02:00:00+08:00,4826.161,4837.06,4819.35,4833.875
2026-01-22T02:30:00+08:00,4834.02,4850.671,4830.09,4850.18
2026-01-22T03:00:00+08:00,4850.136,4854.03,4804.91,4815.695
2026-01-22T03:30:00+08:00,4816.016,4821.342,4755.345,4781.302
2026-01-22T04:00:00+08:00,4780.9,4801.36,4771.915,4796.99
2026-01-22T04:30:00+08:00,4797.39,4827.92,4796.18,4826.77
2026-01-22T05:00:00+08:00,4826.53,4838.42,4813,4832.28
2026-01-22T05:30:00+08:00,4832.5,4839.791,4827.68,4832.97
2026-01-22T07:00:00+08:00,4831.25,4836.77,4784.48,4795.01
2026-01-22T07:30:00+08:00,4794.59,4801.622,4777.09,4777.985
2026-01-22T08:00:00+08:00,4778.15,4794.155,4777.61,4782.819
2026-01-22T08:30:00+08:00,4782.56,4798.88,4779.995,4797.99
2026-01-22T09:00:00+08:00,4798.025,4809.64,4771.79,4795.52
2026-01-22T09:30:00+08:00,4795.83,4804.72,4792.98,4797.86
2026-01-22T10:00:00+08:00,4797.86,4798.34,4786.29,4787.525
2026-01-22T10:30:00+08:00,4787.48,4792.64,4774.38,4788.94
2026-01-22T11:00:00+08:00,4788.825,4796.1,4783.87,4792.75
2026-01-22T11:30:00+08:00,4792.52,4797.05,4789.72,4796.49
2026-01-22T12:00:00+08:00,4796.28,4800.47,4794.12,4795.93
2026-01-22T12:30:00+08:00,4795.93,4798.53,4793.41,4797.405
2026-01-22T13:00:00+08:00,4797.405,4801.59,4793.23,4795.35
2026-01-22T13:30:00+08:00,4795.35,4821.645,4794.74,4821.222
2026-01-22T14:00:00+08:00,4821.23,4829.195,4816.04,4825.18
2026-01-22T14:30:00+08:00,4825.42,4828.15,4821.07,4826.401
2026-01-22T15:00:00+08:00,4826.33,4838.22,4825.52,4836.94
2026-01-22T15:30:00+08:00,4837.005,4839.353,4830.45,4832.485
2026-01-22T16:00:00+08:00,4832.56,4835.6,4824.11,4826.23
2026-01-22T16:30:00+08:00,4826.261,4831.89,4821.92,4830.63
2026-01-22T17:00:00+08:00,4830.591,4837.98,4827.88,4829.491
2026-01-22T17:30:00+08:00,4829.37,4831.09,4813.605,4822.961
2026-01-22T18:00:00+08:00,4822.99,4827.6,4819.16,4826.61
2026-01-22T18:30:00+08:00,4826.64,4831.84,4823.78,4828.914
2026-01-22T19:00:00+08:00,4828.75,4831.84,4824.18,4827.59
2026-01-22T19:30:00+08:00,4827.59,4836.4,4824.885,4831.011
2026-01-22T20:00:00+08:00,4831.04,4832.51,4823.135,4831.74
2026-01-22T20:30:00+08:00,4831.644,4832.55,4818.59,4819.585
2026-01-22T21:00:00+08:00,4819.651,4835.25,4815.77,4827.68
2026-01-22T21:30:00+08:00,4827.68,4828.82,4810.41,4822.202
2026-01-22T22:00:00+08:00,4822.222,4830.55,4820.19,4829.414
2026-01-22T22:30:00+08:00,4829.32,4847.81,4827.89,4835.12
2026-01-22T23:00:00+08:00,4835.01,4856.17,4826.36,4853.89
2026-01-22T23:30:00+08:00,4853.95,4873.731,4853.27,4871.55
2026-01-23T00:00:00+08:00,4871.09,4880.73,4867.89,4876.01
2026-01-23T00:30:00+08:00,4875.91,4885.28,4873,4877.68
2026-01-23T01:00:00+08:00,4877.83,4894.04,4868.77,4889.77
2026-01-23T01:30:00+08:00,4889.745,4906.31,4888.92,4904.46
2026-01-23T02:00:00+08:00,4904.32,4915.4,4901.07,4910.04
2026-01-23T02:30:00+08:00,4910.054,4919.87,4907.17,4915.95
2026-01-23T03:00:00+08:00,4915.78,4924.49,4909.5,4914.71
2026-01-23T03:30:00+08:00,4914.515,4918.11,4905.66,4911.8
2026-01-23T04:00:00+08:00,4911.52,4928.49,4911.29,4925.71
2026-01-23T04:30:00+08:00,4925.45,4927.27,4913.76,4916.895
2026-01-23T05:00:00+08:00,4916.895,4925.255,4914.42,4925
2026-01-23T05:30:00+08:00,4925,4940.685,4923.75,4938.14
2026-01-23T07:00:00+08:00,4936.498,4959.9,4936.498,4940.11
2026-01-23T07:30:00+08:00,4940.321,4960.6,4929.945,4958.37
2026-01-23T08:00:00+08:00,4958.78,4963.32,4947.68,4951.95
2026-01-23T08:30:00+08:00,4951.76,4965.83,4947.16,4965.01
2026-01-23T09:00:00+08:00,4964.81,4967.37,4935.995,4947.35
2026-01-23T09:30:00+08:00,4947.28,4962.99,4946.22,4953.43
2026-01-23T10:00:00+08:00,4953.43,4956.78,4946.49,4952.953
2026-01-23T10:30:00+08:00,4952.91,4962.25,4952.29,4955.47
2026-01-23T11:00:00+08:00,4955.42,4959.06,4937.59,4943.65
2026-01-23T11:30:00+08:00,4943.645,4954.46,4942.3,4951.87
2026-01-23T12:00:00+08:00,4951.903,4953.56,4949.88,4952.89
2026-01-23T12:30:00+08:00,4952.76,4958.4,4951.65,4956.13
2026-01-23T13:00:00+08:00,4956.13,4960.21,4954.25,4957.09
2026-01-23T13:30:00+08:00,4957.09,4967.31,4956.13,4960.48
2026-01-23T14:00:00+08:00,4960.36,4963.1,4945.24,4952.68
2026-01-23T14:30:00+08:00,4952.83,4956.25,4949.905,4953.32
2026-01-23T15:00:00+08:00,4953.54,4959.57,4951.48,4956.83
2026-01-23T15:30:00+08:00,4956.84,4958.47,4942.93,4944.501
2026-01-23T16:00:00+08:00,4944.34,4947.689,4901.005,4913.215
2026-01-23T16:30:00+08:00,4913.226,4926.338,4908.38,4913.785
2026-01-23T17:00:00+08:00,4913.65,4920.294,4899.36,4905.283
2026-01-23T17:30:00+08:00,4905.335,4921.58,4902.82,4918.611
2026-01-23T18:00:00+08:00,4918.415,4932.49,4915.4,4929.306
2026-01-23T18:30:00+08:00,4929.33,4930.74,4924.35,4929.781
2026-01-23T19:00:00+08:00,4929.61,4930.006,4911.625,4920.76
2026-01-23T19:30:00+08:00,4920.841,4926.224,4919.475,4922.75
2026-01-23T20:00:00+08:00,4922.75,4936.981,4918.03,4933.82
2026-01-23T20:30:00+08:00,4934.05,4942.57,4931.91,4939.47
2026-01-23T21:00:00+08:00,4939.241,4947.95,4923.305,4931.57
2026-01-23T21:30:00+08:00,4931.56,4940.785,4927.075,4939
2026-01-23T22:00:00+08:00,4938.86,4948.02,4934.685,4940.01
2026-01-23T22:30:00+08:00,4939.94,4956.85,4932.535,4942.43
2026-01-23T23:00:00+08:00,4943.104,4956.21,4937.85,4944.69
2026-01-23T23:30:00+08:00,4944.69,4963.29,4943.435,4960.405
2026-01-24T00:00:00+08:00,4960.453,4986.66,4958.83,4985.32
2026-01-24T00:30:00+08:00,4985.43,4988.22,4975.44,4980.333
2026-01-24T01:00:00+08:00,4980.07,4987.87,4977.065,4983.043
2026-01-24T01:30:00+08:00,4982.98,4988.16,4961.8,4965.635
2026-01-24T02:00:00+08:00,4965.73,4984.21,4964.98,4978.52
2026-01-24T02:30:00+08:00,4978.32,4979.89,4957.97,4966.31
2026-01-24T03:00:00+08:00,4966.603,4978.79,4966.505,4977.035
2026-01-24T03:30:00+08:00,4977.293,4989.943,4974.23,4984.24
2026-01-24T04:00:00+08:00,4984.16,4985.87,4970.385,4980.92
2026-01-24T04:30:00+08:00,4980.765,4984.35,4975.448,4981.41
2026-01-24T05:00:00+08:00,4981.389,4986.26,4977.92,4981.863
2026-01-24T05:30:00+08:00,4981.863,4990.17,4980.2,4983.785
2026-01-26T07:00:00+08:00,4988.17,5031.065,4988.17,5018.14
2026-01-26T07:30:00+08:00,5018.25,5040.16,5015.91,5039.36
2026-01-26T08:00:00+08:00,5039.65,5043.75,5030.23,5042.54
2026-01-26T08:30:00+08:00,5042.54,5052.02,5037.6,5041.629
2026-01-26T09:00:00+08:00,5041.6,5075.489,5028.52,5074.368
2026-01-26T09:30:00+08:00,5073.65,5085.75,5067.26,5070.894
2026-01-26T10:00:00+08:00,5070.51,5089.1,5066.59,5087.66
2026-01-26T10:30:00+08:00,5087.75,5093.19,5078.77,5080.67
2026-01-26T11:00:00+08:00,5080.69,5087.899,5071.26,5079.229
2026-01-26T11:30:00+08:00,5079.249,5083.72,5069.36,5076.525
2026-01-26T12:00:00+08:00,5076.55,5078.09,5071.02,5072.32
2026-01-26T12:30:00+08:00,5072.254,5073.27,5057.89,5070.02
2026-01-26T13:00:00+08:00,5070.02,5072.81,5051.89,5065.44
2026-01-26T13:30:00+08:00,5065.439,5076.4,5052.65,5073.87
2026-01-26T14:00:00+08:00,5074.2,5082.25,5065.13,5075.35
2026-01-26T14:30:00+08:00,5075.239,5111.17,5074.4,5077.7
2026-01-26T15:00:00+08:00,5077.81,5095.7,5073.39,5095.29
2026-01-26T15:30:00+08:00,5095.36,5095.64,5085.51,5088.79
2026-01-26T16:00:00+08:00,5089.11,5097.67,5086.998,5096.68
2026-01-26T16:30:00+08:00,5096.68,5098.26,5079.65,5083.24
2026-01-26T17:00:00+08:00,5083.23,5096.87,5081.72,5096.702
2026-01-26T17:30:00+08:00,5096.68,5098.41,5075.145,5083.68
2026-01-26T18:00:00+08:00,5083.91,5091.308,5078.3,5087.355
2026-01-26T18:30:00+08:00,5087.29,5095.01,5085.67,5091.33
2026-01-26T19:00:00+08:00,5091.515,5092.73,5078.215,5086.87
2026-01-26T19:30:00+08:00,5087.259,5092.47,5083.495,5091.36
2026-01-26T20:00:00+08:00,5091.36,5096.92,5085.82,5089.959
2026-01-26T20:30:00+08:00,5089.9,5090.12,5076.91,5078.745
2026-01-26T21:00:00+08:00,5078.73,5083.21,5065.85,5072.24
2026-01-26T21:30:00+08:00,5072.21,5076.04,5054.2,5068.53
2026-01-26T22:00:00+08:00,5068.55,5082.64,5057.85,5078.62
2026-01-26T22:30:00+08:00,5078.4,5096.889,5074.33,5096.09
2026-01-26T23:00:00+08:00,5096.09,5097.36,5083.89,5090.015
2026-01-26T23:30:00+08:00,5090.15,5095.22,5073.79,5090.823
2026-01-27T00:00:00+08:00,5090.879,5105.06,5070.03,5075.52
2026-01-27T00:30:00+08:00,5075.505,5094.18,5064.71,5089.42
2026-01-27T01:00:00+08:00,5089.375,5097.45,5080.205,5088.514
2026-01-27T01:30:00+08:00,5088.569,5104.94,5082.01,5100.871
2026-01-27T02:00:00+08:00,5100.74,5103.256,5076.07,5085.14
2026-01-27T02:30:00+08:00,5084.69,5085.7,5057.39,5068.95
2026-01-27T03:00:00+08:00,5068.685,5069.6,5019.83,5027.514
2026-01-27T03:30:00+08:00,5027.514,5043.8,5007.8,5028.225
2026-01-27T04:00:00+08:00,5028.6,5056.68,5025.94,5056.111
2026-01-27T04:30:00+08:00,5056.1,5062.269,5034.98,5055
2026-01-27T05:00:00+08:00,5054.725,5059.201,5010.12,5020.22
2026-01-27T05:30:00+08:00,5020.38,5020.889,4989.59,5009.88
2026-01-27T07:00:00+08:00,5011.7,5049.84,5011.5,5044.91
2026-01-27T07:30:00+08:00,5044.949,5061.57,5039.91,5043.205
2026-01-27T08:00:00+08:00,5043.29,5054.04,5037.96,5044.75
2026-01-27T08:30:00+08:00,5044.75,5049.778,5013.35,5032.769
2026-01-27T09:00:00+08:00,5032.54,5075.961,5018.248,5066.59
2026-01-27T09:30:00+08:00,5066.05,5070.369,5053.72,5060.26
2026-01-27T10:00:00+08:00,5060.175,5070.27,5049.21,5067.9
2026-01-27T10:30:00+08:00,5067.961,5079.83,5065.13,5072.38
2026-01-27T11:00:00+08:00,5072.34,5073.96,5059.82,5064.6
2026-01-27T11:30:00+08:00,5064.674,5079.27,5063.6,5076.76
2026-01-27T12:00:00+08:00,5076.37,5078.73,5067.98,5074.64
2026-01-27T12:30:00+08:00,5074.64,5075.411,5061.17,5067.94
2026-01-27T13:00:00+08:00,5067.72,5068.649,5056.98,5064.23
2026-01-27T13:30:00+08:00,5063.95,5085.389,5059.63,5083.08
2026-01-27T14:00:00+08:00,5082.71,5087.64,5076.23,5082.201
2026-01-27T14:30:00+08:00,5082.015,5093.944,5078.6,5085.48
2026-01-27T15:00:00+08:00,5085.65,5094.64,5080.98,5087.5
2026-01-27T15:30:00+08:00,5087.76,5100.79,5085.45,5085.859
2026-01-27T16:00:00+08:00,5085.87,5088.42,5074.93,5077.499
2026-01-27T16:30:00+08:00,5077.16,5085.431,5072.79,5079.06
2026-01-27T17:00:00+08:00,5079.04,5088.54,5077.53,5088.145
2026-01-27T17:30:00+08:00,5088.261,5099.53,5082.54,5098.3
2026-01-27T18:00:00+08:00,5098.669,5098.99,5087.475,5088.14
2026-01-27T18:30:00+08:00,5088.309,5089.26,5081.63,5085.92
2026-01-27T19:00:00+08:00,5086.29,5090.79,5083.49,5086.85
2026-01-27T19:30:00+08:00,5086.71,5088.24,5066.59,5076.731
2026-01-27T20:00:00+08:00,5076.923,5082.71,5073.3,5078.75
2026-01-27T20:30:00+08:00,5078.75,5091.19,5077.77,5084.86
2026-01-27T21:00:00+08:00,5084.825,5092.849,5075.98,5080.854
2026-01-27T21:30:00+08:00,5080.88,5085.801,5069.28,5077.32
2026-01-27T22:00:00+08:00,5077.24,5077.479,5045.9,5059.741
2026-01-27T22:30:00+08:00,5059.65,5082.23,5050.21,5054.644
2026-01-27T23:00:00+08:00,5054.664,5077.05,5047.35,5069.2
2026-01-27T23:30:00+08:00,5069.2,5091.36,5068.25,5090.89
2026-01-28T00:00:00+08:00,5090.839,5103.089,5083.03,5098.6
2026-01-28T00:30:00+08:00,5098.651,5099.46,5083.04,5087.06
2026-01-28T01:00:00+08:00,5087.42,5094.14,5078.835,5087.205
2026-01-28T01:30:00+08:00,5087.38,5089.8,5076.14,5080.81
2026-01-28T02:00:00+08:00,5081.005,5088.93,5075.6,5084.62
2026-01-28T02:30:00+08:00,5084.143,5095.81,5084.123,5087.99
2026-01-28T03:00:00+08:00,5087.84,5090.84,5080.72,5087.635
2026-01-28T03:30:00+08:00,5087.77,5100.06,5087.28,5098.91
2026-01-28T04:00:00+08:00,5098.884,5151.62,5097.61,5141.545
2026-01-28T04:30:00+08:00,5141.626,5182.5,5132.27,5176.42
2026-01-28T05:00:00+08:00,5176.547,5187.96,5168.81,5174.52
2026-01-28T05:30:00+08:00,5173.72,5190.4,5170.87,5180.23
2026-01-28T07:00:00+08:00,5178.8,5185.01,5158.525,5170.1
2026-01-28T07:30:00+08:00,5170.26,5176.93,5163.02,5172.27
2026-01-28T08:00:00+08:00,5172.27,5173.17,5156.57,5162.6
2026-01-28T08:30:00+08:00,5163,5180.188,5162.58,5171.853
2026-01-28T09:00:00+08:00,5171.81,5202.53,5168.13,5193.98
2026-01-28T09:30:00+08:00,5193.873,5225.19,5185.79,5205.11
2026-01-28T10:00:00+08:00,5205.17,5220.95,5201.23,5218.03
2026-01-28T10:30:00+08:00,5217.945,5234.71,5215.91,5231.78
2026-01-28T11:00:00+08:00,5231.858,5247.569,5229.73,5237.24
2026-01-28T11:30:00+08:00,5237.24,5244.648,5224.01,5234.85
2026-01-28T12:00:00+08:00,5235.098,5241.218,5231.83,5237.99
2026-01-28T12:30:00+08:00,5237.928,5249,5233.23,5245.54
2026-01-28T13:00:00+08:00,5245.783,5261.928,5241.08,5259.01
2026-01-28T13:30:00+08:00,5259.01,5266.421,5250.53,5261.11
2026-01-28T14:00:00+08:00,5261.627,5265.66,5251.47,5255.525
2026-01-28T14:30:00+08:00,5255.49,5271.5,5254.35,5269.69
2026-01-28T15:00:00+08:00,5269.758,5284.12,5262.35,5280.68
2026-01-28T15:30:00+08:00,5281.09,5292.92,5271.58,5290.24
2026-01-28T16:00:00+08:00,5290.24,5301.01,5285.87,5299.12
2026-01-28T16:30:00+08:00,5299.269,5311.58,5280.3,5294.05
2026-01-28T17:00:00+08:00,5293.7,5297.35,5267.97,5275.946
2026-01-28T17:30:00+08:00,5275.91,5280.46,5262.63,5278.13
2026-01-28T18:00:00+08:00,5277.65,5285.88,5272.335,5278.3
2026-01-28T18:30:00+08:00,5278.52,5280.605,5268.93,5269.92
2026-01-28T19:00:00+08:00,5269.96,5270.718,5237.96,5259.47
2026-01-28T19:30:00+08:00,5259.07,5267.68,5251.51,5261.536
2026-01-28T20:00:00+08:00,5261.54,5268.87,5251.12,5261.218
2026-01-28T20:30:00+08:00,5260.79,5279.27,5260.79,5279.06
2026-01-28T21:00:00+08:00,5279.01,5289.45,5268.4,5281.68
2026-01-28T21:30:00+08:00,5281.52,5285.49,5256.17,5266.4
2026-01-28T22:00:00+08:00,5266.4,5270.651,5248.31,5259.16
2026-01-28T22:30:00+08:00,5259.183,5288.58,5249.64,5285.958
2026-01-28T23:00:00+08:00,5286.008,5298.37,5235.4,5269.065
2026-01-28T23:30:00+08:00,5269.01,5284.09,5265.86,5278.085
2026-01-29T00:00:00+08:00,5277.94,5293.08,5274.04,5287.17
2026-01-29T00:30:00+08:00,5287.225,5300.26,5275.81,5299.46
2026-01-29T01:00:00+08:00,5299.615,5306.929,5288.5,5302.31
2026-01-29T01:30:00+08:00,5302.31,5304.83,5282.82,5297.93
2026-01-29T02:00:00+08:00,5297.63,5325.94,5292.05,5305.34
2026-01-29T02:30:00+08:00,5305.418,5308.08,5268.22,5283.367
2026-01-29T03:00:00+08:00,5282.853,5302.42,5268.75,5282.825
2026-01-29T03:30:00+08:00,5283.3,5332.29,5280.37,5325.429
2026-01-29T04:00:00+08:00,5325.36,5355.69,5320.58,5354.587
2026-01-29T04:30:00+08:00,5354.67,5391.5,5352.44,5376.75
2026-01-29T05:00:00+08:00,5376.375,5396.16,5376.17,5384.349
2026-01-29T05:30:00+08:00,5384.29,5419.118,5379.99,5415.26
2026-01-29T07:00:00+08:00,5420.57,5496,5418.598,5490.238
2026-01-29T07:30:00+08:00,5490.16,5598.75,5483.298,5513.017
2026-01-29T08:00:00+08:00,5512.84,5513.536,5453,5497.651
2026-01-29T08:30:00+08:00,5497.718,5527.36,5492.055,5520.16
2026-01-29T09:00:00+08:00,5520.16,5526.73,5444.505,5507.075
2026-01-29T09:30:00+08:00,5507.18,5551.651,5506.51,5545.62
2026-01-29T10:00:00+08:00,5545.63,5546.27,5503.845,5525.19
2026-01-29T10:30:00+08:00,5525.65,5550.45,5517.53,5535.71
2026-01-29T11:00:00+08:00,5535.71,5548.68,5507.37,5521.69
2026-01-29T11:30:00+08:00,5521.97,5549.03,5519.548,5545.655
2026-01-29T12:00:00+08:00,5545.63,5552.53,5532.87,5546.84
2026-01-29T12:30:00+08:00,5546.84,5565.1,5544.735,5558.148
2026-01-29T13:00:00+08:00,5558.16,5561.16,5515.485,5541.751
2026-01-29T13:30:00+08:00,5541.9,5564.4,5540.44,5562.37
2026-01-29T14:00:00+08:00,5562.347,5595.43,5561.81,5586.048
2026-01-29T14:30:00+08:00,5585.835,5587.8,5554.22,5561.736
2026-01-29T15:00:00+08:00,5561.775,5574.996,5536.45,5541.15
2026-01-29T15:30:00+08:00,5541.41,5557.76,5540.84,5548.87
2026-01-29T16:00:00+08:00,5549.037,5554.9,5522.62,5530.07
2026-01-29T16:30:00+08:00,5530.07,5530.555,5472.965,5509.61
2026-01-29T17:00:00+08:00,5509.61,5518.87,5497.44,5516.257
2026-01-29T17:30:00+08:00,5516.18,5529.581,5510.995,5513.9
2026-01-29T18:00:00+08:00,5513.715,5525.45,5501.625,5510.375
2026-01-29T18:30:00+08:00,5510.28,5510.84,5481.46,5483.4
2026-01-29T19:00:00+08:00,5483.4,5516.63,5470.545,5515.741
2026-01-29T19:30:00+08:00,5515.29,5528.91,5507.91,5522.415
2026-01-29T20:00:00+08:00,5522.52,5542.99,5517.97,5540.76
2026-01-29T20:30:00+08:00,5540.736,5542.58,5525.95,5534.13
2026-01-29T21:00:00+08:00,5534.17,5541.25,5507.83,5520.11
2026-01-29T21:30:00+08:00,5519.71,5530.95,5499.625,5510.42
2026-01-29T22:00:00+08:00,5510.441,5550.04,5508.98,5543.97
2026-01-29T22:30:00+08:00,5543.641,5545.61,5490.3,5496.74
2026-01-29T23:00:00+08:00,5497.017,5497.017,5097.36,5189.948
2026-01-29T23:30:00+08:00,5188.09,5258.01,5104.545,5182.5
2026-01-30T00:00:00+08:00,5182.799,5297.299,5170.87,5290.248
2026-01-30T00:30:00+08:00,5289.305,5311.009,5227.59,5263.79
2026-01-30T01:00:00+08:00,5264.158,5368.209,5263.42,5362.597
2026-01-30T01:30:00+08:00,5362.64,5375.88,5313.98,5334.435
2026-01-30T02:00:00+08:00,5335.332,5359.57,5307.498,5330.067
2026-01-30T02:30:00+08:00,5330.14,5362.14,5321.54,5338.81
2026-01-30T03:00:00+08:00,5338.8,5345.45,5303.155,5318.317
2026-01-30T03:30:00+08:00,5318.46,5327.429,5289.655,5305.5
2026-01-30T04:00:00+08:00,5305.567,5325.83,5282.335,5317.84
2026-01-30T04:30:00+08:00,5318.03,5407.13,5309.13,5394.277
2026-01-30T05:00:00+08:00,5394.277,5426.53,5382.275,5410.475
2026-01-30T05:30:00+08:00,5411.605,5412.62,5369.16,5379.35
2026-01-30T07:00:00+08:00,5384.71,5448.622,5377.2,5416.426
2026-01-30T07:30:00+08:00,5416.42,5448,5406.355,5438.53
2026-01-30T08:00:00+08:00,5438.072,5451.01,5418.2,5426.386
2026-01-30T08:30:00+08:00,5426.546,5436.386,5389.245,5407.066
2026-01-30T09:00:00+08:00,5406.705,5409.92,5301.21,5356.885
2026-01-30T09:30:00+08:00,5356.69,5372.97,5290.398,5301.16
2026-01-30T10:00:00+08:00,5301.067,5313.11,5111.96,5171.55
2026-01-30T10:30:00+08:00,5171.55,5246.318,5138.83,5224.649
2026-01-30T11:00:00+08:00,5224.24,5229.77,5166.275,5199.399
2026-01-30T11:30:00+08:00,5199.19,5221.858,5150.235,5196.518
2026-01-30T12:00:00+08:00,5195.415,5230.629,5192.765,5210.14
2026-01-30T12:30:00+08:00,5209.685,5226.998,5199.969,5214.838
2026-01-30T13:00:00+08:00,5214.99,5241.59,5203.07,5229.67
2026-01-30T13:30:00+08:00,5230.098,5239.91,5179.185,5184.84
2026-01-30T14:00:00+08:00,5184.37,5205.46,5156.195,5156.75
2026-01-30T14:30:00+08:00,5157.37,5179.71,5145.095,5155.76
2026-01-30T15:00:00+08:00,5155.76,5186.33,5124.285,5174.41
2026-01-30T15:30:00+08:00,5174.91,5184.88,5117.08,5181.08
2026-01-30T16:00:00+08:00,5180.805,5181.36,5132.515,5152.432
2026-01-30T16:30:00+08:00,5152.368,5154.888,5051.305,5117.14
2026-01-30T17:00:00+08:00,5117.573,5132.275,5013.795,5028.632
2026-01-30T17:30:00+08:00,5028.3,5068.73,4941.61,5013.937
2026-01-30T18:00:00+08:00,5013.32,5076.23,5000.325,5059.28
2026-01-30T18:30:00+08:00,5058.65,5122.649,5054.165,5119.534
2026-01-30T19:00:00+08:00,5119.35,5130.339,5089.398,5124.69
2026-01-30T19:30:00+08:00,5124.741,5144.73,5088.285,5135.15
2026-01-30T20:00:00+08:00,5135.65,5145.73,5109.2,5119.58
2026-01-30T20:30:00+08:00,5119.58,5136.229,5055.05,5064.471
2026-01-30T21:00:00+08:00,5064.3,5100.109,5013.86,5027.084
2026-01-30T21:30:00+08:00,5026.591,5048.326,4991.73,5019.684
2026-01-30T22:00:00+08:00,5018.925,5087.789,5016.705,5071.735
2026-01-30T22:30:00+08:00,5072.22,5113.44,5014.125,5033.57
2026-01-30T23:00:00+08:00,5033.2,5060.498,4979.725,5045.36
2026-01-30T23:30:00+08:00,5045.793,5074.214,5037.74,5049.88
2026-01-31T00:00:00+08:00,5050.629,5051.832,4986.77,4995.698
2026-01-31T00:30:00+08:00,4995.439,5017.41,4943.565,4984.835
2026-01-31T01:00:00+08:00,4985.728,4986.21,4898.885,4924.998
2026-01-31T01:30:00+08:00,4926.194,4926.209,4800.376,4849.623
2026-01-31T02:00:00+08:00,4849.32,4889.81,4692.65,4742.592
2026-01-31T02:30:00+08:00,4742.779,4894.001,4682.552,4879.9
2026-01-31T03:00:00+08:00,4880.57,4918.292,4840.926,4893.183
2026-01-31T03:30:00+08:00,4893.227,4948.276,4881.15,4932.41
2026-01-31T04:00:00+08:00,4932.712,4933.24,4878.21,4890.542
2026-01-31T04:30:00+08:00,4890.77,4894.27,4809.131,4847.67
2026-01-31T05:00:00+08:00,4847.06,4890.052,4830.81,4873.83
2026-01-31T05:30:00+08:00,4873.83,4895.761,4849.25,4895.118
2026-02-02T07:00:00+08:00,4783.51,4869.156,4696.01,4726.93
2026-02-02T07:30:00+08:00,4726.672,4789.917,4714.602,4741.375
2026-02-02T08:00:00+08:00,4741.425,4884.784,4739.76,4846.501
2026-02-02T08:30:00+08:00,4846.52,4847.124,4758.938,4766.79
2026-02-02T09:00:00+08:00,4766.71,4784.675,4583.077,4697.056
2026-02-02T09:30:00+08:00,4697.006,4749.99,4667.08,4737.219
2026-02-02T10:00:00+08:00,4737.12,4748.995,4698.14,4737.49
2026-02-02T10:30:00+08:00,4737.874,4772.47,4698.2,4710.62
2026-02-02T11:00:00+08:00,4710.615,4730.17,4656.96,4695.985
2026-02-02T11:30:00+08:00,4695.09,4700.46,4629.425,4646.616
2026-02-02T12:00:00+08:00,4646.27,4705.1,4602.575,4670.956
2026-02-02T12:30:00+08:00,4670.986,4713.48,4657.8,4679.412
2026-02-02T13:00:00+08:00,4679.363,4696.13,4648.585,4658.15
2026-02-02T13:30:00+08:00,4658.366,4658.526,4497.757,4549.207
2026-02-02T14:00:00+08:00,4549.08,4573.65,4432.72,4487.36
2026-02-02T14:30:00+08:00,4486.297,4523.6,4402.06,4502.974
2026-02-02T15:00:00+08:00,4503.304,4574.87,4485.159,4559.544
2026-02-02T15:30:00+08:00,4559.824,4619.483,4524.6,4587.006
2026-02-02T16:00:00+08:00,4587.01,4649.913,4560.609,4645.75
2026-02-02T16:30:00+08:00,4645.752,4651.22,4606.48,4640.903
2026-02-02T17:00:00+08:00,4640.13,4700.42,4602.255,4689.63
2026-02-02T17:30:00+08:00,4689.55,4731.432,4678.235,4719.455
2026-02-02T18:00:00+08:00,4719.592,4733.795,4669.905,4682.063
2026-02-02T18:30:00+08:00,4682.162,4712.25,4656.425,4705.444
2026-02-02T19:00:00+08:00,4705.455,4760.45,4702.708,4752.465
2026-02-02T19:30:00+08:00,4753.062,4779.462,4746.785,4765.65
2026-02-02T20:00:00+08:00,4766.202,4790.175,4742.5,4776.97
2026-02-02T20:30:00+08:00,4776.99,4812.52,4769.55,4793.385
2026-02-02T21:00:00+08:00,4793.485,4803.693,4720.307,4738.55
2026-02-02T21:30:00+08:00,4739.502,4742.33,4668.549,4706.062
2026-02-02T22:00:00+08:00,4705.51,4738.692,4679.28,4721.208
2026-02-02T22:30:00+08:00,4721.21,4794.348,4699.61,4718.94
2026-02-02T23:00:00+08:00,4718.875,4745.482,4672.63,4680.225
2026-02-02T23:30:00+08:00,4681.003,4704.666,4616.395,4619.48
2026-02-03T00:00:00+08:00,4619.783,4708.97,4595.81,4670.398
2026-02-03T00:30:00+08:00,4670.59,4688.807,4644.73,4665.518
2026-02-03T01:00:00+08:00,4665.528,4713.97,4659.14,4667.71
2026-02-03T01:30:00+08:00,4667.423,4688.47,4655.77,4674.166
2026-02-03T02:00:00+08:00,4673.792,4674.56,4617.758,4631.425
2026-02-03T02:30:00+08:00,4631.817,4673.923,4631.37,4657.395
2026-02-03T03:00:00+08:00,4657.34,4662.097,4630.77,4643.62
2026-02-03T03:30:00+08:00,4643.13,4713.01,4636.2,4684.95
2026-02-03T04:00:00+08:00,4685.18,4700.67,4650.635,4670.246
2026-02-03T04:30:00+08:00,4670.186,4692.803,4647.25,4652.213
2026-02-03T05:00:00+08:00,4652.256,4687.13,4643.1,4680.355
2026-02-03T05:30:00+08:00,4680.14,4686.3,4647.78,4659.342
2026-02-03T07:00:00+08:00,4669.08,4763.37,4666.083,4737.72
2026-02-03T07:30:00+08:00,4737.38,4775.51,4715.975,4774.142
2026-02-03T08:00:00+08:00,4773.75,4829.24,4765.425,4821.28
2026-02-03T08:30:00+08:00,4820.385,4830.69,4772.988,4780.115
2026-02-03T09:00:00+08:00,4780.115,4856.248,4765.625,4852.925
2026-02-03T09:30:00+08:00,4853.721,4856.373,4819.37,4840.65
2026-02-03T10:00:00+08:00,4840.97,4841.735,4760.07,4771.715
2026-02-03T10:30:00+08:00,4772.416,4787.822,4744.808,4782.84
2026-02-03T11:00:00+08:00,4783.52,4794.29,4751.13,4773.36
2026-02-03T11:30:00+08:00,4773.36,4813.295,4769.555,4809.155
2026-02-03T12:00:00+08:00,4809.051,4825.004,4800.09,4805.59
2026-02-03T12:30:00+08:00,4806.106,4825.4,4805.29,4808.31
2026-02-03T13:00:00+08:00,4808.76,4842.001,4808.52,4839.56
2026-02-03T13:30:00+08:00,4839.54,4839.81,4812.46,4825.124
2026-02-03T14:00:00+08:00,4825.114,4875.09,4815.895,4871.616
2026-02-03T14:30:00+08:00,4871.501,4893.9,4864.27,4880.76
2026-02-03T15:00:00+08:00,4881.323,4902.191,4871.28,4899.79
2026-02-03T15:30:00+08:00,4899.86,4933.58,4898.12,4917.48
2026-02-03T16:00:00+08:00,4916.53,4942.1,4897.87,4936.13
2026-02-03T16:30:00+08:00,4935.71,4949.99,4910.65,4912.455
2026-02-03T17:00:00+08:00,4912.03,4923.87,4889.79,4890.66
2026-02-03T17:30:00+08:00,4890.63,4926.19,4883.94,4916.12
2026-02-03T18:00:00+08:00,4915.63,4929.86,4913.775,4914.465
2026-02-03T18:30:00+08:00,4914.57,4923.98,4901.15,4902.36
2026-02-03T19:00:00+08:00,4901.965,4912.81,4883.4,4900.95
2026-02-03T19:30:00+08:00,4901.094,4919.29,4897.82,4916.74
2026-02-03T20:00:00+08:00,4915.43,4935.878,4891.75,4901.93
2026-02-03T20:30:00+08:00,4902.654,4919.39,4899.49,4913.43
2026-02-03T21:00:00+08:00,4913.62,4939.104,4902.05,4934.15
2026-02-03T21:30:00+08:00,4933.805,4951.11,4920.21,4932.768
2026-02-03T22:00:00+08:00,4932.808,4936.49,4895.76,4924.5
2026-02-03T22:30:00+08:00,4924.635,4930.23,4892.895,4916.52
2026-02-03T23:00:00+08:00,4917.13,4948.69,4903.84,4924.881
2026-02-03T23:30:00+08:00,4924.829,4935.89,4907.17,4935.081
2026-02-04T00:00:00+08:00,4935.081,4980.88,4929.425,4973.15
2026-02-04T00:30:00+08:00,4972.77,4993.84,4951.22,4955.348
2026-02-04T01:00:00+08:00,4955.4,4969.93,4922.8,4948.31
2026-02-04T01:30:00+08:00,4948.502,4964.85,4906.975,4929.2
2026-02-04T02:00:00+08:00,4928.85,4954.09,4904.25,4908.335
2026-02-04T02:30:00+08:00,4908.343,4918.4,4884.625,4907.8
2026-02-04T03:00:00+08:00,4908.401,4933.73,4879.77,4930.486
2026-02-04T03:30:00+08:00,4930.18,4948.83,4915.545,4927.29
2026-02-04T04:00:00+08:00,4927.174,4941.984,4901.945,4939.07
2026-02-04T04:30:00+08:00,4939.15,4956.89,4931.9,4943.968
2026-02-04T05:00:00+08:00,4944.19,4963.965,4937.37,4950.62
2026-02-04T05:30:00+08:00,4950.62,4958.013,4932.91,4946.04
2026-02-04T07:00:00+08:00,4946.67,4972.2,4908.91,4923.66
2026-02-04T07:30:00+08:00,4923.31,4955.34,4920.16,4946.875
2026-02-04T08:00:00+08:00,4947.08,4999.86,4945.725,4981.46
2026-02-04T08:30:00+08:00,4981.15,5015.96,4967.788,5015.425
2026-02-04T09:00:00+08:00,5015.669,5053.76,4984.34,5036.75
2026-02-04T09:30:00+08:00,5037.153,5050.143,5009.85,5045.71
2026-02-04T10:00:00+08:00,5046.07,5065.589,5045.71,5057.355
2026-02-04T10:30:00+08:00,5057.56,5062.249,5034.64,5039.865
2026-02-04T11:00:00+08:00,5039.999,5056.45,5035.675,5052.83
2026-02-04T11:30:00+08:00,5052.54,5073.55,5051.205,5069.805
2026-02-04T12:00:00+08:00,5069.88,5074.12,5055.61,5062.03
2026-02-04T12:30:00+08:00,5061.89,5081.28,5059.91,5080.18
2026-02-04T13:00:00+08:00,5079.86,5085.28,5075.86,5079.89
2026-02-04T13:30:00+08:00,5079.89,5090.289,5068.55,5079.125
2026-02-04T14:00:00+08:00,5079.14,5082.972,5050.54,5053.93
2026-02-04T14:30:00+08:00,5054.44,5079.681,5053.445,5076.39
2026-02-04T15:00:00+08:00,5075.6,5089.46,5061.59,5088.82
2026-02-04T15:30:00+08:00,5089.25,5091.4,5066.33,5084.489
2026-02-04T16:00:00+08:00,5084.78,5091.95,5074.318,5084.19
2026-02-04T16:30:00+08:00,5084.101,5085.31,5068.18,5083.58
2026-02-04T17:00:00+08:00,5083.57,5086.9,5052.675,5056.16
2026-02-04T17:30:00+08:00,5056.475,5066.04,5042.655,5059.85
2026-02-04T18:00:00+08:00,5059.835,5064.29,5041.23,5043.35
2026-02-04T18:30:00+08:00,5043.301,5061.534,5042.799,5048.52
2026-02-04T19:00:00+08:00,5048.52,5053.59,5012.77,5022.95
2026-02-04T19:30:00+08:00,5023.7,5050.23,5021.35,5047.501
2026-02-04T20:00:00+08:00,5047.4,5055.28,5036.83,5047.34
2026-02-04T20:30:00+08:00,5047.35,5063.19,5035.93,5040.69
2026-02-04T21:00:00+08:00,5040.68,5054.424,5022.42,5048.77
2026-02-04T21:30:00+08:00,5048.77,5063.457,5032.56,5053.41
2026-02-04T22:00:00+08:00,5053.765,5058.905,5028.22,5030.81
2026-02-04T22:30:00+08:00,5031.069,5037.865,4966.22,4985.65
2026-02-04T23:00:00+08:00,4985.99,5007.87,4949.93,4957.18
2026-02-04T23:30:00+08:00,4957.555,4962.22,4886.798,4919.76
2026-02-05T00:00:00+08:00,4920.32,4940.59,4889.57,4924.17
2026-02-05T00:30:00+08:00,4923.76,4934.85,4849.873,4904.185
2026-02-05T01:00:00+08:00,4904.48,4925.541,4887.6,4917.3
2026-02-05T01:30:00+08:00,4917.145,4930.65,4895.23,4897.435
2026-02-05T02:00:00+08:00,4897.435,4935.3,4872.17,4925.838
2026-02-05T02:30:00+08:00,4926.432,4932.212,4902.96,4927.33
2026-02-05T03:00:00+08:00,4927.32,4950.26,4914.08,4933.604
2026-02-05T03:30:00+08:00,4933.7,4957.57,4927.83,4941.17
2026-02-05T04:00:00+08:00,4941.73,4945.96,4918.7,4922.373
2026-02-05T04:30:00+08:00,4922.51,4951.322,4914.135,4938.635
2026-02-05T05:00:00+08:00,4938.635,4959.45,4936.95,4958.81
2026-02-05T05:30:00+08:00,4958.78,4970.8,4952.235,4964.83
2026-02-05T07:00:00+08:00,4965.98,5021.125,4965.35,5019.533
2026-02-05T07:30:00+08:00,5019.48,5023.72,5007.13,5011.865
2026-02-05T08:00:00+08:00,5012.093,5019.449,4996.305,5015.82
2026-02-05T08:30:00+08:00,5015.79,5020.4,5003.4,5006.335
2026-02-05T09:00:00+08:00,5006.7,5011.99,4935.215,4952.043
2026-02-05T09:30:00+08:00,4951.775,4986.32,4951.64,4958.53
2026-02-05T10:00:00+08:00,4958.8,4961.92,4893.42,4937.17
2026-02-05T10:30:00+08:00,4936.29,4940.63,4804.22,4811.611
2026-02-05T11:00:00+08:00,4811.581,4888.131,4788.74,4858.814
2026-02-05T11:30:00+08:00,4858.813,4885.721,4838.62,4880.444
2026-02-05T12:00:00+08:00,4880.73,4891.09,4862.765,4886.11
2026-02-05T12:30:00+08:00,4886.63,4888.106,4862.87,4863.604
2026-02-05T13:00:00+08:00,4863.505,4876.001,4839.43,4868.724
2026-02-05T13:30:00+08:00,4868.155,4906.44,4825.606,4895.49
2026-02-05T14:00:00+08:00,4896.12,4930.47,4877.655,4928.865
2026-02-05T14:30:00+08:00,4928.905,4934.061,4897.89,4920.334
2026-02-05T15:00:00+08:00,4920.254,4940.764,4910.43,4932.67
2026-02-05T15:30:00+08:00,4932.68,4933.79,4894.35,4914.72
2026-02-05T16:00:00+08:00,4914.73,4943.729,4912,4921.03
2026-02-05T16:30:00+08:00,4921.1,4929.56,4900.38,4912.17
2026-02-05T17:00:00+08:00,4911.275,4914.541,4852.935,4873.56
2026-02-05T17:30:00+08:00,4872.87,4894.25,4848.64,4855.081
2026-02-05T18:00:00+08:00,4854.69,4877.97,4847.14,4861.42
2026-02-05T18:30:00+08:00,4861.474,4886.871,4851.365,4876.971
2026-02-05T19:00:00+08:00,4877.001,4894.406,4876.05,4891.95
2026-02-05T19:30:00+08:00,4892.09,4893.334,4863.74,4868.389
2026-02-05T20:00:00+08:00,4867.845,4878.1,4810.275,4847.685
2026-02-05T20:30:00+08:00,4848.198,4870.632,4837.895,4853.961
2026-02-05T21:00:00+08:00,4853.72,4866.006,4801.388,4850.85
2026-02-05T21:30:00+08:00,4850.739,4868.48,4819.635,4834.59
2026-02-05T22:00:00+08:00,4835.29,4850.144,4809.38,4835.315
2026-02-05T22:30:00+08:00,4835.38,4869.85,4805.24,4845.915
2026-02-05T23:00:00+08:00,4845.748,4866.13,4812.52,4819.245
2026-02-05T23:30:00+08:00,4819.742,4838.43,4799.95,4817.57
2026-02-06T00:00:00+08:00,4817.48,4857.02,4811.66,4848.985
2026-02-06T00:30:00+08:00,4849.54,4906.7,4844.288,4888.91
2026-02-06T01:00:00+08:00,4888.984,4890.81,4858.47,4867.184
2026-02-06T01:30:00+08:00,4867.351,4884.87,4858.74,4869.16
2026-02-06T02:00:00+08:00,4869.08,4875.243,4850.735,4868.844
2026-02-06T02:30:00+08:00,4869.38,4873.176,4850.37,4857.99
2026-02-06T03:00:00+08:00,4857.25,4865.201,4841.715,4850.54
2026-02-06T03:30:00+08:00,4851.16,4853.99,4823.07,4829.195
2026-02-06T04:00:00+08:00,4829.37,4843.271,4810.02,4825.254
2026-02-06T04:30:00+08:00,4825.215,4831.996,4792.13,4810.73
2026-02-06T05:00:00+08:00,4811.14,4826.02,4794.75,4801.58
2026-02-06T05:30:00+08:00,4802.27,4804.56,4758.98,4776.48
2026-02-06T07:00:00+08:00,4782.49,4795.02,4748.265,4752.1
2026-02-06T07:30:00+08:00,4751.92,4757.09,4702.85,4703.84
2026-02-06T08:00:00+08:00,4703.84,4730.017,4654.355,4723.555
2026-02-06T08:30:00+08:00,4723.72,4764.722,4707.635,4763.03
2026-02-06T09:00:00+08:00,4762.395,4763.322,4693.112,4711.74
2026-02-06T09:30:00+08:00,4711.79,4784.556,4705.018,4773.89
2026-02-06T10:00:00+08:00,4774.202,4821.622,4760.56,4820.362
2026-02-06T10:30:00+08:00,4820.16,4846.34,4808.408,4816.586
2026-02-06T11:00:00+08:00,4815.995,4839.16,4800.745,4811.42
2026-02-06T11:30:00+08:00,4811.542,4827.634,4800.288,4824.164
2026-02-06T12:00:00+08:00,4824.05,4827.9,4806.3,4825.51
2026-02-06T12:30:00+08:00,4826.26,4831.741,4809.805,4814.18
2026-02-06T13:00:00+08:00,4813.79,4852.271,4807.075,4852.01
2026-02-06T13:30:00+08:00,4851.844,4897.99,4836.375,4897.018
2026-02-06T14:00:00+08:00,4897.5,4903.211,4847.675,4853.69
2026-02-06T14:30:00+08:00,4853.671,4866.82,4825.12,4846.68
2026-02-06T15:00:00+08:00,4846.46,4861.76,4837.435,4858.73
2026-02-06T15:30:00+08:00,4858.575,4859.674,4839.66,4841.02
2026-02-06T16:00:00+08:00,4840.99,4874.28,4828.575,4867.46
2026-02-06T16:30:00+08:00,4867.46,4882.32,4852.035,4861.69
2026-02-06T17:00:00+08:00,4861.823,4871.645,4837.905,4863.649
2026-02-06T17:30:00+08:00,4863.035,4872.66,4855.62,4866.52
2026-02-06T18:00:00+08:00,4866.37,4877.874,4851.27,4855.044
2026-02-06T18:30:00+08:00,4854.98,4880.014,4852.38,4878.491
2026-02-06T19:00:00+08:00,4877.7,4894,4863.22,4890.94
2026-02-06T19:30:00+08:00,4890.83,4895.94,4879.56,4887
2026-02-06T20:00:00+08:00,4886.635,4903.5,4870.91,4877.66
2026-02-06T20:30:00+08:00,4877.45,4903.78,4876.43,4900.15
2026-02-06T21:00:00+08:00,4900.14,4928.5,4896.62,4909.35
2026-02-06T21:30:00+08:00,4908.94,4938.47,4908.11,4928.5
2026-02-06T22:00:00+08:00,4929.43,4932.92,4894.08,4904.855
2026-02-06T22:30:00+08:00,4904.68,4949.749,4897.19,4947.99
2026-02-06T23:00:00+08:00,4948.39,4964.73,4934.898,4955.747
2026-02-06T23:30:00+08:00,4955.74,4960.6,4927.84,4943.51
2026-02-07T00:00:00+08:00,4943,4950.4,4921.52,4938.38
2026-02-07T00:30:00+08:00,4937.93,4953.28,4929.26,4951.72
2026-02-07T01:00:00+08:00,4951.61,4960.91,4948.62,4954.64
2026-02-07T01:30:00+08:00,4954.685,4968.605,4947.67,4960.44
2026-02-07T02:00:00+08:00,4960.553,4971.39,4943.46,4955.64
2026-02-07T02:30:00+08:00,4955.96,4968.38,4951.11,4962.245
2026-02-07T03:00:00+08:00,4962.55,4963.29,4953.41,4957.47
2026-02-07T03:30:00+08:00,4957.09,4962.71,4948.25,4956.97
2026-02-07T04:00:00+08:00,4957.015,4959.19,4946.12,4954.8
2026-02-07T04:30:00+08:00,4954.75,4954.993,4936.04,4953.315
2026-02-07T05:00:00+08:00,4953.18,4958.33,4946.04,4953.49
2026-02-07T05:30:00+08:00,4953.88,4968.93,4953.23,4967.27
2026-02-09T07:00:00+08:00,4983.54,5028.07,4964.35,5024.45
2026-02-09T07:30:00+08:00,5024.473,5047.104,5019.22,5035.96
2026-02-09T08:00:00+08:00,5035.3,5044.989,5022.088,5033.57
2026-02-09T08:30:00+08:00,5034.034,5037.87,5011.21,5019.79
2026-02-09T09:00:00+08:00,5019.805,5041.893,5004.825,5016.733
2026-02-09T09:30:00+08:00,5016.095,5022.47,4975.485,4982.482
2026-02-09T10:00:00+08:00,4982.39,5001.79,4967.835,5001.16
2026-02-09T10:30:00+08:00,5000.67,5017.505,4985.4,5006.89
2026-02-09T11:00:00+08:00,5006.92,5026.93,5005.305,5025.02
2026-02-09T11:30:00+08:00,5024.92,5031.55,5011.878,5016.049
2026-02-09T12:00:00+08:00,5015.61,5025.034,5008.178,5017.6
2026-02-09T12:30:00+08:00,5017.44,5023.12,5006.74,5011.749
2026-02-09T13:00:00+08:00,5011.93,5031.647,5010.89,5030.24
2026-02-09T13:30:00+08:00,5029.78,5041.57,5022.71,5036.703
2026-02-09T14:00:00+08:00,5036.44,5045.7,5013.378,5025.115
2026-02-09T14:30:00+08:00,5025.5,5039.83,5020.32,5030.73
2026-02-09T15:00:00+08:00,5031.376,5031.511,4996.9,5007.9
2026-02-09T15:30:00+08:00,5008.54,5015.473,5000.585,5006.105
2026-02-09T16:00:00+08:00,5006.25,5031.83,5002.39,5025.34
2026-02-09T16:30:00+08:00,5025.67,5035.64,5021.215,5026.99
2026-02-09T17:00:00+08:00,5027.23,5040.994,5015.99,5023.98
2026-02-09T17:30:00+08:00,5024.29,5027.44,5002.31,5007.64
2026-02-09T18:00:00+08:00,5007.3,5015.24,4985.47,4990.99
2026-02-09T18:30:00+08:00,4990.775,4999.334,4981.77,4990.63
2026-02-09T19:00:00+08:00,4990.63,5006.692,4988.23,5005.98
2026-02-09T19:30:00+08:00,5006.178,5017.92,5001.17,5010.84
2026-02-09T20:00:00+08:00,5010.47,5017.76,5006.87,5013.845
2026-02-09T20:30:00+08:00,5014.343,5021.71,5007.09,5013
2026-02-09T21:00:00+08:00,5013.15,5024.734,5003.085,5004.015
2026-02-09T21:30:00+08:00,5004.31,5014.837,4994.8,5006.795
2026-02-09T22:00:00+08:00,5006.94,5023.93,5001.7,5020.64
2026-02-09T22:30:00+08:00,5020.94,5040.74,5013.565,5037.91
2026-02-09T23:00:00+08:00,5037.998,5042.21,5023.23,5033.25
2026-02-09T23:30:00+08:00,5032.98,5060.32,5032.98,5058.57
2026-02-10T00:00:00+08:00,5058.76,5079.97,5056.118,5072.319
2026-02-10T00:30:00+08:00,5072.319,5081.21,5066.595,5073.115
2026-02-10T01:00:00+08:00,5073.29,5075.55,5060.41,5068.02
2026-02-10T01:30:00+08:00,5067.935,5070.57,5040.41,5046.38
2026-02-10T02:00:00+08:00,5046.12,5059.749,5043.74,5054.289
2026-02-10T02:30:00+08:00,5054.031,5063.952,5048.08,5062.634
2026-02-10T03:00:00+08:00,5062.62,5074.49,5062.06,5074.06
2026-02-10T03:30:00+08:00,5074.105,5079.941,5072.45,5074.39
2026-02-10T04:00:00+08:00,5074.195,5081.58,5073.185,5080.26
2026-02-10T04:30:00+08:00,5080,5086.53,5071.76,5079.315
2026-02-10T05:00:00+08:00,5079.571,5083.059,5048.169,5055.149
2026-02-10T05:30:00+08:00,5054.8,5066.39,5053.6,5059.15
2026-02-10T07:00:00+08:00,5058.76,5076.16,4987.31,5023.31
2026-02-10T07:30:00+08:00,5023.939,5042.21,5012.85,5031.79
2026-02-10T08:00:00+08:00,5031.79,5048.61,5031.165,5034.03
2026-02-10T08:30:00+08:00,5033.535,5040.77,5008.265,5018.405
2026-02-10T09:00:00+08:00,5018.77,5037.749,5011.78,5017.19
2026-02-10T09:30:00+08:00,5017.309,5036.06,5014.105,5032.01
2026-02-10T10:00:00+08:00,5031.915,5056.169,5031.028,5046.79
2026-02-10T10:30:00+08:00,5047.171,5052.889,5034.15,5037.875
2026-02-10T11:00:00+08:00,5037.76,5038.35,5015.94,5021.475
2026-02-10T11:30:00+08:00,5021.91,5031.959,5015.705,5029.92
2026-02-10T12:00:00+08:00,5029.71,5030.96,5016.91,5027.01
2026-02-10T12:30:00+08:00,5027.24,5033.98,5021.42,5031.41
2026-02-10T13:00:00+08:00,5031.14,5035.429,5010.72,5019.229
2026-02-10T13:30:00+08:00,5018.94,5040.671,5012.35,5039.32
2026-02-10T14:00:00+08:00,5039.401,5045.506,5030.3,5031.85
2026-02-10T14:30:00+08:00,5031.7,5039.01,5018.35,5024.36
2026-02-10T15:00:00+08:00,5024.64,5034.21,5018.125,5025.14
2026-02-10T15:30:00+08:00,5025.34,5036.089,5024.23,5033.949
2026-02-10T16:00:00+08:00,5033.59,5041.225,5028.5,5035.44
2026-02-10T16:30:00+08:00,5035.19,5054.985,5033.72,5041.76
2026-02-10T17:00:00+08:00,5041.865,5063.254,5040.21,5052.25
2026-02-10T17:30:00+08:00,5052.261,5053.35,5041.7,5046.76
2026-02-10T18:00:00+08:00,5046.64,5052.61,5036.66,5047.12
2026-02-10T18:30:00+08:00,5047.46,5058.174,5043.4,5046.78
2026-02-10T19:00:00+08:00,5046.78,5053.08,5044.01,5047.71
2026-02-10T19:30:00+08:00,5047.33,5057.46,5044.62,5055.99
2026-02-10T20:00:00+08:00,5055.71,5057.17,5040.725,5046.693
2026-02-10T20:30:00+08:00,5046.649,5047.741,5019.1,5032.12
2026-02-10T21:00:00+08:00,5031.7,5046.25,5026.3,5037.14
2026-02-10T21:30:00+08:00,5038.021,5058.725,5037.135,5051.08
2026-02-10T22:00:00+08:00,5051.09,5074.69,5046.535,5070.025
2026-02-10T22:30:00+08:00,5070.17,5078.67,5020.225,5039
2026-02-10T23:00:00+08:00,5039.509,5048.03,5028.388,5032.585
2026-02-10T23:30:00+08:00,5032.593,5037.49,4998.56,5019.45
2026-02-11T00:00:00+08:00,5019.05,5024.368,5005.12,5009.61
2026-02-11T00:30:00+08:00,5010.2,5026.44,5008,5023.751
2026-02-11T01:00:00+08:00,5023.77,5039.045,5020.38,5036.335
2026-02-11T01:30:00+08:00,5036.62,5040.181,5024.63,5026.1
2026-02-11T02:00:00+08:00,5026.24,5027.88,5004.39,5008.23
2026-02-11T02:30:00+08:00,5008.085,5017.14,5004.75,5013.131
2026-02-11T03:00:00+08:00,5012.775,5021.74,5008.34,5021.021
2026-02-11T03:30:00+08:00,5021.065,5030.24,5020.77,5027.55
2026-02-11T04:00:00+08:00,5027.961,5033.99,5019.89,5027.945
2026-02-11T04:30:00+08:00,5028.189,5045.7,5027.075,5030.274
2026-02-11T05:00:00+08:00,5030.274,5032.82,5022.75,5026.18
2026-02-11T05:30:00+08:00,5025.98,5028.394,5019.93,5023.88
2026-02-11T07:00:00+08:00,5026.17,5054.6,5023.92,5046.58
2026-02-11T07:30:00+08:00,5046.59,5048.07,5038.01,5041.779
2026-02-11T08:00:00+08:00,5041.921,5044.52,5027.54,5039.31
2026-02-11T08:30:00+08:00,5040.1,5049.44,5034.055,5037.72
2026-02-11T09:00:00+08:00,5037.82,5047.75,5029.83,5037.405
2026-02-11T09:30:00+08:00,5037.34,5052.928,5032.01,5052.42
2026-02-11T10:00:00+08:00,5052.42,5056.869,5032.13,5041.65
2026-02-11T10:30:00+08:00,5042.01,5057.68,5040.74,5055.376
2026-02-11T11:00:00+08:00,5055.431,5058.98,5044.49,5057.23
2026-02-11T11:30:00+08:00,5057.22,5060.81,5052.65,5054.451
2026-02-11T12:00:00+08:00,5054.45,5059.589,5052.78,5058.32
2026-02-11T12:30:00+08:00,5058.27,5059.289,5045.42,5046.38
2026-02-11T13:00:00+08:00,5045.86,5053.48,5043.16,5052.6
2026-02-11T13:30:00+08:00,5053.06,5063.869,5045.85,5052.561
2026-02-11T14:00:00+08:00,5052.54,5061.554,5048.93,5056.38
2026-02-11T14:30:00+08:00,5055.96,5064.624,5051.73,5063.94
2026-02-11T15:00:00+08:00,5063.97,5069.37,5052.19,5059.941
2026-02-11T15:30:00+08:00,5059.9,5062.07,5048.45,5054.88
2026-02-11T16:00:00+08:00,5055.466,5060.469,5050.11,5051.611
2026-02-11T16:30:00+08:00,5051.76,5055.123,5045.12,5053.954
2026-02-11T17:00:00+08:00,5053.315,5056.084,5046.755,5053.96
2026-02-11T17:30:00+08:00,5054.43,5072.13,5053.27,5062.654
2026-02-11T18:00:00+08:00,5062.42,5076.56,5062.07,5071.12
2026-02-11T18:30:00+08:00,5071.15,5101.23,5067.89,5093.221
2026-02-11T19:00:00+08:00,5093.231,5107.993,5081.81,5107.311
2026-02-11T19:30:00+08:00,5106.85,5116.735,5100.398,5111.751
2026-02-11T20:00:00+08:00,5111.74,5119.159,5085.9,5094.92
2026-02-11T20:30:00+08:00,5095.001,5098.885,5049.66,5083.438
2026-02-11T21:00:00+08:00,5082.79,5090.094,5063.09,5083.44
2026-02-11T21:30:00+08:00,5084.39,5085.768,5018.48,5065.35
2026-02-11T22:00:00+08:00,5066.18,5083.09,5061.5,5070.84
2026-02-11T22:30:00+08:00,5070.94,5076.41,5035.42,5058.998
2026-02-11T23:00:00+08:00,5059.41,5081.93,5043.16,5049.03
2026-02-11T23:30:00+08:00,5049.129,5063.246,5038.63,5060.336
2026-02-12T00:00:00+08:00,5060.474,5064.52,5042.45,5060.43
2026-02-12T00:30:00+08:00,5061.05,5078.32,5055.68,5074.71
2026-02-12T01:00:00+08:00,5074.758,5091.4,5067.815,5087.305
2026-02-12T01:30:00+08:00,5087.6,5098.88,5081.265,5091.14
2026-02-12T02:00:00+08:00,5091.14,5092.87,5066.39,5073.697
2026-02-12T02:30:00+08:00,5073.365,5087.28,5070.99,5082.331
2026-02-12T03:00:00+08:00,5082.35,5094.33,5081.538,5091.33
2026-02-12T03:30:00+08:00,5091.62,5092.11,5076.43,5081.93
2026-02-12T04:00:00+08:00,5081.54,5089.15,5079.36,5085.11
2026-02-12T04:30:00+08:00,5085.1,5090.12,5077.89,5086.621
2026-02-12T05:00:00+08:00,5086.45,5092.84,5077.59,5081.74
2026-02-12T05:30:00+08:00,5082.02,5084.959,5069.4,5083.77
2026-02-12T07:00:00+08:00,5086.07,5100.21,5052.08,5068.81
2026-02-12T07:30:00+08:00,5068.94,5071.194,5059.36,5060.925
2026-02-12T08:00:00+08:00,5060.675,5067.903,5049.24,5060.29
2026-02-12T08:30:00+08:00,5060.674,5065.9,5055.27,5063.049
2026-02-12T09:00:00+08:00,5062.645,5063.06,5044.34,5058.21
2026-02-12T09:30:00+08:00,5058.8,5064.17,5052.4,5063.248
2026-02-12T10:00:00+08:00,5063.305,5072.75,5061.745,5066.57
2026-02-12T10:30:00+08:00,5066.78,5069.84,5054.61,5065.57
2026-02-12T11:00:00+08:00,5065.88,5074.645,5054.3,5059.58
2026-02-12T11:30:00+08:00,5060.02,5066.749,5054.5,5056.901
2026-02-12T12:00:00+08:00,5056.891,5059.112,5050.45,5056.18
2026-02-12T12:30:00+08:00,5055.81,5070.06,5053.74,5069.23
2026-02-12T13:00:00+08:00,5069.23,5078.31,5065,5071.41
2026-02-12T13:30:00+08:00,5071.74,5076.1,5064.13,5075.47
2026-02-12T14:00:00+08:00,5075.38,5076.261,5054.8,5055.58
2026-02-12T14:30:00+08:00,5055.34,5061.724,5046.54,5059.65
2026-02-12T15:00:00+08:00,5059.18,5066.31,5051.11,5062.369
2026-02-12T15:30:00+08:00,5062.33,5065.89,5056.08,5063.39
2026-02-12T16:00:00+08:00,5063.856,5073.662,5060.29,5060.83
2026-02-12T16:30:00+08:00,5061.065,5072.151,5051.83,5068.18
2026-02-12T17:00:00+08:00,5068.18,5077.745,5065.94,5071.13
2026-02-12T17:30:00+08:00,5071.13,5080.745,5068.17,5073.17
2026-02-12T18:00:00+08:00,5073.089,5077.1,5060.55,5061.21
2026-02-12T18:30:00+08:00,5060.88,5066.249,5055.73,5061.62
2026-02-12T19:00:00+08:00,5061.62,5065.65,5058.97,5062.605
2026-02-12T19:30:00+08:00,5062.56,5068.345,5061.098,5063.934
2026-02-12T20:00:00+08:00,5063.98,5066.84,5056.295,5062.14
2026-02-12T20:30:00+08:00,5062.14,5068.67,5048.35,5052.709
2026-02-12T21:00:00+08:00,5052.8,5074.36,5051.16,5062.714
2026-02-12T21:30:00+08:00,5062.764,5083.74,5060.125,5075.46
2026-02-12T22:00:00+08:00,5075.37,5077.81,5054.525,5059.98
2026-02-12T22:30:00+08:00,5060.056,5071.68,5039.09,5044.445
2026-02-12T23:00:00+08:00,5044.434,5069.89,5039.23,5066.07
2026-02-12T23:30:00+08:00,5066.1,5074.83,5059.71,5060.41
2026-02-13T00:00:00+08:00,5060.275,5068.27,4877.75,4897.57
2026-02-13T00:30:00+08:00,4897.874,4969.44,4893.598,4955.81
2026-02-13T01:00:00+08:00,4954.814,4982.99,4938.68,4965.63
2026-02-13T01:30:00+08:00,4965.632,4974.9,4938.78,4940.865
2026-02-13T02:00:00+08:00,4941.288,4950.124,4905.93,4927.89
2026-02-13T02:30:00+08:00,4928.035,4952.229,4925.59,4935.55
2026-02-13T03:00:00+08:00,4935.52,4944.24,4927.345,4931.411
2026-02-13T03:30:00+08:00,4931.401,4958.16,4930.85,4945.325
2026-02-13T04:00:00+08:00,4945.34,4948.404,4921.28,4922.561
2026-02-13T04:30:00+08:00,4922.298,4928.274,4910.46,4915.081
2026-02-13T05:00:00+08:00,4914.859,4924.475,4911.3,4920.21
2026-02-13T05:30:00+08:00,4920.301,4926.83,4915.28,4921.63
2026-02-13T07:00:00+08:00,4923.07,4930.19,4886.15,4919.74
2026-02-13T07:30:00+08:00,4920.02,4926.444,4905.02,4919.785
2026-02-13T08:00:00+08:00,4920.09,4948.835,4912.95,4936.26
2026-02-13T08:30:00+08:00,4936.175,4945.97,4926.2,4927.4
2026-02-13T09:00:00+08:00,4927.94,4979.15,4926.42,4969.505
2026-02-13T09:30:00+08:00,4970.06,4988.679,4963.805,4980.69
2026-02-13T10:00:00+08:00,4980.7,4986.1,4972.4,4985.55
2026-02-13T10:30:00+08:00,4985.88,4991.649,4971.66,4988.105
2026-02-13T11:00:00+08:00,4988.13,4989.499,4973.34,4978.068
2026-02-13T11:30:00+08:00,4977.905,4984.44,4974.59,4980.99
2026-02-13T12:00:00+08:00,4980.99,4997.367,4975.25,4985.185
2026-02-13T12:30:00+08:00,4985.183,4986.26,4972.49,4976.53
2026-02-13T13:00:00+08:00,4976.52,4986.475,4964.55,4979.485
2026-02-13T13:30:00+08:00,4979.52,4980.2,4944.28,4945.901
2026-02-13T14:00:00+08:00,4946.001,4961.84,4945.69,4952.72
2026-02-13T14:30:00+08:00,4952.69,4968.75,4950.33,4966.74
2026-02-13T15:00:00+08:00,4967.17,4976.56,4950.855,4968.095
2026-02-13T15:30:00+08:00,4968.45,4982.69,4965.56,4974.843
2026-02-13T16:00:00+08:00,4974.845,4989.53,4971.78,4982.305
2026-02-13T16:30:00+08:00,4982.51,4986.99,4971.078,4982.58
2026-02-13T17:00:00+08:00,4982.58,4983.05,4963.99,4964.9
2026-02-13T17:30:00+08:00,4964.665,4976.76,4960.96,4969.81
2026-02-13T18:00:00+08:00,4970.19,4980.65,4966.04,4977.27
2026-02-13T18:30:00+08:00,4977.2,4978.72,4946.74,4950.08
2026-02-13T19:00:00+08:00,4949.953,4953.616,4933.495,4944.95
2026-02-13T19:30:00+08:00,4945.199,4955.52,4934.9,4953.89
2026-02-13T20:00:00+08:00,4953.89,4973.06,4951.79,4967.095
2026-02-13T20:30:00+08:00,4966.94,4974.027,4963.32,4969.59
2026-02-13T21:00:00+08:00,4969.39,4976.26,4957.19,4967.203
2026-02-13T21:30:00+08:00,4966.695,4999.94,4966.34,4986.75
2026-02-13T22:00:00+08:00,4986.77,5007.829,4984.41,5002.59
2026-02-13T22:30:00+08:00,5002.61,5011.34,4963.68,4995.52
2026-02-13T23:00:00+08:00,4995.185,5011.61,4991.778,5009.675
2026-02-13T23:30:00+08:00,5009.77,5020.53,4973.36,4976.39
2026-02-14T00:00:00+08:00,4976.338,5033.82,4974.89,5027.686
2026-02-14T00:30:00+08:00,5027.726,5028.34,5005.49,5007.45
2026-02-14T01:00:00+08:00,5007.85,5022.39,5005.38,5017.58
2026-02-14T01:30:00+08:00,5017.531,5029.31,5015.7,5020.929
2026-02-14T02:00:00+08:00,5020.715,5030.77,5015.098,5022.38
2026-02-14T02:30:00+08:00,5022.371,5035.537,5019.98,5031.13
2026-02-14T03:00:00+08:00,5031.121,5046.129,5030.115,5041.38
2026-02-14T03:30:00+08:00,5041.43,5042.96,5023.7,5023.7
2026-02-14T04:00:00+08:00,5025.73,5034.149,5023.15,5028.88
2026-02-14T04:30:00+08:00,5028.39,5034.85,5020.99,5032.401
2026-02-14T05:00:00+08:00,5032.401,5036.14,5029.16,5032.66
2026-02-14T05:30:00+08:00,5032.96,5046.261,5030.83,5042.2
2026-02-16T07:00:00+08:00,5032.57,5053.11,5010.5,5028.725
2026-02-16T07:30:00+08:00,5028.735,5031.57,5012.935,5020.34
2026-02-16T08:00:00+08:00,5020.242,5021.86,4999.17,5011.59
2026-02-16T08:30:00+08:00,5012.19,5022.94,5008.34,5015.49
2026-02-16T09:00:00+08:00,5015.11,5031.19,5006.53,5029.114
2026-02-16T09:30:00+08:00,5029.189,5031.049,5025,5028.79
2026-02-16T10:00:00+08:00,5028.83,5031.6,5018.35,5019.09
2026-02-16T10:30:00+08:00,5019.09,5021.989,4991.72,4994.56
2026-02-16T11:00:00+08:00,4994.67,5000.08,4988.13,4994.43
2026-02-16T11:30:00+08:00,4994.88,4996.76,4975.15,4987.46
2026-02-16T12:00:00+08:00,4987.195,4992.15,4971.238,4976.39
2026-02-16T12:30:00+08:00,4976.72,4980.289,4973.12,4977.55
2026-02-16T13:00:00+08:00,4977.634,4988.683,4964.05,4986.21
2026-02-16T13:30:00+08:00,4985.87,4990.73,4982.48,4990.57
2026-02-16T14:00:00+08:00,4990.16,4994.8,4984.325,4992.63
2026-02-16T14:30:00+08:00,4993.09,5003.06,4990.09,4994.87
2026-02-16T15:00:00+08:00,4994.39,4999.359,4988.745,4997.72
2026-02-16T15:30:00+08:00,4998.035,5009.92,4996.575,5007.13
2026-02-16T16:00:00+08:00,5006.985,5013.37,4995.295,5006.27
2026-02-16T16:30:00+08:00,5006.25,5010.16,5003.1,5007.72
2026-02-16T17:00:00+08:00,5007.95,5016.259,5007.53,5013.46
2026-02-16T17:30:00+08:00,5013.47,5017.18,5008.07,5013.19
2026-02-16T18:00:00+08:00,5013.56,5017.22,5004.43,5004.84
2026-02-16T18:30:00+08:00,5004.89,5010.82,4999.945,5005.67
2026-02-16T19:00:00+08:00,5005.67,5006.99,4998.54,5004.45
2026-02-16T19:30:00+08:00,5004.45,5008.11,5001.54,5003.9
2026-02-16T20:00:00+08:00,5004.29,5004.92,4992.48,4995.95
2026-02-16T20:30:00+08:00,4995.95,5008.17,4994.7,5001.91
2026-02-16T21:00:00+08:00,5002.07,5003.74,4992.798,4994.32
2026-02-16T21:30:00+08:00,4993.898,4998.61,4989.218,4996.93
2026-02-16T22:00:00+08:00,4996.98,4999.51,4989.535,4992.29
2026-02-16T22:30:00+08:00,4992.02,4994.4,4981.41,4988.24
2026-02-16T23:00:00+08:00,4988.37,4988.37,4968.63,4980.29
2026-02-16T23:30:00+08:00,4979.92,4983.29,4974.63,4979.64
2026-02-17T00:00:00+08:00,4979.39,4987.51,4972.875,4986.12
2026-02-17T00:30:00+08:00,4986.27,4990.3,4984.785,4987.69
2026-02-17T01:00:00+08:00,4987.69,4995.3,4987.69,4994.614
2026-02-17T01:30:00+08:00,4994.604,4995.97,4989.798,4991.605
2026-02-17T02:00:00+08:00,4991.69,4997.36,4988.305,4993.82
2026-02-17T02:30:00+08:00,4993.79,4997.79,4990.8,4994.685
2026-02-17T03:00:00+08:00,4994.522,4996.33,4990.05,4993.51
2026-02-17T07:00:00+08:00,4995.6,5000.85,4984.49,4994.2
2026-02-17T07:30:00+08:00,4993.55,4995.82,4986.77,4989.23
2026-02-17T08:00:00+08:00,4989.68,4991.39,4970.53,4973.34
2026-02-17T08:30:00+08:00,4973.654,4978.9,4931.42,4935.61
2026-02-17T09:00:00+08:00,4935.63,4957.955,4922.45,4956.495
2026-02-17T09:30:00+08:00,4956.73,4963.83,4954.398,4957.53
2026-02-17T10:00:00+08:00,4957.205,4971.5,4953.93,4965.49
2026-02-17T10:30:00+08:00,4964.9,4967.46,4958.94,4966.39
2026-02-17T11:00:00+08:00,4966.39,4970.159,4953.24,4955.469
2026-02-17T11:30:00+08:00,4955.23,4960.66,4949.42,4956.33
2026-02-17T12:00:00+08:00,4956.71,4960.43,4946.13,4959.59
2026-02-17T12:30:00+08:00,4959.53,4960.22,4948.73,4952.83
2026-02-17T13:00:00+08:00,4952.989,4954.57,4888.065,4900.285
2026-02-17T13:30:00+08:00,4900.51,4902.421,4857.96,4888.27
2026-02-17T14:00:00+08:00,4888.71,4901.802,4885.95,4894.3
2026-02-17T14:30:00+08:00,4894.3,4914.27,4890.985,4910.23
2026-02-17T15:00:00+08:00,4910.301,4916.721,4903.595,4907.981
2026-02-17T15:30:00+08:00,4907.94,4922.33,4903.69,4916.63
2026-02-17T16:00:00+08:00,4917.161,4930.29,4916.01,4920.012
2026-02-17T16:30:00+08:00,4919.68,4925.75,4916.165,4920.51
2026-02-17T17:00:00+08:00,4920.789,4929.043,4917.74,4918.9
2026-02-17T17:30:00+08:00,4918.56,4932.552,4912.7,4925.655
2026-02-17T18:00:00+08:00,4925.877,4939.37,4923.385,4928.11
2026-02-17T18:30:00+08:00,4928.07,4928.3,4907.355,4912.74
2026-02-17T19:00:00+08:00,4912.74,4930.967,4912.71,4927.89
2026-02-17T19:30:00+08:00,4927.32,4930.86,4920.99,4929.292
2026-02-17T20:00:00+08:00,4928.82,4944.351,4927.925,4942.867
2026-02-17T20:30:00+08:00,4942.46,4944.03,4928.56,4931.96
2026-02-17T21:00:00+08:00,4932.109,4933.375,4910.585,4919.824
2026-02-17T21:30:00+08:00,4919.764,4924.375,4869.65,4870.435
2026-02-17T22:00:00+08:00,4870.861,4904.472,4841.37,4898.25
2026-02-17T22:30:00+08:00,4897.805,4907.24,4855.51,4863.599
2026-02-17T23:00:00+08:00,4863.764,4877.481,4848.32,4861.51
2026-02-17T23:30:00+08:00,4861.53,4882.611,4852.17,4878.54
2026-02-18T00:00:00+08:00,4878.155,4893.7,4876.199,4883.29
2026-02-18T00:30:00+08:00,4883.08,4887.8,4867.94,4869.246
2026-02-18T01:00:00+08:00,4869.16,4871.26,4849.56,4864.565
2026-02-18T01:30:00+08:00,4864.914,4869,4853.38,4864.615
2026-02-18T02:00:00+08:00,4865.04,4890.58,4862.085,4887.07
2026-02-18T02:30:00+08:00,4886.96,4910.76,4879.525,4898.92
2026-02-18T03:00:00+08:00,4898.904,4901.19,4881.15,4883.549
2026-02-18T03:30:00+08:00,4883.581,4888.223,4875.87,4880.17
2026-02-18T04:00:00+08:00,4880.321,4882.486,4872.77,4877.81
2026-02-18T04:30:00+08:00,4877.714,4884.12,4873.28,4877.89
2026-02-18T05:00:00+08:00,4877.931,4886.803,4874.48,4880.03
2026-02-18T05:30:00+08:00,4880.03,4882,4876.03,4878.69
2026-02-18T07:00:00+08:00,4878.7,4884.609,4859.89,4877.88
2026-02-18T07:30:00+08:00,4877.591,4883.73,4853.53,4859.024
2026-02-18T08:00:00+08:00,4858.38,4872.37,4857.74,4869.56
2026-02-18T08:30:00+08:00,4869.56,4883.18,4867.32,4874.495
2026-02-18T09:00:00+08:00,4874.794,4891.555,4873.87,4887.15
2026-02-18T09:30:00+08:00,4887.032,4893.3,4882.63,4889.47
2026-02-18T10:00:00+08:00,4889.85,4904.35,4885.99,4900.912
2026-02-18T10:30:00+08:00,4900.99,4907.29,4900.13,4905.22
2026-02-18T11:00:00+08:00,4905.254,4919.864,4903.66,4918.8
2026-02-18T11:30:00+08:00,4919.17,4922.241,4916.08,4920.22
2026-02-18T12:00:00+08:00,4920.866,4933.501,4917.79,4933.081
2026-02-18T12:30:00+08:00,4932.58,4940.67,4930.98,4934.18
2026-02-18T13:00:00+08:00,4934.12,4939.408,4929.52,4935.27
2026-02-18T13:30:00+08:00,4935.304,4939.883,4932.77,4933.02
2026-02-18T14:00:00+08:00,4933.41,4934.2,4924.73,4930.484
2026-02-18T14:30:00+08:00,4930.09,4936.08,4926.27,4930.8
2026-02-18T15:00:00+08:00,4930.35,4942.3,4929.66,4938.973
2026-02-18T15:30:00+08:00,4938.96,4940.586,4928.74,4930.16
2026-02-18T16:00:00+08:00,4930.234,4932.381,4922.35,4925.53
2026-02-18T16:30:00+08:00,4925.861,4926.921,4916.345,4917.124
2026-02-18T17:00:00+08:00,4917.121,4923.03,4912.61,4921.204
2026-02-18T17:30:00+08:00,4921.204,4923.125,4915.8,4916.91
2026-02-18T18:00:00+08:00,4917.23,4924.434,4916.59,4921.464
2026-02-18T18:30:00+08:00,4921.44,4921.52,4909.11,4914.4
2026-02-18T19:00:00+08:00,4914.41,4917.604,4912.1,4915.47
2026-02-18T19:30:00+08:00,4915.12,4916.56,4906.01,4912.59
2026-02-18T20:00:00+08:00,4912.9,4929.58,4911.64,4921.16
2026-02-18T20:30:00+08:00,4920.71,4947.175,4917.495,4942.99
2026-02-18T21:00:00+08:00,4942.67,4959.46,4942.67,4956.32
2026-02-18T21:30:00+08:00,4955.825,4969.12,4948.62,4953.77
2026-02-18T22:00:00+08:00,4954.37,4963.525,4951.92,4960.75
2026-02-18T22:30:00+08:00,4960.77,4994.36,4955.07,4991.29
2026-02-18T23:00:00+08:00,4991.778,5008.96,4991.215,5004.92
2026-02-18T23:30:00+08:00,5004.89,5005.26,4994.63,4997.822
2026-02-19T00:00:00+08:00,4997.823,5003.2,4991.11,4996.89
2026-02-19T00:30:00+08:00,4996.85,5010.9,4994.14,5000.215
2026-02-19T01:00:00+08:00,5000.373,5001.7,4995.86,4999.389
2026-02-19T01:30:00+08:00,4999.32,5000.85,4993.12,4999.183
2026-02-19T02:00:00+08:00,4998.875,5003.29,4986.375,4988.243
2026-02-19T02:30:00+08:00,4988.03,4993.23,4980.2,4986.538
2026-02-19T03:00:00+08:00,4987.29,4995.45,4972.55,4978.2
2026-02-19T03:30:00+08:00,4978.61,4984.42,4972.57,4980.47
2026-02-19T04:00:00+08:00,4980.315,4984.62,4975.225,4977.62
2026-02-19T04:30:00+08:00,4977.09,4987.51,4976.22,4984.9
2026-02-19T05:00:00+08:00,4984.71,4986.46,4980.08,4981.52
2026-02-19T05:30:00+08:00,4981.16,4982.313,4975.12,4975.715
2026-02-19T07:00:00+08:00,4975.63,4983.89,4959.89,4981.465
2026-02-19T07:30:00+08:00,4981.28,4988.75,4967.94,4975.95
2026-02-19T08:00:00+08:00,4975.43,4976.3,4960.7,4966.62
2026-02-19T08:30:00+08:00,4967.42,4973.2,4960.01,4961.272
2026-02-19T09:00:00+08:00,4961.283,4968.68,4960.17,4964.28
2026-02-19T09:30:00+08:00,4963.37,4975.55,4961.04,4973.022
2026-02-19T10:00:00+08:00,4973.14,4977.343,4965.31,4972.733
2026-02-19T10:30:00+08:00,4972.73,4973.434,4966.96,4968.3
2026-02-19T11:00:00+08:00,4967.61,4971.87,4965.76,4969.768
2026-02-19T11:30:00+08:00,4968.65,4983.6,4968.65,4981.56
2026-02-19T12:00:00+08:00,4981.47,4985.019,4977.495,4979.715
2026-02-19T12:30:00+08:00,4979.22,4985.49,4976.18,4984.14
2026-02-19T13:00:00+08:00,4983.65,4993.54,4983.62,4988.995
2026-02-19T13:30:00+08:00,4988.98,4998.63,4988.24,4996.2
2026-02-19T14:00:00+08:00,4996.2,5002.469,4995.95,5000.9
2026-02-19T14:30:00+08:00,5001.52,5020.149,5000.51,5018.28
2026-02-19T15:00:00+08:00,5017.81,5021.73,5014.46,5017.85
2026-02-19T15:30:00+08:00,5017.82,5020.35,5008.5,5009.995
2026-02-19T16:00:00+08:00,5009.86,5014.96,5005.87,5014.79
2026-02-19T16:30:00+08:00,5014.77,5022.043,5010.198,5017.03
2026-02-19T17:00:00+08:00,5017.03,5020.34,4999.31,5000.62
2026-02-19T17:30:00+08:00,5000.13,5005.813,4992.778,4995.78
2026-02-19T18:00:00+08:00,4995.75,4996.19,4982.92,4986.82
2026-02-19T18:30:00+08:00,4986.83,4995.26,4981.138,4993.273
2026-02-19T19:00:00+08:00,4992.88,4996.3,4977.905,4984.51
2026-02-19T19:30:00+08:00,4984.6,4987.09,4977.695,4984.37
2026-02-19T20:00:00+08:00,4984.32,4992.08,4980.135,4991.835
2026-02-19T20:30:00+08:00,4992.055,4992.78,4980.54,4984.75
2026-02-19T21:00:00+08:00,4984.75,4987.849,4974.03,4983.714
2026-02-19T21:30:00+08:00,4983.603,4998.44,4971.15,4997.02
2026-02-19T22:00:00+08:00,4996.71,4997.07,4971.578,4978.2
2026-02-19T22:30:00+08:00,4978.2,5010.56,4962.638,5005.58
2026-02-19T23:00:00+08:00,5005.653,5016.46,4995.67,5016.2
2026-02-19T23:30:00+08:00,5015.65,5022.28,5006.205,5013.76
2026-02-20T00:00:00+08:00,5013.67,5014.38,4991.285,4998.105
2026-02-20T00:30:00+08:00,4998.43,5008.96,4989.92,4995.3
2026-02-20T01:00:00+08:00,4995.24,5001.71,4991.76,4993.72
2026-02-20T01:30:00+08:00,4993.71,4996.28,4982.5,4984.96
2026-02-20T02:00:00+08:00,4984.823,4989.395,4975.71,4978.274
2026-02-20T02:30:00+08:00,4977.98,4984.473,4974.88,4981.63
2026-02-20T03:00:00+08:00,4981.5,4990.44,4980.36,4989.065
2026-02-20T03:30:00+08:00,4988.95,4989.95,4977.98,4987.842
2026-02-20T04:00:00+08:00,4987.81,4997.06,4987.5,4995.415
2026-02-20T04:30:00+08:00,4995.79,5003.36,4994.725,5001.68
2026-02-20T05:00:00+08:00,5001.74,5004.231,4991.57,4993.56
2026-02-20T05:30:00+08:00,4994,5000.22,4992.81,4999.38
2026-02-20T07:00:00+08:00,4998.47,5008.08,4992.48,4996.75
2026-02-20T07:30:00+08:00,4996.75,5001.4,4984.99,4987.47
2026-02-20T08:00:00+08:00,4987.27,4996.643,4984.89,4990.698
2026-02-20T08:30:00+08:00,4990.57,5006.96,4986.3,5006.29
2026-02-20T09:00:00+08:00,5005.89,5014.745,4995.445,4999.165
2026-02-20T09:30:00+08:00,4999.435,5003.778,4994.83,4996.935
2026-02-20T10:00:00+08:00,4996.51,5007.55,4992.21,4997.27
2026-02-20T10:30:00+08:00,4996.84,5003.44,4992.66,4996.08
2026-02-20T11:00:00+08:00,4995.53,4998.4,4989.33,4992.28
2026-02-20T11:30:00+08:00,4991.79,4999.26,4981.2,4987.55
2026-02-20T12:00:00+08:00,4987.62,4994.78,4986.16,4994.46
2026-02-20T12:30:00+08:00,4993.95,5003.39,4993.16,4999.683
2026-02-20T13:00:00+08:00,4999.673,5006.15,4998.1,5001.6
2026-02-20T13:30:00+08:00,5001.07,5011.86,4997.56,5011.8
2026-02-20T14:00:00+08:00,5011.79,5029.37,5011.45,5021.65
2026-02-20T14:30:00+08:00,5022.08,5030.01,5019.85,5020.573
2026-02-20T15:00:00+08:00,5020.563,5028.1,5008.93,5014.98
2026-02-20T15:30:00+08:00,5014.98,5017.97,5005.61,5006.325
2026-02-20T16:00:00+08:00,5005.985,5019.83,5004.665,5018.38
2026-02-20T16:30:00+08:00,5018.509,5030.87,5017.21,5028.823
2026-02-20T17:00:00+08:00,5028.86,5042.64,5027.77,5033.68
2026-02-20T17:30:00+08:00,5034.13,5035.79,5027.05,5027.58
2026-02-20T18:00:00+08:00,5027.27,5030.88,5019.258,5026.41
2026-02-20T18:30:00+08:00,5026.14,5038.569,5025.465,5034.653
2026-02-20T19:00:00+08:00,5034.653,5034.83,5025.59,5028.81
2026-02-20T19:30:00+08:00,5028.68,5033.42,5015.085,5017.38
2026-02-20T20:00:00+08:00,5017.312,5023.76,5011.26,5011.88
2026-02-20T20:30:00+08:00,5012.005,5026.66,5006.54,5025.19
2026-02-20T21:00:00+08:00,5024.73,5031.97,5023.12,5028.388
2026-02-20T21:30:00+08:00,5028.734,5048.854,5017.795,5043.138
2026-02-20T22:00:00+08:00,5043.512,5047.32,5036.885,5041.469
2026-02-20T22:30:00+08:00,5041.205,5060.68,5037.06,5054.493
2026-02-20T23:00:00+08:00,5054.045,5064.137,4989.025,5025.145
2026-02-20T23:30:00+08:00,5025.5,5052.536,5016.3,5042.66
2026-02-21T00:00:00+08:00,5042.7,5056.7,5038.365,5053.31
2026-02-21T00:30:00+08:00,5053.9,5069.25,5052.33,5066.5
2026-02-21T01:00:00+08:00,5066.22,5073.59,5054.03,5064.23
2026-02-21T01:30:00+08:00,5064.194,5076.45,5061.27,5073.02
2026-02-21T02:00:00+08:00,5072.695,5073.64,5053.715,5058.362
2026-02-21T02:30:00+08:00,5058.578,5075.18,5056.81,5071.22
2026-02-21T03:00:00+08:00,5071.174,5075.66,5068.43,5069.2
2026-02-21T03:30:00+08:00,5069.709,5079.95,5069.23,5079.64
2026-02-21T04:00:00+08:00,5079.519,5086.43,5076.42,5084.9
2026-02-21T04:30:00+08:00,5084.58,5098.23,5082.35,5096.802
2026-02-21T05:00:00+08:00,5096.717,5099.084,5091.3,5097.58
2026-02-21T05:30:00+08:00,5097.69,5108.53,5097.17,5108.36
2026-02-23T07:00:00+08:00,5108.14,5152.16,5097.72,5146.13
2026-02-23T07:30:00+08:00,5145.63,5171.92,5143.85,5165.413
2026-02-23T08:00:00+08:00,5164.63,5166.679,5129.035,5152.855
2026-02-23T08:30:00+08:00,5153.1,5160.85,5134.37,5144.05
2026-02-23T09:00:00+08:00,5144.05,5159.47,5139.67,5159.06
2026-02-23T09:30:00+08:00,5158.945,5167.63,5154.91,5157.03
2026-02-23T10:00:00+08:00,5157.41,5167.409,5156.21,5161.188
2026-02-23T10:30:00+08:00,5160.72,5176.588,5160.55,5173.51
2026-02-23T11:00:00+08:00,5173.51,5176.079,5151.655,5164.04
2026-02-23T11:30:00+08:00,5163.36,5171.199,5163.36,5166.7
2026-02-23T12:00:00+08:00,5166.8,5168.739,5155.05,5160.07
2026-02-23T12:30:00+08:00,5159.99,5163.6,5155.51,5160.639
2026-02-23T13:00:00+08:00,5160.62,5161.76,5151.74,5157.63
2026-02-23T13:30:00+08:00,5157.684,5159.8,5153.12,5158.19
2026-02-23T14:00:00+08:00,5158.19,5161.66,5151.818,5152.609
2026-02-23T14:30:00+08:00,5152.75,5156.919,5144.68,5145.679
2026-02-23T15:00:00+08:00,5145.35,5154.31,5124.98,5136.29
2026-02-23T15:30:00+08:00,5136.29,5139.35,5124.65,5136.51
2026-02-23T16:00:00+08:00,5136.63,5139.639,5122.15,5124.865
2026-02-23T16:30:00+08:00,5125.03,5142.134,5121.818,5140.28
2026-02-23T17:00:00+08:00,5140.268,5149.46,5139.03,5148.98
2026-02-23T17:30:00+08:00,5148.865,5150.128,5142.8,5149.49
2026-02-23T18:00:00+08:00,5149.47,5156.64,5146.03,5155.92
2026-02-23T18:30:00+08:00,5155.775,5163.47,5144.748,5162.705
2026-02-23T19:00:00+08:00,5162.819,5163.41,5146.31,5150.52
2026-02-23T19:30:00+08:00,5150.814,5154.619,5147.51,5149.475
2026-02-23T20:00:00+08:00,5149.809,5154.58,5145.15,5150.09
2026-02-23T20:30:00+08:00,5150.08,5165.41,5149.22,5164.15
2026-02-23T21:00:00+08:00,5164.12,5165.309,5143.405,5149.97
2026-02-23T21:30:00+08:00,5149.355,5154.147,5145.305,5146.27
2026-02-23T22:00:00+08:00,5146.2,5165.444,5141.14,5165.095
2026-02-23T22:30:00+08:00,5165.28,5200.57,5164.51,5192.265
2026-02-23T23:00:00+08:00,5192.29,5203.63,5180.22,5197.685
2026-02-23T23:30:00+08:00,5197.81,5204.938,5185.955,5196.073
2026-02-24T00:00:00+08:00,5195.868,5219.08,5175.34,5214.558
2026-02-24T00:30:00+08:00,5214.558,5217.82,5205.91,5209.97
2026-02-24T01:00:00+08:00,5209.97,5213.56,5199.335,5210.25
2026-02-24T01:30:00+08:00,5210.095,5211.12,5190.675,5207.88
2026-02-24T02:00:00+08:00,5207.88,5216.08,5200.58,5205.99
2026-02-24T02:30:00+08:00,5206.03,5213.42,5205.238,5209.52
2026-02-24T03:00:00+08:00,5209.22,5214.893,5206.28,5209.16
2026-02-24T03:30:00+08:00,5208.85,5218.364,5207.75,5215.553
2026-02-24T04:00:00+08:00,5215.18,5226.073,5214.44,5224.935
2026-02-24T04:30:00+08:00,5225.18,5237.84,5224.23,5236.158
2026-02-24T05:00:00+08:00,5236.37,5237.33,5228.59,5229.58
2026-02-24T05:30:00+08:00,5229.58,5232.78,5225.66,5225.66
2026-02-24T07:00:00+08:00,5226.53,5249.872,5222.098,5236.385
2026-02-24T07:30:00+08:00,5236.65,5247.06,5234.14,5235.59
2026-02-24T08:00:00+08:00,5235.18,5238.09,5217.295,5226.299
2026-02-24T08:30:00+08:00,5226.473,5232.643,5220.36,5223.71
2026-02-24T09:00:00+08:00,5223.68,5224.365,5144.65,5165.299
2026-02-24T09:30:00+08:00,5165.18,5179.273,5160.77,5177.148
2026-02-24T10:00:00+08:00,5176.937,5181.679,5164.98,5172.965
2026-02-24T10:30:00+08:00,5172.64,5190.77,5172.02,5189.86
2026-02-24T11:00:00+08:00,5189.87,5191.76,5181.648,5182.35
2026-02-24T11:30:00+08:00,5182.673,5188.65,5170.7,5171.99
2026-02-24T12:00:00+08:00,5171.6,5175.25,5160.55,5172.1
2026-02-24T12:30:00+08:00,5172,5173.23,5162.88,5168.13
2026-02-24T13:00:00+08:00,5168.139,5175.38,5163.715,5167.53
2026-02-24T13:30:00+08:00,5167.49,5185.728,5164.03,5182.08
2026-02-24T14:00:00+08:00,5182.55,5184.74,5166.52,5168.465
2026-02-24T14:30:00+08:00,5168.37,5175.209,5155.01,5173.45
2026-02-24T15:00:00+08:00,5173.45,5183.259,5163.71,5183.065
2026-02-24T15:30:00+08:00,5183.288,5183.85,5174.238,5179.24
2026-02-24T16:00:00+08:00,5178.99,5179.49,5164.575,5170.448
2026-02-24T16:30:00+08:00,5169.95,5181.97,5168.545,5173.47
2026-02-24T17:00:00+08:00,5173.46,5180.333,5167.458,5168.539
2026-02-24T17:30:00+08:00,5168.29,5173.64,5165.95,5171.353
2026-02-24T18:00:00+08:00,5171.29,5181.39,5170.5,5175.908
2026-02-24T18:30:00+08:00,5175.53,5176.788,5162.845,5172.45
2026-02-24T19:00:00+08:00,5172.76,5177.28,5170.59,5174.4
2026-02-24T19:30:00+08:00,5174.68,5178.51,5171.77,5172.37
2026-02-24T20:00:00+08:00,5172.69,5173.519,5146.81,5161.44
2026-02-24T20:30:00+08:00,5161.22,5164.6,5144.79,5150.51
2026-02-24T21:00:00+08:00,5150.834,5161.25,5150.15,5155.96
2026-02-24T21:30:00+08:00,5156.31,5158.728,5110.17,5114.795
2026-02-24T22:00:00+08:00,5115.239,5127.589,5092.54,5114.58
2026-02-24T22:30:00+08:00,5114.93,5139.25,5109.405,5128.56
2026-02-24T23:00:00+08:00,5128.511,5146.26,5117.66,5138.06
2026-02-24T23:30:00+08:00,5138.34,5155.349,5133.75,5150.23
2026-02-25T00:00:00+08:00,5150.234,5152.32,5141.055,5143.24
2026-02-25T00:30:00+08:00,5143.568,5150.92,5130.498,5141.928
2026-02-25T01:00:00+08:00,5141.715,5163.44,5141.48,5158.56
2026-02-25T01:30:00+08:00,5158.56,5163.76,5156.13,5163.664
2026-02-25T02:00:00+08:00,5163.36,5170.133,5155.325,5158.17
2026-02-25T02:30:00+08:00,5158.178,5162.96,5153.305,5160.039
2026-02-25T03:00:00+08:00,5159.68,5160.46,5146.165,5151.12
2026-02-25T03:30:00+08:00,5151.5,5156.8,5148.52,5153.64
2026-02-25T04:00:00+08:00,5153.91,5170.09,5146.36,5168.38
2026-02-25T04:30:00+08:00,5168.328,5173.18,5157.8,5163.86
2026-02-25T05:00:00+08:00,5163.655,5165.71,5153.5,5155.31
2026-02-25T05:30:00+08:00,5155.34,5155.94,5138.52,5142.43
2026-02-25T07:00:00+08:00,5143.03,5144.44,5120.409,5130.92
2026-02-25T07:30:00+08:00,5130.824,5152.524,5129.09,5146.57
2026-02-25T08:00:00+08:00,5146.55,5149.699,5136.47,5140.249
2026-02-25T08:30:00+08:00,5139.995,5156.279,5139.51,5152.24
2026-02-25T09:00:00+08:00,5151.78,5188.559,5143.73,5185.368
2026-02-25T09:30:00+08:00,5185.32,5190.033,5174.16,5177
2026-02-25T10:00:00+08:00,5176.85,5193.833,5176.115,5189.633
2026-02-25T10:30:00+08:00,5189.64,5190.55,5166.205,5180.13
2026-02-25T11:00:00+08:00,5180.599,5190.139,5178.85,5186.179
2026-02-25T11:30:00+08:00,5186.23,5188.5,5177.87,5182.16
2026-02-25T12:00:00+08:00,5182.14,5185.193,5172.1,5182.82
2026-02-25T12:30:00+08:00,5182.42,5184.87,5179.48,5182.69
2026-02-25T13:00:00+08:00,5182.2,5196.15,5182.2,5195.41
2026-02-25T13:30:00+08:00,5194.89,5210.56,5191.94,5201.78
2026-02-25T14:00:00+08:00,5201.69,5201.79,5181.97,5189.624
2026-02-25T14:30:00+08:00,5189.564,5194.79,5187.7,5194.27
2026-02-25T15:00:00+08:00,5194.65,5195.17,5182.06,5189.368
2026-02-25T15:30:00+08:00,5189.49,5190.34,5180.065,5184.71
2026-02-25T16:00:00+08:00,5184.61,5194.16,5184.148,5193.37
2026-02-25T16:30:00+08:00,5193.09,5197.202,5183.82,5185.33
2026-02-25T17:00:00+08:00,5185.26,5188.439,5176.21,5186.32
2026-02-25T17:30:00+08:00,5186.75,5194.46,5185.46,5193.25
2026-02-25T18:00:00+08:00,5193.2,5195.17,5172,5175.15
2026-02-25T18:30:00+08:00,5175.16,5181.098,5169.69,5174.68
2026-02-25T19:00:00+08:00,5175.02,5176.03,5154.75,5168.778
2026-02-25T19:30:00+08:00,5168.779,5182.708,5166.27,5181.405
2026-02-25T20:00:00+08:00,5181.48,5187.3,5177.84,5183.65
2026-02-25T20:30:00+08:00,5183.52,5186.37,5177.01,5182.928
2026-02-25T21:00:00+08:00,5182.74,5191.42,5180.73,5187.705
2026-02-25T21:30:00+08:00,5187.99,5191.36,5181.69,5185.12
2026-02-25T22:00:00+08:00,5185.12,5191.07,5174.49,5177.71
2026-02-25T22:30:00+08:00,5177.868,5193.4,5158.445,5191.24
2026-02-25T23:00:00+08:00,5191.24,5202.63,5173.6,5180.27
2026-02-25T23:30:00+08:00,5179.93,5198.41,5171.758,5194.76
2026-02-26T00:00:00+08:00,5194.77,5206.13,5189.37,5203
2026-02-26T00:30:00+08:00,5202.953,5213.873,5198.875,5212.3
2026-02-26T01:00:00+08:00,5212.23,5217.7,5207.445,5213.09
2026-02-26T01:30:00+08:00,5213.21,5214.63,5203.444,5206.99
2026-02-26T02:00:00+08:00,5206.585,5207.84,5206.338,5206.953
2026-02-26T02:30:00+08:00,5206.964,5207.59,5200.37,5201.964
2026-02-26T03:00:00+08:00,5201.56,5207.95,5191.325,5202.19
2026-02-26T03:30:00+08:00,5202.18,5208.404,5198.805,5204.745
2026-02-26T04:00:00+08:00,5204.979,5206.27,5182.625,5185.95
2026-02-26T04:30:00+08:00,5186.05,5190.599,5144.958,5151.79
2026-02-26T05:00:00+08:00,5152.12,5173.64,5149.84,5169.108
2026-02-26T05:30:00+08:00,5168.48,5173.46,5162.52,5164.31
2026-02-26T07:00:00+08:00,5160.5,5181.972,5159.46,5169.983
2026-02-26T07:30:00+08:00,5169.984,5179.02,5160.66,5162.81
2026-02-26T08:00:00+08:00,5162.87,5186.288,5154.8,5185.015
2026-02-26T08:30:00+08:00,5185.014,5192.079,5180.76,5188.22
2026-02-26T09:00:00+08:00,5188.36,5198.4,5178.255,5179.92
2026-02-26T09:30:00+08:00,5180.484,5194.063,5178.09,5191.39
2026-02-26T10:00:00+08:00,5191.434,5195.71,5180.17,5180.73
2026-02-26T10:30:00+08:00,5180.743,5186.4,5173.46,5184.095
2026-02-26T11:00:00+08:00,5184.23,5193.77,5182.63,5188.2
2026-02-26T11:30:00+08:00,5188.38,5192.89,5183.79,5192.62
2026-02-26T12:00:00+08:00,5192.49,5199.348,5190.99,5194.19
2026-02-26T12:30:00+08:00,5194.03,5195.82,5190.02,5192.265
2026-02-26T13:00:00+08:00,5192.668,5205.472,5189.765,5200.055
2026-02-26T13:30:00+08:00,5200.33,5203.39,5190.93,5198.17
2026-02-26T14:00:00+08:00,5198.105,5199.568,5192.52,5193.834
2026-02-26T14:30:00+08:00,5193.525,5198.46,5190,5193.28
2026-02-26T15:00:00+08:00,5193.17,5194.82,5181.83,5184.96
2026-02-26T15:30:00+08:00,5185.084,5189.81,5179.26,5185.93
2026-02-26T16:00:00+08:00,5185.59,5190.845,5174.985,5176.8
2026-02-26T16:30:00+08:00,5176.8,5182.196,5167.265,5179.27
2026-02-26T17:00:00+08:00,5179.27,5182.498,5173.51,5181.279
2026-02-26T17:30:00+08:00,5181.06,5189.736,5178.91,5186.34
2026-02-26T18:00:00+08:00,5186.339,5190.128,5178.43,5178.808
2026-02-26T18:30:00+08:00,5178.74,5179.439,5165.458,5171.32
2026-02-26T19:00:00+08:00,5171.31,5178.34,5168.85,5171.91
2026-02-26T19:30:00+08:00,5171.64,5175.44,5160.96,5164.64
2026-02-26T20:00:00+08:00,5164.58,5180.22,5157.29,5178.36
2026-02-26T20:30:00+08:00,5178.38,5187.81,5177.41,5183.93
2026-02-26T21:00:00+08:00,5183.61,5185.613,5167.9,5174.772
2026-02-26T21:30:00+08:00,5174.73,5177.35,5163.87,5165.78
2026-02-26T22:00:00+08:00,5165.935,5172.44,5159.94,5170.368
2026-02-26T22:30:00+08:00,5170.46,5176.29,5139.26,5164.64
2026-02-26T23:00:00+08:00,5164.815,5172.34,5129.495,5141.56
2026-02-26T23:30:00+08:00,5141.599,5192.92,5140.285,5185.72
2026-02-27T00:00:00+08:00,5185.553,5187.29,5172.51,5180.45
2026-02-27T00:30:00+08:00,5180.436,5186.253,5175.08,5179.61
2026-02-27T01:00:00+08:00,5179.63,5190.42,5173.3,5174.27
2026-02-27T01:30:00+08:00,5174.328,5177.881,5161.645,5167.16
2026-02-27T02:00:00+08:00,5166.85,5178.36,5163.2,5177.04
2026-02-27T02:30:00+08:00,5176.925,5185.85,5159.82,5180.315
2026-02-27T03:00:00+08:00,5180.37,5189.24,5179.258,5185.51
2026-02-27T03:30:00+08:00,5185.584,5194.02,5182.97,5186.96
2026-02-27T04:00:00+08:00,5186.99,5198.03,5186.49,5193.674
2026-02-27T04:30:00+08:00,5193.79,5201.08,5189.098,5196.42
2026-02-27T05:00:00+08:00,5196.364,5200.81,5184.52,5185.9
2026-02-27T05:30:00+08:00,5185.51,5191.409,5181.65,5181.65
2026-02-27T07:00:00+08:00,5184.16,5189.47,5175.39,5183.91
2026-02-27T07:30:00+08:00,5183.91,5189.319,5181.21,5184.424
2026-02-27T08:00:00+08:00,5184.07,5194.99,5178.498,5187.568
2026-02-27T08:30:00+08:00,5188.07,5189.759,5169.78,5175.1
2026-02-27T09:00:00+08:00,5174.95,5179.999,5166.43,5174.92
2026-02-27T09:30:00+08:00,5174.3,5194.55,5172.42,5194.06
2026-02-27T10:00:00+08:00,5193.96,5199.66,5183.65,5184.32
2026-02-27T10:30:00+08:00,5184.4,5186.304,5173.04,5183.38
2026-02-27T11:00:00+08:00,5183.345,5188.14,5180.59,5186.86
2026-02-27T11:30:00+08:00,5186.72,5190.54,5183.01,5183.675
2026-02-27T12:00:00+08:00,5183.57,5188.78,5181.21,5187.168
2026-02-27T12:30:00+08:00,5187.15,5188.58,5180.52,5181.814
2026-02-27T13:00:00+08:00,5181.6,5194.764,5180.94,5194.425
2026-02-27T13:30:00+08:00,5194.67,5200.47,5189.63,5197.904
2026-02-27T14:00:00+08:00,5197.73,5199.178,5192.02,5193.39
2026-02-27T14:30:00+08:00,5193.38,5196.45,5184.61,5185.27
2026-02-27T15:00:00+08:00,5185.7,5189.728,5177.15,5178.59
2026-02-27T15:30:00+08:00,5178.59,5182.89,5175.31,5175.54
2026-02-27T16:00:00+08:00,5175.94,5182.35,5173.82,5177.64
2026-02-27T16:30:00+08:00,5177.375,5182.28,5176.188,5178.56
2026-02-27T17:00:00+08:00,5178.27,5182.09,5174.65,5179.054
2026-02-27T17:30:00+08:00,5178.893,5182.64,5171.81,5175.89
2026-02-27T18:00:00+08:00,5175.9,5180.951,5168.13,5173.31
2026-02-27T18:30:00+08:00,5173.01,5178.734,5168.89,5177.415
2026-02-27T19:00:00+08:00,5177.57,5179.04,5172.21,5177.72
2026-02-27T19:30:00+08:00,5177.68,5185.62,5176.145,5185.515
2026-02-27T20:00:00+08:00,5185.67,5190.61,5184.68,5186.75
2026-02-27T20:30:00+08:00,5186.38,5188.96,5182.54,5187.42
2026-02-27T21:00:00+08:00,5187.564,5240.54,5186.415,5234.863
2026-02-27T21:30:00+08:00,5234.954,5235.89,5207.29,5223
2026-02-27T22:00:00+08:00,5223.03,5236.29,5217.098,5231.18
2026-02-27T22:30:00+08:00,5231.433,5233.97,5213.26,5223.71
2026-02-27T23:00:00+08:00,5223.71,5240.22,5214.28,5231.44
2026-02-27T23:30:00+08:00,5231.47,5246.573,5226.51,5239.235
2026-02-28T00:00:00+08:00,5239.265,5257.8,5221.635,5233.718
2026-02-28T00:30:00+08:00,5233.718,5238.36,5228.48,5228.63
2026-02-28T01:00:00+08:00,5229.03,5235.91,5223.22,5228.88
2026-02-28T01:30:00+08:00,5229.088,5236.95,5220.375,5234.73
2026-02-28T02:00:00+08:00,5234.72,5238.47,5222.16,5230.583
2026-02-28T02:30:00+08:00,5230.115,5246.987,5226.12,5245.358
2026-02-28T03:00:00+08:00,5244.9,5252.428,5239.7,5247.915
2026-02-28T03:30:00+08:00,5247.87,5251.348,5243.398,5250
2026-02-28T04:00:00+08:00,5249.625,5262.307,5248.18,5257.21
2026-02-28T04:30:00+08:00,5256.94,5265.39,5254.295,5262.995
2026-02-28T05:00:00+08:00,5263.14,5264.13,5256.64,5262.2
2026-02-28T05:30:00+08:00,5262.21,5281.327,5259.75,5278.607
2026-03-02T07:00:00+08:00,5281.53,5379.252,5281.33,5355.213
2026-03-02T07:30:00+08:00,5355.192,5393.41,5352.3,5386.957
2026-03-02T08:00:00+08:00,5386.72,5388,5348.77,5364.937
2026-03-02T08:30:00+08:00,5364.97,5373.527,5340.2,5347.24
2026-03-02T09:00:00+08:00,5346.57,5347.537,5302.28,5307.075
2026-03-02T09:30:00+08:00,5307.938,5339.197,5304.81,5324.12
2026-03-02T10:00:00+08:00,5324.615,5336.47,5316.48,5331.219
2026-03-02T10:30:00+08:00,5331.48,5351.8,5327.94,5346.04
2026-03-02T11:00:00+08:00,5346.457,5359.437,5343.59,5355.335
2026-03-02T11:30:00+08:00,5355.529,5366.75,5353,5366.2
2026-03-02T12:00:00+08:00,5366.188,5367.027,5355.2,5363.04
2026-03-02T12:30:00+08:00,5363.44,5364.43,5344.505,5355.69
2026-03-02T13:00:00+08:00,5355.83,5355.83,5340.51,5350.3
2026-03-02T13:30:00+08:00,5350.7,5366.41,5348.33,5366.07
2026-03-02T14:00:00+08:00,5365.929,5381.805,5363.14,5380.19
2026-03-02T14:30:00+08:00,5380.429,5389.857,5373.63,5387.368
2026-03-02T15:00:00+08:00,5387.235,5419.32,5384.47,5408.813
2026-03-02T15:30:00+08:00,5408.59,5414.53,5401.79,5408.34
2026-03-02T16:00:00+08:00,5408,5416.1,5401.875,5415.6
2026-03-02T16:30:00+08:00,5415.658,5416.71,5390.73,5393.77
2026-03-02T17:00:00+08:00,5394.082,5400.228,5385.535,5394.552
2026-03-02T17:30:00+08:00,5394.47,5402.815,5386.4,5391.97
2026-03-02T18:00:00+08:00,5391.94,5394.6,5378.45,5389.897
2026-03-02T18:30:00+08:00,5389.897,5400.86,5381.15,5389.233
2026-03-02T19:00:00+08:00,5388.87,5397.27,5381.94,5390.46
2026-03-02T19:30:00+08:00,5390.44,5400.04,5373.64,5385.08
2026-03-02T20:00:00+08:00,5385.21,5398.352,5378.61,5393.98
2026-03-02T20:30:00+08:00,5394.08,5398.8,5385.28,5396.8
2026-03-02T21:00:00+08:00,5396.755,5410.22,5381.33,5401.14
2026-03-02T21:30:00+08:00,5401.517,5416.86,5388.84,5393.78
2026-03-02T22:00:00+08:00,5393.79,5395.28,5306.25,5333.065
2026-03-02T22:30:00+08:00,5333.22,5356.07,5305.49,5333.468
2026-03-02T23:00:00+08:00,5333.68,5346.88,5310.61,5330.902
2026-03-02T23:30:00+08:00,5330.87,5349.07,5307.82,5315.565
2026-03-03T00:00:00+08:00,5315.73,5316.12,5260.03,5310.16
2026-03-03T00:30:00+08:00,5309.45,5311.94,5281.478,5289.655
2026-03-03T01:00:00+08:00,5289.86,5312.19,5286.11,5304.35
2026-03-03T01:30:00+08:00,5304.59,5320.767,5297.65,5306.26
2026-03-03T02:00:00+08:00,5306.67,5308.305,5289.07,5297.465
2026-03-03T02:30:00+08:00,5297.81,5316.667,5290.21,5315.55
2026-03-03T03:00:00+08:00,5315.429,5333.3,5313.575,5330.77
2026-03-03T03:30:00+08:00,5330.759,5334.14,5322.56,5330.26
2026-03-03T04:00:00+08:00,5330.25,5346.43,5327.99,5333.28
2026-03-03T04:30:00+08:00,5333.55,5344.69,5330.85,5331.92
2026-03-03T05:00:00+08:00,5332.312,5340.457,5331.01,5332.33
2026-03-03T05:30:00+08:00,5332.47,5332.72,5320.62,5321.92
2026-03-03T07:00:00+08:00,5323.15,5347.196,5322.55,5336.59
2026-03-03T07:30:00+08:00,5336.6,5346.66,5329.57,5345.79
2026-03-03T08:00:00+08:00,5345.832,5359.117,5336.48,5357.595
2026-03-03T08:30:00+08:00,5357.69,5362.182,5346.01,5350.19
2026-03-03T09:00:00+08:00,5349.905,5379.867,5346.59,5377.132
2026-03-03T09:30:00+08:00,5376.97,5378.599,5337.53,5338.735
2026-03-03T10:00:00+08:00,5338.832,5359.572,5331.61,5358.813
2026-03-03T10:30:00+08:00,5358.78,5368.12,5354.99,5366.31
2026-03-03T11:00:00+08:00,5366.792,5373.6,5363.335,5367.329
2026-03-03T11:30:00+08:00,5367.329,5370.813,5358.598,5367.187
2026-03-03T12:00:00+08:00,5366.98,5375.674,5358.96,5371.8
2026-03-03T12:30:00+08:00,5371.8,5375.4,5360.48,5360.952
2026-03-03T13:00:00+08:00,5360.855,5367.1,5352.34,5358.757
2026-03-03T13:30:00+08:00,5358.33,5359.447,5304.29,5318.91
2026-03-03T14:00:00+08:00,5319.038,5323.113,5278.598,5316.76
2026-03-03T14:30:00+08:00,5316.78,5319.291,5290.19,5310.06
2026-03-03T15:00:00+08:00,5310.51,5320.032,5305.57,5313.272
2026-03-03T15:30:00+08:00,5313.28,5331.32,5313.03,5327.435
2026-03-03T16:00:00+08:00,5327.6,5336,5310.56,5311.91
2026-03-03T16:30:00+08:00,5312.027,5313.44,5289.835,5295.589
2026-03-03T17:00:00+08:00,5295.601,5304,5225.866,5242.028
2026-03-03T17:30:00+08:00,5241.67,5281.158,5240.115,5274.95
2026-03-03T18:00:00+08:00,5274.939,5288.07,5265.39,5276.63
2026-03-03T18:30:00+08:00,5276.2,5276.94,5237.27,5248.285
2026-03-03T19:00:00+08:00,5247.93,5264.16,5113.29,5126.596
2026-03-03T19:30:00+08:00,5125.865,5157.989,5073.44,5144.619
2026-03-03T20:00:00+08:00,5144.78,5209.16,5137.76,5203.875
2026-03-03T20:30:00+08:00,5204.34,5226.708,5188.17,5224.698
2026-03-03T21:00:00+08:00,5224.68,5225.28,5145.74,5178.048
2026-03-03T21:30:00+08:00,5178.048,5186.228,5126.74,5155.98
2026-03-03T22:00:00+08:00,5156.62,5175.498,5124.54,5145.685
2026-03-03T22:30:00+08:00,5145.86,5145.979,5015.67,5037.948
2026-03-03T23:00:00+08:00,5038.39,5070.39,4995.475,5044.061
2026-03-03T23:30:00+08:00,5043.555,5097.03,5036.39,5095.21
2026-03-04T00:00:00+08:00,5095.651,5126.107,5089.63,5112.696
2026-03-04T00:30:00+08:00,5111.83,5134.74,5097.29,5106.305
2026-03-04T01:00:00+08:00,5106.829,5109.968,5080.17,5083.18
2026-03-04T01:30:00+08:00,5083.244,5086.109,5064.68,5079.1
2026-03-04T02:00:00+08:00,5079.08,5117.19,5078.46,5111.72
2026-03-04T02:30:00+08:00,5111.925,5138.33,5106.58,5136.004
2026-03-04T03:00:00+08:00,5136.004,5149.02,5101.43,5106.553
2026-03-04T03:30:00+08:00,5106.518,5128.35,5098.95,5113.15
2026-03-04T04:00:00+08:00,5112.77,5130.534,5111.62,5122.615
2026-03-04T04:30:00+08:00,5122.96,5126.49,5085.43,5097.097
2026-03-04T05:00:00+08:00,5096.969,5110.45,5088.95,5089.04
2026-03-04T05:30:00+08:00,5089.45,5096.389,5082.78,5088.33
2026-03-04T07:00:00+08:00,5101.22,5128.318,5083.21,5126.12
2026-03-04T07:30:00+08:00,5126.507,5129.81,5116.29,5125.16
2026-03-04T08:00:00+08:00,5125.309,5128.89,5105.348,5125.11
2026-03-04T08:30:00+08:00,5125.11,5140.278,5122.05,5138.21
2026-03-04T09:00:00+08:00,5138.55,5164.38,5138.16,5146.625
2026-03-04T09:30:00+08:00,5145.65,5178.5,5141.68,5174.99
2026-03-04T10:00:00+08:00,5174.96,5190.784,5167.685,5177.34
2026-03-04T10:30:00+08:00,5177.699,5180.95,5153.46,5156.22
2026-03-04T11:00:00+08:00,5156.296,5168.259,5140.43,5162.24
2026-03-04T11:30:00+08:00,5162.405,5177.636,5153.7,5174.41
2026-03-04T12:00:00+08:00,5174.018,5181.03,5162.46,5168.092
2026-03-04T12:30:00+08:00,5167.72,5170.65,5151.77,5156.64
2026-03-04T13:00:00+08:00,5156.63,5166.35,5151.61,5156.548
2026-03-04T13:30:00+08:00,5156.47,5168.272,5153.49,5160.019
2026-03-04T14:00:00+08:00,5159.395,5160.08,5119.728,5134.39
2026-03-04T14:30:00+08:00,5134.22,5160.91,5132.18,5159.87
2026-03-04T15:00:00+08:00,5160.704,5175.9,5158.01,5167.33
2026-03-04T15:30:00+08:00,5167.34,5175.983,5163.22,5168.259
2026-03-04T16:00:00+08:00,5168.259,5172.209,5147.238,5162.809
2026-03-04T16:30:00+08:00,5162.66,5182.317,5161.39,5167.573
2026-03-04T17:00:00+08:00,5167.7,5178.41,5158.41,5170.485
2026-03-04T17:30:00+08:00,5170.69,5185.093,5168.645,5182.17
2026-03-04T18:00:00+08:00,5181.995,5202.61,5181.93,5188.05
2026-03-04T18:30:00+08:00,5187.64,5193.912,5179.24,5189.844
2026-03-04T19:00:00+08:00,5189.82,5197.613,5187.35,5194.68
2026-03-04T19:30:00+08:00,5194.58,5200.822,5187.38,5192
2026-03-04T20:00:00+08:00,5191.91,5206.138,5173.84,5178.333
2026-03-04T20:30:00+08:00,5177.74,5178.683,5155.99,5171.217
2026-03-04T21:00:00+08:00,5171.212,5196.25,5170.65,5192.25
2026-03-04T21:30:00+08:00,5191.95,5192.98,5167.135,5168.096
2026-03-04T22:00:00+08:00,5167.6,5180.66,5159.87,5166.127
2026-03-04T22:30:00+08:00,5166.048,5185.147,5138.22,5146.518
2026-03-04T23:00:00+08:00,5146.373,5163.014,5130.56,5156.26
2026-03-04T23:30:00+08:00,5156.25,5167.12,5132.96,5151.299
2026-03-05T00:00:00+08:00,5150.949,5162.62,5137.59,5145.8
2026-03-05T00:30:00+08:00,5146.055,5159.12,5142.19,5149.674
2026-03-05T01:00:00+08:00,5149.37,5153.15,5119.73,5133.539
2026-03-05T01:30:00+08:00,5133.44,5147.62,5127.945,5141.128
2026-03-05T02:00:00+08:00,5141.11,5143.522,5110.43,5123.805
2026-03-05T02:30:00+08:00,5124.017,5134.76,5108.678,5133.52
2026-03-05T03:00:00+08:00,5133.727,5136.693,5124.17,5124.544
2026-03-05T03:30:00+08:00,5124.21,5139.59,5122.93,5137.994
2026-03-05T04:00:00+08:00,5137.685,5138.81,5123.27,5136.89
2026-03-05T04:30:00+08:00,5137.188,5146.774,5132.53,5134.36
2026-03-05T05:00:00+08:00,5134.779,5144.6,5133.39,5141.26
2026-03-05T05:30:00+08:00,5140.87,5142.69,5128.9,5140.94
2026-03-05T07:00:00+08:00,5134.86,5156.68,5134.86,5154.47
2026-03-05T07:30:00+08:00,5154.48,5166.11,5148.445,5164.91
2026-03-05T08:00:00+08:00,5164.91,5179.93,5159.04,5172.94
2026-03-05T08:30:00+08:00,5172.94,5177.293,5165.87,5172.43
2026-03-05T09:00:00+08:00,5172.18,5186.59,5169.4,5177.285
2026-03-05T09:30:00+08:00,5177.584,5179.97,5166.84,5172.553
2026-03-05T10:00:00+08:00,5172.41,5188.148,5171.05,5183.73
2026-03-05T10:30:00+08:00,5184.15,5192.54,5173.95,5191.94
2026-03-05T11:00:00+08:00,5191.944,5194.953,5183.54,5184.924
2026-03-05T11:30:00+08:00,5184.93,5191.167,5177.975,5179.84
2026-03-05T12:00:00+08:00,5180.148,5186.6,5174.4,5178.45
2026-03-05T12:30:00+08:00,5178.52,5180.24,5165.995,5171.77
2026-03-05T13:00:00+08:00,5171.28,5176.799,5168.96,5172.304
2026-03-05T13:30:00+08:00,5172.42,5174.393,5147.83,5148.45
2026-03-05T14:00:00+08:00,5148.879,5155.602,5119.995,5142.88
2026-03-05T14:30:00+08:00,5142.88,5168.81,5139.655,5167.47
2026-03-05T15:00:00+08:00,5167.504,5172.74,5159.63,5166.14
2026-03-05T15:30:00+08:00,5166.15,5167.09,5158.34,5162.14
2026-03-05T16:00:00+08:00,5162.154,5162.59,5137.2,5144.619
2026-03-05T16:30:00+08:00,5144.374,5170.26,5143.29,5165.66
2026-03-05T17:00:00+08:00,5165.49,5180.71,5161.105,5169.634
2026-03-05T17:30:00+08:00,5169.634,5169.77,5152.93,5161.044
2026-03-05T18:00:00+08:00,5160.67,5161.06,5145.81,5156.14
2026-03-05T18:30:00+08:00,5156.04,5167.56,5147.155,5164.22
2026-03-05T19:00:00+08:00,5164.48,5167.95,5160.67,5163.1
2026-03-05T19:30:00+08:00,5163.153,5165.213,5156.51,5163.932
2026-03-05T20:00:00+08:00,5163.655,5171.622,5161.358,5161.97
2026-03-05T20:30:00+08:00,5161.86,5167.87,5160.49,5162.504
2026-03-05T21:00:00+08:00,5162.385,5164.235,5082.195,5122.319
2026-03-05T21:30:00+08:00,5121.285,5137.8,5109.05,5118.148
2026-03-05T22:00:00+08:00,5117.9,5129.877,5102.19,5120.17
2026-03-05T22:30:00+08:00,5119.88,5123.75,5090.1,5102.259
2026-03-05T23:00:00+08:00,5102.1,5120.04,5060.32,5086.33
2026-03-05T23:30:00+08:00,5086.235,5103.213,5076.9,5102.235
2026-03-06T00:00:00+08:00,5102.4,5104.62,5059.875,5063.785
2026-03-06T00:30:00+08:00,5063.6,5081.55,5053.69,5077.405
2026-03-06T01:00:00+08:00,5076.93,5089.629,5073.4,5074.96
2026-03-06T01:30:00+08:00,5074.959,5077.469,5054.23,5062.834
2026-03-06T02:00:00+08:00,5062.834,5075.98,5050.638,5070.995
2026-03-06T02:30:00+08:00,5071.16,5085.499,5066.47,5069.24
2026-03-06T03:00:00+08:00,5068.64,5081.35,5061.43,5066.11
2026-03-06T03:30:00+08:00,5066.73,5070.644,5055.235,5066.089
2026-03-06T04:00:00+08:00,5065.92,5094.8,5061.34,5080.54
2026-03-06T04:30:00+08:00,5080.56,5082.449,5072.32,5076.41
2026-03-06T05:00:00+08:00,5076.683,5084.14,5071.42,5080.721
2026-03-06T05:30:00+08:00,5080.76,5084.999,5072.03,5084.69
2026-03-06T07:00:00+08:00,5086.76,5098.84,5081.62,5091.338
2026-03-06T07:30:00+08:00,5091.25,5102.09,5083.96,5085.55
2026-03-06T08:00:00+08:00,5086.12,5092.369,5073.33,5090.761
2026-03-06T08:30:00+08:00,5090.54,5092.149,5074.68,5084.47
2026-03-06T09:00:00+08:00,5084.42,5089.009,5065.44,5085.689
2026-03-06T09:30:00+08:00,5085.64,5143.84,5085.05,5134.425
2026-03-06T10:00:00+08:00,5134.59,5138.57,5125.09,5128.54
2026-03-06T10:30:00+08:00,5128.55,5132.049,5121.51,5126.38
2026-03-06T11:00:00+08:00,5126.299,5141.57,5123.63,5136.43
2026-03-06T11:30:00+08:00,5136.516,5138.004,5128.45,5131.07
2026-03-06T12:00:00+08:00,5131.08,5136.339,5127.22,5129.474
2026-03-06T12:30:00+08:00,5129.62,5135.83,5125.898,5126.96
2026-03-06T13:00:00+08:00,5127.6,5129.979,5122.31,5129.641
2026-03-06T13:30:00+08:00,5129.63,5130.109,5113.53,5117.349
2026-03-06T14:00:00+08:00,5117.11,5122.86,5108.69,5120.1
2026-03-06T14:30:00+08:00,5120.17,5122.858,5114.45,5115.829
2026-03-06T15:00:00+08:00,5115.606,5119.888,5105.22,5114.64
2026-03-06T15:30:00+08:00,5114.719,5120.71,5107.27,5119.61
2026-03-06T16:00:00+08:00,5119.529,5123.12,5098.78,5100.53
2026-03-06T16:30:00+08:00,5100.639,5113.587,5095.8,5108.494
2026-03-06T17:00:00+08:00,5108.525,5109.55,5091.52,5099.03
2026-03-06T17:30:00+08:00,5099.01,5103.846,5083.048,5085.689
2026-03-06T18:00:00+08:00,5085.7,5093.055,5075.32,5087.311
2026-03-06T18:30:00+08:00,5086.71,5093.007,5080.22,5090.971
2026-03-06T19:00:00+08:00,5090.04,5098.16,5079.995,5094.501
2026-03-06T19:30:00+08:00,5094.501,5099.968,5062.01,5076.85
2026-03-06T20:00:00+08:00,5076.655,5096.63,5075.76,5088.4
2026-03-06T20:30:00+08:00,5088.49,5096.632,5080.768,5082.85
2026-03-06T21:00:00+08:00,5083.25,5088.75,5065,5083.04
2026-03-06T21:30:00+08:00,5082.98,5131.13,5073.25,5084.58
2026-03-06T22:00:00+08:00,5084.495,5109.324,5080.51,5104.59
2026-03-06T22:30:00+08:00,5104.401,5132.36,5083.885,5130.424
2026-03-06T23:00:00+08:00,5130.486,5171.58,5127.498,5161.77
2026-03-06T23:30:00+08:00,5161.72,5166.59,5133.77,5141.89
2026-03-07T00:00:00+08:00,5141.9,5153.192,5135.48,5142.22
2026-03-07T00:30:00+08:00,5142.209,5148.16,5125.6,5140.62
2026-03-07T01:00:00+08:00,5139.92,5145.37,5128.34,5142.09
2026-03-07T01:30:00+08:00,5141.75,5152.444,5132.55,5140.64
2026-03-07T02:00:00+08:00,5140.51,5151.08,5138.248,5150.025
2026-03-07T02:30:00+08:00,5150.3,5167.633,5148.33,5160.89
2026-03-07T03:00:00+08:00,5161.08,5174.651,5159.99,5165.32
2026-03-07T03:30:00+08:00,5164.77,5167.94,5156.26,5159.739
2026-03-07T04:00:00+08:00,5159.746,5162.656,5152.28,5153.699
2026-03-07T04:30:00+08:00,5153.687,5161.534,5149.155,5153.386
2026-03-07T05:00:00+08:00,5153.35,5170.496,5150.39,5167.71
2026-03-07T05:30:00+08:00,5168.21,5177.059,5165.95,5171.798
2026-03-09T06:00:00+08:00,5180.27,5197.868,5116.94,5155.664
2026-03-09T06:30:00+08:00,5155.584,5164.529,5103.375,5129.69
2026-03-09T07:00:00+08:00,5129.96,5135.625,5093.315,5104.28
2026-03-09T07:30:00+08:00,5104.571,5105.173,5043.468,5075.34
2026-03-09T08:00:00+08:00,5075.41,5080.748,5027.81,5045.87
2026-03-09T08:30:00+08:00,5045.949,5060.375,5033.12,5049.89
2026-03-09T09:00:00+08:00,5049.61,5087.84,5013.96,5071.715
2026-03-09T09:30:00+08:00,5071.69,5086.285,5064.3,5069.85
2026-03-09T10:00:00+08:00,5070.075,5095.43,5054.84,5077.71
2026-03-09T10:30:00+08:00,5077.465,5099.26,5075.57,5094.8
2026-03-09T11:00:00+08:00,5094.789,5102.317,5083.55,5083.97
2026-03-09T11:30:00+08:00,5083.695,5093.97,5080.95,5090.76
2026-03-09T12:00:00+08:00,5091.36,5097.36,5086.31,5089.36
2026-03-09T12:30:00+08:00,5088.76,5093.11,5084.58,5090.17
2026-03-09T13:00:00+08:00,5090.195,5104.545,5080.45,5095.215
2026-03-09T13:30:00+08:00,5095.51,5140.42,5091.3,5124.21
2026-03-09T14:00:00+08:00,5124.17,5134.07,5118.44,5126.23
2026-03-09T14:30:00+08:00,5126.325,5129.68,5096.45,5097.385
2026-03-09T15:00:00+08:00,5097.12,5106.97,5087.89,5106.46
2026-03-09T15:30:00+08:00,5106.58,5107.801,5093.28,5098.983
2026-03-09T16:00:00+08:00,5099.01,5110.75,5090.25,5091.431
2026-03-09T16:30:00+08:00,5091.441,5102.51,5086.71,5096.14
2026-03-09T17:00:00+08:00,5096.62,5126.927,5094.67,5125.24
2026-03-09T17:30:00+08:00,5125.035,5132.6,5095.95,5105.23
2026-03-09T18:00:00+08:00,5105.39,5111.26,5097.77,5099.614
2026-03-09T18:30:00+08:00,5099.82,5100.265,5083.405,5087.115
2026-03-09T19:00:00+08:00,5086.96,5097.454,5079.235,5085.645
2026-03-09T19:30:00+08:00,5085.65,5094.577,5081.855,5087.89
2026-03-09T20:00:00+08:00,5087.965,5110.12,5087.229,5109.55
2026-03-09T20:30:00+08:00,5109.515,5112.33,5092.94,5094.871
2026-03-09T21:00:00+08:00,5094.66,5099.37,5084.13,5094.641
2026-03-09T21:30:00+08:00,5094.65,5111.39,5066.6,5073.921
2026-03-09T22:00:00+08:00,5073.931,5088.34,5060.139,5081.56
2026-03-09T22:30:00+08:00,5081.95,5116.08,5079.54,5093.79
2026-03-09T23:00:00+08:00,5093.813,5100.34,5078.87,5099.52
2026-03-09T23:30:00+08:00,5099.555,5103.53,5092.685,5099.52
2026-03-10T00:00:00+08:00,5099.581,5109.512,5094.505,5103.505
2026-03-10T00:30:00+08:00,5103.849,5110.74,5102.365,5104.71
2026-03-10T01:00:00+08:00,5104.651,5106.83,5090.735,5094.993
2026-03-10T01:30:00+08:00,5094.715,5099.58,5088.62,5095.73
2026-03-10T02:00:00+08:00,5095.75,5107.14,5092.135,5105.153
2026-03-10T02:30:00+08:00,5104.75,5126.54,5104.038,5123.32
2026-03-10T03:00:00+08:00,5123.31,5143.67,5117.82,5139.81
2026-03-10T03:30:00+08:00,5139.844,5144.18,5124.51,5140.95
2026-03-10T04:00:00+08:00,5140.97,5148.1,5133.82,5139.4
2026-03-10T04:30:00+08:00,5139.313,5140.88,5133.47,5138.785
2026-03-10T06:00:00+08:00,5139.49,5150.06,5116.94,5132.049
2026-03-10T06:30:00+08:00,5132.05,5153.23,5127.72,5152.89
2026-03-10T07:00:00+08:00,5152.35,5156.13,5137.7,5144.68
2026-03-10T07:30:00+08:00,5144.91,5149.51,5135.07,5139.55
2026-03-10T08:00:00+08:00,5139.435,5141.345,5128.59,5130.501
2026-03-10T08:30:00+08:00,5129.96,5139.171,5124.32,5130.93
2026-03-10T09:00:00+08:00,5131.05,5167.72,5123.85,5157.7
2026-03-10T09:30:00+08:00,5157.755,5186.252,5152.3,5184.08
2026-03-10T10:00:00+08:00,5184.254,5186.944,5170.04,5180.02
2026-03-10T10:30:00+08:00,5180.03,5185.852,5163.37,5165.65
2026-03-10T11:00:00+08:00,5165.665,5173.38,5161.17,5166.75
2026-03-10T11:30:00+08:00,5166.468,5167.93,5155.348,5157.338
2026-03-10T12:00:00+08:00,5157.409,5166.633,5153.84,5162.01
2026-03-10T12:30:00+08:00,5162.38,5165.57,5160.94,5163.774
2026-03-10T13:00:00+08:00,5163.77,5174.315,5163.4,5171.684
2026-03-10T13:30:00+08:00,5171.684,5179.34,5166.39,5177.735
2026-03-10T14:00:00+08:00,5177.86,5180.947,5171.24,5176.16
2026-03-10T14:30:00+08:00,5176.15,5179.03,5172.79,5174.64
2026-03-10T15:00:00+08:00,5175.284,5178.873,5157.94,5169.255
2026-03-10T15:30:00+08:00,5169.31,5181.39,5165.1,5180.933
2026-03-10T16:00:00+08:00,5180.855,5185.3,5174.56,5184.03
2026-03-10T16:30:00+08:00,5183.61,5195.244,5182.3,5183.46
2026-03-10T17:00:00+08:00,5183.05,5189.37,5180.12,5186.66
2026-03-10T17:30:00+08:00,5186.764,5189.24,5181.32,5182.584
2026-03-10T18:00:00+08:00,5182.574,5183.999,5172.58,5173.545
2026-03-10T18:30:00+08:00,5173.25,5178.204,5156.05,5177.24
2026-03-10T19:00:00+08:00,5177.22,5191.9,5176.22,5182.53
2026-03-10T19:30:00+08:00,5182.725,5185.05,5171.43,5175.05
2026-03-10T20:00:00+08:00,5175.037,5180.78,5161.89,5179.66
2026-03-10T20:30:00+08:00,5179.708,5189.5,5178.02,5186.91
2026-03-10T21:00:00+08:00,5186.919,5228.75,5185.63,5221.1
2026-03-10T21:30:00+08:00,5221.578,5222.27,5195.82,5204.885
2026-03-10T22:00:00+08:00,5205.59,5214.41,5184.75,5209.43
2026-03-10T22:30:00+08:00,5208.765,5213.54,5202.28,5206.73
2026-03-10T23:00:00+08:00,5206.92,5228.66,5202.74,5225.714
2026-03-10T23:30:00+08:00,5225.74,5238.623,5224.84,5228.395
2026-03-11T00:00:00+08:00,5228.608,5235.58,5222.12,5232.09
2026-03-11T00:30:00+08:00,5231.955,5234.56,5225.57,5227.56
2026-03-11T01:00:00+08:00,5227.758,5235.47,5223.215,5232.875
2026-03-11T01:30:00+08:00,5232.848,5234.83,5225.89,5227.525
2026-03-11T02:00:00+08:00,5227.6,5228.01,5160.367,5203.01
2026-03-11T02:30:00+08:00,5202.87,5208.12,5189.31,5191.31
2026-03-11T03:00:00+08:00,5191.63,5207.54,5183.93,5200.35
2026-03-11T03:30:00+08:00,5200.808,5201.06,5179.18,5198.46
2026-03-11T04:00:00+08:00,5198.62,5199.13,5191.27,5194.86
2026-03-11T04:30:00+08:00,5194.86,5199.15,5189.55,5190.61
2026-03-11T06:00:00+08:00,5187.03,5198,5181.91,5190.68
2026-03-11T06:30:00+08:00,5190.7,5195.54,5185.05,5189.13
2026-03-11T07:00:00+08:00,5189.13,5197.427,5187.21,5193.654
2026-03-11T07:30:00+08:00,5193.664,5197.333,5187.44,5196.7
2026-03-11T08:00:00+08:00,5197.09,5215.51,5186.24,5211.9
2026-03-11T08:30:00+08:00,5211.84,5219.43,5205.4,5215.095
2026-03-11T09:00:00+08:00,5215.328,5223.22,5210.21,5214.585
2026-03-11T09:30:00+08:00,5214.738,5219.807,5208.185,5208.185
2026-03-11T10:00:00+08:00,5208.564,5209.748,5193.72,5204.015
2026-03-11T10:30:00+08:00,5204.214,5220.533,5201.39,5217.29
2026-03-11T11:00:00+08:00,5217.26,5220.39,5204.03,5204.76
2026-03-11T11:30:00+08:00,5204.784,5209.6,5198.85,5203.23
2026-03-11T12:00:00+08:00,5203.33,5208.61,5198.99,5207.25
2026-03-11T12:30:00+08:00,5207.278,5208.36,5201.32,5204.215
2026-03-11T13:00:00+08:00,5204.27,5208.26,5199.81,5200.39
2026-03-11T13:30:00+08:00,5200.398,5204.64,5190.22,5199.445
2026-03-11T14:00:00+08:00,5199.544,5210.77,5195.73,5206.46
2026-03-11T14:30:00+08:00,5206.468,5206.73,5191.02,5197.474
2026-03-11T15:00:00+08:00,5197.593,5202.218,5194.65,5197.98
2026-03-11T15:30:00+08:00,5197.84,5198.48,5184.14,5195.7
2026-03-11T16:00:00+08:00,5195.659,5198.628,5180.885,5184.828
2026-03-11T16:30:00+08:00,5184.839,5188.753,5175.09,5187.385
2026-03-11T17:00:00+08:00,5187.48,5190.686,5179.17,5187.51
2026-03-11T17:30:00+08:00,5187.67,5197.14,5186.19,5187.79
2026-03-11T18:00:00+08:00,5187.76,5195.29,5186.09,5191.77
2026-03-11T18:30:00+08:00,5191.779,5192.17,5176.72,5185.595
2026-03-11T19:00:00+08:00,5186.009,5193.57,5179.23,5180.61
2026-03-11T19:30:00+08:00,5181.03,5190.653,5175.23,5181.11
2026-03-11T20:00:00+08:00,5180.47,5195.3,5176.91,5191.159
2026-03-11T20:30:00+08:00,5191.15,5197.14,5166.42,5167.46
2026-03-11T21:00:00+08:00,5167.47,5183.104,5161.56,5180.8
2026-03-11T21:30:00+08:00,5181.42,5181.637,5148.81,5176.38
2026-03-11T22:00:00+08:00,5176.894,5195.52,5174.708,5193.91
2026-03-11T22:30:00+08:00,5194.209,5196.37,5173.82,5183.38
2026-03-11T23:00:00+08:00,5183.193,5185.853,5167.97,5172.56
2026-03-11T23:30:00+08:00,5172.559,5175.3,5163.58,5166.24
2026-03-12T00:00:00+08:00,5166.33,5172.78,5163.345,5166.64
2026-03-12T00:30:00+08:00,5166.98,5178.09,5165.648,5175.57
2026-03-12T01:00:00+08:00,5175.69,5181.1,5169.358,5171.954
2026-03-12T01:30:00+08:00,5171.698,5172.68,5154.165,5169.66
2026-03-12T02:00:00+08:00,5169.73,5178.37,5168.74,5177.45
2026-03-12T02:30:00+08:00,5177.599,5178.39,5169.938,5172.459
2026-03-12T03:00:00+08:00,5172.42,5177.84,5168.9,5177.28
2026-03-12T03:30:00+08:00,5177.26,5183.73,5175.75,5183.18
2026-03-12T04:00:00+08:00,5182.965,5183.63,5174.63,5177.19
2026-03-12T04:30:00+08:00,5177.29,5178.44,5174.61,5176.27
2026-03-12T06:00:00+08:00,5176.15,5183.768,5164.8,5169.97
2026-03-12T06:30:00+08:00,5169.96,5170.07,5128.86,5139.06
2026-03-12T07:00:00+08:00,5138.904,5156.988,5134.55,5155.665
2026-03-12T07:30:00+08:00,5155.68,5157.977,5132.43,5133.99
2026-03-12T08:00:00+08:00,5134.468,5158.12,5124.94,5152.63
2026-03-12T08:30:00+08:00,5152.31,5161.674,5149.54,5152.914
2026-03-12T09:00:00+08:00,5152.86,5166.76,5150.91,5157.19
2026-03-12T09:30:00+08:00,5157.2,5172.97,5154.06,5168.63
2026-03-12T10:00:00+08:00,5168.43,5175.2,5166.55,5168.014
2026-03-12T10:30:00+08:00,5168.15,5171.524,5145.19,5150.714
2026-03-12T11:00:00+08:00,5149.91,5155.56,5146.91,5151.643
2026-03-12T11:30:00+08:00,5151.774,5154.66,5147.54,5153.02
2026-03-12T12:00:00+08:00,5152.65,5153.94,5149.43,5152.524
2026-03-12T12:30:00+08:00,5152.43,5152.62,5140.01,5142.62
2026-03-12T13:00:00+08:00,5142.59,5149.13,5136.65,5142.81
2026-03-12T13:30:00+08:00,5142.43,5157.73,5140.69,5154.365
2026-03-12T14:00:00+08:00,5154.56,5157.733,5146.69,5156.88
2026-03-12T14:30:00+08:00,5156.89,5170.41,5155.615,5166.28
2026-03-12T15:00:00+08:00,5166.21,5170.56,5164.03,5169.09
2026-03-12T15:30:00+08:00,5168.96,5185.174,5167.65,5181.92
2026-03-12T16:00:00+08:00,5182.024,5189.79,5176.76,5177.18
2026-03-12T16:30:00+08:00,5177.16,5182.97,5175.48,5178.088
2026-03-12T17:00:00+08:00,5178.14,5181.58,5174.03,5180.16
2026-03-12T17:30:00+08:00,5180.11,5190.485,5175.45,5188.383
2026-03-12T18:00:00+08:00,5188.21,5191.77,5179.54,5180.308
2026-03-12T18:30:00+08:00,5180.298,5184.11,5175.73,5181.98
2026-03-12T19:00:00+08:00,5182.288,5183.93,5172.4,5176.57
2026-03-12T19:30:00+08:00,5176.313,5181.48,5174.89,5178.95
2026-03-12T20:00:00+08:00,5178.993,5180.593,5163.38,5171.855
2026-03-12T20:30:00+08:00,5171.825,5185.75,5168.12,5181.404
2026-03-12T21:00:00+08:00,5181.29,5186.134,5158.6,5170.975
2026-03-12T21:30:00+08:00,5171.288,5171.33,5145.68,5151.224
2026-03-12T22:00:00+08:00,5151.124,5163.67,5149.585,5152.04
2026-03-12T22:30:00+08:00,5152.66,5153.834,5138.158,5143.14
2026-03-12T23:00:00+08:00,5142.675,5144.98,5108.93,5128.83
2026-03-12T23:30:00+08:00,5129.12,5135.32,5117.67,5132.115
2026-03-13T00:00:00+08:00,5132.65,5138.12,5120.838,5131.33
2026-03-13T00:30:00+08:00,5131.695,5137.61,5121.2,5123.53
2026-03-13T01:00:00+08:00,5123.544,5129.69,5113.23,5118.97
2026-03-13T01:30:00+08:00,5118.56,5120.01,5102.23,5105.295
2026-03-13T02:00:00+08:00,5105.251,5112.595,5100.57,5104.518
2026-03-13T02:30:00+08:00,5104.573,5104.93,5090.47,5094.279
2026-03-13T03:00:00+08:00,5094.289,5095.52,5079.125,5093.579
2026-03-13T03:30:00+08:00,5093.47,5096.834,5080.98,5084.425
2026-03-13T04:00:00+08:00,5084.779,5090.805,5070.65,5071.4
2026-03-13T04:30:00+08:00,5071.38,5081.56,5054.24,5080.07
2026-03-13T06:00:00+08:00,5080.27,5095.41,5071.815,5092.58
2026-03-13T06:30:00+08:00,5092.03,5096.207,5084.87,5095.79
2026-03-13T07:00:00+08:00,5095.22,5099.527,5088.365,5094.185
2026-03-13T07:30:00+08:00,5094.13,5101.24,5091.39,5098.065
2026-03-13T08:00:00+08:00,5097.48,5108.56,5096.86,5106.279
2026-03-13T08:30:00+08:00,5106.279,5115.26,5105.42,5113.664
2026-03-13T09:00:00+08:00,5113.64,5120.805,5112.79,5118.995
2026-03-13T09:30:00+08:00,5119.015,5124.485,5108.28,5124.05
2026-03-13T10:00:00+08:00,5123.97,5128.43,5114.59,5120.88
2026-03-13T10:30:00+08:00,5120.86,5121.85,5110.07,5111.69
2026-03-13T11:00:00+08:00,5111.96,5115.873,5107.56,5110.404
2026-03-13T11:30:00+08:00,5110.255,5116.7,5105.67,5115.549
2026-03-13T12:00:00+08:00,5115.11,5117.954,5103.22,5105.445
2026-03-13T12:30:00+08:00,5105.38,5107.194,5102.15,5104.025
2026-03-13T13:00:00+08:00,5104.209,5110.23,5102.17,5105.725
2026-03-13T13:30:00+08:00,5105.899,5111.115,5097.59,5103.175
2026-03-13T14:00:00+08:00,5102.38,5107.86,5088.44,5095.727
2026-03-13T14:30:00+08:00,5095.665,5098.38,5085.23,5087.81
2026-03-13T15:00:00+08:00,5088.309,5094.235,5071.21,5084.77
2026-03-13T15:30:00+08:00,5084.55,5092.97,5082.065,5085.21
2026-03-13T16:00:00+08:00,5085.06,5085.19,5060.98,5070.75
2026-03-13T16:30:00+08:00,5070.72,5088.03,5069.94,5087.155
2026-03-13T17:00:00+08:00,5087.35,5097.07,5083.72,5091.759
2026-03-13T17:30:00+08:00,5091.759,5094.32,5082.945,5089.22
2026-03-13T18:00:00+08:00,5089.529,5096.793,5085.46,5089.41
2026-03-13T18:30:00+08:00,5089.234,5098.299,5079.46,5094.764
2026-03-13T19:00:00+08:00,5094.89,5097.56,5085.93,5095.389
2026-03-13T19:30:00+08:00,5095.41,5107.77,5091.62,5107.35
2026-03-13T20:00:00+08:00,5107.719,5118.829,5104.03,5114.069
2026-03-13T20:30:00+08:00,5113.96,5121.86,5107.68,5118.249
2026-03-13T21:00:00+08:00,5117.93,5121.32,5106.96,5108.769
2026-03-13T21:30:00+08:00,5108.769,5116.987,5096.27,5101.677
2026-03-13T22:00:00+08:00,5101.8,5107.99,5082.27,5088.979
2026-03-13T22:30:00+08:00,5088.979,5091.904,5035.35,5041.73
2026-03-13T23:00:00+08:00,5041.315,5071.45,5037.63,5063.07
2026-03-13T23:30:00+08:00,5062.69,5068.28,5030.36,5034.12
2026-03-14T00:00:00+08:00,5034.64,5041.61,5018.7,5040.618
2026-03-14T00:30:00+08:00,5040.51,5053.1,5039.79,5045.91
2026-03-14T01:00:00+08:00,5045.72,5062.11,5043.03,5056.175
2026-03-14T01:30:00+08:00,5056.24,5063.917,5043.25,5046.29
2026-03-14T02:00:00+08:00,5046.289,5051.705,5035.69,5041.725
2026-03-14T02:30:00+08:00,5041.769,5049.4,5040.03,5045.92
2026-03-14T03:00:00+08:00,5046.41,5049.76,5031.81,5034.965
2026-03-14T03:30:00+08:00,5034.55,5036.865,5009.32,5016.28
2026-03-14T04:00:00+08:00,5016.15,5021.46,5011.95,5014.12
2026-03-14T04:30:00+08:00,5013.991,5025.37,5012.6,5018.098
2026-03-16T06:00:00+08:00,5004.25,5030.415,4998.205,5013.189
2026-03-16T06:30:00+08:00,5013.11,5025.874,5007.77,5024.917
2026-03-16T07:00:00+08:00,5024.99,5026.207,4966.12,4989.645
2026-03-16T07:30:00+08:00,4989.1,4998.82,4971.44,4997.08
2026-03-16T08:00:00+08:00,4997.255,5028.69,4996.39,5016.84
2026-03-16T08:30:00+08:00,5016.83,5030.964,5014.385,5025.27
2026-03-16T09:00:00+08:00,5025.7,5026.57,4982.94,4988.117
2026-03-16T09:30:00+08:00,4987.93,5016.37,4981.94,5015.874
2026-03-16T10:00:00+08:00,5015.705,5018.759,5009.84,5012.44
2026-03-16T10:30:00+08:00,5013.02,5014.62,4997.39,5003.62
2026-03-16T11:00:00+08:00,5003.62,5011.64,4997.61,5011.155
2026-03-16T11:30:00+08:00,5011.17,5020.75,5009.755,5019.12
2026-03-16T12:00:00+08:00,5019.12,5026.31,5018.63,5021.325
2026-03-16T12:30:00+08:00,5021.485,5024.79,5012.04,5012.455
2026-03-16T13:00:00+08:00,5012.7,5015.81,5007.58,5010.81
2026-03-16T13:30:00+08:00,5010.605,5020.09,5002.81,5016.92
2026-03-16T14:00:00+08:00,5017.33,5036.02,5012.54,5027.77
2026-03-16T14:30:00+08:00,5027.79,5029.52,5005.045,5012.19
2026-03-16T15:00:00+08:00,5012.11,5016.42,4997.88,5002.36
2026-03-16T15:30:00+08:00,5001.86,5007.33,4991.28,4995.315
2026-03-16T16:00:00+08:00,4995.22,5003.51,4987.42,4997.017
2026-03-16T16:30:00+08:00,4996.865,4998.56,4984.66,4991.03
2026-03-16T17:00:00+08:00,4990.73,4991.415,4979.675,4988.63
2026-03-16T17:30:00+08:00,4988.73,4991.72,4972.175,4975.428
2026-03-16T18:00:00+08:00,4975.287,4991.11,4969.82,4986.36
2026-03-16T18:30:00+08:00,4986.67,4999.517,4980.11,4998.66
2026-03-16T19:00:00+08:00,4998.67,5022.58,4995.24,5019.21
2026-03-16T19:30:00+08:00,5019.207,5020.107,4992.455,4996.71
2026-03-16T20:00:00+08:00,4997.02,5024.817,4994,5022.128
2026-03-16T20:30:00+08:00,5022.128,5025.68,5011.818,5019.93
2026-03-16T21:00:00+08:00,5019.91,5030.248,5013.525,5021.39
2026-03-16T21:30:00+08:00,5021.38,5034.46,5017.95,5029.76
2026-03-16T22:00:00+08:00,5029.5,5038.112,5014.27,5015
2026-03-16T22:30:00+08:00,5014.789,5015.17,4987.52,4996.025
2026-03-16T23:00:00+08:00,4996.09,5005.81,4983.71,4991.4
2026-03-16T23:30:00+08:00,4991.79,5003.61,4983.61,4986.9
2026-03-17T00:00:00+08:00,4987.007,4998.79,4977.69,4979.34
2026-03-17T00:30:00+08:00,4979.68,4992.88,4973.63,4990.34
2026-03-17T01:00:00+08:00,4990.1,5003.88,4990.1,4995.91
2026-03-17T01:30:00+08:00,4996.065,4996.61,4983.68,4991.23
2026-03-17T02:00:00+08:00,4991.22,5008.05,4989.78,5006.05
2026-03-17T02:30:00+08:00,5006.24,5017.8,5005.01,5012.76
2026-03-17T03:00:00+08:00,5012.19,5020.23,5008.37,5010.489
2026-03-17T03:30:00+08:00,5010.48,5016.09,5007.68,5012.84
2026-03-17T04:00:00+08:00,5012.861,5021.74,5007.68,5014.24
2026-03-17T04:30:00+08:00,5014.22,5014.22,5003.76,5004.535
2026-03-17T06:00:00+08:00,5007.73,5016.11,4998.31,5001.67
2026-03-17T06:30:00+08:00,5001.22,5006.175,4997.92,5002.325
2026-03-17T07:00:00+08:00,5001.77,5009.925,5001.335,5009.385
2026-03-17T07:30:00+08:00,5008.99,5015.58,5006.48,5012.44
2026-03-17T08:00:00+08:00,5012.91,5014.21,4999.71,5003.41
2026-03-17T08:30:00+08:00,5002.99,5007.19,4997.49,5002.8
2026-03-17T09:00:00+08:00,5002.8,5014.535,4994.37,5013.36
2026-03-17T09:30:00+08:00,5013.37,5027.885,5010.84,5027.72
2026-03-17T10:00:00+08:00,5027.765,5029.73,5019.59,5025.165
2026-03-17T10:30:00+08:00,5025.354,5029.43,5021.3,5022.71
2026-03-17T11:00:00+08:00,5022.12,5032.79,5020.09,5032.479
2026-03-17T11:30:00+08:00,5032.45,5033.58,5025.58,5027.64
2026-03-17T12:00:00+08:00,5027.03,5032.84,5025.73,5032.389
2026-03-17T12:30:00+08:00,5032.58,5042.117,5031.72,5037.96
2026-03-17T13:00:00+08:00,5037.889,5044.53,5031.97,5035.34
2026-03-17T13:30:00+08:00,5035.47,5039.34,5019.77,5020.66
2026-03-17T14:00:00+08:00,5020.475,5022.84,5004.685,5011.735
2026-03-17T14:30:00+08:00,5011.834,5017.054,5008.05,5010.07
2026-03-17T15:00:00+08:00,5009.86,5018.61,5008.54,5015.9
2026-03-17T15:30:00+08:00,5015.58,5028.04,5015.58,5021.149
2026-03-17T16:00:00+08:00,5020.9,5029.72,5018.695,5020.7
2026-03-17T16:30:00+08:00,5021.125,5025.5,5018.225,5024.39
2026-03-17T17:00:00+08:00,5024.65,5025.89,5012.598,5017.61
2026-03-17T17:30:00+08:00,5017.64,5018.31,5009.75,5010.56
2026-03-17T18:00:00+08:00,5010.575,5016.42,5000.7,5003.6
2026-03-17T18:30:00+08:00,5003.76,5009.445,4991.71,5000.11
2026-03-17T19:00:00+08:00,5000.165,5010,4996.43,5006.67
2026-03-17T19:30:00+08:00,5006.97,5011.545,5001.675,5002.88
2026-03-17T20:00:00+08:00,5003.12,5020.565,4999.07,5020.08
2026-03-17T20:30:00+08:00,5020.114,5023.95,5009.395,5011.94
2026-03-17T21:00:00+08:00,5011.68,5019.557,5009.74,5012.774
2026-03-17T21:30:00+08:00,5012.655,5031.54,5005.02,5016.641
2026-03-17T22:00:00+08:00,5016.66,5020.51,5006.37,5007.96
2026-03-17T22:30:00+08:00,5008.17,5019.47,5002.61,5007.27
2026-03-17T23:00:00+08:00,5007.595,5017.49,4993.23,4994.68
2026-03-17T23:30:00+08:00,4994.694,5000.475,4973.23,4997.725
2026-03-18T00:00:00+08:00,4997.745,5005.57,4991.17,5003.88
2026-03-18T00:30:00+08:00,5004.3,5005.88,4997.258,5002.035
2026-03-18T01:00:00+08:00,5002.025,5008.78,5000.85,5002.73
2026-03-18T01:30:00+08:00,5002.665,5006.365,4996.03,5002.405
2026-03-18T02:00:00+08:00,5002.46,5009.02,5000.525,5003.705
2026-03-18T02:30:00+08:00,5003.865,5008.46,4999.26,5003.575
2026-03-18T03:00:00+08:00,5003.729,5005.56,4997.76,4999.75
2026-03-18T03:30:00+08:00,4999.52,5003.69,4996.06,5000.13
2026-03-18T04:00:00+08:00,5000.13,5006.41,4999.46,5003.43
2026-03-18T04:30:00+08:00,5003.43,5006.69,5001.07,5006.505
2026-03-18T06:00:00+08:00,5005.96,5006.53,4996.94,5001.81
2026-03-18T06:30:00+08:00,5001.82,5003.54,4992.68,4999.38
2026-03-18T07:00:00+08:00,4999.8,5003,4998.39,5000.15
2026-03-18T07:30:00+08:00,5000.125,5003.77,4999.54,5002.97
2026-03-18T08:00:00+08:00,5002.58,5012.41,5000.998,5002.37
2026-03-18T08:30:00+08:00,5002.4,5008.12,4999.61,5004.21
2026-03-18T09:00:00+08:00,5004.19,5016.01,4997.57,5007.915
2026-03-18T09:30:00+08:00,5008,5009.495,4990.78,4998.345
2026-03-18T10:00:00+08:00,4998.19,5007.07,4996.07,5002.14
2026-03-18T10:30:00+08:00,5001.75,5004.085,4989.995,4991.905
2026-03-18T11:00:00+08:00,4991.905,4996.92,4985.845,4996.165
2026-03-18T11:30:00+08:00,4995.84,4997.74,4989.18,4990.72
2026-03-18T12:00:00+08:00,4991.195,4993.545,4989.12,4990.71
2026-03-18T12:30:00+08:00,4990.54,4991.06,4981.425,4987.17
2026-03-18T13:00:00+08:00,4986.9,4992.78,4984.26,4990.995
2026-03-18T13:30:00+08:00,4990.85,5002.49,4987.14,4997.56
2026-03-18T14:00:00+08:00,4997.05,5010.92,4995.91,5008.65
2026-03-18T14:30:00+08:00,5008.69,5016.41,5008.075,5009.335
2026-03-18T15:00:00+08:00,5009.33,5014.86,5005.79,5009.12
2026-03-18T15:30:00+08:00,5009.11,5009.67,4990.15,4995
2026-03-18T16:00:00+08:00,4994.209,4996.973,4982.879,4989.02
2026-03-18T16:30:00+08:00,4989.025,4991.995,4977.14,4986.609
2026-03-18T17:00:00+08:00,4987.565,4994.52,4984.029,4992.365
2026-03-18T17:30:00+08:00,4992.3,4995.68,4990.54,4992.075
2026-03-18T18:00:00+08:00,4991.95,4992.21,4980.47,4982.57
2026-03-18T18:30:00+08:00,4982.08,4987.508,4958.575,4967.45
2026-03-18T19:00:00+08:00,4967.82,4974.05,4946.2,4948.315
2026-03-18T19:30:00+08:00,4948.32,4961.96,4924.575,4930.186
2026-03-18T20:00:00+08:00,4930.1,4932.46,4894.79,4901.62
2026-03-18T20:30:00+08:00,4901.553,4902.15,4870.34,4881.42
2026-03-18T21:00:00+08:00,4881.441,4881.75,4833.78,4861.38
2026-03-18T21:30:00+08:00,4860.59,4885.559,4850.07,4878.09
2026-03-18T22:00:00+08:00,4878.322,4894.61,4858.815,4860.51
2026-03-18T22:30:00+08:00,4860.71,4872.54,4856.2,4869.285
2026-03-18T23:00:00+08:00,4869.51,4880.026,4864.94,4871.57
2026-03-18T23:30:00+08:00,4871.99,4875.42,4860.82,4862.185
2026-03-19T00:00:00+08:00,4862.476,4883.09,4860.668,4882.27
2026-03-19T00:30:00+08:00,4882.38,4890.448,4872.94,4887.01
2026-03-19T01:00:00+08:00,4886.876,4897.981,4883.38,4891.122
2026-03-19T01:30:00+08:00,4891.066,4899.001,4887.055,4890.64
2026-03-19T02:00:00+08:00,4889.535,4899.328,4876.24,4885.571
2026-03-19T02:30:00+08:00,4885.455,4888,4851.79,4852.946
2026-03-19T03:00:00+08:00,4852.94,4865.31,4843.16,4849.211
2026-03-19T03:30:00+08:00,4848.65,4860.131,4837.77,4842.981
2026-03-19T04:00:00+08:00,4843.185,4848.535,4808.45,4811.176
2026-03-19T04:30:00+08:00,4811.15,4826.85,4806.59,4818.77
2026-03-19T06:00:00+08:00,4828.6,4837.26,4803.845,4816.02
2026-03-19T06:30:00+08:00,4815.927,4839.01,4808.16,4833.82
2026-03-19T07:00:00+08:00,4834.567,4840.901,4827.8,4836.97
2026-03-19T07:30:00+08:00,4836.906,4842.497,4829.42,4836.691
2026-03-19T08:00:00+08:00,4836.74,4848.238,4834.87,4842.147
2026-03-19T08:30:00+08:00,4842.177,4848.75,4837.26,4840.5
2026-03-19T09:00:00+08:00,4841.176,4853.442,4832.16,4845.471
2026-03-19T09:30:00+08:00,4844.83,4867.186,4842.47,4849.927
2026-03-19T10:00:00+08:00,4849.957,4858.21,4840.95,4857.091
2026-03-19T10:30:00+08:00,4857.07,4862.12,4853.02,4858.646
2026-03-19T11:00:00+08:00,4858.28,4866.08,4854.26,4859.947
2026-03-19T11:30:00+08:00,4859.93,4860.267,4850.388,4850.835
2026-03-19T12:00:00+08:00,4850.47,4853.78,4846.87,4850.3
2026-03-19T12:30:00+08:00,4850.44,4852.72,4845.25,4849.15
2026-03-19T13:00:00+08:00,4849.817,4853.897,4845.96,4846.637
2026-03-19T13:30:00+08:00,4846.637,4846.75,4826.56,4827.43
2026-03-19T14:00:00+08:00,4827.447,4842.265,4812.935,4813.06
2026-03-19T14:30:00+08:00,4813.63,4819.91,4747.505,4763.762
2026-03-19T15:00:00+08:00,4763.78,4784.275,4756.31,4769.79
2026-03-19T15:30:00+08:00,4770.554,4771.61,4726.64,4727.88
2026-03-19T16:00:00+08:00,4727.42,4740.55,4700.9,4718.532
2026-03-19T16:30:00+08:00,4718.3,4722.171,4686.33,4709.193
2026-03-19T17:00:00+08:00,4709.222,4722.54,4687.36,4709.172
2026-03-19T17:30:00+08:00,4709.142,4725.8,4695.38,4698.896
2026-03-19T18:00:00+08:00,4698.94,4719.892,4670.665,4683.128
2026-03-19T18:30:00+08:00,4683.552,4700.639,4666.05,4679.03
2026-03-19T19:00:00+08:00,4678.925,4699.672,4676.235,4686.312
2026-03-19T19:30:00+08:00,4686.4,4695.62,4650.5,4651.505
2026-03-19T20:00:00+08:00,4652.66,4653.91,4602.24,4606.68
2026-03-19T20:30:00+08:00,4607.137,4617.95,4530.945,4574.2
2026-03-19T21:00:00+08:00,4574.308,4581.16,4502.01,4576.81
2026-03-19T21:30:00+08:00,4576.398,4621.323,4538.158,4621.323
2026-03-19T22:00:00+08:00,4621.373,4649.063,4583.69,4585.525
2026-03-19T22:30:00+08:00,4585.71,4627.968,4580.69,4601.495
2026-03-19T23:00:00+08:00,4601.612,4639,4592.84,4602.983
2026-03-19T23:30:00+08:00,4603.18,4611.47,4565.56,4596.51
2026-03-20T00:00:00+08:00,4595.905,4626.61,4592.39,4600.47
2026-03-20T00:30:00+08:00,4599.163,4608.52,4576.21,4584.773
2026-03-20T01:00:00+08:00,4584.78,4613.61,4573.46,4602.71
2026-03-20T01:30:00+08:00,4602.485,4629.77,4599.22,4616.01
2026-03-20T02:00:00+08:00,4615.749,4619.02,4600.675,4608.68
2026-03-20T02:30:00+08:00,4609.36,4623.17,4595.835,4622.82
2026-03-20T03:00:00+08:00,4622.89,4663.263,4622.58,4643.795
2026-03-20T03:30:00+08:00,4643.54,4649.803,4631.28,4643.39
2026-03-20T04:00:00+08:00,4643.83,4660.692,4642.54,4657.263
2026-03-20T04:30:00+08:00,4656.73,4661.887,4647.982,4649.41
2026-03-20T06:00:00+08:00,4654.13,4677.12,4649.898,4666.41
2026-03-20T06:30:00+08:00,4666.392,4666.392,4635.43,4636.36
2026-03-20T07:00:00+08:00,4636.26,4647.98,4635.555,4643.872
2026-03-20T07:30:00+08:00,4643.09,4648.01,4633.46,4643.325
2026-03-20T08:00:00+08:00,4642.7,4665.171,4641.72,4649.1
2026-03-20T08:30:00+08:00,4648.53,4660.55,4643.82,4647.76
2026-03-20T09:00:00+08:00,4648.68,4680.268,4638.57,4662.077
2026-03-20T09:30:00+08:00,4662.077,4699.34,4660.69,4677.2
2026-03-20T10:00:00+08:00,4677.31,4690.18,4669.54,4683.694
2026-03-20T10:30:00+08:00,4683.69,4703.57,4678.6,4697.915
2026-03-20T11:00:00+08:00,4697.972,4735.848,4692.72,4732.75
2026-03-20T11:30:00+08:00,4733.38,4736.48,4720.82,4725.682
2026-03-20T12:00:00+08:00,4725.6,4727.542,4716.15,4723.36
2026-03-20T12:30:00+08:00,4723.457,4726.89,4714.98,4721.2
2026-03-20T13:00:00+08:00,4721.57,4723.71,4709.89,4719.55
2026-03-20T13:30:00+08:00,4719.72,4720.38,4685.04,4688.35
2026-03-20T14:00:00+08:00,4688.41,4701.12,4679.15,4688.03
2026-03-20T14:30:00+08:00,4687.88,4689.656,4660.81,4668.77
2026-03-20T15:00:00+08:00,4669.31,4688.7,4667.5,4688.263
2026-03-20T15:30:00+08:00,4687.89,4707.978,4684.76,4706.22
2026-03-20T16:00:00+08:00,4706.21,4734.796,4701.34,4722.65
2026-03-20T16:30:00+08:00,4722.72,4722.908,4684.37,4693.78
2026-03-20T17:00:00+08:00,4693.08,4700.39,4683.52,4691.795
2026-03-20T17:30:00+08:00,4691.99,4692.48,4659.32,4667.557
2026-03-20T18:00:00+08:00,4666.96,4670.108,4645.61,4657.73
2026-03-20T18:30:00+08:00,4658,4669.925,4637.57,4645.3
2026-03-20T19:00:00+08:00,4645.369,4668.52,4636.46,4665.25
2026-03-20T19:30:00+08:00,4665.25,4674.38,4656.87,4671.66
2026-03-20T20:00:00+08:00,4671.44,4695.6,4671.21,4678.245
2026-03-20T20:30:00+08:00,4678.22,4682.12,4661.498,4677.63
2026-03-20T21:00:00+08:00,4678.39,4679.57,4653.26,4660.223
2026-03-20T21:30:00+08:00,4659.665,4666.02,4612.27,4616.3
2026-03-20T22:00:00+08:00,4616.462,4622.61,4550.965,4558.31
2026-03-20T22:30:00+08:00,4558.324,4585.298,4547.17,4564.193
2026-03-20T23:00:00+08:00,4564.193,4580.244,4540.09,4562.91
2026-03-20T23:30:00+08:00,4562.6,4575.824,4543.55,4553.41
2026-03-21T00:00:00+08:00,4553.414,4613.803,4551.35,4584.81
2026-03-21T00:30:00+08:00,4584.8,4592.508,4567.54,4583.273
2026-03-21T01:00:00+08:00,4583.29,4600.633,4568.2,4572.05
2026-03-21T01:30:00+08:00,4572.064,4577.18,4553.83,4572.55
2026-03-21T02:00:00+08:00,4573.37,4578.41,4536.315,4554.537
2026-03-21T02:30:00+08:00,4554.544,4557.133,4477.11,4498.81
2026-03-21T03:00:00+08:00,4499.67,4516.214,4484.83,4498.444
2026-03-21T03:30:00+08:00,4498.155,4516.634,4492,4501.14
2026-03-21T04:00:00+08:00,4501.522,4514.744,4493.105,4500.854
2026-03-21T04:30:00+08:00,4500.77,4504.62,4489.758,4491.67
2026-03-23T06:00:00+08:00,4468.254,4536.37,4448.78,4523.975
2026-03-23T06:30:00+08:00,4524.46,4526.763,4489.19,4497.99
2026-03-23T07:00:00+08:00,4498.15,4510.73,4482.165,4485.445
2026-03-23T07:30:00+08:00,4484.935,4493.66,4451.808,4464.764
2026-03-23T08:00:00+08:00,4464.7,4473.43,4403.11,4426.875
2026-03-23T08:30:00+08:00,4427.05,4436.734,4318.825,4354.17
2026-03-23T09:00:00+08:00,4354.175,4443.885,4329.775,4421.865
2026-03-23T09:30:00+08:00,4421.495,4453.98,4380.285,4387.38
2026-03-23T10:00:00+08:00,4387.42,4422.065,4382.42,4399.194
2026-03-23T10:30:00+08:00,4399.06,4400.764,4354.02,4360.49
2026-03-23T11:00:00+08:00,4360.155,4377.944,4346.44,4351.04
2026-03-23T11:30:00+08:00,4351.02,4364.734,4334.14,4352.95
2026-03-23T12:00:00+08:00,4352.08,4370.66,4352.07,4368.525
2026-03-23T12:30:00+08:00,4368.525,4381.8,4349.52,4367.65
2026-03-23T13:00:00+08:00,4367.505,4380.18,4351.15,4355.48
2026-03-23T13:30:00+08:00,4356.15,4356.205,4301.698,4310.295
2026-03-23T14:00:00+08:00,4310.285,4310.69,4238.705,4243.496
2026-03-23T14:30:00+08:00,4243.165,4250.04,4162.445,4220.43
2026-03-23T15:00:00+08:00,4220.43,4222.15,4098.275,4135.72
2026-03-23T15:30:00+08:00,4135.776,4232.788,4128.738,4204.03
2026-03-23T16:00:00+08:00,4204.056,4256.16,4202.059,4226.943
2026-03-23T16:30:00+08:00,4226.78,4270.85,4218.84,4251.038
2026-03-23T17:00:00+08:00,4251.25,4304.053,4245.58,4303.925
2026-03-23T17:30:00+08:00,4303.72,4308.4,4223.08,4253.576
2026-03-23T18:00:00+08:00,4253.245,4274.785,4243,4268.495
2026-03-23T18:30:00+08:00,4268.75,4281.89,4240.65,4269.02
2026-03-23T19:00:00+08:00,4269,4463.284,4268.33,4399.76
2026-03-23T19:30:00+08:00,4399.459,4432.36,4360.85,4378.96
2026-03-23T20:00:00+08:00,4379.096,4405.12,4336.305,4390.415
2026-03-23T20:30:00+08:00,4390.523,4492.53,4373.035,4477.52
2026-03-23T21:00:00+08:00,4478.554,4485.7,4404.16,4409.653
2026-03-23T21:30:00+08:00,4409.69,4466.868,4400.995,4453.93
2026-03-23T22:00:00+08:00,4453.975,4512.85,4452.87,4486.454
2026-03-23T22:30:00+08:00,4486.325,4504.48,4456.01,4461.724
2026-03-23T23:00:00+08:00,4461.763,4486.91,4426.988,4447.405
2026-03-23T23:30:00+08:00,4447.325,4455.944,4350.54,4363.495
2026-03-24T00:00:00+08:00,4363.79,4390.21,4352.058,4354.5
2026-03-24T00:30:00+08:00,4354.97,4391.704,4353.258,4375
2026-03-24T01:00:00+08:00,4375.275,4413.838,4370.575,4405.39
2026-03-24T01:30:00+08:00,4405.42,4438.97,4403.78,4425.7
2026-03-24T02:00:00+08:00,4426.294,4430.814,4401.99,4426.124
2026-03-24T02:30:00+08:00,4426.074,4467.28,4425.07,4448.48
2026-03-24T03:00:00+08:00,4448.83,4450.6,4392.54,4410.5
2026-03-24T03:30:00+08:00,4410.5,4428.01,4396.825,4398.045
2026-03-24T04:00:00+08:00,4398.155,4413.43,4382.42,4406.6
2026-03-24T04:30:00+08:00,4407.1,4413.34,4395.53,4407.35
2026-03-24T06:00:00+08:00,4417.14,4420.51,4360.05,4414.45
2026-03-24T06:30:00+08:00,4414.445,4431.41,4397.79,4426.338
2026-03-24T07:00:00+08:00,4426.978,4448.41,4422.798,4441.3
2026-03-24T07:30:00+08:00,4441.78,4446.184,4421.16,4441.07
2026-03-24T08:00:00+08:00,4441.065,4446.55,4367.828,4377.685
2026-03-24T08:30:00+08:00,4377.705,4387.44,4330.695,4364.495
2026-03-24T09:00:00+08:00,4364.835,4374.29,4327.69,4354.814
2026-03-24T09:30:00+08:00,4354.73,4368.3,4307.46,4322.01
2026-03-24T10:00:00+08:00,4322.04,4353.844,4305.32,4351.555
2026-03-24T10:30:00+08:00,4351.97,4379.433,4344.165,4366.04
2026-03-24T11:00:00+08:00,4366.094,4368.39,4349.4,4364.754
2026-03-24T11:30:00+08:00,4364.59,4365.074,4334.26,4347.08
2026-03-24T12:00:00+08:00,4346.48,4357.15,4325.83,4339.485
2026-03-24T12:30:00+08:00,4339.479,4349.407,4331.36,4333.39
2026-03-24T13:00:00+08:00,4333.33,4346.87,4319.01,4335.11
2026-03-24T13:30:00+08:00,4335.28,4374.265,4320.645,4347.17
2026-03-24T14:00:00+08:00,4347.3,4396.89,4342,4386.994
2026-03-24T14:30:00+08:00,4386.71,4405.2,4372.525,4401.9
2026-03-24T15:00:00+08:00,4401.815,4425.68,4399.09,4411.94
2026-03-24T15:30:00+08:00,4412.37,4433.22,4399.13,4417.415
2026-03-24T16:00:00+08:00,4417.28,4420.98,4390.39,4396.466
2026-03-24T16:30:00+08:00,4396.5,4414.62,4391.24,4412.06
2026-03-24T17:00:00+08:00,4411.445,4419.23,4395.35,4407.09
2026-03-24T17:30:00+08:00,4407.31,4430.97,4404.49,4426.354
2026-03-24T18:00:00+08:00,4426.4,4432.865,4414.66,4422.22
2026-03-24T18:30:00+08:00,4421.59,4441.87,4414.09,4438.41
2026-03-24T19:00:00+08:00,4438.295,4442.1,4373.048,4412.775
2026-03-24T19:30:00+08:00,4413.165,4431.58,4389.85,4408.04
2026-03-24T20:00:00+08:00,4407.93,4427.44,4395.01,4402.49
2026-03-24T20:30:00+08:00,4402.5,4406.59,4361.39,4379.025
2026-03-24T21:00:00+08:00,4378.705,4389.975,4356.748,4357.295
2026-03-24T21:30:00+08:00,4357.065,4383.68,4350.995,4381.461
2026-03-24T22:00:00+08:00,4381.481,4414.934,4380.2,4409.145
2026-03-24T22:30:00+08:00,4409.07,4433.805,4399.748,4415.71
2026-03-24T23:00:00+08:00,4415.84,4420.84,4395.758,4412.298
2026-03-24T23:30:00+08:00,4412.825,4430.88,4408.835,4411.554
2026-03-25T00:00:00+08:00,4411.61,4425.73,4402.198,4421.085
2026-03-25T00:30:00+08:00,4420.698,4427.7,4408.09,4421.38
2026-03-25T01:00:00+08:00,4420.67,4426.47,4387.59,4399.974
2026-03-25T01:30:00+08:00,4399.97,4400.13,4371.64,4388.425
2026-03-25T02:00:00+08:00,4388.514,4410.12,4383.545,4406.88
2026-03-25T02:30:00+08:00,4407.22,4423.57,4383.83,4389.32
2026-03-25T03:00:00+08:00,4389.565,4411.4,4387.88,4407.41
2026-03-25T03:30:00+08:00,4407.538,4407.594,4394.755,4400.325
2026-03-25T04:00:00+08:00,4400.325,4484.24,4396.8,4455.59
2026-03-25T04:30:00+08:00,4455.614,4481.67,4446.875,4472.02
2026-03-25T06:00:00+08:00,4469.42,4485.529,4467.26,4470.123
2026-03-25T06:30:00+08:00,4470.133,4484.668,4455.258,4484.59
2026-03-25T07:00:00+08:00,4484.32,4510.208,4471.958,4509.86
2026-03-25T07:30:00+08:00,4510.195,4551.66,4504.035,4546.693
2026-03-25T08:00:00+08:00,4546.68,4557.113,4536.72,4553.583
2026-03-25T08:30:00+08:00,4553.651,4572.04,4546.06,4563.39
2026-03-25T09:00:00+08:00,4563.366,4578.79,4552.085,4575.37
2026-03-25T09:30:00+08:00,4574.69,4601.042,4573.33,4594.934
2026-03-25T10:00:00+08:00,4594.802,4596.244,4579.28,4587.072
2026-03-25T10:30:00+08:00,4587.02,4602.631,4580.69,4583.63
2026-03-25T11:00:00+08:00,4583.62,4586.32,4571.2,4575.23
2026-03-25T11:30:00+08:00,4574.85,4577.992,4567.17,4569.738
2026-03-25T12:00:00+08:00,4569.35,4574.62,4565.04,4574.09
2026-03-25T12:30:00+08:00,4574.292,4574.55,4565.865,4572.533
2026-03-25T13:00:00+08:00,4571.77,4573.48,4553.355,4554.823
2026-03-25T13:30:00+08:00,4554.823,4566.9,4548.898,4555.57
2026-03-25T14:00:00+08:00,4554.88,4557.007,4532.668,4550.135
2026-03-25T14:30:00+08:00,4550.333,4556.847,4542.83,4544.84
2026-03-25T15:00:00+08:00,4545.38,4563.27,4544.12,4561.14
2026-03-25T15:30:00+08:00,4561.13,4561.23,4536.548,4539.39
2026-03-25T16:00:00+08:00,4539.411,4567.741,4535.428,4565.473
2026-03-25T16:30:00+08:00,4565.47,4567.391,4552.96,4556.15
2026-03-25T17:00:00+08:00,4556.03,4567.66,4553.86,4557.82
2026-03-25T17:30:00+08:00,4558.548,4563.54,4527.21,4551.82
2026-03-25T18:00:00+08:00,4551.911,4561.02,4550.76,4555.31
2026-03-25T18:30:00+08:00,4555.301,4562.53,4550.75,4558.773
2026-03-25T19:00:00+08:00,4558.7,4582.841,4555.59,4579.74
2026-03-25T19:30:00+08:00,4579.565,4585.71,4571.84,4578.793
2026-03-25T20:00:00+08:00,4579.01,4583.7,4539.68,4545.364
2026-03-25T20:30:00+08:00,4544.848,4554.68,4520.87,4543.973
2026-03-25T21:00:00+08:00,4543.745,4571.23,4540.86,4568.585
2026-03-25T21:30:00+08:00,4569.03,4576.55,4540.29,4544.54
2026-03-25T22:00:00+08:00,4544.681,4562.659,4532.65,4562.659
2026-03-25T22:30:00+08:00,4562.711,4579.358,4556.92,4567
2026-03-25T23:00:00+08:00,4567.081,4568.955,4524.64,4560.515
2026-03-25T23:30:00+08:00,4560.59,4565.77,4553.24,4558.933
2026-03-26T00:00:00+08:00,4559.11,4564.87,4544.69,4554.93
2026-03-26T00:30:00+08:00,4555.221,4561.07,4549.43,4555.341
2026-03-26T01:00:00+08:00,4555.34,4558.5,4542.34,4553.255
2026-03-26T01:30:00+08:00,4553.453,4564.041,4545.17,4550.525
2026-03-26T02:00:00+08:00,4550.94,4568.96,4545.24,4552.02
2026-03-26T02:30:00+08:00,4551.83,4557.83,4530.12,4538.089
2026-03-26T03:00:00+08:00,4538.164,4539.59,4486.42,4513.113
2026-03-26T03:30:00+08:00,4513.113,4533.91,4505.68,4530.725
2026-03-26T04:00:00+08:00,4530.924,4542.13,4521.55,4523.564
2026-03-26T04:30:00+08:00,4523.51,4524.91,4493.94,4505.31
2026-03-26T06:00:00+08:00,4525.85,4532.25,4505.098,4511.465
2026-03-26T06:30:00+08:00,4511.86,4534.711,4507.725,4517.058
2026-03-26T07:00:00+08:00,4517.581,4518.411,4496.26,4504.73
2026-03-26T07:30:00+08:00,4505.57,4511.212,4488.24,4498.32
2026-03-26T08:00:00+08:00,4497.61,4535.74,4497.54,4525.53
2026-03-26T08:30:00+08:00,4525.39,4539.345,4523.97,4534.938
2026-03-26T09:00:00+08:00,4535.92,4544.42,4526.09,4534.35
2026-03-26T09:30:00+08:00,4534.235,4537.821,4521.78,4535.675
2026-03-26T10:00:00+08:00,4535.45,4535.93,4524.32,4528.26
2026-03-26T10:30:00+08:00,4527.33,4530.66,4505.13,4509.24
2026-03-26T11:00:00+08:00,4508.784,4513.74,4499.35,4506.295
2026-03-26T11:30:00+08:00,4506.692,4518.93,4505.92,4516.74
2026-03-26T12:00:00+08:00,4516.55,4522.13,4511.21,4520.3
2026-03-26T12:30:00+08:00,4520.88,4524.34,4515.99,4520.441
2026-03-26T13:00:00+08:00,4520.55,4522.32,4488.48,4493.36
2026-03-26T13:30:00+08:00,4493.36,4495.799,4438.32,4439.19
2026-03-26T14:00:00+08:00,4439.025,4450.64,4415.15,4440.226
2026-03-26T14:30:00+08:00,4440.155,4459.42,4430.1,4456.312
2026-03-26T15:00:00+08:00,4455.57,4460.564,4438.25,4448.634
2026-03-26T15:30:00+08:00,4448.65,4463.842,4447.37,4452.6
2026-03-26T16:00:00+08:00,4452.585,4459.27,4424.845,4428.205
2026-03-26T16:30:00+08:00,4427.995,4440.1,4412.11,4427.772
2026-03-26T17:00:00+08:00,4427.605,4437.06,4417.8,4432.055
2026-03-26T17:30:00+08:00,4432.244,4432.51,4414.06,4423.67
2026-03-26T18:00:00+08:00,4423.68,4448.15,4416.35,4441.7
2026-03-26T18:30:00+08:00,4441.37,4447.52,4422.88,4443.81
2026-03-26T19:00:00+08:00,4443.002,4456.74,4438.92,4443.272
2026-03-26T19:30:00+08:00,4443.282,4452.04,4418.595,4423.105
2026-03-26T20:00:00+08:00,4423.09,4445.83,4416.08,4437.255
2026-03-26T20:30:00+08:00,4437.233,4445.01,4427.75,4429.506
2026-03-26T21:00:00+08:00,4429.34,4453.77,4419.39,4448.29
2026-03-26T21:30:00+08:00,4448.35,4460.86,4428.56,4452.72
2026-03-26T22:00:00+08:00,4451.96,4469.832,4436.905,4458.555
2026-03-26T22:30:00+08:00,4458.94,4479.524,4445.4,4464.488
2026-03-26T23:00:00+08:00,4464.95,4469.17,4448.49,4454.434
2026-03-26T23:30:00+08:00,4454.115,4454.61,4433.498,4438.2
2026-03-27T00:00:00+08:00,4438.322,4442.85,4386.205,4396.554
2026-03-27T00:30:00+08:00,4396.94,4396.97,4366.2,4389.75
2026-03-27T01:00:00+08:00,4389.205,4402.54,4376.55,4383.233
2026-03-27T01:30:00+08:00,4383.055,4393.05,4376.84,4381.46
2026-03-27T02:00:00+08:00,4381.493,4390.7,4367.06,4373.62
2026-03-27T02:30:00+08:00,4374.125,4397.754,4372.59,4394.4
2026-03-27T03:00:00+08:00,4394.255,4399.3,4377.6,4379.87
2026-03-27T03:30:00+08:00,4380.585,4388.44,4358.53,4364.05
2026-03-27T04:00:00+08:00,4364.021,4416.2,4350.52,4404.045
2026-03-27T04:30:00+08:00,4404.59,4420.82,4371.75,4381.91
2026-03-27T06:00:00+08:00,4377.86,4408.71,4369.6,4398.354
2026-03-27T06:30:00+08:00,4398.393,4415.59,4394.6,4411.14
2026-03-27T07:00:00+08:00,4411.034,4414.425,4389.405,4399.21
2026-03-27T07:30:00+08:00,4399.444,4408.21,4395.52,4405.124
2026-03-27T08:00:00+08:00,4404.58,4411.18,4382.1,4391.204
2026-03-27T08:30:00+08:00,4390.3,4396.5,4374.69,4378.596
2026-03-27T09:00:00+08:00,4378.616,4406.6,4376.96,4406.434
2026-03-27T09:30:00+08:00,4406.35,4420.589,4402.76,4417.414
2026-03-27T10:00:00+08:00,4417.045,4439.66,4416.7,4430.79
2026-03-27T10:30:00+08:00,4430.83,4440.66,4424.27,4431.308
2026-03-27T11:00:00+08:00,4432.13,4436.89,4420.74,4435.24
2026-03-27T11:30:00+08:00,4435.174,4446.165,4430.37,4437.52
2026-03-27T12:00:00+08:00,4436.92,4439.79,4430.86,4434.094
2026-03-27T12:30:00+08:00,4433.905,4449.6,4433.29,4446.13
2026-03-27T13:00:00+08:00,4446.15,4447.55,4439.95,4443.234
2026-03-27T13:30:00+08:00,4442.48,4475.225,4441.95,4453.65
2026-03-27T14:00:00+08:00,4454.65,4472.9,4451.22,4463.1
2026-03-27T14:30:00+08:00,4463.5,4468.59,4454.185,4459.385
2026-03-27T15:00:00+08:00,4459.551,4463.11,4447.19,4451.86
2026-03-27T15:30:00+08:00,4452.184,4456.048,4442.23,4447.633
2026-03-27T16:00:00+08:00,4447.82,4451.047,4430.3,4433.934
2026-03-27T16:30:00+08:00,4433.894,4440.06,4423.235,4423.795
2026-03-27T17:00:00+08:00,4423.84,4436.39,4420.25,4434.56
2026-03-27T17:30:00+08:00,4434.31,4438.36,4426.52,4428.85
2026-03-27T18:00:00+08:00,4428.78,4432.98,4423.41,4429.05
2026-03-27T18:30:00+08:00,4429.045,4430.374,4410.59,4414.804
2026-03-27T19:00:00+08:00,4414.77,4417.4,4403.85,4415.225
2026-03-27T19:30:00+08:00,4415.285,4426.27,4413.02,4419.745
2026-03-27T20:00:00+08:00,4419.62,4434.41,4411.92,4429.58
2026-03-27T20:30:00+08:00,4429.18,4445.28,4423.92,4437.56
2026-03-27T21:00:00+08:00,4437.82,4443.918,4417.915,4422.33
2026-03-27T21:30:00+08:00,4421.985,4441.72,4413.19,4432.21
2026-03-27T22:00:00+08:00,4431.12,4470,4430.095,4455.05
2026-03-27T22:30:00+08:00,4454.858,4514.75,4451.338,4509.76
2026-03-27T23:00:00+08:00,4509.764,4555.51,4501.16,4543.32
2026-03-27T23:30:00+08:00,4543.293,4552.66,4519.99,4523.973
2026-03-28T00:00:00+08:00,4523.973,4533.81,4517.58,4528.384
2026-03-28T00:30:00+08:00,4528.353,4528.94,4505.07,4516.04
2026-03-28T01:00:00+08:00,4515.805,4522.34,4486.19,4494.36
2026-03-28T01:30:00+08:00,4494.32,4500.103,4485.855,4486.708
2026-03-28T02:00:00+08:00,4486.589,4511.34,4486.145,4509.06
2026-03-28T02:30:00+08:00,4509.244,4528.693,4507.92,4516.8
2026-03-28T03:00:00+08:00,4516.27,4524.11,4506.67,4522.49
2026-03-28T03:30:00+08:00,4522.964,4526.28,4500.28,4514.324
2026-03-28T04:00:00+08:00,4514.324,4520.47,4503.73,4506.82
2026-03-28T04:30:00+08:00,4506.74,4512.73,4490.885,4493.118
2026-03-30T06:00:00+08:00,4497.74,4515.315,4463.59,4509.1
2026-03-30T06:30:00+08:00,4509.139,4513.06,4480.498,4484.36
2026-03-30T07:00:00+08:00,4484.626,4492.859,4464.348,4472.225
2026-03-30T07:30:00+08:00,4472.528,4472.588,4443.25,4448.64
2026-03-30T08:00:00+08:00,4448.455,4466.72,4417.665,4449.41
2026-03-30T08:30:00+08:00,4448.945,4459.16,4429.67,4432.13
2026-03-30T09:00:00+08:00,4432.07,4466.59,4431.395,4447.46
2026-03-30T09:30:00+08:00,4448.524,4475.88,4444.62,4469.38
2026-03-30T10:00:00+08:00,4469.404,4474.464,4464.85,4472.03
2026-03-30T10:30:00+08:00,4472.95,4499.355,4458.39,4481.065
2026-03-30T11:00:00+08:00,4481.164,4517.624,4478.01,4506.27
2026-03-30T11:30:00+08:00,4506.964,4507.71,4494.1,4495.994
2026-03-30T12:00:00+08:00,4496.004,4498.683,4486.33,4490.564
2026-03-30T12:30:00+08:00,4490.55,4498.72,4485.78,4496.91
2026-03-30T13:00:00+08:00,4496.94,4515.808,4496.26,4505.515
2026-03-30T13:30:00+08:00,4505.175,4528.55,4502.97,4522.383
2026-03-30T14:00:00+08:00,4522.383,4535.33,4516.38,4528.453
2026-03-30T14:30:00+08:00,4528.69,4550.76,4525.41,4532.403
2026-03-30T15:00:00+08:00,4532.39,4534.877,4520.1,4522.833
2026-03-30T15:30:00+08:00,4522.77,4528.08,4515.43,4526.965
2026-03-30T16:00:00+08:00,4527.31,4537.12,4524.38,4528.76
2026-03-30T16:30:00+08:00,4528.753,4540.595,4528.18,4538.23
2026-03-30T17:00:00+08:00,4538.17,4540.92,4523.02,4527.315
2026-03-30T17:30:00+08:00,4527.25,4538.54,4523.3,4532.32
2026-03-30T18:00:00+08:00,4532.344,4540.105,4527.21,4531.3
2026-03-30T18:30:00+08:00,4531.34,4535.79,4527.68,4532.353
2026-03-30T19:00:00+08:00,4532.37,4548.23,4525.16,4543.424
2026-03-30T19:30:00+08:00,4544.32,4580.78,4538.29,4559.54
2026-03-30T20:00:00+08:00,4559.653,4568.223,4544.61,4565.32
2026-03-30T20:30:00+08:00,4565.635,4578.14,4563.44,4569.185
2026-03-30T21:00:00+08:00,4569.29,4578.74,4558.47,4567.14
2026-03-30T21:30:00+08:00,4567.5,4573.96,4516.12,4523.323
2026-03-30T22:00:00+08:00,4523.333,4536.04,4511.748,4518.675
2026-03-30T22:30:00+08:00,4518.904,4541.5,4517.185,4538.513
2026-03-30T23:00:00+08:00,4538.48,4543.53,4524.445,4531.325
2026-03-30T23:30:00+08:00,4531.27,4556.76,4527.22,4548.135
2026-03-31T00:00:00+08:00,4548.37,4549.789,4536.33,4536.844
2026-03-31T00:30:00+08:00,4537.01,4548.95,4531.865,4539.84
2026-03-31T01:00:00+08:00,4539.85,4542.88,4519.17,4527.584
2026-03-31T01:30:00+08:00,4527.34,4528.48,4511.015,4514.99
2026-03-31T02:00:00+08:00,4515.099,4523.31,4511.038,4513.84
2026-03-31T02:30:00+08:00,4513.928,4519.57,4497.92,4498.904
2026-03-31T03:00:00+08:00,4498.4,4504.98,4492.7,4501.643
2026-03-31T03:30:00+08:00,4501.29,4518.39,4497.59,4513.513
2026-03-31T04:00:00+08:00,4513.513,4516.498,4501.71,4505.89
2026-03-31T04:30:00+08:00,4505.6,4513.97,4500.54,4513.97
2026-03-31T06:00:00+08:00,4512.544,4523.964,4501.53,4513.66
2026-03-31T06:30:00+08:00,4514.57,4518.98,4507.47,4511.41
2026-03-31T07:00:00+08:00,4510.82,4511.17,4491.89,4505.29
2026-03-31T07:30:00+08:00,4504.62,4521.553,4503.25,4513.713
2026-03-31T08:00:00+08:00,4513.683,4528.395,4481.89,4512.27
2026-03-31T08:30:00+08:00,4512.108,4548.103,4505.908,4547.33
2026-03-31T09:00:00+08:00,4547.65,4585.84,4531.46,4581.34
2026-03-31T09:30:00+08:00,4581.373,4619.504,4577.07,4604.685
2026-03-31T10:00:00+08:00,4604.72,4607.45,4578.148,4582.6
2026-03-31T10:30:00+08:00,4582.583,4588.43,4565.185,4568.39
2026-03-31T11:00:00+08:00,4567.957,4577.05,4555.11,4561.614
2026-03-31T11:30:00+08:00,4560.87,4565.95,4549.69,4556.39
2026-03-31T12:00:00+08:00,4557.1,4569.587,4556.34,4561.353
2026-03-31T12:30:00+08:00,4561.344,4569.11,4559.36,4564.664
2026-03-31T13:00:00+08:00,4564.693,4570.76,4547.09,4561.46
2026-03-31T13:30:00+08:00,4561.27,4581.853,4558.1,4568.85
2026-03-31T14:00:00+08:00,4568.873,4569.13,4552.865,4560.693
2026-03-31T14:30:00+08:00,4560.693,4565.69,4553.87,4557.104
2026-03-31T15:00:00+08:00,4557.09,4564.07,4543.065,4552.173
2026-03-31T15:30:00+08:00,4552.33,4565.81,4551.525,4564.205
2026-03-31T16:00:00+08:00,4564.433,4573.298,4560.105,4572.33
2026-03-31T16:30:00+08:00,4571.978,4575.39,4566.805,4568.188
2026-03-31T17:00:00+08:00,4568.72,4572.524,4561.018,4562.18
2026-03-31T17:30:00+08:00,4562.13,4562.52,4549.995,4555.17
2026-03-31T18:00:00+08:00,4555.543,4561.91,4554.46,4560.404
2026-03-31T18:30:00+08:00,4560.404,4560.83,4529.115,4546.56
2026-03-31T19:00:00+08:00,4546.884,4583.362,4540.71,4574.955
2026-03-31T19:30:00+08:00,4575.21,4593.193,4568.36,4582.38
2026-03-31T20:00:00+08:00,4582.3,4597.533,4571.15,4579.145
2026-03-31T20:30:00+08:00,4579.323,4589.97,4568.7,4574.71
2026-03-31T21:00:00+08:00,4574.34,4587.95,4567.29,4573.132
2026-03-31T21:30:00+08:00,4573.38,4609.78,4567.925,4607.36
2026-03-31T22:00:00+08:00,4607.6,4625.243,4602.33,4618.98
2026-03-31T22:30:00+08:00,4618.971,4630.28,4594.52,4599.25
2026-03-31T23:00:00+08:00,4598.99,4625.54,4598.405,4610.14
2026-03-31T23:30:00+08:00,4610.143,4623.741,4606.805,4609.4
2026-04-01T00:00:00+08:00,4609.4,4620.09,4606.57,4617.475
2026-04-01T00:30:00+08:00,4617.753,4651.65,4614.66,4638.178
2026-04-01T01:00:00+08:00,4638.278,4658.25,4635.6,4648.63
2026-04-01T01:30:00+08:00,4648.682,4667.48,4644.64,4654.735
2026-04-01T02:00:00+08:00,4654.62,4669.07,4652.92,4663.98
2026-04-01T02:30:00+08:00,4664.63,4671.06,4659.27,4666.85
2026-04-01T03:00:00+08:00,4667.44,4681.248,4661.45,4672.767
2026-04-01T03:30:00+08:00,4672.682,4685.71,4671.7,4682.485
2026-04-01T04:00:00+08:00,4682.3,4687.34,4668.43,4669.48
2026-04-01T04:30:00+08:00,4668.75,4675.6,4663.7,4668.88
2026-04-01T06:00:00+08:00,4671.423,4686.65,4662.575,4674.48
2026-04-01T06:30:00+08:00,4674.48,4696.623,4661.6,4680.64
2026-04-01T07:00:00+08:00,4680.68,4684.538,4670.96,4682.402
2026-04-01T07:30:00+08:00,4682.38,4700.07,4681.585,4696.23
2026-04-01T08:00:00+08:00,4696,4722.02,4692.87,4721.62
2026-04-01T08:30:00+08:00,4721.74,4722.56,4699.61,4710.78
2026-04-01T09:00:00+08:00,4710.94,4724.26,4688.83,4707.995
2026-04-01T09:30:00+08:00,4707.74,4708.46,4680.62,4692.58
2026-04-01T10:00:00+08:00,4692.71,4700.61,4682.88,4687.608
2026-04-01T10:30:00+08:00,4687.518,4690.34,4677.648,4684.52
2026-04-01T11:00:00+08:00,4684.3,4694.23,4682.02,4687.07
2026-04-01T11:30:00+08:00,4687.045,4688.83,4679.2,4681.783
2026-04-01T12:00:00+08:00,4681.558,4682.12,4666.44,4672.25
2026-04-01T12:30:00+08:00,4671.94,4681.73,4668.29,4676.287
2026-04-01T13:00:00+08:00,4676.4,4690.069,4674.27,4686.189
2026-04-01T13:30:00+08:00,4686.2,4703.51,4683.07,4684.11
2026-04-01T14:00:00+08:00,4684.27,4711.422,4682.27,4709.329
2026-04-01T14:30:00+08:00,4709.22,4733.22,4701.76,4730.63
2026-04-01T15:00:00+08:00,4730.135,4732.76,4712.675,4723.012
2026-04-01T15:30:00+08:00,4723.15,4747.63,4709.35,4713.64
2026-04-01T16:00:00+08:00,4713.63,4735.86,4709.995,4730.245
2026-04-01T16:30:00+08:00,4730.562,4740.479,4725.798,4728.315
2026-04-01T17:00:00+08:00,4728.5,4730.21,4713.59,4719.39
2026-04-01T17:30:00+08:00,4719.17,4727.749,4712.775,4722.935
2026-04-01T18:00:00+08:00,4722.78,4729.2,4714.92,4728.3
2026-04-01T18:30:00+08:00,4728.29,4738.75,4725.76,4730.985
2026-04-01T19:00:00+08:00,4731.288,4746.259,4727.76,4745.061
2026-04-01T19:30:00+08:00,4744.75,4763.129,4744.5,4752.359
2026-04-01T20:00:00+08:00,4752.88,4753.639,4724.05,4736.376
2026-04-01T20:30:00+08:00,4736.187,4753.48,4724.03,4724.67
2026-04-01T21:00:00+08:00,4724.739,4742.22,4715.99,4736.079
2026-04-01T21:30:00+08:00,4736.02,4749.502,4730.5,4738.29
2026-04-01T22:00:00+08:00,4737.912,4754.92,4723.49,4742.025
2026-04-01T22:30:00+08:00,4742.072,4768.82,4734.645,4760.68
2026-04-01T23:00:00+08:00,4760.42,4776.4,4758.1,4772.87
2026-04-01T23:30:00+08:00,4772.936,4788.28,4769.48,4786.265
2026-04-02T00:00:00+08:00,4786.39,4790.76,4773.96,4776.048
2026-04-02T00:30:00+08:00,4776.402,4788.61,4774.85,4786.955
2026-04-02T01:00:00+08:00,4787.42,4793.135,4781.89,4785.1
2026-04-02T01:30:00+08:00,4785.115,4786.119,4773.36,4774.275
2026-04-02T02:00:00+08:00,4774.018,4775.32,4752.715,4753.909
2026-04-02T02:30:00+08:00,4753.45,4766.22,4741.62,4752.93
2026-04-02T03:00:00+08:00,4752.942,4769.25,4750.72,4765.185
2026-04-02T03:30:00+08:00,4764.89,4778.25,4757.62,4766.05
2026-04-02T04:00:00+08:00,4766.122,4771.27,4760.46,4762.139
2026-04-02T04:30:00+08:00,4762.44,4763.94,4753.82,4758.67
2026-04-02T06:00:00+08:00,4758.5,4775.98,4751.832,4772.44
2026-04-02T06:30:00+08:00,4772.83,4782.762,4770.215,4776.44
2026-04-02T07:00:00+08:00,4776.49,4799.037,4772.998,4795.08
2026-04-02T07:30:00+08:00,4794.879,4800.46,4777.765,4784.08
2026-04-02T08:00:00+08:00,4783.21,4798.81,4774.755,4789.1
2026-04-02T08:30:00+08:00,4789.465,4796.13,4783.225,4784.69
2026-04-02T09:00:00+08:00,4784.66,4786.58,4686.155,4697.099
2026-04-02T09:30:00+08:00,4697.099,4711.83,4649.67,4696.672
2026-04-02T10:00:00+08:00,4696.68,4704.18,4677.638,4689.97
2026-04-02T10:30:00+08:00,4689.983,4691.175,4654.838,4686.755
2026-04-02T11:00:00+08:00,4686.785,4699.363,4676.89,4691.56
2026-04-02T11:30:00+08:00,4691.492,4692.59,4675.64,4676.15
2026-04-02T12:00:00+08:00,4676.185,4681.48,4661.94,4666.08
2026-04-02T12:30:00+08:00,4666.025,4673.3,4656.76,4672.49
2026-04-02T13:00:00+08:00,4672.503,4680.57,4665.88,4677.28
2026-04-02T13:30:00+08:00,4677.24,4679.15,4585.28,4593.825
2026-04-02T14:00:00+08:00,4594.15,4599.02,4553.158,4591.36
2026-04-02T14:30:00+08:00,4590.39,4608.61,4580.85,4599.16
2026-04-02T15:00:00+08:00,4599.23,4627.442,4596.68,4620.39
2026-04-02T15:30:00+08:00,4620.712,4651.215,4619.075,4642.58
2026-04-02T16:00:00+08:00,4642.67,4648.84,4628.53,4634.43
2026-04-02T16:30:00+08:00,4634.303,4643.85,4616.568,4620.681
2026-04-02T17:00:00+08:00,4620.645,4631.893,4612.69,4620.755
2026-04-02T17:30:00+08:00,4620.83,4628.42,4615.11,4621.21
2026-04-02T18:00:00+08:00,4621.73,4635.35,4603.485,4618.175
2026-04-02T18:30:00+08:00,4617.86,4631.686,4612.9,4620.473
2026-04-02T19:00:00+08:00,4620.265,4630.64,4613.87,4614.635
2026-04-02T19:30:00+08:00,4614.842,4617.63,4592.3,4599.98
2026-04-02T20:00:00+08:00,4600.053,4630.32,4594.315,4626.263
2026-04-02T20:30:00+08:00,4626.11,4626.93,4600.058,4601.64
2026-04-02T21:00:00+08:00,4601.763,4614.16,4580.34,4597.49
2026-04-02T21:30:00+08:00,4597.47,4651.48,4585.77,4646.236
2026-04-02T22:00:00+08:00,4645.595,4675.983,4631.131,4665.392
2026-04-02T22:30:00+08:00,4665.25,4699.985,4658.49,4680.795
2026-04-02T23:00:00+08:00,4681.413,4684.16,4657.89,4672.423
2026-04-02T23:30:00+08:00,4672.423,4676.127,4651.87,4660.6
2026-04-03T00:00:00+08:00,4660.99,4668.54,4642.618,4650.36
2026-04-03T00:30:00+08:00,4650.405,4670.71,4650.16,4659.1
2026-04-03T01:00:00+08:00,4659.136,4668.38,4650.748,4651.76
2026-04-03T01:30:00+08:00,4651.5,4658.76,4645.535,4648.77
2026-04-03T02:00:00+08:00,4648.8,4658.94,4647.07,4651.592
2026-04-03T02:30:00+08:00,4651.24,4672.22,4651.24,4668.15
2026-04-03T03:00:00+08:00,4668.53,4681.86,4663.72,4665.14
2026-04-03T03:30:00+08:00,4665.24,4676.65,4660.92,4672.023
2026-04-03T04:00:00+08:00,4671.735,4676.87,4663.78,4667.78
2026-04-03T04:30:00+08:00,4667.772,4677.99,4666.275,4676.86
2026-04-06T06:00:00+08:00,4648.41,4671.79,4613.835,4636.27
2026-04-06T06:30:00+08:00,4636.15,4654.313,4607.965,4645.75
2026-04-06T07:00:00+08:00,4645.763,4651.123,4608.155,4609.86
2026-04-06T07:30:00+08:00,4609.86,4619.543,4604.378,4610.68
2026-04-06T08:00:00+08:00,4610.75,4629.46,4600.05,4603.055
2026-04-06T08:30:00+08:00,4603.418,4626.193,4602.675,4622.28
2026-04-06T09:00:00+08:00,4622.299,4643.123,4619.995,4641.1
2026-04-06T09:30:00+08:00,4641.092,4641.43,4621.145,4625.87
2026-04-06T10:00:00+08:00,4625.88,4671.97,4622.87,4661.22
2026-04-06T10:30:00+08:00,4660.93,4666.62,4643.6,4647.26
2026-04-06T11:00:00+08:00,4647.939,4648.225,4624.76,4630.22
2026-04-06T11:30:00+08:00,4630.329,4642.1,4624.86,4640.449
2026-04-06T12:00:00+08:00,4639.78,4648.65,4639.24,4646.495
2026-04-06T12:30:00+08:00,4646.495,4659.86,4642.28,4659.09
2026-04-06T13:00:00+08:00,4658.49,4678.96,4657.49,4667.26
2026-04-06T13:30:00+08:00,4666.8,4668.97,4650.93,4652.12
2026-04-06T14:00:00+08:00,4652.7,4662.31,4642.995,4657.32
2026-04-06T14:30:00+08:00,4656.98,4667.98,4651.2,4665.45
2026-04-06T15:00:00+08:00,4665.45,4666.77,4644.52,4650.545
2026-04-06T15:30:00+08:00,4650.49,4688.402,4649.76,4684.739
2026-04-06T16:00:00+08:00,4684.29,4695.82,4680.56,4691.38
2026-04-06T16:30:00+08:00,4690.73,4698.28,4689.38,4695.831
2026-04-06T17:00:00+08:00,4695.832,4703.82,4695.13,4702.315
2026-04-06T17:30:00+08:00,4702.04,4706.75,4690.54,4693.24
2026-04-06T18:00:00+08:00,4693.26,4697.67,4685.61,4689.82
2026-04-06T18:30:00+08:00,4689.84,4696.9,4683.92,4689.59
2026-04-06T19:00:00+08:00,4689.59,4696.84,4685.09,4688.11
2026-04-06T19:30:00+08:00,4688.11,4694.49,4676.73,4677.655
2026-04-06T20:00:00+08:00,4677.62,4686.84,4659.41,4666.003
2026-04-06T20:30:00+08:00,4665.99,4681.14,4665.29,4675.81
2026-04-06T21:00:00+08:00,4675.56,4677.622,4659.455,4668.36
2026-04-06T21:30:00+08:00,4668.33,4682.08,4660.538,4679.4
2026-04-06T22:00:00+08:00,4680.06,4690.87,4659.5,4685.58
2026-04-06T22:30:00+08:00,4686.119,4697.82,4674.765,4682.418
2026-04-06T23:00:00+08:00,4682.4,4683.99,4654.855,4666.81
2026-04-06T23:30:00+08:00,4666.82,4671.06,4651.54,4668.12
2026-04-07T00:00:00+08:00,4667.65,4672.7,4661.74,4665.71
2026-04-07T00:30:00+08:00,4665.18,4671.27,4657.6,4660.203
2026-04-07T01:00:00+08:00,4660.265,4661.12,4645.318,4656.037
2026-04-07T01:30:00+08:00,4655.7,4660.47,4650.99,4653.46
2026-04-07T02:00:00+08:00,4653.345,4666.678,4650.23,4659.76
2026-04-07T02:30:00+08:00,4659.76,4663.392,4648.46,4658.135
2026-04-07T03:00:00+08:00,4658.09,4659.47,4644.9,4649.67
2026-04-07T03:30:00+08:00,4649.67,4658.175,4647.94,4655.502
2026-04-07T04:00:00+08:00,4654.93,4658.08,4651.75,4655.45
2026-04-07T04:30:00+08:00,4655.45,4658.41,4647.418,4649.22
2026-04-07T06:30:00+08:00,4658.85,4662.21,4655.94,4658.42
2026-04-07T07:00:00+08:00,4658.343,4661.213,4652.61,4654
2026-04-07T07:30:00+08:00,4654.08,4660.389,4650.74,4658.79
2026-04-07T08:00:00+08:00,4658.31,4661.07,4648.53,4658.37
2026-04-07T08:30:00+08:00,4659.023,4661.32,4653.52,4654.48
2026-04-07T09:00:00+08:00,4654.935,4664.546,4627.26,4654.348
2026-04-07T09:30:00+08:00,4654.45,4662.567,4615.81,4626.25
2026-04-07T10:00:00+08:00,4626.14,4635.31,4619.24,4633.96
2026-04-07T10:30:00+08:00,4634.58,4654.09,4633.08,4650.11
2026-04-07T11:00:00+08:00,4650.155,4654.13,4638.77,4642.53
2026-04-07T11:30:00+08:00,4641.99,4651.2,4641.24,4649.24
2026-04-07T12:00:00+08:00,4649.308,4651.4,4644.99,4650.043
2026-04-07T12:30:00+08:00,4649.64,4664.27,4648.8,4659.63
2026-04-07T13:00:00+08:00,4659.642,4661.58,4630.15,4632.36
2026-04-07T13:30:00+08:00,4632.808,4646.45,4622.51,4642.46
2026-04-07T14:00:00+08:00,4642.8,4649.27,4637.1,4640.18
2026-04-07T14:30:00+08:00,4640.932,4656.643,4640.16,4653.4
2026-04-07T15:00:00+08:00,4653.39,4657.07,4638.398,4639.56
2026-04-07T15:30:00+08:00,4639.55,4647.23,4636.465,4646
2026-04-07T16:00:00+08:00,4646,4690.9,4643.785,4677.808
2026-04-07T16:30:00+08:00,4678.42,4687.71,4676.17,4682.91
2026-04-07T17:00:00+08:00,4682.83,4694.54,4680.548,4686.6
2026-04-07T17:30:00+08:00,4686.74,4686.95,4658.438,4671
2026-04-07T18:00:00+08:00,4670.91,4680.663,4657.518,4667.815
2026-04-07T18:30:00+08:00,4668.12,4672.02,4648.64,4651.87
2026-04-07T19:00:00+08:00,4651.53,4656.3,4628.17,4647.99
2026-04-07T19:30:00+08:00,4647.91,4664.21,4646.53,4659.71
2026-04-07T20:00:00+08:00,4659.9,4671,4650.75,4665.93
2026-04-07T20:30:00+08:00,4665.93,4667.62,4646.398,4651.52
2026-04-07T21:00:00+08:00,4651.218,4662.952,4647.74,4657.585
2026-04-07T21:30:00+08:00,4658.04,4663.48,4635.305,4644.02
2026-04-07T22:00:00+08:00,4643.655,4649.64,4606.79,4645.303
2026-04-07T22:30:00+08:00,4645.34,4661.86,4629.33,4633.341
2026-04-07T23:00:00+08:00,4633.43,4653.41,4624.45,4653.043
2026-04-07T23:30:00+08:00,4653.03,4659.61,4640.15,4655.098
2026-04-08T00:00:00+08:00,4655.52,4668.68,4652.158,4662.722
2026-04-08T00:30:00+08:00,4662.658,4664.16,4655.51,4656.99
2026-04-08T01:00:00+08:00,4657.003,4673.23,4653.48,4659.898
2026-04-08T01:30:00+08:00,4660.16,4686.64,4659.898,4675.852
2026-04-08T02:00:00+08:00,4675.51,4686.05,4675.275,4680.05
2026-04-08T02:30:00+08:00,4680.44,4686.35,4657.06,4662.07
2026-04-08T03:00:00+08:00,4662.18,4702.755,4660.03,4687.622
2026-04-08T03:30:00+08:00,4687.065,4718.742,4681.43,4700.742
2026-04-08T04:00:00+08:00,4700.73,4713.03,4696.59,4710.272
2026-04-08T04:30:00+08:00,4709.61,4717.25,4701.11,4701.4
2026-04-08T06:00:00+08:00,4721.83,4752.14,4719.03,4735.39
2026-04-08T06:30:00+08:00,4735.4,4819.743,4712.645,4818.151
2026-04-08T07:00:00+08:00,4818.151,4829.061,4800.998,4814.726
2026-04-08T07:30:00+08:00,4814.63,4836.383,4803.685,4832.6
2026-04-08T08:00:00+08:00,4833.38,4857.55,4818.1,4822.727
2026-04-08T08:30:00+08:00,4822.64,4826.851,4807.84,4817.7
2026-04-08T09:00:00+08:00,4817.335,4825.376,4791.44,4793.984
2026-04-08T09:30:00+08:00,4794.032,4814.36,4787.47,4809.91
2026-04-08T10:00:00+08:00,4810.151,4825.35,4807.508,4811.547
2026-04-08T10:30:00+08:00,4811.425,4820.77,4797.98,4803.94
2026-04-08T11:00:00+08:00,4803.85,4805.975,4795.93,4803.11
2026-04-08T11:30:00+08:00,4803.11,4805.16,4794.46,4797.584
2026-04-08T12:00:00+08:00,4797.595,4804.24,4789.58,4802.06
2026-04-08T12:30:00+08:00,4801.75,4806.7,4797.01,4803.551
2026-04-08T13:00:00+08:00,4803.582,4816.61,4799.77,4815.82
2026-04-08T13:30:00+08:00,4815.612,4843.836,4813.13,4827.35
2026-04-08T14:00:00+08:00,4827.526,4836.7,4820.815,4836.25
2026-04-08T14:30:00+08:00,4836.527,4839.885,4819.39,4819.957
2026-04-08T15:00:00+08:00,4819.645,4821.231,4808.77,4818.395
2026-04-08T15:30:00+08:00,4818.29,4820.45,4804.82,4813.46
2026-04-08T16:00:00+08:00,4813.412,4819.802,4798.02,4808.466
2026-04-08T16:30:00+08:00,4808.45,4808.6,4789.7,4793.72
2026-04-08T17:00:00+08:00,4793.585,4806.928,4792.43,4798.4
2026-04-08T17:30:00+08:00,4797.79,4803.7,4775.728,4783.24
2026-04-08T18:00:00+08:00,4783.02,4790.39,4770.55,4782.53
2026-04-08T18:30:00+08:00,4782.238,4796.23,4779.575,4782.647
2026-04-08T19:00:00+08:00,4782.79,4797.15,4779.425,4789.736
2026-04-08T19:30:00+08:00,4789.71,4802.92,4777.5,4797.73
2026-04-08T20:00:00+08:00,4798.417,4807.25,4767.85,4783.925
2026-04-08T20:30:00+08:00,4784.03,4802.67,4783.11,4799.602
2026-04-08T21:00:00+08:00,4799.6,4806.8,4788.55,4790.34
2026-04-08T21:30:00+08:00,4789.945,4794.93,4767.62,4777.66
2026-04-08T22:00:00+08:00,4777.645,4792.097,4760.998,4767.687
2026-04-08T22:30:00+08:00,4767.75,4770.177,4731.69,4736.18
2026-04-08T23:00:00+08:00,4735.9,4757.68,4733.855,4750.765
2026-04-08T23:30:00+08:00,4750.74,4763.27,4749.75,4756.488
2026-04-09T00:00:00+08:00,4755.88,4762.76,4745.005,4749.968
2026-04-09T00:30:00+08:00,4749.968,4765.627,4747.43,4760.45
2026-04-09T01:00:00+08:00,4760.45,4764.43,4745.205,4751
2026-04-09T01:30:00+08:00,4750.618,4755.1,4731.07,4733.745
2026-04-09T02:00:00+08:00,4734.062,4744.58,4716.06,4721.93
2026-04-09T02:30:00+08:00,4722.56,4725.21,4703.11,4705.34
2026-04-09T03:00:00+08:00,4705.34,4718.572,4699.235,4708.572
2026-04-09T03:30:00+08:00,4708.56,4731.822,4707.44,4730.61
2026-04-09T04:00:00+08:00,4730.602,4732.212,4721.33,4723.38
2026-04-09T04:30:00+08:00,4723.32,4724.518,4716.41,4719.5
2026-04-09T06:00:00+08:00,4719.9,4734.62,4704.075,4713.49
2026-04-09T06:30:00+08:00,4713.688,4720.172,4705.355,4717.73
2026-04-09T07:00:00+08:00,4716.91,4717.69,4704.77,4709.91
2026-04-09T07:30:00+08:00,4709.912,4720,4706.35,4715.568
2026-04-09T08:00:00+08:00,4715.215,4715.888,4698.05,4706.378
2026-04-09T08:30:00+08:00,4705.82,4719.21,4705.01,4706.772
2026-04-09T09:00:00+08:00,4706.772,4723.518,4698.95,4705.21
2026-04-09T09:30:00+08:00,4704.95,4728.212,4703.35,4727.35
2026-04-09T10:00:00+08:00,4727.28,4728.886,4720.57,4725.285
2026-04-09T10:30:00+08:00,4725.62,4732.96,4717.05,4718.89
2026-04-09T11:00:00+08:00,4718.978,4720.24,4704.79,4712.69
2026-04-09T11:30:00+08:00,4712.6,4714.92,4706.275,4711.472
2026-04-09T12:00:00+08:00,4710.98,4723.39,4709.22,4717.08
2026-04-09T12:30:00+08:00,4716.44,4725.59,4713.66,4720.505
2026-04-09T13:00:00+08:00,4720.35,4726.629,4710.08,4726.34
2026-04-09T13:30:00+08:00,4726.32,4726.62,4705.19,4713.278
2026-04-09T14:00:00+08:00,4713.04,4725.499,4711.085,4718.22
2026-04-09T14:30:00+08:00,4717.91,4723.15,4702.87,4712.452
2026-04-09T15:00:00+08:00,4712.45,4730.43,4705.32,4708.36
2026-04-09T15:30:00+08:00,4708.43,4731.5,4708.245,4724.362
2026-04-09T16:00:00+08:00,4724.372,4727.85,4719.428,4720.91
2026-04-09T16:30:00+08:00,4721.398,4733.33,4719.84,4726.129
2026-04-09T17:00:00+08:00,4726.169,4733.54,4722.51,4729.59
2026-04-09T17:30:00+08:00,4729.8,4732.61,4723.318,4729.32
2026-04-09T18:00:00+08:00,4729.192,4739.929,4723.46,4738.17
2026-04-09T18:30:00+08:00,4738.16,4746.73,4736.04,4741.102
2026-04-09T19:00:00+08:00,4740.75,4747.502,4738.11,4745.781
2026-04-09T19:30:00+08:00,4745.685,4757.53,4742.56,4756.55
2026-04-09T20:00:00+08:00,4756.54,4759.63,4734.31,4737.92
2026-04-09T20:30:00+08:00,4737.455,4748.29,4734.7,4745.869
2026-04-09T21:00:00+08:00,4745.905,4758.72,4738.505,4752.689
2026-04-09T21:30:00+08:00,4752.63,4777.3,4750.05,4764.351
2026-04-09T22:00:00+08:00,4764.35,4776.37,4759.915,4765.61
2026-04-09T22:30:00+08:00,4765.61,4769.07,4746.95,4768.22
2026-04-09T23:00:00+08:00,4768.561,4786.59,4760.948,4778.93
2026-04-09T23:30:00+08:00,4778.81,4798.08,4777.85,4792.8
2026-04-10T00:00:00+08:00,4792.81,4801.18,4787.4,4792.64
2026-04-10T00:30:00+08:00,4792.729,4795.469,4783.92,4788.29
2026-04-10T01:00:00+08:00,4788.851,4798.49,4786.46,4792.737
2026-04-10T01:30:00+08:00,4792.817,4801.25,4787.21,4797.94
2026-04-10T02:00:00+08:00,4797.95,4798.15,4777.505,4782.071
2026-04-10T02:30:00+08:00,4782.04,4782.38,4767.44,4772.06
2026-04-10T03:00:00+08:00,4771.9,4782.72,4768.65,4773.405
2026-04-10T03:30:00+08:00,4773.36,4778.18,4766.55,4768.742
2026-04-10T04:00:00+08:00,4768.76,4773.45,4765.77,4769.675
2026-04-10T04:30:00+08:00,4769.92,4771.73,4760.505,4763.53
2026-04-10T06:00:00+08:00,4769.35,4780.371,4762.184,4764.38
2026-04-10T06:30:00+08:00,4764.419,4767.455,4758.02,4763.838
2026-04-10T07:00:00+08:00,4764.146,4764.207,4756.27,4758.2
2026-04-10T07:30:00+08:00,4758.2,4764.23,4757.5,4763.659
2026-04-10T08:00:00+08:00,4763.84,4763.84,4750.23,4753.688
2026-04-10T08:30:00+08:00,4753.77,4763.162,4752.98,4762.951
2026-04-10T09:00:00+08:00,4762.93,4767.215,4757.2,4761.85
2026-04-10T09:30:00+08:00,4762.516,4777.121,4759.74,4764.502
2026-04-10T10:00:00+08:00,4764.335,4765.45,4741.74,4744.519
2026-04-10T10:30:00+08:00,4743.92,4753.61,4737.39,4752.887
2026-04-10T11:00:00+08:00,4752.88,4762.21,4752.18,4755.91
2026-04-10T11:30:00+08:00,4755.89,4769.63,4755.26,4765.96
2026-04-10T12:00:00+08:00,4766.56,4770.84,4764.03,4764.98
2026-04-10T12:30:00+08:00,4765.48,4765.7,4757.33,4758.511
2026-04-10T13:00:00+08:00,4757.95,4763.965,4756.928,4759.86
2026-04-10T13:30:00+08:00,4759.385,4769.24,4758.92,4765.9
2026-04-10T14:00:00+08:00,4765.93,4765.98,4751.17,4755.01
2026-04-10T14:30:00+08:00,4755.362,4758.52,4742.32,4746.38
2026-04-10T15:00:00+08:00,4746.01,4756.128,4740.96,4753.55
2026-04-10T15:30:00+08:00,4753.552,4757.569,4747.965,4749.489
2026-04-10T16:00:00+08:00,4749.47,4753.4,4742.005,4746.796
2026-04-10T16:30:00+08:00,4746.876,4752.27,4730.205,4740.398
2026-04-10T17:00:00+08:00,4740.17,4760.78,4740.08,4748.78
2026-04-10T17:30:00+08:00,4748.78,4753.21,4745.93,4751.567
2026-04-10T18:00:00+08:00,4751.502,4760.71,4742.095,4757.995
2026-04-10T18:30:00+08:00,4757.78,4759.81,4753.53,4757.132
2026-04-10T19:00:00+08:00,4757.13,4762.51,4752.94,4761.66
2026-04-10T19:30:00+08:00,4761.656,4768.78,4758.268,4768.082
2026-04-10T20:00:00+08:00,4768.19,4771.33,4759.55,4762.71
2026-04-10T20:30:00+08:00,4762.435,4782.315,4761.195,4771.822
2026-04-10T21:00:00+08:00,4771.822,4780.27,4765.825,4775.68
2026-04-10T21:30:00+08:00,4775.545,4778.66,4764.615,4774.405
2026-04-10T22:00:00+08:00,4775.02,4792.8,4766.868,4790.609
2026-04-10T22:30:00+08:00,4790.609,4795.1,4770.47,4774.73
2026-04-10T23:00:00+08:00,4774.458,4787.5,4769.15,4776.039
2026-04-10T23:30:00+08:00,4776.05,4778.48,4754.94,4762.27
2026-04-11T00:00:00+08:00,4762.281,4765.17,4747.07,4757.73
2026-04-11T00:30:00+08:00,4758.208,4766.27,4755.6,4763.94
2026-04-11T01:00:00+08:00,4763.77,4768.72,4757.715,4762.847
2026-04-11T01:30:00+08:00,4762.769,4765.765,4757.92,4760.25
2026-04-11T02:00:00+08:00,4760.288,4769.422,4750.54,4765.44
2026-04-11T02:30:00+08:00,4765.961,4773.29,4762.57,4765.31
2026-04-11T03:00:00+08:00,4765.24,4770.5,4762.55,4763.519
2026-04-11T03:30:00+08:00,4763.48,4765.53,4757.86,4759.631
2026-04-11T04:00:00+08:00,4759.585,4760.1,4740.44,4745.33
2026-04-11T04:30:00+08:00,4745.32,4752.37,4744.3,4746.898
2026-04-13T06:00:00+08:00,4683.18,4721.98,4638.01,4646.758
2026-04-13T06:30:00+08:00,4646.898,4660.56,4644.478,4658.398
2026-04-13T07:00:00+08:00,4658.933,4660.77,4643.91,4653.239
2026-04-13T07:30:00+08:00,4653.54,4671.94,4649.67,4671.379
2026-04-13T08:00:00+08:00,4671.155,4676.1,4664.12,4672.85
2026-04-13T08:30:00+08:00,4673.17,4698.666,4670.27,4695.395
2026-04-13T09:00:00+08:00,4695.388,4721.585,4693.405,4717.27
2026-04-13T09:30:00+08:00,4717.459,4728.089,4709.24,4721.239
2026-04-13T10:00:00+08:00,4721.219,4725.84,4718.34,4720.02
2026-04-13T10:30:00+08:00,4719.815,4727.93,4710.51,4719.85
2026-04-13T11:00:00+08:00,4720.442,4721.78,4711.72,4718.862
2026-04-13T11:30:00+08:00,4718.919,4724.056,4716.78,4718.089
2026-04-13T12:00:00+08:00,4718.089,4718.52,4708.23,4712.599
2026-04-13T12:30:00+08:00,4712.61,4725.01,4708.3,4722.99
2026-04-13T13:00:00+08:00,4723.029,4726.239,4715.8,4720.535
2026-04-13T13:30:00+08:00,4720.432,4730.82,4717.55,4729.27
2026-04-13T14:00:00+08:00,4729.298,4732.02,4722.88,4731.482
2026-04-13T14:30:00+08:00,4731.532,4732.8,4720.32,4725.57
2026-04-13T15:00:00+08:00,4725.09,4738.81,4724.38,4730.7
2026-04-13T15:30:00+08:00,4730.692,4740.03,4726.95,4733.64
2026-04-13T16:00:00+08:00,4733.688,4738.67,4729.65,4732.032
2026-04-13T16:30:00+08:00,4732.03,4736.4,4719.82,4723.342
2026-04-13T17:00:00+08:00,4723.373,4728.62,4713.71,4715.202
2026-04-13T17:30:00+08:00,4715.16,4720.03,4710.22,4714.545
2026-04-13T18:00:00+08:00,4714.572,4718.915,4707.95,4712.479
2026-04-13T18:30:00+08:00,4712.16,4723.95,4711.36,4721.77
2026-04-13T19:00:00+08:00,4722.172,4729.15,4718.24,4720.932
2026-04-13T19:30:00+08:00,4720.89,4722.48,4703.165,4706.595
2026-04-13T20:00:00+08:00,4706.62,4720.32,4703.22,4710.53
2026-04-13T20:30:00+08:00,4710.475,4725.23,4708.51,4723.02
2026-04-13T21:00:00+08:00,4723.488,4737.548,4722.47,4733.38
2026-04-13T21:30:00+08:00,4733.362,4744.638,4720.89,4730.263
2026-04-13T22:00:00+08:00,4730.492,4731.27,4708.98,4715.372
2026-04-13T22:30:00+08:00,4715.37,4723.382,4708.285,4719.06
2026-04-13T23:00:00+08:00,4719.072,4719.85,4699.91,4703.615
2026-04-13T23:30:00+08:00,4703.37,4718.15,4701.65,4714.305
2026-04-14T00:00:00+08:00,4714.05,4734.14,4708.8,4730.292
2026-04-14T00:30:00+08:00,4730.27,4746.22,4728.09,4732.56
2026-04-14T01:00:00+08:00,4732.97,4750.14,4725.1,4742.7
2026-04-14T01:30:00+08:00,4743.04,4747.53,4726.94,4729.98
2026-04-14T02:00:00+08:00,4729.56,4733.06,4722.66,4727.372
2026-04-14T02:30:00+08:00,4727.34,4740.71,4726.21,4738.63
2026-04-14T03:00:00+08:00,4738.09,4744.049,4730.24,4742.9
2026-04-14T03:30:00+08:00,4743.14,4747.53,4738.745,4741.17
2026-04-14T04:00:00+08:00,4740.958,4744.112,4737.86,4739.34
2026-04-14T04:30:00+08:00,4739.352,4743.02,4737.6,4742.6
2026-04-14T06:00:00+08:00,4744.6,4756.38,4742.3,4748.558
2026-04-14T06:30:00+08:00,4748.622,4759.65,4745.74,4757.873
2026-04-14T07:00:00+08:00,4757.91,4765.793,4754.21,4755.325
2026-04-14T07:30:00+08:00,4754.76,4761.96,4753.87,4757.551
2026-04-14T08:00:00+08:00,4757.65,4767.639,4750.99,4762.1
2026-04-14T08:30:00+08:00,4762.1,4775.893,4761.145,4769.74
2026-04-14T09:00:00+08:00,4769.751,4776.85,4761.77,4770.22
2026-04-14T09:30:00+08:00,4770.339,4773.785,4761.13,4764.856
2026-04-14T10:00:00+08:00,4765.15,4772.61,4762.21,4768.769
2026-04-14T10:30:00+08:00,4768.72,4777.19,4761.41,4775.111
2026-04-14T11:00:00+08:00,4775.102,4775.59,4765.29,4768.389
2026-04-14T11:30:00+08:00,4768.63,4772.06,4765.298,4767.69
2026-04-14T12:00:00+08:00,4767.927,4776.935,4766.56,4775.52
2026-04-14T12:30:00+08:00,4775.81,4776.26,4771.07,4774.099
2026-04-14T13:00:00+08:00,4774.08,4774.33,4761.08,4764.51
2026-04-14T13:30:00+08:00,4764.602,4767.34,4757.6,4760.027
2026-04-14T14:00:00+08:00,4760.027,4769.86,4759.36,4767.14
2026-04-14T14:30:00+08:00,4767.671,4783.02,4763.93,4781.8
2026-04-14T15:00:00+08:00,4781.795,4796.552,4767.5,4772.23
2026-04-14T15:30:00+08:00,4772.635,4780.71,4771.51,4776.89
2026-04-14T16:00:00+08:00,4777.25,4786.63,4773.84,4785.69
2026-04-14T16:30:00+08:00,4785.951,4789.931,4781.168,4786.53
2026-04-14T17:00:00+08:00,4786.685,4789.26,4778.18,4778.5
2026-04-14T17:30:00+08:00,4778.33,4782.37,4771.31,4777.86
2026-04-14T18:00:00+08:00,4777.85,4788.18,4777.85,4783.849
2026-04-14T18:30:00+08:00,4783.849,4784.61,4751.285,4768.282
2026-04-14T19:00:00+08:00,4768.336,4783.06,4766.57,4777.85
2026-04-14T19:30:00+08:00,4777.84,4782.93,4770.298,4774.72
2026-04-14T20:00:00+08:00,4774.979,4777.69,4762.2,4769.111
2026-04-14T20:30:00+08:00,4768.68,4776.289,4761.905,4771.21
2026-04-14T21:00:00+08:00,4770.99,4792.56,4770.74,4783.047
2026-04-14T21:30:00+08:00,4783.06,4803.612,4779.775,4794.21
2026-04-14T22:00:00+08:00,4794.37,4810.83,4792.62,4809.341
2026-04-14T22:30:00+08:00,4809.342,4818.04,4794.948,4803.565
2026-04-14T23:00:00+08:00,4803.86,4805.84,4790.89,4802.345
2026-04-14T23:30:00+08:00,4802.395,4816.26,4802.028,4808.06
2026-04-15T00:00:00+08:00,4807.795,4819.35,4804.43,4816.22
2026-04-15T00:30:00+08:00,4816.08,4820.38,4808.808,4810.222
2026-04-15T01:00:00+08:00,4810.222,4833.65,4809.198,4825.751
2026-04-15T01:30:00+08:00,4825.74,4841.703,4824.78,4834.845
2026-04-15T02:00:00+08:00,4834.955,4843.4,4832.808,4837.55
2026-04-15T02:30:00+08:00,4837.78,4839.31,4830.49,4835.308
2026-04-15T03:00:00+08:00,4835.671,4842.57,4835.305,4840.75
2026-04-15T03:30:00+08:00,4840.75,4846.35,4838.298,4844.921
2026-04-15T04:00:00+08:00,4844.725,4846.221,4839.26,4840.316
2026-04-15T04:30:00+08:00,4840.438,4843.34,4839.4,4842.59
2026-04-15T06:00:00+08:00,4839.371,4850.831,4835.748,4840.028
2026-04-15T06:30:00+08:00,4840.078,4843.26,4832.54,4834.448
2026-04-15T07:00:00+08:00,4834.448,4844.15,4833.11,4836.08
2026-04-15T07:30:00+08:00,4836.09,4844.136,4834.598,4837.111
2026-04-15T08:00:00+08:00,4837.085,4840.125,4828.33,4833.638
2026-04-15T08:30:00+08:00,4833.62,4837.52,4826.6,4835.353
2026-04-15T09:00:00+08:00,4835.351,4871.52,4827.73,4850.714
2026-04-15T09:30:00+08:00,4850.856,4851.441,4839.39,4847.03
2026-04-15T10:00:00+08:00,4846.72,4853.46,4831.948,4834.611
2026-04-15T10:30:00+08:00,4834.54,4835.44,4820.19,4823.92
2026-04-15T11:00:00+08:00,4823.823,4828.12,4816.36,4826.47
2026-04-15T11:30:00+08:00,4826.426,4829.72,4823.54,4823.94
2026-04-15T12:00:00+08:00,4823.63,4826.7,4820.105,4824.488
2026-04-15T12:30:00+08:00,4824.84,4827.84,4820.94,4824.6
2026-04-15T13:00:00+08:00,4824.857,4830.463,4822.098,4826.1
2026-04-15T13:30:00+08:00,4826.11,4827.94,4812.09,4819.535
2026-04-15T14:00:00+08:00,4819.54,4825.007,4813.25,4814.4
2026-04-15T14:30:00+08:00,4814.694,4822.177,4810.855,4812.19
2026-04-15T15:00:00+08:00,4811.63,4817.07,4803.5,4812.46
2026-04-15T15:30:00+08:00,4812.77,4815.841,4805.705,4810.96
2026-04-15T16:00:00+08:00,4811.57,4814.3,4804.215,4810.07
2026-04-15T16:30:00+08:00,4809.5,4821.49,4805.15,4818.398
2026-04-15T17:00:00+08:00,4818.442,4819.57,4792.42,4797.61
2026-04-15T17:30:00+08:00,4797.991,4803.84,4785.89,4797.95
2026-04-15T18:00:00+08:00,4798.128,4803.17,4789.915,4794.805
2026-04-15T18:30:00+08:00,4794.8,4805.33,4792.65,4799.56
2026-04-15T19:00:00+08:00,4799.982,4807.17,4795.2,4804.871
2026-04-15T19:30:00+08:00,4804.908,4815.08,4802.43,4812.64
2026-04-15T20:00:00+08:00,4812.571,4816.27,4806.65,4812.802
2026-04-15T20:30:00+08:00,4812.565,4816.08,4808.07,4811.577
2026-04-15T21:00:00+08:00,4811.577,4822.03,4808.11,4821.722
2026-04-15T21:30:00+08:00,4821.718,4830.18,4815.38,4828.847
2026-04-15T22:00:00+08:00,4828.847,4830.65,4819.97,4825.112
2026-04-15T22:30:00+08:00,4825.191,4825.79,4813.09,4815.34
2026-04-15T23:00:00+08:00,4815.58,4816.25,4797.318,4798.125
2026-04-15T23:30:00+08:00,4798.205,4807.55,4786.71,4801.31
2026-04-16T00:00:00+08:00,4801.6,4812.697,4800.05,4810.94
2026-04-16T00:30:00+08:00,4811.25,4811.96,4799.73,4803.931
2026-04-16T01:00:00+08:00,4803.53,4808.74,4797.5,4801.817
2026-04-16T01:30:00+08:00,4801.802,4802.84,4790.37,4792.577
2026-04-16T02:00:00+08:00,4792.315,4801.49,4789.76,4794.41
2026-04-16T02:30:00+08:00,4794.405,4802.022,4794.3,4799.49
2026-04-16T03:00:00+08:00,4799.42,4803.56,4797.35,4802.66
2026-04-16T03:30:00+08:00,4803.002,4803.1,4794.25,4795.731
2026-04-16T04:00:00+08:00,4795.63,4796.68,4792.26,4793.755
2026-04-16T04:30:00+08:00,4793.44,4797.818,4787.19,4797.693
2026-04-16T06:00:00+08:00,4790.142,4802.145,4789.65,4801.01
2026-04-16T06:30:00+08:00,4800.4,4812,4798.44,4807.61
2026-04-16T07:00:00+08:00,4807.483,4815.9,4806.91,4814.962
2026-04-16T07:30:00+08:00,4814.928,4826.833,4813.96,4823.351
2026-04-16T08:00:00+08:00,4822.91,4831.29,4821.86,4824.35
2026-04-16T08:30:00+08:00,4824.71,4837.7,4819.2,4833.06
2026-04-16T09:00:00+08:00,4832.32,4836.42,4822.26,4823.26
2026-04-16T09:30:00+08:00,4823.557,4825.597,4810.7,4817.82
2026-04-16T10:00:00+08:00,4817.6,4825.06,4816.57,4819.16
2026-04-16T10:30:00+08:00,4818.83,4821.48,4811.89,4819.77
2026-04-16T11:00:00+08:00,4819.26,4827.14,4818.69,4823.87
2026-04-16T11:30:00+08:00,4823.34,4826.67,4818.49,4824.051
2026-04-16T12:00:00+08:00,4823.993,4830.12,4822.27,4826.51
2026-04-16T12:30:00+08:00,4826,4833.54,4824.43,4833.017
2026-04-16T13:00:00+08:00,4833.02,4838.41,4831.06,4833.16
2026-04-16T13:30:00+08:00,4832.96,4833.887,4820.65,4821.17
2026-04-16T14:00:00+08:00,4821.211,4827.835,4813.74,4816.195
2026-04-16T14:30:00+08:00,4816.212,4830.69,4814.51,4826.001
2026-04-16T15:00:00+08:00,4825.61,4830.97,4816.47,4828.112
2026-04-16T15:30:00+08:00,4828.133,4830.25,4818.888,4821.31
2026-04-16T16:00:00+08:00,4820.73,4822.11,4806.955,4811.379
2026-04-16T16:30:00+08:00,4811.19,4814.9,4806.128,4813.691
2026-04-16T17:00:00+08:00,4813.44,4818.109,4810.99,4813.23
2026-04-16T17:30:00+08:00,4813.193,4815.49,4806.48,4812.95
2026-04-16T18:00:00+08:00,4812.655,4815.77,4804.855,4806.83
2026-04-16T18:30:00+08:00,4807.002,4817.39,4804.96,4817.171
2026-04-16T19:00:00+08:00,4816.9,4820.73,4815.195,4816.05
2026-04-16T19:30:00+08:00,4816.05,4822.57,4815.558,4821.97
2026-04-16T20:00:00+08:00,4822.097,4823.19,4811.25,4814.88
2026-04-16T20:30:00+08:00,4815.136,4820.79,4811.41,4815.99
2026-04-16T21:00:00+08:00,4816.185,4823.107,4813.79,4815.33
2026-04-16T21:30:00+08:00,4815.52,4824.07,4784.42,4794.68
2026-04-16T22:00:00+08:00,4794.802,4805.412,4784.875,4798.89
2026-04-16T22:30:00+08:00,4798.987,4800.688,4772.35,4788.64
2026-04-16T23:00:00+08:00,4788.8,4813.03,4787.84,4801.55
2026-04-16T23:30:00+08:00,4801.812,4811.11,4797.68,4806.865
2026-04-17T00:00:00+08:00,4806.69,4810.098,4796.505,4799.198
2026-04-17T00:30:00+08:00,4799.181,4799.95,4784.935,4791.93
2026-04-17T01:00:00+08:00,4791.942,4795.54,4784.425,4784.96
2026-04-17T01:30:00+08:00,4785.077,4791.095,4781.215,4789.118
2026-04-17T02:00:00+08:00,4789.145,4794.262,4785.27,4786.982
2026-04-17T02:30:00+08:00,4787.02,4792.74,4786.455,4789.29
2026-04-17T03:00:00+08:00,4789.29,4795.11,4789.22,4790.66
2026-04-17T03:30:00+08:00,4790.715,4798.63,4790.29,4793.605
2026-04-17T04:00:00+08:00,4793.44,4793.94,4787.74,4788.96
2026-04-17T04:30:00+08:00,4788.91,4790.92,4785.93,4787.431
2026-04-17T06:00:00+08:00,4791.488,4798.049,4790.77,4793.868
2026-04-17T06:30:00+08:00,4793.929,4796.87,4790.27,4795.21
2026-04-17T07:00:00+08:00,4795.21,4797.85,4791.32,4794.07
2026-04-17T07:30:00+08:00,4793.92,4796.83,4791.17,4791.689
2026-04-17T08:00:00+08:00,4791.4,4793.03,4785.29,4792.53
2026-04-17T08:30:00+08:00,4792.838,4801.31,4792.05,4794.735
2026-04-17T09:00:00+08:00,4794.81,4795.67,4767.05,4768.665
2026-04-17T09:30:00+08:00,4768.57,4791.58,4767.05,4789.26
2026-04-17T10:00:00+08:00,4789.422,4794.46,4787.72,4788.967
2026-04-17T10:30:00+08:00,4788.73,4794.91,4783.71,4784.511
2026-04-17T11:00:00+08:00,4784.405,4798.28,4784.03,4794.14
2026-04-17T11:30:00+08:00,4794.04,4796.74,4791.62,4793.02
2026-04-17T12:00:00+08:00,4793.02,4796.36,4792.03,4795.96
2026-04-17T12:30:00+08:00,4795.845,4804.59,4794.73,4803.062
2026-04-17T13:00:00+08:00,4803.015,4806.26,4799.4,4803.49
2026-04-17T13:30:00+08:00,4803.49,4805.43,4793.39,4794.26
2026-04-17T14:00:00+08:00,4793.78,4795.27,4782.918,4783.78
2026-04-17T14:30:00+08:00,4783.769,4787.24,4778.67,4784.95
2026-04-17T15:00:00+08:00,4784.977,4793,4783.73,4791.578
2026-04-17T15:30:00+08:00,4791.4,4794.83,4778.37,4784.318
2026-04-17T16:00:00+08:00,4784.33,4791.12,4780.62,4784.4
2026-04-17T16:30:00+08:00,4784.2,4796.917,4783.97,4795.837
2026-04-17T17:00:00+08:00,4795.93,4800.966,4791.67,4795.38
2026-04-17T17:30:00+08:00,4795.38,4799.18,4789.665,4790.302
2026-04-17T18:00:00+08:00,4790.28,4794.092,4786.835,4789.25
2026-04-17T18:30:00+08:00,4789.513,4789.876,4781.92,4787.29
2026-04-17T19:00:00+08:00,4787.35,4793.4,4783.2,4792.7
2026-04-17T19:30:00+08:00,4792.87,4811.837,4789.44,4799.038
2026-04-17T20:00:00+08:00,4799.15,4819.69,4797.418,4816.72
2026-04-17T20:30:00+08:00,4816.72,4847.74,4814.928,4845.93
2026-04-17T21:00:00+08:00,4846.29,4890.967,4834.57,4851.14
2026-04-17T21:30:00+08:00,4851.617,4882.17,4847.93,4880.281
2026-04-17T22:00:00+08:00,4879.96,4885.64,4860.43,4871.367
2026-04-17T22:30:00+08:00,4871.446,4883.157,4868.925,4872.82
2026-04-17T23:00:00+08:00,4872.71,4880.6,4861.98,4865.62
2026-04-17T23:30:00+08:00,4865.745,4874.19,4854.56,4867.09
2026-04-18T00:00:00+08:00,4867.43,4873.51,4863.25,4867.55
2026-04-18T00:30:00+08:00,4867.711,4872.95,4864.47,4866.798
2026-04-18T01:00:00+08:00,4866.96,4869.527,4853.07,4858.21
2026-04-18T01:30:00+08:00,4858.445,4863.54,4853.58,4862.378
2026-04-18T02:00:00+08:00,4862.26,4868.12,4858.435,4860.677
2026-04-18T02:30:00+08:00,4860.608,4866.73,4855.378,4858.147
2026-04-18T03:00:00+08:00,4858.3,4858.9,4853.21,4856.66
2026-04-18T03:30:00+08:00,4856.94,4861.33,4852.38,4854.178
2026-04-18T04:00:00+08:00,4854.48,4855.21,4843.94,4845.775
2026-04-18T04:30:00+08:00,4845.61,4847.04,4826.968,4837.49
2026-04-20T06:00:00+08:00,4792.17,4795.13,4759.061,4784.795
2026-04-20T06:30:00+08:00,4785.002,4790.817,4777.34,4779.145
2026-04-20T07:00:00+08:00,4779.287,4779.48,4767.26,4769.01
2026-04-20T07:30:00+08:00,4768.72,4773.48,4736.39,4754.74
2026-04-20T08:00:00+08:00,4755.062,4765.791,4744.295,4765.331
2026-04-20T08:30:00+08:00,4765.09,4774.35,4758.99,4772.322
2026-04-20T09:00:00+08:00,4771.7,4803.82,4770.63,4802.812
2026-04-20T09:30:00+08:00,4802.74,4814.39,4800.91,4807.36
2026-04-20T10:00:00+08:00,4807.821,4809.177,4798.08,4799.95
2026-04-20T10:30:00+08:00,4800.223,4801.99,4792.68,4797.03
2026-04-20T11:00:00+08:00,4796.65,4798.45,4788.445,4794.87
2026-04-20T11:30:00+08:00,4795.038,4796.81,4788.708,4790.5
2026-04-20T12:00:00+08:00,4790.645,4795.789,4790.48,4794.591
2026-04-20T12:30:00+08:00,4794.591,4794.86,4786.8,4788.793
2026-04-20T13:00:00+08:00,4788.65,4793.066,4783.92,4787.69
2026-04-20T13:30:00+08:00,4787.66,4796.21,4779.15,4790.78
2026-04-20T14:00:00+08:00,4790.812,4793.917,4783.46,4785.91
2026-04-20T14:30:00+08:00,4786.051,4795.49,4785.12,4795.03
2026-04-20T15:00:00+08:00,4795.39,4805.82,4793.59,4797.794
2026-04-20T15:30:00+08:00,4797.83,4798.79,4786.605,4789.59
2026-04-20T16:00:00+08:00,4789.657,4792.62,4785.71,4791.71
2026-04-20T16:30:00+08:00,4791.84,4796.37,4788.34,4796.3
2026-04-20T17:00:00+08:00,4795.91,4797.95,4791.47,4792.274
2026-04-20T17:30:00+08:00,4792,4797.29,4783.16,4791.637
2026-04-20T18:00:00+08:00,4791.511,4801.04,4789.485,4798.34
2026-04-20T18:30:00+08:00,4798.05,4800.24,4794.21,4795.62
2026-04-20T19:00:00+08:00,4795.9,4796.31,4786.315,4788.397
2026-04-20T19:30:00+08:00,4788.23,4811.16,4787.455,4810.445
2026-04-20T20:00:00+08:00,4810.27,4822.48,4802.605,4805.36
2026-04-20T20:30:00+08:00,4805.34,4809.75,4798.795,4803.314
2026-04-20T21:00:00+08:00,4803.355,4825.86,4799.35,4824.335
2026-04-20T21:30:00+08:00,4824.148,4826.46,4815.515,4817.87
2026-04-20T22:00:00+08:00,4817.545,4826.91,4806.58,4823
2026-04-20T22:30:00+08:00,4823.287,4827.63,4791.7,4805.159
2026-04-20T23:00:00+08:00,4805.291,4809.54,4792.425,4808.74
2026-04-20T23:30:00+08:00,4807.845,4809.34,4795.015,4799.675
2026-04-21T00:00:00+08:00,4799.445,4801.94,4792.35,4801.3
2026-04-21T00:30:00+08:00,4800.88,4806.52,4798.53,4805.485
2026-04-21T01:00:00+08:00,4805.58,4811.36,4803.558,4809.985
2026-04-21T01:30:00+08:00,4809.985,4812.1,4804.78,4806.55
2026-04-21T02:00:00+08:00,4806.515,4815.937,4806.47,4813.068
2026-04-21T02:30:00+08:00,4813.28,4816.527,4810.498,4814.071
2026-04-21T03:00:00+08:00,4813.97,4821.346,4813.485,4816.955
2026-04-21T03:30:00+08:00,4816.96,4817.326,4810.055,4814.01
2026-04-21T04:00:00+08:00,4813.968,4817.026,4811.65,4815.817
2026-04-21T04:30:00+08:00,4815.54,4822.465,4812.47,4822.293
2026-04-21T06:00:00+08:00,4822.8,4833.231,4814.634,4828.37
2026-04-21T06:30:00+08:00,4828.37,4831.76,4824.72,4827.535
2026-04-21T07:00:00+08:00,4827.66,4831.755,4823.25,4825.22
2026-04-21T07:30:00+08:00,4825.21,4825.661,4819.35,4821.28
2026-04-21T08:00:00+08:00,4821.81,4830.78,4818.89,4819.13
2026-04-21T08:30:00+08:00,4820.17,4826.28,4816.13,4823.825
2026-04-21T09:00:00+08:00,4823.61,4824.62,4812.59,4818.25
2026-04-21T09:30:00+08:00,4818.225,4819.14,4805.25,4810.33
2026-04-21T10:00:00+08:00,4810.112,4810.49,4803.09,4807.475
2026-04-21T10:30:00+08:00,4807.06,4808.17,4802.01,4806.776
2026-04-21T11:00:00+08:00,4806.88,4807.71,4793.335,4798.56
2026-04-21T11:30:00+08:00,4798.25,4799.93,4792.18,4796.945
2026-04-21T12:00:00+08:00,4796.81,4797.9,4790.77,4792.07
2026-04-21T12:30:00+08:00,4792.157,4794.38,4788.33,4788.95
2026-04-21T13:00:00+08:00,4788.705,4793.23,4785.54,4787.38
2026-04-21T13:30:00+08:00,4787.385,4797.13,4782.785,4784.03
2026-04-21T14:00:00+08:00,4784.15,4790.75,4775.1,4778.807
2026-04-21T14:30:00+08:00,4778.82,4783.5,4774.298,4778.47
2026-04-21T15:00:00+08:00,4778.99,4787.66,4772.395,4783.325
2026-04-21T15:30:00+08:00,4783.15,4792.73,4780.458,4786.02
2026-04-21T16:00:00+08:00,4786.038,4789.35,4774.318,4787.105
2026-04-21T16:30:00+08:00,4787.06,4793,4784.34,4785.863
2026-04-21T17:00:00+08:00,4785.95,4788.01,4780.82,4782.162
2026-04-21T17:30:00+08:00,4782.207,4789.71,4781.56,4783.345
2026-04-21T18:00:00+08:00,4783.82,4785.98,4780.545,4782.858
2026-04-21T18:30:00+08:00,4783.04,4790.46,4782.34,4789.697
2026-04-21T19:00:00+08:00,4789.65,4790.37,4774.72,4783.54
2026-04-21T19:30:00+08:00,4783.587,4798.1,4782.8,4794.524
2026-04-21T20:00:00+08:00,4794.49,4797.02,4778.84,4780.771
2026-04-21T20:30:00+08:00,4780.771,4790.495,4766.035,4778.48
2026-04-21T21:00:00+08:00,4778.62,4783.92,4760.65,4774.48
2026-04-21T21:30:00+08:00,4774.822,4794.42,4769.84,4778.825
2026-04-21T22:00:00+08:00,4779.031,4782.55,4769.36,4774.028
2026-04-21T22:30:00+08:00,4774.067,4775.04,4723.07,4739.16
2026-04-21T23:00:00+08:00,4738.982,4757.76,4727.31,4742.402
2026-04-21T23:30:00+08:00,4742.245,4750.18,4736.14,4740.95
2026-04-22T00:00:00+08:00,4741.67,4746.93,4719.48,4720.82
2026-04-22T00:30:00+08:00,4720.82,4727.99,4707.68,4710.92
2026-04-22T01:00:00+08:00,4710.865,4719.06,4697.04,4699.95
2026-04-22T01:30:00+08:00,4700.022,4722.165,4696.36,4710.38
2026-04-22T02:00:00+08:00,4710.81,4714.762,4691.71,4696.143
2026-04-22T02:30:00+08:00,4696.192,4713.963,4695.47,4709.32
2026-04-22T03:00:00+08:00,4708.59,4715.41,4703.96,4713.37
2026-04-22T03:30:00+08:00,4713.7,4714.78,4667.68,4678.955
2026-04-22T04:00:00+08:00,4679.25,4711.31,4668.39,4705.452
2026-04-22T04:30:00+08:00,4705.712,4721.625,4704.64,4721.483
2026-04-22T06:00:00+08:00,4720.792,4729.43,4715.91,4719.042
2026-04-22T06:30:00+08:00,4719.1,4720.076,4714.86,4719.415
2026-04-22T07:00:00+08:00,4719.31,4733.17,4717.48,4729.755
2026-04-22T07:30:00+08:00,4729.913,4740.66,4728.26,4737.795
2026-04-22T08:00:00+08:00,4737.932,4747.59,4737.67,4742.29
2026-04-22T08:30:00+08:00,4742.2,4747.2,4737.95,4739.58
2026-04-22T09:00:00+08:00,4739.765,4749.25,4735.2,4746.31
2026-04-22T09:30:00+08:00,4746.26,4755.73,4745.68,4752.07
2026-04-22T10:00:00+08:00,4752.112,4758.33,4749.728,4755.52
2026-04-22T10:30:00+08:00,4755.588,4758.97,4749.94,4755.614
2026-04-22T11:00:00+08:00,4755.66,4764.7,4752.19,4762.97
2026-04-22T11:30:00+08:00,4764.37,4766.32,4756.06,4757.16
2026-04-22T12:00:00+08:00,4757.12,4759.679,4754.01,4755.909
2026-04-22T12:30:00+08:00,4755.61,4759.61,4751.86,4754.433
2026-04-22T13:00:00+08:00,4754.58,4771.78,4751.74,4765.785
2026-04-22T13:30:00+08:00,4766.169,4772.13,4763.39,4767.42
2026-04-22T14:00:00+08:00,4767.41,4768,4758.38,4766.98
2026-04-22T14:30:00+08:00,4766.98,4768.49,4762.93,4767.55
2026-04-22T15:00:00+08:00,4767.535,4772.307,4762.24,4766.022
2026-04-22T15:30:00+08:00,4765.875,4766.68,4759.345,4760.465
2026-04-22T16:00:00+08:00,4760.502,4762.32,4753.88,4754.309
2026-04-22T16:30:00+08:00,4753.86,4758.46,4751.51,4756.73
2026-04-22T17:00:00+08:00,4756.98,4761.969,4756.04,4756.34
2026-04-22T17:30:00+08:00,4756.45,4762.5,4752.08,4755.109
2026-04-22T18:00:00+08:00,4755.07,4757.7,4745.4,4754.61
2026-04-22T18:30:00+08:00,4754.59,4760.325,4753.368,4759.189
2026-04-22T19:00:00+08:00,4759.09,4760.88,4755.99,4757.242
2026-04-22T19:30:00+08:00,4757.24,4759.94,4747.57,4750.27
2026-04-22T20:00:00+08:00,4750.31,4760.092,4746.925,4753.082
2026-04-22T20:30:00+08:00,4753.05,4754.42,4742.6,4744.26
2026-04-22T21:00:00+08:00,4744.14,4750.79,4736.02,4749.63
2026-04-22T21:30:00+08:00,4750.02,4761.12,4741.63,4753
2026-04-22T22:00:00+08:00,4752.735,4757.51,4741.96,4743.82
2026-04-22T22:30:00+08:00,4743.906,4744.68,4729.78,4735.893
2026-04-22T23:00:00+08:00,4736.05,4740.15,4729.54,4735.072
2026-04-22T23:30:00+08:00,4735.085,4735.51,4724.74,4727.53
2026-04-23T00:00:00+08:00,4727.572,4735,4723.89,4726.875
2026-04-23T00:30:00+08:00,4726.85,4732.16,4723.57,4728.5
2026-04-23T01:00:00+08:00,4728.639,4739.5,4728.25,4735.102
2026-04-23T01:30:00+08:00,4734.945,4738.33,4733.26,4736.97
2026-04-23T02:00:00+08:00,4737.09,4738.622,4729.56,4730.23
2026-04-23T02:30:00+08:00,4730.352,4750.03,4729.87,4741.63
2026-04-23T03:00:00+08:00,4741.65,4745.449,4736.46,4744.275
2026-04-23T03:30:00+08:00,4744.33,4744.73,4736.795,4740.06
2026-04-23T04:00:00+08:00,4740.015,4740.48,4733.98,4736.76
2026-04-23T04:30:00+08:00,4736.82,4740.72,4735.62,4739.57
2026-04-23T06:00:00+08:00,4756.35,4756.36,4732.05,4732.899
2026-04-23T06:30:00+08:00,4732.91,4735.28,4724.94,4726.09
2026-04-23T07:00:00+08:00,4725.92,4729.989,4722.96,4728.081
2026-04-23T07:30:00+08:00,4728.19,4729.503,4723.17,4727.7
2026-04-23T08:00:00+08:00,4727.11,4742.59,4693.638,4741.439
2026-04-23T08:30:00+08:00,4741.37,4753.819,4740.84,4747.825
2026-04-23T09:00:00+08:00,4748.082,4749.93,4726.59,4728.19
2026-04-23T09:30:00+08:00,4728.015,4736.86,4722.05,4723.16
2026-04-23T10:00:00+08:00,4723.045,4724.73,4704.32,4713.35
2026-04-23T10:30:00+08:00,4713.72,4715.76,4697.73,4698.38
2026-04-23T11:00:00+08:00,4698.773,4708.72,4697.84,4703.25
2026-04-23T11:30:00+08:00,4703.19,4707.55,4700.618,4703.867
2026-04-23T12:00:00+08:00,4703.6,4707.21,4700.46,4705.46
2026-04-23T12:30:00+08:00,4705.315,4707.19,4698.455,4704.57
2026-04-23T13:00:00+08:00,4704.11,4710.38,4703.065,4705.98
2026-04-23T13:30:00+08:00,4705.86,4715.44,4692.078,4713.485
2026-04-23T14:00:00+08:00,4713.36,4718.28,4708.29,4712.27
2026-04-23T14:30:00+08:00,4712.12,4721.47,4708.875,4712.999
2026-04-23T15:00:00+08:00,4712.91,4716.57,4702.76,4706.042
2026-04-23T15:30:00+08:00,4705.885,4720.63,4703.12,4719.06
2026-04-23T16:00:00+08:00,4719.083,4724.881,4714.75,4715.449
2026-04-23T16:30:00+08:00,4715.448,4716.28,4701.395,4703.269
2026-04-23T17:00:00+08:00,4703.259,4703.67,4694.45,4700.87
2026-04-23T17:30:00+08:00,4700.852,4703.133,4694.515,4697.18
2026-04-23T18:00:00+08:00,4697.51,4701.72,4684.205,4686.535
2026-04-23T18:30:00+08:00,4686.566,4697.22,4683.93,4696.49
2026-04-23T19:00:00+08:00,4696.425,4703.37,4695.2,4699.144
2026-04-23T19:30:00+08:00,4699.16,4720.92,4696.34,4720.53
2026-04-23T20:00:00+08:00,4720.54,4738.56,4719.525,4732.995
2026-04-23T20:30:00+08:00,4733.055,4743.148,4730.99,4739.905
2026-04-23T21:00:00+08:00,4740.01,4740.752,4723.46,4727.363
2026-04-23T21:30:00+08:00,4726.9,4741.152,4723.92,4724.315
2026-04-23T22:00:00+08:00,4724.18,4735.96,4716.74,4731.29
2026-04-23T22:30:00+08:00,4731.292,4737.38,4725.625,4733.22
2026-04-23T23:00:00+08:00,4733.546,4741.14,4726.42,4733.406
2026-04-23T23:30:00+08:00,4733.512,4735.08,4715.975,4720.412
2026-04-24T00:00:00+08:00,4720.1,4725.07,4714.79,4722.88
2026-04-24T00:30:00+08:00,4723.12,4737.25,4722.35,4732.858
2026-04-24T01:00:00+08:00,4732.63,4734.58,4704.21,4706.22
2026-04-24T01:30:00+08:00,4706.35,4714.012,4663.58,4709.16
2026-04-24T02:00:00+08:00,4709.242,4722.3,4707.27,4716.702
2026-04-24T02:30:00+08:00,4716.66,4720.63,4698.96,4701.157
2026-04-24T03:00:00+08:00,4701.107,4704.51,4692.25,4700.22
2026-04-24T03:30:00+08:00,4699.81,4701.34,4689.195,4695.945
2026-04-24T04:00:00+08:00,4696.01,4698.2,4686.36,4689.33
2026-04-24T04:30:00+08:00,4689.32,4704.715,4687.57,4692.42
2026-04-24T06:00:00+08:00,4702.58,4705.65,4691.66,4692.49
2026-04-24T06:30:00+08:00,4692.732,4696.75,4689.54,4693.15
2026-04-24T07:00:00+08:00,4693.151,4695.65,4686.39,4694.399
2026-04-24T07:30:00+08:00,4694.36,4700.8,4691.83,4695.33
2026-04-24T08:00:00+08:00,4695.3,4705.66,4690.46,4705.42
2026-04-24T08:30:00+08:00,4705.41,4707.9,4696.7,4704.365
2026-04-24T09:00:00+08:00,4704.55,4711.1,4695.37,4698.233
2026-04-24T09:30:00+08:00,4698.32,4702.37,4690,4698.91
2026-04-24T10:00:00+08:00,4699.41,4700.74,4681.8,4683.6
2026-04-24T10:30:00+08:00,4683.652,4690.97,4672.65,4676.595
2026-04-24T11:00:00+08:00,4676.495,4678.36,4668.23,4674.38
2026-04-24T11:30:00+08:00,4674.372,4678.24,4671.08,4672.24
2026-04-24T12:00:00+08:00,4672.2,4674.64,4658.36,4659.51
2026-04-24T12:30:00+08:00,4659.505,4676.9,4657.485,4674.34
2026-04-24T13:00:00+08:00,4674.34,4678.58,4669.19,4676.45
2026-04-24T13:30:00+08:00,4676.43,4687.443,4676.12,4685.92
2026-04-24T14:00:00+08:00,4686.32,4688.06,4669.68,4671.42
2026-04-24T14:30:00+08:00,4671.337,4676.66,4666.32,4671.912
2026-04-24T15:00:00+08:00,4671.8,4684.94,4670.735,4684.37
2026-04-24T15:30:00+08:00,4684.52,4695.34,4682.04,4694.61
2026-04-24T16:00:00+08:00,4694.42,4697.52,4686.14,4687.675
2026-04-24T16:30:00+08:00,4687.82,4693.07,4684.72,4690.68
2026-04-24T17:00:00+08:00,4690.7,4696.83,4682.01,4683.145
2026-04-24T17:30:00+08:00,4683.38,4688.67,4678.97,4681.95
2026-04-24T18:00:00+08:00,4682.01,4686.218,4679.98,4682.16
2026-04-24T18:30:00+08:00,4682.265,4682.4,4674.27,4677.762
2026-04-24T19:00:00+08:00,4677.742,4717.12,4677.44,4715.22
2026-04-24T19:30:00+08:00,4715.205,4717.36,4702.61,4706.78
2026-04-24T20:00:00+08:00,4706.839,4711.85,4701.12,4710.315
2026-04-24T20:30:00+08:00,4710.195,4711.66,4689.94,4700.686
2026-04-24T21:00:00+08:00,4700.685,4705.7,4693.26,4697.047
2026-04-24T21:30:00+08:00,4696.99,4718.12,4689.43,4711.52
2026-04-24T22:00:00+08:00,4712.01,4740.32,4706.59,4725.482
2026-04-24T22:30:00+08:00,4725.44,4733.06,4723.34,4726.27
2026-04-24T23:00:00+08:00,4726.28,4727.27,4718.38,4721.909
2026-04-24T23:30:00+08:00,4721.845,4733.52,4714.475,4727.07
2026-04-25T00:00:00+08:00,4727.025,4729.75,4718.33,4723.215
2026-04-25T00:30:00+08:00,4723.21,4728.5,4718.93,4726.65
2026-04-25T01:00:00+08:00,4726.68,4730.58,4722.02,4722.912
2026-04-25T01:30:00+08:00,4722.84,4727.98,4718.72,4723.245
2026-04-25T02:00:00+08:00,4723.27,4724.85,4716.62,4717.17
2026-04-25T02:30:00+08:00,4716.64,4723.262,4716.39,4722.63
2026-04-25T03:00:00+08:00,4722.65,4726.06,4716.95,4719.002
2026-04-25T03:30:00+08:00,4719.02,4720.7,4713.13,4716.785
2026-04-25T04:00:00+08:00,4716.567,4717.45,4704.93,4707.95
2026-04-25T04:30:00+08:00,4707.95,4710.582,4704.66,4708.62
2026-04-27T06:00:00+08:00,4721.28,4721.29,4679.22,4686.87
2026-04-27T06:30:00+08:00,4686.64,4686.91,4681.39,4684.61
2026-04-27T07:00:00+08:00,4684.61,4684.99,4676.7,4677.39
2026-04-27T07:30:00+08:00,4677.35,4682.27,4674.48,4679.97
2026-04-27T08:00:00+08:00,4679.5,4682.28,4671.58,4680.767
2026-04-27T08:30:00+08:00,4680.545,4698.145,4676.21,4697.75
2026-04-27T09:00:00+08:00,4697.888,4709.93,4690.37,4697.992
2026-04-27T09:30:00+08:00,4697.95,4706.52,4695.25,4702.56
2026-04-27T10:00:00+08:00,4702.415,4708.33,4695.76,4705.662
2026-04-27T10:30:00+08:00,4706.12,4723.61,4703.99,4718.015
2026-04-27T11:00:00+08:00,4718.12,4722.29,4714.03,4715.68
2026-04-27T11:30:00+08:00,4715.61,4729.52,4715.005,4724.07
2026-04-27T12:00:00+08:00,4724.18,4728.08,4723.25,4726.98
2026-04-27T12:30:00+08:00,4726.808,4730.19,4722.2,4724.83
2026-04-27T13:00:00+08:00,4725.09,4725.58,4715.745,4718.035
2026-04-27T13:30:00+08:00,4718.21,4718.4,4708.01,4709.44
2026-04-27T14:00:00+08:00,4709.94,4715.68,4708.57,4714.43
2026-04-27T14:30:00+08:00,4713.88,4715.53,4708.86,4712.94
2026-04-27T15:00:00+08:00,4712.49,4718.43,4710.565,4716.017
2026-04-27T15:30:00+08:00,4715.78,4717.48,4709.58,4713.24
2026-04-27T16:00:00+08:00,4713.24,4714.5,4709.18,4710.89
2026-04-27T16:30:00+08:00,4710.582,4714.86,4705.3,4706.71
2026-04-27T17:00:00+08:00,4706.712,4708.29,4701.08,4702.342
2026-04-27T17:30:00+08:00,4702.21,4705.413,4699.155,4703.51
2026-04-27T18:00:00+08:00,4703.37,4706.9,4699.25,4705.052
2026-04-27T18:30:00+08:00,4704.95,4710.976,4704.45,4708.725
2026-04-27T19:00:00+08:00,4708.7,4709.13,4700.06,4705.24
2026-04-27T19:30:00+08:00,4705.27,4708.63,4699.95,4704.752
2026-04-27T20:00:00+08:00,4704.752,4712.77,4701.75,4706.951
2026-04-27T20:30:00+08:00,4706.94,4707.85,4696.675,4699.12
2026-04-27T21:00:00+08:00,4699.209,4703.53,4692.98,4699.785
2026-04-27T21:30:00+08:00,4699.86,4702.65,4688.825,4696.083
2026-04-27T22:00:00+08:00,4696.04,4696.7,4685.92,4688.805
2026-04-27T22:30:00+08:00,4688.97,4696.83,4676.28,4678.031
2026-04-27T23:00:00+08:00,4677.99,4681.105,4666.62,4681.013
2026-04-27T23:30:00+08:00,4680.83,4682.452,4667.41,4669.962
2026-04-28T00:00:00+08:00,4669.9,4677.78,4666.99,4676.292
2026-04-28T00:30:00+08:00,4676.26,4679.54,4673.9,4676.61
2026-04-28T01:00:00+08:00,4676.73,4679.982,4667.89,4679.55
2026-04-28T01:30:00+08:00,4679.625,4686.11,4678.78,4682.015
2026-04-28T02:00:00+08:00,4682.123,4685.6,4678.65,4684.023
2026-04-28T02:30:00+08:00,4684.03,4685.4,4680.42,4680.63
2026-04-28T03:00:00+08:00,4680.725,4682.66,4678.295,4682.08
2026-04-28T03:30:00+08:00,4682.182,4682.41,4676.42,4680.632
2026-04-28T04:00:00+08:00,4680.605,4681.74,4677.175,4679.63
2026-04-28T04:30:00+08:00,4679.72,4682.53,4677.78,4682.138
2026-04-28T06:00:00+08:00,4685.59,4691.26,4681.62,4689.05
2026-04-28T06:30:00+08:00,4688.98,4689.9,4685.69,4687.83
2026-04-28T07:00:00+08:00,4687.75,4691.82,4686.785,4690.58
2026-04-28T07:30:00+08:00,4690.663,4695.107,4689.79,4691.52
2026-04-28T08:00:00+08:00,4691.89,4701.28,4691.34,4694.755
2026-04-28T08:30:00+08:00,4695.02,4695.22,4690.105,4690.275
2026-04-28T09:00:00+08:00,4690.44,4690.97,4684.13,4687.08
2026-04-28T09:30:00+08:00,4687.535,4691.48,4668.92,4670.57
2026-04-28T10:00:00+08:00,4670.345,4679.88,4666.065,4675.443
2026-04-28T10:30:00+08:00,4675.45,4675.64,4666.215,4669.01
2026-04-28T11:00:00+08:00,4669.02,4675.85,4668.115,4674.8
2026-04-28T11:30:00+08:00,4674.842,4675.52,4669,4670.84
2026-04-28T12:00:00+08:00,4670.82,4671.28,4666.135,4667.29
2026-04-28T12:30:00+08:00,4667.32,4669.96,4666.39,4667.71
2026-04-28T13:00:00+08:00,4667.58,4668.03,4648.5,4658.19
2026-04-28T13:30:00+08:00,4657.81,4658.66,4623.52,4632.15
2026-04-28T14:00:00+08:00,4632.15,4642.98,4622.88,4631.23
2026-04-28T14:30:00+08:00,4631.41,4634.78,4622.85,4628.913
2026-04-28T15:00:00+08:00,4628.645,4639.49,4626.99,4629.73
2026-04-28T15:30:00+08:00,4629.65,4635.34,4620.355,4633.035
2026-04-28T16:00:00+08:00,4633.143,4633.57,4614.4,4626.857
2026-04-28T16:30:00+08:00,4626.66,4635.5,4624.81,4629.68
2026-04-28T17:00:00+08:00,4629.54,4630.07,4612.8,4618.27
2026-04-28T17:30:00+08:00,4618.21,4619.1,4604.5,4604.775
2026-04-28T18:00:00+08:00,4604.69,4616.5,4604.36,4611.577
2026-04-28T18:30:00+08:00,4611.605,4615.96,4602.93,4603.21
2026-04-28T19:00:00+08:00,4603.32,4608.84,4593.76,4599.363
2026-04-28T19:30:00+08:00,4599.368,4599.94,4555.15,4562.561
2026-04-28T20:00:00+08:00,4562.52,4598.1,4554.35,4580.093
2026-04-28T20:30:00+08:00,4580.073,4600.2,4570.25,4593.31
2026-04-28T21:00:00+08:00,4593.64,4594.77,4570.75,4581.78
2026-04-28T21:30:00+08:00,4581.663,4592.71,4570.46,4580.293
2026-04-28T22:00:00+08:00,4580.41,4580.77,4563.808,4571.49
2026-04-28T22:30:00+08:00,4571.493,4578.31,4556.58,4574.391
2026-04-28T23:00:00+08:00,4574.376,4582.24,4566.67,4576.88
2026-04-28T23:30:00+08:00,4576.905,4586.551,4570.86,4586.433
2026-04-29T00:00:00+08:00,4586.34,4586.793,4577.44,4582.903
2026-04-29T00:30:00+08:00,4582.73,4594.91,4580.285,4592.233
2026-04-29T01:00:00+08:00,4592.22,4597.34,4586.89,4593.44
2026-04-29T01:30:00+08:00,4593.195,4601.551,4593.195,4594.703
2026-04-29T02:00:00+08:00,4594.73,4600.93,4591.71,4598.885
2026-04-29T02:30:00+08:00,4598.89,4599.553,4592.8,4594.26
2026-04-29T03:00:00+08:00,4594.233,4598.76,4593.37,4596.22
2026-04-29T03:30:00+08:00,4596.25,4600.023,4593.125,4595.435
2026-04-29T04:00:00+08:00,4595.61,4598.77,4590.72,4592.87
2026-04-29T04:30:00+08:00,4592.845,4597.317,4591.76,4594.97
2026-04-29T06:00:00+08:00,4600.27,4600.661,4593.69,4595.763
2026-04-29T06:30:00+08:00,4595.67,4597.263,4591.79,4593.99
2026-04-29T07:00:00+08:00,4593.95,4594.56,4588.69,4591.83
2026-04-29T07:30:00+08:00,4592.168,4596.28,4587.53,4595.51
2026-04-29T08:00:00+08:00,4595.591,4610.447,4594.4,4599.66
2026-04-29T08:30:00+08:00,4600,4604.873,4595.81,4600.165
2026-04-29T09:00:00+08:00,4600.045,4600.39,4575.56,4580.215
2026-04-29T09:30:00+08:00,4580.36,4591.541,4578.57,4584.68
2026-04-29T10:00:00+08:00,4584.763,4604.34,4584.19,4599.173
2026-04-29T10:30:00+08:00,4599.183,4601.98,4591.77,4593.61
2026-04-29T11:00:00+08:00,4593.503,4603.42,4592.39,4598.92
2026-04-29T11:30:00+08:00,4598.75,4599.02,4591.71,4595.39
2026-04-29T12:00:00+08:00,4595.38,4603.74,4594.86,4601.66
2026-04-29T12:30:00+08:00,4601.682,4605.73,4601.365,4604.81
2026-04-29T13:00:00+08:00,4604.78,4607.78,4598.31,4600.653
2026-04-29T13:30:00+08:00,4600.33,4603.313,4590.365,4590.925
2026-04-29T14:00:00+08:00,4590.77,4598.74,4581.02,4584.55
2026-04-29T14:30:00+08:00,4584.93,4587.58,4580.53,4584.48
2026-04-29T15:00:00+08:00,4584.49,4588.97,4569.34,4575.093
2026-04-29T15:30:00+08:00,4575.055,4578.81,4566.98,4567.85
2026-04-29T16:00:00+08:00,4567.82,4573.4,4564.08,4566.39
2026-04-29T16:30:00+08:00,4566.29,4576.8,4556.97,4573.093
2026-04-29T17:00:00+08:00,4573.103,4580.92,4565.31,4565.76
2026-04-29T17:30:00+08:00,4565.921,4569.7,4551.23,4555.67
2026-04-29T18:00:00+08:00,4555.575,4573.28,4554.845,4571.692
2026-04-29T18:30:00+08:00,4571.713,4576.62,4563.73,4569.795
2026-04-29T19:00:00+08:00,4569.824,4572.14,4563.985,4564.97
2026-04-29T19:30:00+08:00,4564.42,4571.841,4558.88,4561.58
2026-04-29T20:00:00+08:00,4561.624,4569.17,4558.77,4559.245
2026-04-29T20:30:00+08:00,4559.618,4560.11,4541.41,4544.82
2026-04-29T21:00:00+08:00,4544.84,4553.46,4534.16,4537.92
2026-04-29T21:30:00+08:00,4537.818,4539.67,4509.875,4521.76
2026-04-29T22:00:00+08:00,4521.485,4537.848,4517.53,4533.08
2026-04-29T22:30:00+08:00,4533.005,4542.94,4530.46,4539.28
2026-04-29T23:00:00+08:00,4539.01,4546.94,4535.92,4543.504
2026-04-29T23:30:00+08:00,4543.52,4559.18,4540.035,4547.78
2026-04-30T00:00:00+08:00,4547.78,4565.03,4546.54,4560.22
2026-04-30T00:30:00+08:00,4559.97,4560.39,4543,4545.48
2026-04-30T01:00:00+08:00,4545.391,4554.52,4542.498,4547.168
2026-04-30T01:30:00+08:00,4547.015,4548.63,4541.32,4547.34
2026-04-30T02:00:00+08:00,4547.32,4553.06,4524.42,4532.715
2026-04-30T02:30:00+08:00,4532.87,4541.5,4517.59,4537.915
2026-04-30T03:00:00+08:00,4538.01,4550.72,4532.51,4542.86
2026-04-30T03:30:00+08:00,4542.81,4549.89,4537.16,4546.85
2026-04-30T04:00:00+08:00,4546.745,4553.57,4540.88,4543.248
2026-04-30T04:30:00+08:00,4543.253,4551.705,4540.95,4547.803
2026-04-30T06:00:00+08:00,4544.09,4550.93,4538.52,4549.104
2026-04-30T06:30:00+08:00,4548.91,4552.713,4546.71,4552.12
2026-04-30T07:00:00+08:00,4552.131,4555.22,4549.26,4551.64
2026-04-30T07:30:00+08:00,4551.71,4562.06,4550.97,4561.684
2026-04-30T08:00:00+08:00,4561.73,4568.65,4556.04,4563.533
2026-04-30T08:30:00+08:00,4563.54,4574.16,4561.85,4569.86
2026-04-30T09:00:00+08:00,4569.86,4581.23,4564.23,4579.69
2026-04-30T09:30:00+08:00,4579.7,4582.59,4570.54,4579.037
2026-04-30T10:00:00+08:00,4579.23,4582.05,4571.44,4573.208
2026-04-30T10:30:00+08:00,4573.24,4574.18,4559.27,4564.75
2026-04-30T11:00:00+08:00,4564.808,4569.26,4561.93,4562.965
2026-04-30T11:30:00+08:00,4563.213,4563.91,4555.458,4555.8
2026-04-30T12:00:00+08:00,4555.884,4557.04,4545.38,4547.2
2026-04-30T12:30:00+08:00,4547.253,4549.52,4540.4,4542.27
2026-04-30T13:00:00+08:00,4541.785,4559.08,4541.63,4555.7
2026-04-30T13:30:00+08:00,4555.6,4569.82,4553.36,4562.405
2026-04-30T14:00:00+08:00,4562.538,4571.05,4559.79,4569.61
2026-04-30T14:30:00+08:00,4569.424,4591.6,4569.16,4589.4
2026-04-30T15:00:00+08:00,4589.488,4595.68,4584.46,4591.491
2026-04-30T15:30:00+08:00,4591.45,4605.55,4587.62,4598.443
2026-04-30T16:00:00+08:00,4598.34,4629.71,4597,4617.51
2026-04-30T16:30:00+08:00,4617.43,4620.82,4613.398,4616.32
2026-04-30T17:00:00+08:00,4616.115,4626.86,4613.83,4625.305
2026-04-30T17:30:00+08:00,4625.55,4631.85,4617.88,4625.07
2026-04-30T18:00:00+08:00,4625.123,4644.28,4623.4,4643.84
2026-04-30T18:30:00+08:00,4643.552,4646.95,4633.59,4639.77
2026-04-30T19:00:00+08:00,4639.672,4645.87,4630.05,4637.36
2026-04-30T19:30:00+08:00,4637.588,4637.895,4626.36,4629.99
2026-04-30T20:00:00+08:00,4630.133,4637.61,4628.22,4629.74
2026-04-30T20:30:00+08:00,4629.88,4640.17,4624.115,4639.563
2026-04-30T21:00:00+08:00,4639.37,4646.17,4632.69,4633.52
2026-04-30T21:30:00+08:00,4633.54,4634.69,4610.34,4610.76
2026-04-30T22:00:00+08:00,4610.933,4626.05,4609.255,4622.907
2026-04-30T22:30:00+08:00,4622.79,4623.91,4610.508,4619.733
2026-04-30T23:00:00+08:00,4619.62,4624.573,4614.68,4622.905
2026-04-30T23:30:00+08:00,4622.89,4625.48,4610.9,4615.297
2026-05-01T00:00:00+08:00,4615.243,4617.44,4605.24,4607.99
2026-05-01T00:30:00+08:00,4607.75,4617.8,4605.158,4607.543
2026-05-01T01:00:00+08:00,4607.595,4620.723,4607.305,4617.805
2026-05-01T01:30:00+08:00,4617.7,4621.643,4614.5,4616.78
2026-05-01T02:00:00+08:00,4616.83,4625.54,4616.5,4620.56
2026-05-01T02:30:00+08:00,4620.56,4625.46,4618.84,4622.35
2026-05-01T03:00:00+08:00,4622.82,4627.68,4616.705,4617.385
2026-05-01T03:30:00+08:00,4617.32,4623.53,4614.24,4616.89
2026-05-01T04:00:00+08:00,4616.9,4620.45,4615.34,4616.613
2026-05-01T04:30:00+08:00,4616.68,4622.558,4614.92,4618.228
2026-05-01T06:00:00+08:00,4616.55,4635.81,4616.55,4630.93
2026-05-01T06:30:00+08:00,4631.155,4632.32,4626.16,4630.267
2026-05-01T07:00:00+08:00,4629.71,4632.25,4627.558,4630.34
2026-05-01T07:30:00+08:00,4630.34,4634.11,4625.67,4626.43
2026-05-01T08:00:00+08:00,4626.483,4631.09,4619.96,4623.753
2026-05-01T08:30:00+08:00,4623.727,4625.15,4618.22,4619.67
2026-05-01T09:00:00+08:00,4619.695,4621.02,4613.31,4616.277
2026-05-01T09:30:00+08:00,4615.71,4622.36,4615.57,4620.765
2026-05-01T10:00:00+08:00,4620.51,4636.13,4619.33,4629.56
2026-05-01T10:30:00+08:00,4629.36,4631.18,4616.08,4619.11
2026-05-01T11:00:00+08:00,4618.995,4626.84,4617.2,4625.975
2026-05-01T11:30:00+08:00,4626.183,4632.06,4625.01,4626.17
2026-05-01T12:00:00+08:00,4626.59,4628.94,4616.78,4617.73
2026-05-01T12:30:00+08:00,4617.72,4618.28,4608.72,4609.23
2026-05-01T13:00:00+08:00,4609.088,4616.27,4607.11,4614.693
2026-05-01T13:30:00+08:00,4614.73,4615.45,4602.45,4604.92
2026-05-01T14:00:00+08:00,4604.82,4607.96,4592.848,4593.34
2026-05-01T14:30:00+08:00,4593.423,4597.63,4590.41,4594.34
2026-05-01T15:00:00+08:00,4594.65,4598.16,4584.915,4592.283
2026-05-01T15:30:00+08:00,4592.26,4592.7,4575.5,4577.885
2026-05-01T16:00:00+08:00,4578.161,4582.6,4565.85,4567.273
2026-05-01T16:30:00+08:00,4567.281,4572.65,4564.69,4568.8
2026-05-01T17:00:00+08:00,4568.555,4571.3,4563.65,4569.17
2026-05-01T17:30:00+08:00,4569.086,4572.948,4559.93,4562.681
2026-05-01T18:00:00+08:00,4562.66,4572.74,4560.99,4572.04
2026-05-01T18:30:00+08:00,4571.79,4576.15,4565.7,4566.787
2026-05-01T19:00:00+08:00,4566.744,4576.46,4562.14,4571.69
2026-05-01T19:30:00+08:00,4571.635,4579.65,4570.1,4578.63
2026-05-01T20:00:00+08:00,4578.35,4607.76,4574.58,4602.755
2026-05-01T20:30:00+08:00,4602.817,4603.31,4588.62,4591.25
2026-05-01T21:00:00+08:00,4591.04,4597.31,4586.23,4588.94
2026-05-01T21:30:00+08:00,4589.085,4629.02,4586.27,4625.44
2026-05-01T22:00:00+08:00,4625.383,4660.28,4624.095,4644.49
2026-05-01T22:30:00+08:00,4644.49,4646.39,4626.99,4631.77
2026-05-01T23:00:00+08:00,4632.05,4640.66,4618.77,4636.418
2026-05-01T23:30:00+08:00,4636.43,4648.1,4632.72,4643.188
2026-05-02T00:00:00+08:00,4643.16,4650.24,4637.37,4637.86
2026-05-02T00:30:00+08:00,4637.725,4642.99,4633.51,4638.605
2026-05-02T01:00:00+08:00,4638.86,4642.75,4630.55,4631.535
2026-05-02T01:30:00+08:00,4631.663,4635.091,4626.39,4629.39
2026-05-02T02:00:00+08:00,4629.503,4630.743,4613.44,4623.35
2026-05-02T02:30:00+08:00,4623.187,4625.92,4615.79,4624.213
2026-05-02T03:00:00+08:00,4624.29,4627.68,4619.98,4624.244
2026-05-02T03:30:00+08:00,4624.23,4624.535,4608.34,4609.51
2026-05-02T04:00:00+08:00,4610.903,4616.053,4606.23,4613.085
2026-05-02T04:30:00+08:00,4613.243,4617.94,4609.41,4614.22
2026-05-04T06:00:00+08:00,4632.83,4639.01,4611.83,4620.773
2026-05-04T06:30:00+08:00,4620.63,4629.32,4617.748,4618.9
2026-05-04T07:00:00+08:00,4618.66,4620.85,4610.74,4617.11
2026-05-04T07:30:00+08:00,4617.12,4618.43,4610.94,4613.83
2026-05-04T08:00:00+08:00,4613.4,4616.71,4601.35,4605.837
2026-05-04T08:30:00+08:00,4605.85,4613.54,4604.515,4612.973
2026-05-04T09:00:00+08:00,4612.973,4614.02,4593.76,4594.48
2026-05-04T09:30:00+08:00,4594.56,4613.87,4592.1,4613.16
2026-05-04T10:00:00+08:00,4613,4618.68,4591.05,4593.081
2026-05-04T10:30:00+08:00,4592.997,4611.2,4590.65,4605.535
2026-05-04T11:00:00+08:00,4605.777,4611.78,4603.93,4609.65
2026-05-04T11:30:00+08:00,4609.861,4617.18,4598.12,4614.855
2026-05-04T12:00:00+08:00,4615.048,4615.56,4606.65,4607.815
2026-05-04T12:30:00+08:00,4608.078,4612.99,4604.89,4605.97
2026-05-04T13:00:00+08:00,4605.97,4613.21,4595.27,4596.415
2026-05-04T13:30:00+08:00,4596.528,4601.9,4591.77,4599.04
2026-05-04T14:00:00+08:00,4598.983,4600.78,4587.2,4593.93
2026-05-04T14:30:00+08:00,4593.59,4595.601,4583.27,4588.29
2026-05-04T15:00:00+08:00,4588.52,4593.45,4582.97,4585.78
2026-05-04T15:30:00+08:00,4585.54,4590.98,4577.75,4578.844
2026-05-04T16:00:00+08:00,4578.86,4581.373,4573.83,4574.79
2026-05-04T16:30:00+08:00,4574.82,4581.43,4573.3,4576.97
2026-05-04T17:00:00+08:00,4577.06,4584.5,4575.74,4581.189
2026-05-04T17:30:00+08:00,4580.93,4584.59,4572.1,4575.244
2026-05-04T18:00:00+08:00,4575.52,4575.93,4525.69,4544.853
2026-05-04T18:30:00+08:00,4544.7,4566.95,4542.64,4562.593
2026-05-04T19:00:00+08:00,4562.65,4570.83,4560.83,4562.224
2026-05-04T19:30:00+08:00,4562.204,4563.266,4550.97,4559.823
2026-05-04T20:00:00+08:00,4560.09,4579.34,4559.06,4568.49
2026-05-04T20:30:00+08:00,4568.49,4576.15,4560.75,4568.24
2026-05-04T21:00:00+08:00,4568.283,4576.23,4556.92,4560.99
2026-05-04T21:30:00+08:00,4560.66,4570.98,4555.28,4563.875
2026-05-04T22:00:00+08:00,4563.97,4582.35,4553.27,4571.074
2026-05-04T22:30:00+08:00,4571.08,4583.26,4559.385,4561.37
2026-05-04T23:00:00+08:00,4561.551,4566.033,4513.75,4537.893
2026-05-04T23:30:00+08:00,4537.685,4543.05,4512.488,4521.56
2026-05-05T00:00:00+08:00,4521.493,4527.11,4499.92,4514.44
2026-05-05T00:30:00+08:00,4514.704,4519.08,4506.91,4510.57
2026-05-05T01:00:00+08:00,4510.514,4531.64,4510.37,4524.324
2026-05-05T01:30:00+08:00,4524.305,4527.68,4521.19,4522.11
2026-05-05T02:00:00+08:00,4522.16,4525.41,4509.57,4511.88
2026-05-05T02:30:00+08:00,4511.93,4516.58,4510.04,4516.164
2026-05-05T03:00:00+08:00,4515.84,4525.94,4511.125,4522.29
2026-05-05T03:30:00+08:00,4522.31,4527.24,4515,4517.46
2026-05-05T04:00:00+08:00,4517.731,4518.17,4511.22,4515.07
2026-05-05T04:30:00+08:00,4515.03,4523.92,4514.15,4521.43
2026-05-05T06:00:00+08:00,4524.92,4526.1,4517.21,4519.93
2026-05-05T06:30:00+08:00,4519.61,4522.28,4515.2,4517.3
2026-05-05T07:00:00+08:00,4517.31,4521.78,4515.67,4521
2026-05-05T07:30:00+08:00,4520.98,4521.44,4516.74,4518.9
2026-05-05T08:00:00+08:00,4518.941,4528.61,4513.25,4516.95
2026-05-05T08:30:00+08:00,4516.94,4530.42,4515.49,4529.61
2026-05-05T09:00:00+08:00,4529.979,4540.09,4525.045,4537.94
2026-05-05T09:30:00+08:00,4537.64,4542.32,4533.775,4540.878
2026-05-05T10:00:00+08:00,4540.86,4542.59,4534.33,4541.405
2026-05-05T10:30:00+08:00,4541.305,4546.87,4538.45,4538.89
2026-05-05T11:00:00+08:00,4538.9,4542.67,4536.83,4538.09
2026-05-05T11:30:00+08:00,4537.973,4539.29,4531.8,4534.53
2026-05-05T12:00:00+08:00,4534.53,4535.84,4529.07,4529.435
2026-05-05T12:30:00+08:00,4529.61,4536.68,4527.59,4533.651
2026-05-05T13:00:00+08:00,4533.78,4545.6,4530.99,4539.901
2026-05-05T13:30:00+08:00,4539.901,4551.82,4539.498,4545.24
2026-05-05T14:00:00+08:00,4545.688,4552.11,4533.43,4536.8
2026-05-05T14:30:00+08:00,4536.848,4551.06,4535.96,4547.97
2026-05-05T15:00:00+08:00,4548,4555.7,4547.29,4548.78
2026-05-05T15:30:00+08:00,4548.725,4558.41,4542.99,4545.53
2026-05-05T16:00:00+08:00,4545.478,4554.82,4545.09,4551.285
2026-05-05T16:30:00+08:00,4551.13,4559.75,4547.59,4558.393
2026-05-05T17:00:00+08:00,4558.421,4560.61,4551.89,4552.125
2026-05-05T17:30:00+08:00,4552.25,4558.41,4550.69,4556.191
2026-05-05T18:00:00+08:00,4556.055,4556.9,4546.52,4547.873
2026-05-05T18:30:00+08:00,4547.882,4554.15,4539.925,4543.724
2026-05-05T19:00:00+08:00,4543.46,4557.66,4539.63,4556.001
2026-05-05T19:30:00+08:00,4556.02,4564.99,4554.94,4562.71
2026-05-05T20:00:00+08:00,4562.818,4574.35,4554.09,4573.74
2026-05-05T20:30:00+08:00,4573.44,4574.73,4561.52,4564.6
2026-05-05T21:00:00+08:00,4564.51,4584.92,4563.9,4576.84
2026-05-05T21:30:00+08:00,4576.9,4583.17,4571.34,4579.02
2026-05-05T22:00:00+08:00,4578.765,4586.543,4565.575,4584.023
2026-05-05T22:30:00+08:00,4584.033,4585.68,4575.25,4582.145
2026-05-05T23:00:00+08:00,4582.288,4583.843,4574.77,4579.253
2026-05-05T23:30:00+08:00,4578.765,4580.983,4567.96,4568.345
2026-05-06T00:00:00+08:00,4568.41,4569.058,4555.84,4559.648
2026-05-06T00:30:00+08:00,4559.55,4562.864,4553.35,4561.055
2026-05-06T01:00:00+08:00,4561.13,4562.593,4552.96,4558.673
2026-05-06T01:30:00+08:00,4558.57,4562.755,4555.73,4559.78
2026-05-06T02:00:00+08:00,4559.715,4565.55,4558.34,4562.02
2026-05-06T02:30:00+08:00,4562.093,4565.84,4557.38,4561.004
2026-05-06T03:00:00+08:00,4561.22,4561.58,4554.56,4556.18
2026-05-06T03:30:00+08:00,4555.985,4558.92,4551.25,4555.06
2026-05-06T04:00:00+08:00,4554.99,4559.79,4553.64,4559.164
2026-05-06T04:30:00+08:00,4559.055,4560.07,4548.455,4555.608
2026-05-06T06:00:00+08:00,4560.42,4560.52,4545.65,4546.375
2026-05-06T06:30:00+08:00,4546.5,4577.4,4545.55,4573.14
2026-05-06T07:00:00+08:00,4572.758,4590.62,4568.8,4582.04
2026-05-06T07:30:00+08:00,4581.52,4595.73,4578.86,4593.93
2026-05-06T08:00:00+08:00,4593.973,4604.25,4587.82,4602.19
2026-05-06T08:30:00+08:00,4602.203,4619.93,4601.8,4618.92
2026-05-06T09:00:00+08:00,4618.67,4625.72,4609.13,4624.54
2026-05-06T09:30:00+08:00,4624.885,4628.84,4619.9,4625.985
2026-05-06T10:00:00+08:00,4625.92,4636.44,4624.72,4629.785
2026-05-06T10:30:00+08:00,4630.023,4641.94,4626.48,4640.485
2026-05-06T11:00:00+08:00,4640.67,4651.29,4638.14,4645.66
2026-05-06T11:30:00+08:00,4645.32,4652.03,4642.3,4643.632
2026-05-06T12:00:00+08:00,4643.65,4653.67,4642.93,4652.6
2026-05-06T12:30:00+08:00,4652.583,4653.38,4645.43,4648.655
2026-05-06T13:00:00+08:00,4648.828,4656.543,4648.35,4650.185
2026-05-06T13:30:00+08:00,4650.4,4663.83,4644.28,4662.61
2026-05-06T14:00:00+08:00,4662.87,4666.72,4656.59,4666.03
2026-05-06T14:30:00+08:00,4666.27,4669.77,4659.71,4669.16
2026-05-06T15:00:00+08:00,4669.175,4670.343,4657.15,4667.378
2026-05-06T15:30:00+08:00,4667.16,4681.79,4662.79,4681.17
2026-05-06T16:00:00+08:00,4681.8,4682.51,4674.92,4676.93
2026-05-06T16:30:00+08:00,4676.895,4702.832,4671.39,4700.002
2026-05-06T17:00:00+08:00,4699.985,4708.56,4688.61,4699.73
2026-05-06T17:30:00+08:00,4700.063,4706.18,4693.998,4701.59
2026-05-06T18:00:00+08:00,4701.822,4705.75,4695.275,4704.39
2026-05-06T18:30:00+08:00,4704.36,4723.085,4703.97,4717.942
2026-05-06T19:00:00+08:00,4717.85,4721.41,4705.285,4705.53
2026-05-06T19:30:00+08:00,4705.345,4715.48,4690.58,4691.868
2026-05-06T20:00:00+08:00,4692.086,4693.31,4660.195,4683.3
2026-05-06T20:30:00+08:00,4683.07,4685.48,4676.5,4683.13
2026-05-06T21:00:00+08:00,4683.196,4692.48,4668.48,4685.162
2026-05-06T21:30:00+08:00,4685.142,4707.84,4679.86,4702.028
2026-05-06T22:00:00+08:00,4702.132,4717.46,4697.395,4705.61
2026-05-06T22:30:00+08:00,4705.672,4714.703,4700.5,4702.955
2026-05-06T23:00:00+08:00,4703.02,4705.84,4693.01,4695.27
2026-05-06T23:30:00+08:00,4695.443,4697.895,4687.43,4687.8
2026-05-07T00:00:00+08:00,4687.872,4688.65,4681,4688.108
2026-05-07T00:30:00+08:00,4688.129,4692.065,4679.315,4682.88
2026-05-07T01:00:00+08:00,4682.86,4688.04,4679.14,4682.87
2026-05-07T01:30:00+08:00,4682.975,4684.65,4678.25,4684.03
2026-05-07T02:00:00+08:00,4684.037,4690.57,4681.64,4687.66
2026-05-07T02:30:00+08:00,4687.76,4690.41,4684.53,4686.07
2026-05-07T03:00:00+08:00,4685.98,4700.182,4685.78,4698.41
2026-05-07T03:30:00+08:00,4698.24,4699.05,4692.175,4692.52
2026-05-07T04:00:00+08:00,4692.413,4699.72,4691.44,4692.45
2026-05-07T04:30:00+08:00,4692.44,4693.18,4684.47,4691.035
2026-05-07T06:00:00+08:00,4693.64,4699.93,4688.58,4695.3
2026-05-07T06:30:00+08:00,4695.445,4699.73,4693.78,4694.68
2026-05-07T07:00:00+08:00,4694.842,4698.53,4689.78,4693.23
2026-05-07T07:30:00+08:00,4692.91,4699.6,4691.05,4698.94
2026-05-07T08:00:00+08:00,4698.9,4701.23,4689.63,4692.5
2026-05-07T08:30:00+08:00,4692.392,4693.37,4685.16,4688.74
2026-05-07T09:00:00+08:00,4688.57,4716.45,4684.73,4703.994
2026-05-07T09:30:00+08:00,4704.38,4721.406,4701.81,4714.792
2026-05-07T10:00:00+08:00,4714.682,4718.605,4701.31,4702.702
2026-05-07T10:30:00+08:00,4702.61,4709.99,4699.46,4707.098
2026-05-07T11:00:00+08:00,4707.186,4710.01,4703.92,4704.11
2026-05-07T11:30:00+08:00,4704.34,4704.97,4698.615,4698.89
2026-05-07T12:00:00+08:00,4699.132,4700.92,4694.73,4696.53
2026-05-07T12:30:00+08:00,4696.872,4699.17,4691.95,4696.27
2026-05-07T13:00:00+08:00,4696.283,4701.172,4694.26,4696.06
2026-05-07T13:30:00+08:00,4695.87,4706.65,4694.42,4700.987
2026-05-07T14:00:00+08:00,4701,4717.89,4700.71,4717.125
2026-05-07T14:30:00+08:00,4717.312,4750.18,4715.7,4739.072
2026-05-07T15:00:00+08:00,4739.13,4750.75,4731.29,4739.41
2026-05-07T15:30:00+08:00,4739.412,4744.53,4736.72,4743.09
2026-05-07T16:00:00+08:00,4743.09,4753.53,4733.43,4740.132
2026-05-07T16:30:00+08:00,4740.08,4741.91,4730.47,4731.073
2026-05-07T17:00:00+08:00,4731.1,4738.748,4721.64,4735.445
2026-05-07T17:30:00+08:00,4735.56,4739.54,4725.46,4728.97
2026-05-07T18:00:00+08:00,4728.63,4736.26,4726.25,4732.365
2026-05-07T18:30:00+08:00,4732.412,4739.9,4727.735,4735.62
2026-05-07T19:00:00+08:00,4735.585,4737.18,4726.9,4732.712
2026-05-07T19:30:00+08:00,4732.712,4743.74,4731.44,4742.67
2026-05-07T20:00:00+08:00,4742.88,4747.17,4733.04,4738.215
2026-05-07T20:30:00+08:00,4737.595,4752.8,4736.71,4749.975
2026-05-07T21:00:00+08:00,4749.955,4750.34,4730.88,4745.3
2026-05-07T21:30:00+08:00,4745.22,4758.26,4736.92,4746.322
2026-05-07T22:00:00+08:00,4746.22,4759.442,4740.7,4756.621
2026-05-07T22:30:00+08:00,4756.515,4763.38,4747.43,4762.82
2026-05-07T23:00:00+08:00,4762.738,4764.73,4736.255,4740.096
2026-05-07T23:30:00+08:00,4740.06,4747.18,4726.16,4729.045
2026-05-08T00:00:00+08:00,4729.16,4729.81,4704.09,4720
2026-05-08T00:30:00+08:00,4720.01,4720.88,4710.09,4714.91
2026-05-08T01:00:00+08:00,4714.865,4719.57,4686.89,4699.015
2026-05-08T01:30:00+08:00,4699.096,4712.27,4693.09,4710.83
2026-05-08T02:00:00+08:00,4711.482,4713.13,4704.97,4712.822
2026-05-08T02:30:00+08:00,4712.39,4716.032,4694.91,4709.8
2026-05-08T03:00:00+08:00,4709.675,4713.03,4697.41,4704.73
2026-05-08T03:30:00+08:00,4704.95,4712.13,4702.51,4702.902
2026-05-08T04:00:00+08:00,4702.95,4719.2,4702.695,4712.922
2026-05-08T04:30:00+08:00,4712.78,4715.74,4684.103,4685.145
2026-05-08T06:00:00+08:00,4683.82,4699.412,4672.74,4693.575
2026-05-08T06:30:00+08:00,4693.58,4695.172,4680.93,4685.832
2026-05-08T07:00:00+08:00,4685.358,4698.53,4683.76,4696.34
2026-05-08T07:30:00+08:00,4696.47,4705.55,4694.45,4704.236
2026-05-08T08:00:00+08:00,4704.168,4709.48,4693.54,4697.171
2026-05-08T08:30:00+08:00,4697.182,4708.109,4695.7,4701.5
2026-05-08T09:00:00+08:00,4701.292,4719.46,4700.03,4712.34
2026-05-08T09:30:00+08:00,4712.37,4725.42,4704.72,4722.73
2026-05-08T10:00:00+08:00,4722.75,4732.85,4717.76,4721.207
2026-05-08T10:30:00+08:00,4721.442,4723.6,4706.51,4713.21
2026-05-08T11:00:00+08:00,4713.282,4722.65,4710.41,4720.29
2026-05-08T11:30:00+08:00,4720.205,4731.062,4717.52,4719.572
2026-05-08T12:00:00+08:00,4719.22,4723.28,4712.98,4717.41
2026-05-08T12:30:00+08:00,4717.325,4718.419,4708.59,4710.838
2026-05-08T13:00:00+08:00,4710.972,4720.229,4709.16,4719.245
2026-05-08T13:30:00+08:00,4719.27,4731.41,4719.1,4727.492
2026-05-08T14:00:00+08:00,4727.44,4734.61,4712.02,4733.542
2026-05-08T14:30:00+08:00,4733.58,4734.37,4720.53,4725.622
2026-05-08T15:00:00+08:00,4725.56,4726.44,4696.46,4706.75
2026-05-08T15:30:00+08:00,4706.679,4713.63,4700.86,4707.898
2026-05-08T16:00:00+08:00,4707.866,4722.58,4706.39,4716.85
2026-05-08T16:30:00+08:00,4717.09,4723.54,4714.66,4715.74
2026-05-08T17:00:00+08:00,4715.495,4722.86,4713.14,4718.012
2026-05-08T17:30:00+08:00,4717.986,4718.72,4707.11,4711.733
2026-05-08T18:00:00+08:00,4711.852,4724.07,4710.81,4720.37
2026-05-08T18:30:00+08:00,4720.58,4727.87,4714.81,4719.68
2026-05-08T19:00:00+08:00,4719.712,4727.36,4718.39,4724.19
2026-05-08T19:30:00+08:00,4723.79,4725.899,4713.26,4717.702
2026-05-08T20:00:00+08:00,4717.58,4719.85,4702.52,4709.95
2026-05-08T20:30:00+08:00,4710.25,4732.002,4702.98,4724.362
2026-05-08T21:00:00+08:00,4724.68,4729.05,4716.43,4727.106
2026-05-08T21:30:00+08:00,4727.1,4747.972,4726.55,4747.8
2026-05-08T22:00:00+08:00,4747.8,4749.39,4718.565,4718.815
2026-05-08T22:30:00+08:00,4717.58,4725.6,4713.02,4715.785
2026-05-08T23:00:00+08:00,4715.862,4720.9,4704.26,4713.245
2026-05-08T23:30:00+08:00,4713.135,4715.06,4701.65,4707.065
2026-05-09T00:00:00+08:00,4706.985,4717.629,4705.24,4717.525
2026-05-09T00:30:00+08:00,4717.59,4720.252,4711.04,4712.23
2026-05-09T01:00:00+08:00,4712.372,4722,4711.995,4720.45
2026-05-09T01:30:00+08:00,4720.59,4722.84,4719.05,4720.765
2026-05-09T02:00:00+08:00,4720.822,4729.07,4720.24,4725.565
2026-05-09T02:30:00+08:00,4725.67,4726.52,4719.71,4721.91
2026-05-09T03:00:00+08:00,4721.92,4725.67,4720.7,4723.672
2026-05-09T03:30:00+08:00,4723.52,4727.41,4721.58,4724.041
2026-05-09T04:00:00+08:00,4723.888,4725.08,4714.76,4717.35
2026-05-09T04:30:00+08:00,4717.318,4719.21,4713.56,4713.56
2026-05-11T06:00:00+08:00,4686.15,4702.23,4675.76,4694.512
2026-05-11T06:30:00+08:00,4694.512,4694.65,4686.46,4691.73
2026-05-11T07:00:00+08:00,4691.74,4697.24,4688.33,4694.543
2026-05-11T07:30:00+08:00,4694.58,4698.592,4689.58,4691.532
2026-05-11T08:00:00+08:00,4691.522,4691.89,4675.39,4683.6
2026-05-11T08:30:00+08:00,4683.49,4693.38,4669.68,4683.41
2026-05-11T09:00:00+08:00,4683.25,4705.62,4674.11,4698.87
2026-05-11T09:30:00+08:00,4698.9,4701.76,4679.66,4685.68
2026-05-11T10:00:00+08:00,4685.635,4693.1,4677.91,4688.37
2026-05-11T10:30:00+08:00,4688.44,4700.18,4676.19,4681.75
2026-05-11T11:00:00+08:00,4681.73,4690.44,4674.41,4689.48
2026-05-11T11:30:00+08:00,4689.1,4690.47,4676.66,4678.27
2026-05-11T12:00:00+08:00,4678.639,4679.88,4669.71,4671.652
2026-05-11T12:30:00+08:00,4671.629,4676.07,4668.02,4671.9
2026-05-11T13:00:00+08:00,4671.97,4676.16,4670.33,4670.64
2026-05-11T13:30:00+08:00,4670.505,4680.78,4647.71,4652.213
2026-05-11T14:00:00+08:00,4652.203,4670.93,4648.8,4667.225
2026-05-11T14:30:00+08:00,4667.19,4680.52,4667.14,4678.33
2026-05-11T15:00:00+08:00,4678.386,4680.33,4671.935,4675.803
2026-05-11T15:30:00+08:00,4675.653,4678.11,4664.08,4667.42
2026-05-11T16:00:00+08:00,4667.63,4678.78,4663.93,4671.595
2026-05-11T16:30:00+08:00,4671.63,4675.28,4666.5,4667.492
2026-05-11T17:00:00+08:00,4667.4,4670.02,4656.64,4657.5
2026-05-11T17:30:00+08:00,4657.58,4664.94,4650.2,4656.772
2026-05-11T18:00:00+08:00,4656.43,4665.98,4656.06,4663.3
2026-05-11T18:30:00+08:00,4663.312,4667.54,4659.88,4663.88
2026-05-11T19:00:00+08:00,4663.968,4672.54,4663.76,4671.51
2026-05-11T19:30:00+08:00,4671.795,4677.35,4669.88,4674.4
2026-05-11T20:00:00+08:00,4674.455,4695.52,4667.12,4690.6
2026-05-11T20:30:00+08:00,4690.6,4701.115,4685.86,4699.86
2026-05-11T21:00:00+08:00,4699.939,4735.73,4698.29,4728.28
2026-05-11T21:30:00+08:00,4728.07,4748.61,4727.795,4736.27
2026-05-11T22:00:00+08:00,4736.1,4738.57,4718.05,4725
2026-05-11T22:30:00+08:00,4725.017,4733.91,4714.95,4725.495
2026-05-11T23:00:00+08:00,4725.506,4738.199,4722.58,4732.82
2026-05-11T23:30:00+08:00,4732.81,4735.15,4724.85,4732.07
2026-05-12T00:00:00+08:00,4732.132,4733.54,4721.98,4723.84
2026-05-12T00:30:00+08:00,4723.83,4726.065,4707.715,4716.23
2026-05-12T01:00:00+08:00,4716.453,4721.74,4715.6,4718.167
2026-05-12T01:30:00+08:00,4718.08,4724.63,4717.51,4723.6
2026-05-12T02:00:00+08:00,4723.632,4727.54,4720.85,4727.09
2026-05-12T02:30:00+08:00,4726.78,4729.44,4724.55,4724.902
2026-05-12T03:00:00+08:00,4724.655,4728.49,4722.96,4724.162
2026-05-12T03:30:00+08:00,4724.21,4736.19,4722.22,4733.49
2026-05-12T04:00:00+08:00,4733.532,4737.9,4729.735,4735.085
2026-05-12T04:30:00+08:00,4735.21,4738.62,4731.99,4735.593
2026-05-12T06:00:00+08:00,4733.82,4743.852,4732.77,4739.72
2026-05-12T06:30:00+08:00,4739.752,4755.082,4738.42,4750.85
2026-05-12T07:00:00+08:00,4750.813,4754.702,4745.5,4752.77
2026-05-12T07:30:00+08:00,4752.87,4769.96,4750.91,4767.51
2026-05-12T08:00:00+08:00,4767.305,4773.58,4752.735,4762.125
2026-05-12T08:30:00+08:00,4762.271,4763.93,4748.225,4749.242
2026-05-12T09:00:00+08:00,4749.26,4755.57,4733.49,4735.19
2026-05-12T09:30:00+08:00,4735.19,4738.86,4719.99,4727.2
2026-05-12T10:00:00+08:00,4727.06,4733.94,4724.268,4726.95
2026-05-12T10:30:00+08:00,4726.815,4733.44,4721.7,4730.11
2026-05-12T11:00:00+08:00,4730.029,4733.49,4722.518,4723.792
2026-05-12T11:30:00+08:00,4723.555,4728,4717.885,4720.18
2026-05-12T12:00:00+08:00,4720.11,4730.4,4719.455,4722.23
2026-05-12T12:30:00+08:00,4722.56,4726.43,4710.985,4714.07
2026-05-12T13:00:00+08:00,4713.87,4718.666,4708.475,4715.24
2026-05-12T13:30:00+08:00,4715.19,4722.26,4709.825,4714.41
2026-05-12T14:00:00+08:00,4714.15,4714.44,4694.858,4695.66
2026-05-12T14:30:00+08:00,4696.022,4704.86,4694.13,4696.94
2026-05-12T15:00:00+08:00,4696.918,4699.75,4686.529,4697.82
2026-05-12T15:30:00+08:00,4697.8,4703.9,4695.26,4699.74
2026-05-12T16:00:00+08:00,4699.819,4706.86,4696.88,4702.91
2026-05-12T16:30:00+08:00,4702.62,4706.72,4697.63,4703.31
2026-05-12T17:00:00+08:00,4703.265,4703.49,4697.23,4699.592
2026-05-12T17:30:00+08:00,4699.65,4705.34,4693.95,4699.11
2026-05-12T18:00:00+08:00,4699.36,4708.43,4698.46,4700.15
2026-05-12T18:30:00+08:00,4700.13,4700.37,4684.86,4694
2026-05-12T19:00:00+08:00,4694.37,4700.32,4686.88,4700.075
2026-05-12T19:30:00+08:00,4700.14,4709.25,4697.54,4706.32
2026-05-12T20:00:00+08:00,4706.375,4708.48,4694.86,4696.998
2026-05-12T20:30:00+08:00,4697.15,4711.62,4689.435,4705.57
2026-05-12T21:00:00+08:00,4705.652,4709.12,4679.172,4690.87
2026-05-12T21:30:00+08:00,4690.877,4701.75,4676.65,4679.25
2026-05-12T22:00:00+08:00,4679.308,4695.16,4675.69,4682.9
2026-05-12T22:30:00+08:00,4683.19,4688.055,4669.04,4672.76
2026-05-12T23:00:00+08:00,4672.61,4676.22,4637.96,4655.852
2026-05-12T23:30:00+08:00,4655.835,4670.198,4653.56,4666.21
2026-05-13T00:00:00+08:00,4665.98,4675.103,4663.75,4668.2
2026-05-13T00:30:00+08:00,4667.88,4674.31,4664.79,4671.132
2026-05-13T01:00:00+08:00,4671.129,4682.4,4670.68,4679.2
2026-05-13T01:30:00+08:00,4679.34,4680.78,4675.74,4678.635
2026-05-13T02:00:00+08:00,4678.71,4687.74,4675.87,4685.33
2026-05-13T02:30:00+08:00,4685.21,4698.23,4684.5,4695.98
2026-05-13T03:00:00+08:00,4695.97,4704.61,4695.56,4703.325
2026-05-13T03:30:00+08:00,4703.51,4715.623,4703.07,4715.435
2026-05-13T04:00:00+08:00,4715.47,4719.32,4711.77,4713.148
2026-05-13T04:30:00+08:00,4713.27,4715.85,4711.77,4714.39
2026-05-13T06:00:00+08:00,4713.08,4721.8,4710.1,4717.022
2026-05-13T06:30:00+08:00,4717.042,4722.47,4714.75,4716.435
2026-05-13T07:00:00+08:00,4716.83,4724,4715.365,4720.28
2026-05-13T07:30:00+08:00,4720.27,4723.54,4714.78,4716.872
2026-05-13T08:00:00+08:00,4716.92,4727.09,4714.54,4722.35
2026-05-13T08:30:00+08:00,4722.64,4725.3,4713.895,4714.478
2026-05-13T09:00:00+08:00,4714.527,4717.15,4702.625,4704.462
2026-05-13T09:30:00+08:00,4704.47,4710.8,4700.845,4702.512
2026-05-13T10:00:00+08:00,4702.472,4707.66,4697.97,4700.187
2026-05-13T10:30:00+08:00,4700.24,4700.411,4687.198,4691.585
2026-05-13T11:00:00+08:00,4691.923,4700.71,4688.56,4700.58
2026-05-13T11:30:00+08:00,4700.57,4705.96,4693.96,4695.67
2026-05-13T12:00:00+08:00,4695.755,4703.44,4695.15,4701.03
2026-05-13T12:30:00+08:00,4701.3,4703.37,4697.04,4699.6
2026-05-13T13:00:00+08:00,4699.59,4707.41,4697.438,4697.835
2026-05-13T13:30:00+08:00,4698.01,4705.39,4693.27,4704.017
2026-05-13T14:00:00+08:00,4703.95,4715.43,4703.06,4708.73
2026-05-13T14:30:00+08:00,4708.73,4713.74,4698.69,4701.586
2026-05-13T15:00:00+08:00,4701.602,4708.89,4696.39,4707.22
2026-05-13T15:30:00+08:00,4707.54,4707.97,4700.89,4702.76
2026-05-13T16:00:00+08:00,4702.79,4704.33,4694.45,4697.14
2026-05-13T16:30:00+08:00,4697.04,4702.899,4694.07,4700.39
2026-05-13T17:00:00+08:00,4700.55,4701.81,4685.6,4688.97
2026-05-13T17:30:00+08:00,4688.823,4700.995,4685.71,4700.83
2026-05-13T18:00:00+08:00,4700.83,4710.63,4698.36,4699.552
2026-05-13T18:30:00+08:00,4699.555,4699.98,4693.34,4693.975
2026-05-13T19:00:00+08:00,4694.21,4700.64,4691.12,4698.285
2026-05-13T19:30:00+08:00,4698.26,4705.518,4697.24,4697.38
2026-05-13T20:00:00+08:00,4697.365,4701.72,4682.7,4684.84
2026-05-13T20:30:00+08:00,4684.55,4687.89,4675.87,4683.76
2026-05-13T21:00:00+08:00,4683.763,4694.73,4683.355,4688.7
2026-05-13T21:30:00+08:00,4688.62,4690.91,4669.38,4679.31
2026-05-13T22:00:00+08:00,4679.115,4685.492,4672.52,4684.025
2026-05-13T22:30:00+08:00,4684.08,4691.16,4676.92,4679.71
2026-05-13T23:00:00+08:00,4680.85,4691.81,4678.76,4690.97
2026-05-13T23:30:00+08:00,4691.16,4700.04,4686.62,4695.365
2026-05-14T00:00:00+08:00,4695.43,4710.5,4694.9,4706.595
2026-05-14T00:30:00+08:00,4706.786,4708.33,4694.81,4695.58
2026-05-14T01:00:00+08:00,4695.59,4701.31,4695.4,4698.285
2026-05-14T01:30:00+08:00,4698.32,4698.48,4684.27,4685.375
2026-05-14T02:00:00+08:00,4685.51,4694.21,4684.01,4692.03
2026-05-14T02:30:00+08:00,4692.04,4692.84,4677.425,4684.883
2026-05-14T03:00:00+08:00,4684.99,4690.5,4682.97,4686.995
2026-05-14T03:30:00+08:00,4687.15,4689.43,4683.37,4688.025
2026-05-14T04:00:00+08:00,4688.176,4693.87,4685.71,4691.19
2026-05-14T04:30:00+08:00,4691.323,4692.99,4678.593,4683.675
2026-05-14T06:00:00+08:00,4689.402,4697.33,4687.98,4697.08
2026-05-14T06:30:00+08:00,4697.072,4700.64,4695.04,4699.98
2026-05-14T07:00:00+08:00,4700.025,4702.15,4696.26,4697.29
2026-05-14T07:30:00+08:00,4697.28,4697.57,4692.68,4696.444
2026-05-14T08:00:00+08:00,4696.62,4705.46,4689.03,4701.08
2026-05-14T08:30:00+08:00,4700.57,4706.79,4692.52,4704.972
2026-05-14T09:00:00+08:00,4704.99,4707.02,4683.83,4692.45
2026-05-14T09:30:00+08:00,4692.683,4695.21,4683.15,4688.9
2026-05-14T10:00:00+08:00,4688.67,4694.23,4686.17,4693.48
2026-05-14T10:30:00+08:00,4693.49,4699.643,4679.555,4686.252
2026-05-14T11:00:00+08:00,4686.313,4693.45,4681.06,4691.12
2026-05-14T11:30:00+08:00,4691.2,4691.683,4673.51,4674.7
2026-05-14T12:00:00+08:00,4675.07,4707.53,4667.91,4702.308
2026-05-14T12:30:00+08:00,4702.34,4712.76,4700.998,4702.3
2026-05-14T13:00:00+08:00,4702.015,4704.29,4692.96,4693.64
2026-05-14T13:30:00+08:00,4693.556,4703.34,4688.625,4689.72
2026-05-14T14:00:00+08:00,4689.883,4694.74,4685.66,4691.25
2026-05-14T14:30:00+08:00,4691.33,4702.47,4690.11,4700.179
2026-05-14T15:00:00+08:00,4700.31,4707,4694.08,4705.462
2026-05-14T15:30:00+08:00,4705.37,4718.95,4690.595,4693.12
2026-05-14T16:00:00+08:00,4693.05,4704.92,4691.935,4702.725
2026-05-14T16:30:00+08:00,4703.04,4706.71,4692.66,4693.21
2026-05-14T17:00:00+08:00,4693.22,4698.17,4689.99,4690.63
2026-05-14T17:30:00+08:00,4690.558,4702.59,4688.335,4699.62
2026-05-14T18:00:00+08:00,4699.5,4705.56,4693.715,4697.535
2026-05-14T18:30:00+08:00,4697.512,4698.1,4690.95,4696.72
2026-05-14T19:00:00+08:00,4697.12,4698.88,4688.908,4691.7
2026-05-14T19:30:00+08:00,4691.947,4704.91,4690.5,4694.31
2026-05-14T20:00:00+08:00,4694.31,4707.64,4691.96,4702.545
2026-05-14T20:30:00+08:00,4702.75,4710.18,4695.525,4704.72
2026-05-14T21:00:00+08:00,4704.628,4707.82,4687.58,4687.895
2026-05-14T21:30:00+08:00,4688.229,4691.3,4665.975,4679.5
2026-05-14T22:00:00+08:00,4679.315,4701.02,4677.315,4691.413
2026-05-14T22:30:00+08:00,4691.23,4692.51,4678.8,4679.432
2026-05-14T23:00:00+08:00,4679.48,4689.448,4676.58,4685.538
2026-05-14T23:30:00+08:00,4685.83,4689.04,4680.65,4685.9
2026-05-15T00:00:00+08:00,4685.98,4686.98,4673.805,4677.192
2026-05-15T00:30:00+08:00,4677.23,4679.02,4669.955,4678.175
2026-05-15T01:00:00+08:00,4678.472,4683.03,4676.508,4677.098
2026-05-15T01:30:00+08:00,4677.252,4681.81,4676.135,4678.142
2026-05-15T02:00:00+08:00,4678.16,4678.405,4668.4,4673.355
2026-05-15T02:30:00+08:00,4673.472,4674.92,4666.558,4671.59
2026-05-15T03:00:00+08:00,4671.28,4671.91,4662.95,4663.351
2026-05-15T03:30:00+08:00,4663.105,4665.53,4652.675,4653.818
2026-05-15T04:00:00+08:00,4654.147,4657.4,4646.378,4647.99
2026-05-15T04:30:00+08:00,4648.078,4653.17,4643.153,4649.518
2026-05-15T06:00:00+08:00,4653.8,4659.48,4646.312,4658.79
2026-05-15T06:30:00+08:00,4658.96,4662.72,4658,4662.303
2026-05-15T07:00:00+08:00,4662.12,4664.4,4655.16,4663.74
2026-05-15T07:30:00+08:00,4663.83,4665.36,4646.47,4652.13
2026-05-15T08:00:00+08:00,4652.18,4658.36,4629.338,4629.9
2026-05-15T08:30:00+08:00,4630.066,4630.75,4613.225,4630.06
2026-05-15T09:00:00+08:00,4630.042,4631.66,4607.3,4608.82
2026-05-15T09:30:00+08:00,4609.02,4624.493,4606.92,4613.24
2026-05-15T10:00:00+08:00,4613.776,4619.25,4609.06,4612.46
2026-05-15T10:30:00+08:00,4612.503,4623.48,4609.21,4617.98
2026-05-15T11:00:00+08:00,4618.083,4622.36,4609.65,4612.753
2026-05-15T11:30:00+08:00,4612.5,4617.39,4607.14,4615.3
2026-05-15T12:00:00+08:00,4615.225,4621.73,4607.058,4610.755
2026-05-15T12:30:00+08:00,4610.83,4614.99,4604.125,4605.61
2026-05-15T13:00:00+08:00,4605.95,4606.51,4580.455,4588.777
2026-05-15T13:30:00+08:00,4588.83,4589.98,4556.881,4558.828
2026-05-15T14:00:00+08:00,4558.828,4578.34,4556.19,4575.01
2026-05-15T14:30:00+08:00,4575.021,4580.6,4563.93,4569.738
2026-05-15T15:00:00+08:00,4569.6,4588.683,4565.65,4581.8
2026-05-15T15:30:00+08:00,4581.73,4582.555,4567.98,4570.784
2026-05-15T16:00:00+08:00,4570.753,4572,4552.46,4558.185
2026-05-15T16:30:00+08:00,4558.165,4563.64,4549.845,4554.298
2026-05-15T17:00:00+08:00,4554.361,4563.81,4539.17,4553.401
2026-05-15T17:30:00+08:00,4553.385,4555.67,4531.7,4545.715
2026-05-15T18:00:00+08:00,4545.69,4563.34,4543.965,4551.64
2026-05-15T18:30:00+08:00,4551.63,4572.58,4549.52,4566
2026-05-15T19:00:00+08:00,4565.855,4570.29,4558.94,4562.27
2026-05-15T19:30:00+08:00,4562.26,4562.57,4549.715,4551.875
2026-05-15T20:00:00+08:00,4551.855,4558.74,4544.815,4555.079
2026-05-15T20:30:00+08:00,4554.905,4555.92,4543.39,4546.42
2026-05-15T21:00:00+08:00,4545.55,4557.87,4535.65,4548.92
2026-05-15T21:30:00+08:00,4548.904,4551.48,4511.215,4533.315
2026-05-15T22:00:00+08:00,4533.353,4562.91,4525.155,4555.564
2026-05-15T22:30:00+08:00,4555.49,4566.58,4545.82,4562.68
2026-05-15T23:00:00+08:00,4562.615,4563.81,4542.72,4547.237
2026-05-15T23:30:00+08:00,4547.86,4551.22,4533.46,4539.568
2026-05-16T00:00:00+08:00,4539.57,4542.43,4529.07,4540.81
2026-05-16T00:30:00+08:00,4540.884,4548.2,4539.76,4544.26
2026-05-16T01:00:00+08:00,4544.385,4564.53,4542.81,4557.65
2026-05-16T01:30:00+08:00,4557.704,4563.72,4556.94,4559.493
2026-05-16T02:00:00+08:00,4559.445,4563.07,4552.75,4558.28
2026-05-16T02:30:00+08:00,4558.09,4562.94,4551.9,4559.4
2026-05-16T03:00:00+08:00,4559.22,4560.29,4548.345,4550.11
2026-05-16T03:30:00+08:00,4550.72,4555.92,4544.705,4545.804
2026-05-16T04:00:00+08:00,4545.625,4546.44,4532.64,4539.014
2026-05-16T04:30:00+08:00,4539.12,4544.3,4535.73,4539.39
2026-05-18T06:00:00+08:00,4531.02,4555.17,4528.253,4541.044
2026-05-18T06:30:00+08:00,4541.044,4554.59,4540.35,4546.131
2026-05-18T07:00:00+08:00,4545.41,4548.13,4537.19,4537.93
2026-05-18T07:30:00+08:00,4537.95,4544.25,4531.29,4537.084
2026-05-18T08:00:00+08:00,4536.795,4542.71,4514.358,4515.445
2026-05-18T08:30:00+08:00,4515.67,4519.041,4480.01,4515.913
2026-05-18T09:00:00+08:00,4515.954,4516.17,4489.14,4503.715
2026-05-18T09:30:00+08:00,4503.99,4535.79,4499.545,4525.46
2026-05-18T10:00:00+08:00,4525.42,4540.77,4521.765,4533.47
2026-05-18T10:30:00+08:00,4533.345,4542.9,4528.81,4533.22
2026-05-18T11:00:00+08:00,4533.6,4538.45,4526.455,4535.96
2026-05-18T11:30:00+08:00,4535.864,4548.01,4524.76,4541.18
2026-05-18T12:00:00+08:00,4540.985,4550,4529.76,4532.62
2026-05-18T12:30:00+08:00,4532.41,4545.69,4531.97,4540.66
2026-05-18T13:00:00+08:00,4540.624,4550.71,4532.62,4548.395
2026-05-18T13:30:00+08:00,4548.681,4552.17,4529.25,4530.938
2026-05-18T14:00:00+08:00,4530.38,4548.21,4529.18,4537.49
2026-05-18T14:30:00+08:00,4537.305,4547.873,4533.99,4546.77
2026-05-18T15:00:00+08:00,4546.715,4551.46,4538.01,4550.53
2026-05-18T15:30:00+08:00,4550.52,4560.07,4539.815,4546.17
2026-05-18T16:00:00+08:00,4546.17,4551.49,4542.138,4547.891
2026-05-18T16:30:00+08:00,4547.775,4557.07,4545.51,4549.78
2026-05-18T17:00:00+08:00,4549.69,4552.72,4540.8,4544.933
2026-05-18T17:30:00+08:00,4544.89,4546.46,4539.88,4542.94
2026-05-18T18:00:00+08:00,4542.908,4545.09,4535.28,4539.25
2026-05-18T18:30:00+08:00,4539.611,4547.85,4531.87,4540.2
2026-05-18T19:00:00+08:00,4540.23,4541.85,4529.48,4536.253
2026-05-18T19:30:00+08:00,4536.214,4567.044,4535.18,4550.573
2026-05-18T20:00:00+08:00,4550.671,4556.64,4544.965,4550.51
2026-05-18T20:30:00+08:00,4550.624,4574.94,4549.96,4571.284
2026-05-18T21:00:00+08:00,4571.31,4576.92,4561.665,4571.765
2026-05-18T21:30:00+08:00,4571.893,4585.03,4563.53,4575.56
2026-05-18T22:00:00+08:00,4575.485,4575.77,4554.185,4561.62
2026-05-18T22:30:00+08:00,4561.624,4563.06,4537.435,4546.44
2026-05-18T23:00:00+08:00,4546.524,4548.72,4531.575,4534.49
2026-05-18T23:30:00+08:00,4534.671,4547.27,4533.57,4543.83
2026-05-19T00:00:00+08:00,4543.46,4550.75,4533.77,4537.04
2026-05-19T00:30:00+08:00,4537.08,4554.86,4533.96,4550.124
2026-05-19T01:00:00+08:00,4549.95,4559.08,4547.65,4553.873
2026-05-19T01:30:00+08:00,4553.92,4554.24,4545.25,4546.915
2026-05-19T02:00:00+08:00,4546.924,4547.85,4536.37,4541.81
2026-05-19T02:30:00+08:00,4541.891,4544.1,4533.85,4535.575
2026-05-19T03:00:00+08:00,4535.733,4565.35,4534.87,4551.604
2026-05-19T03:30:00+08:00,4551.6,4562.97,4549.83,4558.453
2026-05-19T04:00:00+08:00,4558.05,4566.98,4557.45,4563.12
2026-05-19T04:30:00+08:00,4563.06,4566.653,4561.28,4566.403
2026-05-19T06:00:00+08:00,4566.28,4574.733,4566.168,4572.715
2026-05-19T06:30:00+08:00,4572.898,4578.393,4571.02,4573.8
2026-05-19T07:00:00+08:00,4573.842,4589,4573.04,4585.69
2026-05-19T07:30:00+08:00,4585.67,4587.87,4578.62,4581.723
2026-05-19T08:00:00+08:00,4581.19,4589.37,4568.465,4573.57
2026-05-19T08:30:00+08:00,4573.57,4576.179,4561.14,4563.19
2026-05-19T09:00:00+08:00,4563.17,4569.32,4553.96,4559.085
2026-05-19T09:30:00+08:00,4559.104,4572.4,4554.96,4563.725
2026-05-19T10:00:00+08:00,4563.75,4563.88,4551.175,4559.718
2026-05-19T10:30:00+08:00,4559.73,4559.869,4545.715,4547.037
2026-05-19T11:00:00+08:00,4547.05,4553.1,4543.13,4549
2026-05-19T11:30:00+08:00,4549.16,4555.113,4543.756,4544.96
2026-05-19T12:00:00+08:00,4544.965,4545.76,4537.955,4540.145
2026-05-19T12:30:00+08:00,4540.24,4543.82,4537.67,4542.205
2026-05-19T13:00:00+08:00,4542.39,4546.61,4530.41,4538.449
2026-05-19T13:30:00+08:00,4538.88,4544.27,4532.575,4540.64
2026-05-19T14:00:00+08:00,4540.64,4553.94,4533.12,4547.51
2026-05-19T14:30:00+08:00,4547.5,4552.92,4542.8,4547.91
2026-05-19T15:00:00+08:00,4548.1,4555.353,4542.73,4547.86
2026-05-19T15:30:00+08:00,4548.175,4559.34,4540.98,4557.26
2026-05-19T16:00:00+08:00,4557.201,4559.15,4535.96,4538.2
2026-05-19T16:30:00+08:00,4538.105,4548.66,4536.56,4542.7
2026-05-19T17:00:00+08:00,4542.69,4546.79,4535.77,4540.5
2026-05-19T17:30:00+08:00,4540.445,4544.78,4536.42,4541.605
2026-05-19T18:00:00+08:00,4541.764,4542.3,4535.735,4539.74
2026-05-19T18:30:00+08:00,4539.73,4544.64,4525.17,4544.57
2026-05-19T19:00:00+08:00,4544.605,4548.03,4535.41,4539.16
2026-05-19T19:30:00+08:00,4539.244,4543.17,4529.59,4530.704
2026-05-19T20:00:00+08:00,4530.61,4546.72,4527.028,4543.324
2026-05-19T20:30:00+08:00,4543.36,4547.11,4535.36,4536.935
2026-05-19T21:00:00+08:00,4537.193,4537.45,4490.4,4491.805
2026-05-19T21:30:00+08:00,4491.93,4511.59,4464.4,4503.48
2026-05-19T22:00:00+08:00,4503.595,4514.26,4484.11,4489.66
2026-05-19T22:30:00+08:00,4489.995,4498.73,4485.83,4493.97
2026-05-19T23:00:00+08:00,4494.06,4504.985,4489.535,4498.4
2026-05-19T23:30:00+08:00,4498.68,4509.258,4497.64,4508.324
2026-05-20T00:00:00+08:00,4508.25,4512.1,4495.82,4508.724
2026-05-20T00:30:00+08:00,4508.605,4512.484,4504.26,4507.6
2026-05-20T01:00:00+08:00,4507.535,4511.08,4503.04,4506.894
2026-05-20T01:30:00+08:00,4506.86,4508.38,4498.84,4500.92
2026-05-20T02:00:00+08:00,4500.824,4503.72,4495.37,4495.895
2026-05-20T02:30:00+08:00,4495.84,4500.89,4490.005,4493.495
2026-05-20T03:00:00+08:00,4493.598,4497.619,4485.22,4486.8
2026-05-20T03:30:00+08:00,4486.8,4489.95,4481,4483.275
2026-05-20T04:00:00+08:00,4483.35,4488.205,4480.64,4486.25
2026-05-20T04:30:00+08:00,4486.01,4486.344,4480.86,4481.9
2026-05-20T06:00:00+08:00,4498.27,4498.27,4477.17,4479.19
2026-05-20T06:30:00+08:00,4478.78,4485.8,4476.76,4484.389
2026-05-20T07:00:00+08:00,4484.394,4488.75,4479.24,4486.03
2026-05-20T07:30:00+08:00,4486.11,4496.36,4485.04,4489.055
2026-05-20T08:00:00+08:00,4489.309,4502.094,4479.09,4501.83
2026-05-20T08:30:00+08:00,4501.805,4508.96,4497.73,4500.74
2026-05-20T09:00:00+08:00,4500.825,4506.28,4472.525,4473.653
2026-05-20T09:30:00+08:00,4473.46,4488.59,4455.625,4481.21
2026-05-20T10:00:00+08:00,4481.265,4487.11,4475.81,4481.45
2026-05-20T10:30:00+08:00,4481.494,4483.5,4458.04,4465.19
2026-05-20T11:00:00+08:00,4465.254,4467.171,4453,4460.934
2026-05-20T11:30:00+08:00,4460.775,4466.09,4457.01,4463.65
2026-05-20T12:00:00+08:00,4463.28,4470.64,4462.03,4465.153
2026-05-20T12:30:00+08:00,4464.885,4465.885,4456.05,4461.88
2026-05-20T13:00:00+08:00,4461.95,4475.35,4460.99,4468.284
2026-05-20T13:30:00+08:00,4468.18,4479.09,4462.7,4472.94
2026-05-20T14:00:00+08:00,4472.6,4478.35,4466.97,4471.853
2026-05-20T14:30:00+08:00,4471.873,4478.54,4461.05,4474.21
2026-05-20T15:00:00+08:00,4474.085,4485.34,4471.43,4482.58
2026-05-20T15:30:00+08:00,4482.535,4485.981,4474.7,4478.49
2026-05-20T16:00:00+08:00,4478.33,4486.53,4476.35,4485.971
2026-05-20T16:30:00+08:00,4485.974,4490.24,4476.41,4484.07
2026-05-20T17:00:00+08:00,4484,4486.203,4472.43,4473.97
2026-05-20T17:30:00+08:00,4473.97,4491.184,4472.47,4484.773
2026-05-20T18:00:00+08:00,4484.904,4492.63,4484.365,4488.863
2026-05-20T18:30:00+08:00,4488.86,4497.1,4488.36,4494.604
2026-05-20T19:00:00+08:00,4494.58,4501.27,4490.79,4499.835
2026-05-20T19:30:00+08:00,4499.96,4500.51,4490.47,4499.104
2026-05-20T20:00:00+08:00,4498.85,4501.099,4492.76,4499.44
2026-05-20T20:30:00+08:00,4499.403,4505.43,4493.658,4496.12
2026-05-20T21:00:00+08:00,4496.173,4506.18,4489.12,4489.354
2026-05-20T21:30:00+08:00,4489.19,4493.09,4481.58,4482.98
2026-05-20T22:00:00+08:00,4483.009,4510.91,4466.73,4506.76
2026-05-20T22:30:00+08:00,4506.878,4537.24,4506.54,4531.065
2026-05-20T23:00:00+08:00,4531.19,4552.81,4522.85,4529.43
2026-05-20T23:30:00+08:00,4529.285,4539.59,4526.73,4529.124
2026-05-21T00:00:00+08:00,4529.03,4535.24,4523.61,4525.853
2026-05-21T00:30:00+08:00,4525.87,4535.455,4523.74,4534.13
2026-05-21T01:00:00+08:00,4534.384,4538.245,4530.58,4532.368
2026-05-21T01:30:00+08:00,4532.404,4536.5,4529.59,4531.175
2026-05-21T02:00:00+08:00,4531.349,4536.695,4528.84,4534.978
2026-05-21T02:30:00+08:00,4534.65,4545.068,4534.65,4542.22
2026-05-21T03:00:00+08:00,4542.17,4546,4541.365,4545.084
2026-05-21T03:30:00+08:00,4545.029,4550.11,4544.66,4545.56
2026-05-21T04:00:00+08:00,4545.535,4550.37,4542.72,4545.548
2026-05-21T04:30:00+08:00,4545.22,4546.34,4536.81,4543.09
2026-05-21T06:00:00+08:00,4538.86,4548.82,4534.66,4538.852
2026-05-21T06:30:00+08:00,4538.65,4544.66,4536.54,4539.77
2026-05-21T07:00:00+08:00,4539.17,4543.269,4534.03,4538.364
2026-05-21T07:30:00+08:00,4538.18,4547.25,4537.5,4546.33
2026-05-21T08:00:00+08:00,4546.198,4553.35,4536.87,4543.653
2026-05-21T08:30:00+08:00,4543.664,4548.77,4539.16,4545.055
2026-05-21T09:00:00+08:00,4545.214,4568.05,4539.54,4566.825
2026-05-21T09:30:00+08:00,4567.044,4570.89,4558.55,4561.024
2026-05-21T10:00:00+08:00,4561.15,4564.94,4539.2,4540.14
2026-05-21T10:30:00+08:00,4540.145,4542.443,4531.15,4533.184
2026-05-21T11:00:00+08:00,4533.03,4540.224,4531.225,4535.64
2026-05-21T11:30:00+08:00,4535.358,4537.27,4526.88,4528.271
2026-05-21T12:00:00+08:00,4528.52,4540.14,4526.87,4539.255
2026-05-21T12:30:00+08:00,4539.58,4540.52,4533.41,4538.19
2026-05-21T13:00:00+08:00,4538.404,4540.4,4521.285,4522.833
2026-05-21T13:30:00+08:00,4522.59,4530.07,4518.09,4527.97
2026-05-21T14:00:00+08:00,4527.968,4539.98,4526.4,4532.87
2026-05-21T14:30:00+08:00,4533.15,4535.14,4518.55,4521.375
2026-05-21T15:00:00+08:00,4521.55,4524.51,4511.52,4512.764
2026-05-21T15:30:00+08:00,4512.804,4523.273,4511.828,4519.633
2026-05-21T16:00:00+08:00,4519.52,4536.73,4518.09,4535.595
2026-05-21T16:30:00+08:00,4535.638,4536.03,4526.185,4532.34
2026-05-21T17:00:00+08:00,4532.335,4542.56,4531.37,4536.59
2026-05-21T17:30:00+08:00,4536.93,4543.053,4527.51,4530.475
2026-05-21T18:00:00+08:00,4530.608,4535.57,4510.43,4518.02
2026-05-21T18:30:00+08:00,4518.024,4518.72,4504.695,4511.29
2026-05-21T19:00:00+08:00,4511.453,4521.224,4510.44,4513.91
2026-05-21T19:30:00+08:00,4513.885,4517.4,4507.78,4513.925
2026-05-21T20:00:00+08:00,4513.74,4519.32,4503.575,4506.84
2026-05-21T20:30:00+08:00,4506.765,4518.26,4501.565,4504.16
2026-05-21T21:00:00+08:00,4504.16,4512.84,4495.17,4500.22
2026-05-21T21:30:00+08:00,4500.564,4521.24,4488.22,4513.025
2026-05-21T22:00:00+08:00,4513.191,4515.48,4497.84,4507.394
2026-05-21T22:30:00+08:00,4507.15,4511.229,4501.44,4508.848
2026-05-21T23:00:00+08:00,4508.68,4515.57,4496.37,4503.334
2026-05-21T23:30:00+08:00,4503.145,4512.73,4502.28,4511.958
2026-05-22T00:00:00+08:00,4511.705,4520.86,4511.52,4516.14
2026-05-22T00:30:00+08:00,4516.484,4520.31,4515.2,4519.384
2026-05-22T01:00:00+08:00,4519.24,4546.284,4513.83,4541.46
2026-05-22T01:30:00+08:00,4541.618,4559.32,4538.435,4551.22
2026-05-22T02:00:00+08:00,4551.21,4556.16,4542.68,4548.33
2026-05-22T02:30:00+08:00,4548.384,4549.71,4526.89,4531.85
2026-05-22T03:00:00+08:00,4531.735,4542.084,4529.48,4538.5
2026-05-22T03:30:00+08:00,4538.755,4543.83,4534.39,4542.973
2026-05-22T04:00:00+08:00,4542.925,4544.745,4539.68,4541.26
2026-05-22T04:30:00+08:00,4541.05,4543.63,4539.32,4542.115
2026-05-22T06:00:00+08:00,4542.748,4546,4539.24,4540.98
2026-05-22T06:30:00+08:00,4540.44,4543.77,4539.16,4543.301
2026-05-22T07:00:00+08:00,4543.24,4545.08,4536.708,4540.62
2026-05-22T07:30:00+08:00,4540.26,4540.473,4532.06,4535.404
2026-05-22T08:00:00+08:00,4535.38,4537.43,4530,4536.16
2026-05-22T08:30:00+08:00,4536,4541.18,4525.17,4526.27
2026-05-22T09:00:00+08:00,4526.71,4536.39,4523,4528.97
2026-05-22T09:30:00+08:00,4528.745,4531.92,4520.64,4526.135
2026-05-22T10:00:00+08:00,4526.21,4529.4,4521.18,4524.35
2026-05-22T10:30:00+08:00,4524.46,4527.07,4518.14,4523.184
2026-05-22T11:00:00+08:00,4523.15,4525.258,4518.838,4521.425
2026-05-22T11:30:00+08:00,4521.62,4530.013,4521.395,4529.25
2026-05-22T12:00:00+08:00,4529.26,4533.09,4527.235,4532.204
2026-05-22T12:30:00+08:00,4532.02,4532.79,4525.04,4527.193
2026-05-22T13:00:00+08:00,4527.184,4529.74,4523.065,4525.88
2026-05-22T13:30:00+08:00,4526.104,4534.37,4506.94,4511.16
2026-05-22T14:00:00+08:00,4511.244,4526.16,4509.625,4524.99
2026-05-22T14:30:00+08:00,4525.301,4528.86,4521.26,4526.425
2026-05-22T15:00:00+08:00,4526.69,4527.43,4521.135,4525.64
2026-05-22T15:30:00+08:00,4525.725,4525.93,4515.82,4521.841
2026-05-22T16:00:00+08:00,4521.69,4531.19,4521.346,4526.801
2026-05-22T16:30:00+08:00,4526.785,4527.44,4516.45,4521.69
2026-05-22T17:00:00+08:00,4521.814,4525.57,4514.86,4517.748
2026-05-22T17:30:00+08:00,4517.645,4536.46,4514.498,4531.92
2026-05-22T18:00:00+08:00,4532.05,4536.84,4524.26,4524.61
2026-05-22T18:30:00+08:00,4524.61,4525.53,4509.88,4514.55
2026-05-22T19:00:00+08:00,4514.664,4517.34,4511.56,4512.16
2026-05-22T19:30:00+08:00,4511.89,4525.16,4511.295,4520.66
2026-05-22T20:00:00+08:00,4520.35,4536.06,4518.495,4521.57
2026-05-22T20:30:00+08:00,4521.57,4528.51,4514.71,4528.045
2026-05-22T21:00:00+08:00,4528.118,4534.39,4520.49,4522.11
2026-05-22T21:30:00+08:00,4521.845,4527.19,4510.08,4513.255
2026-05-22T22:00:00+08:00,4513.245,4515.5,4491.578,4498.875
2026-05-22T22:30:00+08:00,4499.12,4507.35,4496.93,4500.365
2026-05-22T23:00:00+08:00,4500.572,4519.22,4499.76,4519.05
2026-05-22T23:30:00+08:00,4519.241,4522.35,4514.36,4519.82
2026-05-23T00:00:00+08:00,4519.99,4524.23,4516.57,4523.44
2026-05-23T00:30:00+08:00,4523.43,4526.77,4512.11,4514.845
2026-05-23T01:00:00+08:00,4514.52,4525.955,4512.91,4525.293
2026-05-23T01:30:00+08:00,4525.165,4527.85,4518.23,4519.17
2026-05-23T02:00:00+08:00,4519.111,4519.48,4511.58,4515.208
2026-05-23T02:30:00+08:00,4515.293,4520.21,4512.59,4514.93
2026-05-23T03:00:00+08:00,4515.053,4515.858,4506.04,4507.064
2026-05-23T03:30:00+08:00,4506.73,4510.814,4503.89,4508.23
2026-05-23T04:00:00+08:00,4508.254,4510.56,4504.655,4510.125
2026-05-23T04:30:00+08:00,4510.29,4510.52,4503.55,4508.93
2026-05-25T06:00:00+08:00,4531.86,4557.94,4518.32,4552
2026-05-25T06:30:00+08:00,4552.01,4565.595,4551.03,4564.745
2026-05-25T07:00:00+08:00,4564.61,4578.4,4564.4,4575
2026-05-25T07:30:00+08:00,4574.882,4580.013,4565.01,4566.5
2026-05-25T08:00:00+08:00,4567.03,4575.89,4565.66,4571.78
2026-05-25T08:30:00+08:00,4572.219,4579.59,4565.6,4569.359
2026-05-25T09:00:00+08:00,4569.47,4576.47,4559.92,4573.32
2026-05-25T09:30:00+08:00,4573.443,4574.88,4559.66,4562.88
2026-05-25T10:00:00+08:00,4562.46,4568.324,4558.525,4562.735
2026-05-25T10:30:00+08:00,4562.93,4570.26,4559.165,4561.32
2026-05-25T11:00:00+08:00,4561.25,4564.61,4559.75,4560.624
2026-05-25T11:30:00+08:00,4560.614,4564.17,4556.06,4559.62
2026-05-25T12:00:00+08:00,4559.518,4565.97,4558.97,4564.95
2026-05-25T12:30:00+08:00,4565.25,4565.72,4559.19,4564.785
2026-05-25T13:00:00+08:00,4564.67,4566.12,4553.68,4554.2
2026-05-25T13:30:00+08:00,4554.2,4561.05,4551.59,4553.271
2026-05-25T14:00:00+08:00,4553.338,4557.411,4550.08,4553.81
2026-05-25T14:30:00+08:00,4553.99,4563.29,4553.03,4562.16
2026-05-25T15:00:00+08:00,4562.07,4564.81,4552.18,4554.285
2026-05-25T15:30:00+08:00,4553.98,4565.17,4553.79,4564.54
2026-05-25T16:00:00+08:00,4564.34,4565.07,4553.3,4554.94
2026-05-25T16:30:00+08:00,4555.01,4558.088,4552.98,4555.965
2026-05-25T17:00:00+08:00,4555.62,4559.04,4554.64,4558.72
2026-05-25T17:30:00+08:00,4558.824,4569.24,4558.06,4567.55
2026-05-25T18:00:00+08:00,4567.568,4573.761,4567.18,4570.73
2026-05-25T18:30:00+08:00,4570.975,4573.25,4568.01,4568.51
2026-05-25T19:00:00+08:00,4568.51,4575.33,4567.27,4571.584
2026-05-25T19:30:00+08:00,4571.64,4577.04,4568.89,4569.393
2026-05-25T20:00:00+08:00,4569.36,4569.571,4552.52,4560.33
2026-05-25T20:30:00+08:00,4560.445,4570.39,4559.59,4567.485
2026-05-25T21:00:00+08:00,4567.624,4571.588,4560.15,4561.784
2026-05-25T21:30:00+08:00,4561.66,4565.67,4559.77,4563.07
2026-05-25T22:00:00+08:00,4563.1,4570.66,4561.95,4567.89
2026-05-25T22:30:00+08:00,4567.97,4569.02,4564.64,4566.81
2026-05-25T23:00:00+08:00,4566.55,4574.79,4565.44,4573.22
2026-05-25T23:30:00+08:00,4573.278,4573.59,4566.45,4570.84
2026-05-26T00:00:00+08:00,4570.853,4571.136,4567.85,4568.028
2026-05-26T00:30:00+08:00,4567.95,4574.71,4567.64,4573.58
2026-05-26T01:00:00+08:00,4573.468,4577.95,4569.91,4571.5
2026-05-26T01:30:00+08:00,4571.269,4571.56,4562.88,4565.09
2026-05-26T02:00:00+08:00,4564.82,4571.525,4564.055,4570.824
2026-05-26T06:00:00+08:00,4569.051,4575.508,4569.051,4573.111
2026-05-26T06:30:00+08:00,4573.075,4576.628,4569.13,4574.775
2026-05-26T07:00:00+08:00,4574.55,4580.27,4566.6,4568.264
2026-05-26T07:30:00+08:00,4568.16,4568.61,4554.64,4559.515
2026-05-26T08:00:00+08:00,4559.644,4560.09,4540.885,4549.225
2026-05-26T08:30:00+08:00,4549.224,4553.06,4538.91,4549.85
2026-05-26T09:00:00+08:00,4549.53,4550.333,4541.5,4543.69
2026-05-26T09:30:00+08:00,4543.62,4544.228,4527.395,4537.028
2026-05-26T10:00:00+08:00,4537.023,4539.55,4535.1,4536.788
2026-05-26T10:30:00+08:00,4536.72,4538.61,4529.72,4532.23
2026-05-26T11:00:00+08:00,4531.9,4543.79,4531.78,4541.955
2026-05-26T11:30:00+08:00,4542.187,4545.46,4540.56,4542.06
2026-05-26T12:00:00+08:00,4542.235,4543.27,4532.21,4532.551
2026-05-26T12:30:00+08:00,4532.69,4533.31,4523.23,4525.428
2026-05-26T13:00:00+08:00,4525.25,4531.56,4522.735,4531.1
2026-05-26T13:30:00+08:00,4531.155,4535.23,4523.39,4527.13
2026-05-26T14:00:00+08:00,4527.045,4536.225,4526.69,4530.25
2026-05-26T14:30:00+08:00,4530.138,4534.11,4528.09,4530.775
2026-05-26T15:00:00+08:00,4530.944,4534.02,4521.72,4529.614
2026-05-26T15:30:00+08:00,4529.73,4539.06,4521.31,4537.96
2026-05-26T16:00:00+08:00,4538.164,4539.08,4520.22,4522.54
2026-05-26T16:30:00+08:00,4522.461,4527.65,4519.81,4523.704
2026-05-26T17:00:00+08:00,4523.69,4526.47,4517.94,4524.804
2026-05-26T17:30:00+08:00,4524.64,4525.254,4511.69,4522.548
2026-05-26T18:00:00+08:00,4522.51,4535.67,4518.97,4533.353
2026-05-26T18:30:00+08:00,4533.33,4540.579,4531.17,4534.3
2026-05-26T19:00:00+08:00,4534.34,4536.28,4522.57,4523.788
2026-05-26T19:30:00+08:00,4523.73,4523.798,4503.47,4507.01
2026-05-26T20:00:00+08:00,4507.145,4516.07,4503.2,4505.92
2026-05-26T20:30:00+08:00,4505.92,4523.79,4500.22,4520.3
2026-05-26T21:00:00+08:00,4520.42,4527.73,4515.8,4522.395
2026-05-26T21:30:00+08:00,4522.31,4531.368,4511.81,4513.77
2026-05-26T22:00:00+08:00,4514.045,4520.6,4507.52,4517.51
2026-05-26T22:30:00+08:00,4517.5,4524.99,4512.45,4515.185
2026-05-26T23:00:00+08:00,4515.04,4515.6,4504.54,4505.954
2026-05-26T23:30:00+08:00,4505.95,4510.82,4501.97,4506.458
2026-05-27T00:00:00+08:00,4506.195,4508.81,4499.71,4507.835
2026-05-27T00:30:00+08:00,4507.73,4511.25,4502.71,4504.776
2026-05-27T01:00:00+08:00,4504.69,4507.57,4500.08,4501.489
2026-05-27T01:30:00+08:00,4501.39,4501.695,4489.685,4491.069
2026-05-27T02:00:00+08:00,4490.89,4496.22,4482.24,4495.46
2026-05-27T02:30:00+08:00,4494.99,4499.74,4493.93,4499.204
2026-05-27T03:00:00+08:00,4499.165,4504.74,4497.41,4502.025
2026-05-27T03:30:00+08:00,4502.17,4510,4500.61,4508.81
2026-05-27T04:00:00+08:00,4508.765,4510.82,4505.955,4506.375
2026-05-27T04:30:00+08:00,4506.634,4511.028,4503.51,4506.34
2026-05-27T06:00:00+08:00,4510.15,4539.6,4495.5,4504.2
2026-05-27T06:30:00+08:00,4504.18,4512.51,4497.26,4510.815
2026-05-27T07:00:00+08:00,4511.01,4513.71,4503.74,4512.158
2026-05-27T07:30:00+08:00,4512.184,4527.946,4510.48,4519.37
2026-05-27T08:00:00+08:00,4519.614,4525.91,4513.66,4517.864
2026-05-27T08:30:00+08:00,4517.41,4522.133,4514.16,4515.1
2026-05-27T09:00:00+08:00,4515.16,4521.1,4512.11,4516.084
2026-05-27T09:30:00+08:00,4515.98,4517.1,4506.38,4507.85
2026-05-27T10:00:00+08:00,4507.86,4509.63,4498.718,4505.474
2026-05-27T10:30:00+08:00,4505.45,4507.1,4497.725,4505.48
2026-05-27T11:00:00+08:00,4505.754,4511.92,4504.63,4506.875
2026-05-27T11:30:00+08:00,4506.79,4507.249,4496.24,4497.058
2026-05-27T12:00:00+08:00,4497.1,4503.364,4495.43,4499.45
2026-05-27T12:30:00+08:00,4499.29,4517.28,4497.535,4509.99
2026-05-27T13:00:00+08:00,4510.155,4513.95,4503.835,4507.18
2026-05-27T13:30:00+08:00,4507.38,4508.819,4491.355,4497.44
2026-05-27T14:00:00+08:00,4497.54,4499.17,4483.35,4486.279
2026-05-27T14:30:00+08:00,4486.282,4490.175,4479.39,4485.26
2026-05-27T15:00:00+08:00,4485.143,4489.258,4479.67,4486.09
2026-05-27T15:30:00+08:00,4486.153,4488.7,4475.46,4481.908
2026-05-27T16:00:00+08:00,4481.81,4492.86,4481.18,4489.1
2026-05-27T16:30:00+08:00,4488.965,4498.72,4485.62,4497.64
2026-05-27T17:00:00+08:00,4497.788,4497.82,4488.29,4490.209
2026-05-27T17:30:00+08:00,4490.02,4493.22,4486.63,4489.985
2026-05-27T18:00:00+08:00,4490.104,4490.65,4476.265,4476.82
2026-05-27T18:30:00+08:00,4476.78,4477.27,4442.425,4445.87
2026-05-27T19:00:00+08:00,4445.57,4453.27,4439.02,4440.68
2026-05-27T19:30:00+08:00,4440.61,4445.01,4424.63,4428.65
2026-05-27T20:00:00+08:00,4428.685,4466.523,4427.26,4454.435
2026-05-27T20:30:00+08:00,4454.597,4460.35,4437.29,4438.59
2026-05-27T21:00:00+08:00,4438.776,4438.975,4401.13,4404.82
2026-05-27T21:30:00+08:00,4404.864,4434.08,4404.108,4427.272
2026-05-27T22:00:00+08:00,4427.324,4455.52,4425.785,4445.315
2026-05-27T22:30:00+08:00,4445.295,4449.42,4432.89,4434.04
2026-05-27T23:00:00+08:00,4434.22,4438.484,4427.875,4435.755
2026-05-27T23:30:00+08:00,4435.53,4441.55,4430.66,4436.46
2026-05-28T00:00:00+08:00,4436.39,4447.6,4433.99,4446.635
2026-05-28T00:30:00+08:00,4446.58,4453.279,4444.97,4450.744
2026-05-28T01:00:00+08:00,4450.73,4451.665,4441.09,4449.805
2026-05-28T01:30:00+08:00,4449.5,4454.37,4449.5,4450.363
2026-05-28T02:00:00+08:00,4450.165,4458.49,4447.44,4455.37
2026-05-28T02:30:00+08:00,4455.46,4456.52,4451.07,4454.42
2026-05-28T03:00:00+08:00,4454.295,4454.8,4449.545,4450.825
2026-05-28T03:30:00+08:00,4450.83,4454.76,4448.53,4450.794
2026-05-28T04:00:00+08:00,4450.695,4458.838,4449.84,4455.004
2026-05-28T04:30:00+08:00,4454.88,4456.63,4451.28,4455.28
2026-05-28T06:00:00+08:00,4456.25,4467.99,4450.875,4459.848
2026-05-28T06:30:00+08:00,4459.904,4462.53,4454.3,4457.19
2026-05-28T07:00:00+08:00,4457.14,4457.84,4448.65,4450.57
2026-05-28T07:30:00+08:00,4450.57,4454.16,4443.29,4446.45
2026-05-28T08:00:00+08:00,4446.83,4454.09,4443.51,4445.73
2026-05-28T08:30:00+08:00,4446.244,4458.09,4442.89,4456.999
2026-05-28T09:00:00+08:00,4456.92,4458.75,4416.86,4419.51
2026-05-28T09:30:00+08:00,4419.025,4426.51,4406.51,4409.953
2026-05-28T10:00:00+08:00,4410.1,4412.77,4395.958,4406.11
2026-05-28T10:30:00+08:00,4406.1,4410.45,4392.06,4394.119
2026-05-28T11:00:00+08:00,4394.14,4397.909,4381.91,4387.591
2026-05-28T11:30:00+08:00,4387.85,4388.03,4367.98,4374.77
2026-05-28T12:00:00+08:00,4374.745,4382.15,4365.85,4368.435
2026-05-28T12:30:00+08:00,4368.27,4375.239,4367.72,4372.99
2026-05-28T13:00:00+08:00,4372.72,4380.14,4366.75,4378.625
2026-05-28T13:30:00+08:00,4378.44,4395.92,4374.66,4387.6
2026-05-28T14:00:00+08:00,4387.698,4390.76,4373.685,4380.43
2026-05-28T14:30:00+08:00,4380.46,4385.49,4376.51,4383.365
2026-05-28T15:00:00+08:00,4383.17,4396.31,4383.17,4392.85
2026-05-28T15:30:00+08:00,4392.605,4394.02,4382.57,4387.474
2026-05-28T16:00:00+08:00,4387.474,4394.97,4386.08,4389.7
2026-05-28T16:30:00+08:00,4389.701,4395.01,4385.52,4386.76
2026-05-28T17:00:00+08:00,4386.49,4399.13,4386.04,4396.3
2026-05-28T17:30:00+08:00,4396.368,4396.96,4389.44,4393.43
2026-05-28T18:00:00+08:00,4393.625,4404.42,4391.18,4400.95
2026-05-28T18:30:00+08:00,4400.95,4402.51,4374.678,4383.035
2026-05-28T19:00:00+08:00,4382.985,4390.59,4381.225,4384.63
2026-05-28T19:30:00+08:00,4385.03,4390.35,4380.54,4387.929
2026-05-28T20:00:00+08:00,4387.93,4393.031,4379.375,4384.875
2026-05-28T20:30:00+08:00,4385.769,4433.806,4383.71,4432.105
2026-05-28T21:00:00+08:00,4432.13,4439.12,4424.818,4428.24
2026-05-28T21:30:00+08:00,4428.49,4434.4,4417.95,4429.77
2026-05-28T22:00:00+08:00,4429.995,4473.69,4420.49,4460.4
2026-05-28T22:30:00+08:00,4461.054,4481.09,4452.295,4469.078
2026-05-28T23:00:00+08:00,4469.249,4482.18,4468.31,4476.7
2026-05-28T23:30:00+08:00,4476.418,4484.995,4471.34,4482.224
2026-05-29T00:00:00+08:00,4481.928,4502.92,4477.255,4500.38
2026-05-29T00:30:00+08:00,4500.488,4511.105,4497.425,4510.964
2026-05-29T01:00:00+08:00,4511.09,4514.58,4500.93,4502.16
2026-05-29T01:30:00+08:00,4502.06,4510.05,4501.91,4508.78
2026-05-29T02:00:00+08:00,4508.738,4516.65,4505.045,4506.198
2026-05-29T02:30:00+08:00,4505.95,4506.54,4498.15,4500.904
2026-05-29T03:00:00+08:00,4500.969,4503.84,4498.345,4499.43
2026-05-29T03:30:00+08:00,4499.71,4501.95,4496.76,4497.978
2026-05-29T04:00:00+08:00,4497.978,4500.73,4494.6,4499.21
2026-05-29T04:30:00+08:00,4499.088,4500.86,4494.42,4495.745
2026-05-29T06:00:00+08:00,4497.82,4499.634,4491.27,4495.934
2026-05-29T06:30:00+08:00,4495.694,4496.72,4490.51,4491.1
2026-05-29T07:00:00+08:00,4491.194,4497.05,4490.595,4492.278
2026-05-29T07:30:00+08:00,4492.175,4496.43,4488.62,4494.918
2026-05-29T08:00:00+08:00,4494.72,4500.66,4491.695,4499.96
2026-05-29T08:30:00+08:00,4500.05,4500.5,4492.85,4496.03
2026-05-29T09:00:00+08:00,4495.56,4520.673,4491.995,4505.364
2026-05-29T09:30:00+08:00,4505.49,4508.56,4500.69,4506.335
2026-05-29T10:00:00+08:00,4506.355,4511.28,4501.57,4503.09
2026-05-29T10:30:00+08:00,4503.01,4508.29,4498.135,4501.636
2026-05-29T11:00:00+08:00,4501.789,4502.17,4494.63,4496.814
2026-05-29T11:30:00+08:00,4496.84,4501.7,4494.45,4501.01
2026-05-29T12:00:00+08:00,4501.33,4511.83,4500.73,4508.935
2026-05-29T12:30:00+08:00,4509.1,4514.8,4507.815,4514.045
2026-05-29T13:00:00+08:00,4514.071,4515.55,4508.52,4509.76
2026-05-29T13:30:00+08:00,4509.79,4515.88,4502.4,4514.784
2026-05-29T14:00:00+08:00,4514.745,4522.48,4509.675,4516.544
2026-05-29T14:30:00+08:00,4516.558,4524.18,4510.98,4523.595
2026-05-29T15:00:00+08:00,4523.32,4523.98,4510.53,4513.931
2026-05-29T15:30:00+08:00,4513.76,4526.64,4512.54,4524.609
2026-05-29T16:00:00+08:00,4524.81,4524.86,4512.29,4517.07
2026-05-29T16:30:00+08:00,4516.7,4518.14,4509.59,4514.74
2026-05-29T17:00:00+08:00,4514.83,4532.36,4512.92,4528.568
2026-05-29T17:30:00+08:00,4528.575,4539.59,4524.605,4530.67
2026-05-29T18:00:00+08:00,4531.084,4531.19,4525.21,4530.36
2026-05-29T18:30:00+08:00,4530.45,4543.33,4530.08,4538.38
2026-05-29T19:00:00+08:00,4538.435,4540.43,4526.5,4528.07
2026-05-29T19:30:00+08:00,4527.97,4539.03,4525.52,4538.16
2026-05-29T20:00:00+08:00,4538.352,4538.628,4519.67,4522.21
2026-05-29T20:30:00+08:00,4522.29,4524.152,4512.51,4522.78
2026-05-29T21:00:00+08:00,4522.6,4529.77,4516.865,4527.745
2026-05-29T21:30:00+08:00,4528.11,4540.698,4522.08,4536.55
2026-05-29T22:00:00+08:00,4536.53,4552.74,4525.75,4529.92
2026-05-29T22:30:00+08:00,4529.54,4570.55,4525.068,4564.82
2026-05-29T23:00:00+08:00,4564.208,4595.35,4563.82,4578.255
2026-05-29T23:30:00+08:00,4578.373,4583.28,4557.22,4571.119
2026-05-30T00:00:00+08:00,4571.01,4572.295,4559.425,4562.93
2026-05-30T00:30:00+08:00,4563.028,4573.54,4560.44,4566.884
2026-05-30T01:00:00+08:00,4566.884,4568.481,4559.935,4561.773
2026-05-30T01:30:00+08:00,4561.87,4562.52,4551.085,4553.5
2026-05-30T02:00:00+08:00,4553.513,4560.53,4551.995,4559.37
2026-05-30T02:30:00+08:00,4559.35,4561.77,4550.225,4553.25
2026-05-30T03:00:00+08:00,4553.358,4560.27,4551.925,4555.214
2026-05-30T03:30:00+08:00,4555.233,4556.47,4542.265,4545.47
2026-05-30T04:00:00+08:00,4545.608,4549.18,4541.675,4542.29
2026-05-30T04:30:00+08:00,4542.688,4548.275,4537.298,4537.87
2026-06-01T06:00:00+08:00,4540.3,4541.55,4517.555,4533.045
2026-06-01T06:30:00+08:00,4533.153,4540.41,4530.31,4534.765
2026-06-01T07:00:00+08:00,4535.284,4545.01,4534.55,4544.724
2026-06-01T07:30:00+08:00,4544.844,4545.73,4538.03,4538.92
2026-06-01T08:00:00+08:00,4539.463,4546.106,4536.94,4543.22
2026-06-01T08:30:00+08:00,4542.92,4545.13,4534.77,4540.37
2026-06-01T09:00:00+08:00,4540.614,4541.41,4525.86,4528.744
2026-06-01T09:30:00+08:00,4528.38,4533.93,4523.28,4524.99
2026-06-01T10:00:00+08:00,4525.424,4535.44,4523.75,4530.18
2026-06-01T10:30:00+08:00,4530.353,4531.13,4520.88,4521.383
2026-06-01T11:00:00+08:00,4521.498,4526.02,4513.555,4520.359
2026-06-01T11:30:00+08:00,4520.359,4524.13,4509.56,4516.125
2026-06-01T12:00:00+08:00,4516.253,4520.43,4512.088,4515.764
2026-06-01T12:30:00+08:00,4515.78,4517.31,4508.32,4514.324
2026-06-01T13:00:00+08:00,4514.11,4523.65,4513.278,4520.44
2026-06-01T13:30:00+08:00,4520.383,4525.24,4512.365,4518.04
2026-06-01T14:00:00+08:00,4518.11,4518.84,4504.655,4513.85
2026-06-01T14:30:00+08:00,4513.895,4514.838,4500.09,4501.46
2026-06-01T15:00:00+08:00,4501.7,4509.97,4500.3,4503.69
2026-06-01T15:30:00+08:00,4503.97,4507.77,4492.01,4503.009
2026-06-01T16:00:00+08:00,4502.6,4504.53,4490.178,4495.91
2026-06-01T16:30:00+08:00,4495.39,4503.01,4492.18,4497.76
2026-06-01T17:00:00+08:00,4497.87,4506.334,4496.175,4496.48
2026-06-01T17:30:00+08:00,4496.26,4499.24,4488.8,4495.86
2026-06-01T18:00:00+08:00,4495.924,4503.54,4495.7,4500.76
2026-06-01T18:30:00+08:00,4500.68,4510.96,4500.22,4503.938
2026-06-01T19:00:00+08:00,4503.938,4513.05,4499.6,4510.495
2026-06-01T19:30:00+08:00,4510.39,4512.35,4505.215,4505.69
2026-06-01T20:00:00+08:00,4505.69,4509.74,4497.07,4505.464
2026-06-01T20:30:00+08:00,4505.32,4510.52,4497.31,4502.13
2026-06-01T21:00:00+08:00,4502.164,4503.88,4461.78,4465.038
2026-06-01T21:30:00+08:00,4464.77,4479.24,4447.94,4449.635
2026-06-01T22:00:00+08:00,4450.05,4464.85,4447.22,4456.23
2026-06-01T22:30:00+08:00,4456.249,4461.59,4452.01,4458.702
2026-06-01T23:00:00+08:00,4458.664,4470.284,4455.265,4468.314
2026-06-01T23:30:00+08:00,4468.195,4479.86,4467.84,4473.94
2026-06-02T00:00:00+08:00,4474.053,4478.22,4462.755,4467.944
2026-06-02T00:30:00+08:00,4467.923,4482.77,4467.188,4479.9
2026-06-02T01:00:00+08:00,4480.51,4482.94,4471.12,4482.365
2026-06-02T01:30:00+08:00,4482.836,4495.48,4480.245,4487.449
2026-06-02T02:00:00+08:00,4487.408,4490.29,4486.01,4486.49
2026-06-02T02:30:00+08:00,4486.94,4488.69,4484.51,4486.49
2026-06-02T03:00:00+08:00,4486.49,4488.34,4483.97,4484.77
2026-06-02T03:30:00+08:00,4484.35,4485.78,4478.84,4480.91
2026-06-02T04:00:00+08:00,4481.064,4484.36,4479.87,4482.91
2026-06-02T04:30:00+08:00,4482.9,4485.91,4480.79,4483.89
2026-06-02T06:00:00+08:00,4484.691,4488.52,4480.78,4481.265
2026-06-02T06:30:00+08:00,4481.59,4486.71,4478.93,4485.47
2026-06-02T07:00:00+08:00,4485.623,4488.27,4480.92,4487.27
2026-06-02T07:30:00+08:00,4487.243,4487.53,4478.91,4484.374
2026-06-02T08:00:00+08:00,4483.93,4493.86,4476.4,4493.34
2026-06-02T08:30:00+08:00,4493.665,4497.24,4480.25,4481.614
2026-06-02T09:00:00+08:00,4481.509,4492.39,4473.36,4485.66
2026-06-02T09:30:00+08:00,4486.205,4489.47,4462.55,4474.21
2026-06-02T10:00:00+08:00,4474.19,4484.83,4471.688,4481.93
2026-06-02T10:30:00+08:00,4481.869,4486.57,4473.18,4485.6
2026-06-02T11:00:00+08:00,4485.889,4497.341,4485.29,4494.74
2026-06-02T11:30:00+08:00,4495.24,4499.67,4492.725,4499.31
2026-06-02T12:00:00+08:00,4499.18,4510.33,4497.39,4504.549
2026-06-02T12:30:00+08:00,4504.32,4518.23,4502.99,4517.12
2026-06-02T13:00:00+08:00,4517.264,4521.95,4514.85,4519.65
2026-06-02T13:30:00+08:00,4519.644,4528.25,4515.91,4517.02
2026-06-02T14:00:00+08:00,4516.99,4533.97,4516.55,4532.97
2026-06-02T14:30:00+08:00,4532.94,4538.43,4531.45,4535.828
2026-06-02T15:00:00+08:00,4535.48,4541.538,4533.09,4533.983
2026-06-02T15:30:00+08:00,4533.818,4535.54,4527.52,4534.939
2026-06-02T16:00:00+08:00,4534.84,4539.22,4529.335,4531.09
2026-06-02T16:30:00+08:00,4530.89,4533.46,4525.56,4526.6
2026-06-02T17:00:00+08:00,4526.6,4535.79,4524.95,4526.82
2026-06-02T17:30:00+08:00,4526.744,4531.68,4521.075,4529.878
2026-06-02T18:00:00+08:00,4529.833,4531.76,4524.34,4528.342
2026-06-02T18:30:00+08:00,4528.335,4534.03,4525,4533.035
2026-06-02T19:00:00+08:00,4532.96,4534.75,4526.275,4529.46
2026-06-02T19:30:00+08:00,4529.46,4530.79,4525.29,4527.47
2026-06-02T20:00:00+08:00,4527.55,4534.17,4523.755,4529.298
2026-06-02T20:30:00+08:00,4529.299,4533.69,4513.285,4514.63
2026-06-02T21:00:00+08:00,4514.335,4524.84,4509.72,4510.69
2026-06-02T21:30:00+08:00,4510.769,4514.39,4502.095,4502.52
2026-06-02T22:00:00+08:00,4502.54,4507.12,4490.07,4495.4
2026-06-02T22:30:00+08:00,4495.51,4506.35,4495.428,4503.39
2026-06-02T23:00:00+08:00,4503.72,4509,4500.83,4505.17
2026-06-02T23:30:00+08:00,4505.34,4508.484,4499.4,4502.29
2026-06-03T00:00:00+08:00,4502.117,4503.76,4490.02,4490.294
2026-06-03T00:30:00+08:00,4490.14,4492.49,4486.125,4491.75
2026-06-03T01:00:00+08:00,4491.77,4493.1,4486.175,4491.1
2026-06-03T01:30:00+08:00,4491.01,4491.72,4481.885,4484.554
2026-06-03T02:00:00+08:00,4484.544,4491.02,4483.828,4488.205
2026-06-03T02:30:00+08:00,4488.31,4490.57,4478.49,4487.49
2026-06-03T03:00:00+08:00,4487.19,4489.77,4485.45,4489.48
2026-06-03T03:30:00+08:00,4489.34,4490.4,4483.115,4488.064
2026-06-03T04:00:00+08:00,4487.98,4491.04,4485.93,4489.5
2026-06-03T04:30:00+08:00,4489.745,4491.51,4486.12,4491.51
2026-06-03T06:00:00+08:00,4489.358,4493.39,4487.02,4490.198
2026-06-03T06:30:00+08:00,4490.198,4492.28,4483.755,4484.43
2026-06-03T07:00:00+08:00,4484.55,4488.798,4461.58,4467.295
2026-06-03T07:30:00+08:00,4466.98,4475.23,4462.08,4474
2026-06-03T08:00:00+08:00,4474.31,4483.27,4473.33,4482.99
2026-06-03T08:30:00+08:00,4483.04,4496.733,4480.84,4485.875
2026-06-03T09:00:00+08:00,4486.089,4487.624,4462.978,4466.7
2026-06-03T09:30:00+08:00,4467.095,4477.14,4464.38,4475.684
2026-06-03T10:00:00+08:00,4475.53,4481.41,4472.39,4478.779
2026-06-03T10:30:00+08:00,4478.78,4485.094,4472.67,4481.775
2026-06-03T11:00:00+08:00,4481.81,4487.584,4481.49,4483.449
2026-06-03T11:30:00+08:00,4483.53,4486.34,4482.148,4484.12
2026-06-03T12:00:00+08:00,4484.34,4488.18,4476.66,4477.23
2026-06-03T12:30:00+08:00,4477.03,4477.44,4467.83,4469.364
2026-06-03T13:00:00+08:00,4469.433,4474.22,4465.72,4468.564
2026-06-03T13:30:00+08:00,4468.534,4468.94,4456.298,4457.06
2026-06-03T14:00:00+08:00,4456.728,4470.953,4456.49,4462.49
2026-06-03T14:30:00+08:00,4462.3,4465.11,4454.94,4462.56
2026-06-03T15:00:00+08:00,4462.81,4472.25,4455.9,4456.134
2026-06-03T15:30:00+08:00,4455.85,4463.94,4452.55,4453.204
2026-06-03T16:00:00+08:00,4453.165,4459.29,4450.36,4457.3
2026-06-03T16:30:00+08:00,4457.358,4458.93,4440.015,4443.925
2026-06-03T17:00:00+08:00,4444.003,4459.04,4439.14,4439.734
2026-06-03T17:30:00+08:00,4439.834,4448.48,4438.59,4443.02
2026-06-03T18:00:00+08:00,4443.034,4467.46,4440.75,4459.842
2026-06-03T18:30:00+08:00,4459.868,4462.74,4452.91,4458.84
2026-06-03T19:00:00+08:00,4458.78,4468.09,4458.78,4464.545
2026-06-03T19:30:00+08:00,4464.36,4467.29,4458.18,4462.368
2026-06-03T20:00:00+08:00,4462.32,4464.59,4451.65,4452.758
2026-06-03T20:30:00+08:00,4452.675,4467.21,4447.9,4460.2
2026-06-03T21:00:00+08:00,4460.354,4465.994,4445.34,4448.47
2026-06-03T21:30:00+08:00,4448.63,4453.244,4425.98,4445.734
2026-06-03T22:00:00+08:00,4445.764,4458.645,4442.02,4451.73
2026-06-03T22:30:00+08:00,4452.14,4459.62,4446.908,4456.985
2026-06-03T23:00:00+08:00,4457,4458.44,4439.2,4444.962
2026-06-03T23:30:00+08:00,4444.914,4445.65,4436.29,4442.07
2026-06-04T00:00:00+08:00,4442.07,4444.09,4433.4,4437.554
2026-06-04T00:30:00+08:00,4437.585,4442.825,4435.085,4441.67
2026-06-04T01:00:00+08:00,4441.695,4448.4,4437.465,4438.95
2026-06-04T01:30:00+08:00,4438.984,4442.25,4435.21,4438.73
2026-06-04T02:00:00+08:00,4438.74,4440.66,4434.735,4440
2026-06-04T02:30:00+08:00,4440.158,4442.924,4436.535,4442.089
2026-06-04T03:00:00+08:00,4442.075,4452.28,4441.125,4447.95
2026-06-04T03:30:00+08:00,4447.79,4449.69,4442.7,4443.638
2026-06-04T04:00:00+08:00,4443.845,4445.325,4436.98,4439.01
2026-06-04T04:30:00+08:00,4438.735,4439.606,4429.86,4434.495
2026-06-04T06:00:00+08:00,4434.92,4440.285,4423.31,4434.034
2026-06-04T06:30:00+08:00,4433.97,4453.01,4433.34,4448.34
2026-06-04T07:00:00+08:00,4448.28,4451.61,4444.675,4450.61
2026-06-04T07:30:00+08:00,4450.86,4464.714,4445.9,4456.89
2026-06-04T08:00:00+08:00,4457.254,4465.34,4447.285,4450.724
2026-06-04T08:30:00+08:00,4450.335,4452.92,4443.775,4448.18
2026-06-04T09:00:00+08:00,4448.24,4473.7,4442.9,4465.867
2026-06-04T09:30:00+08:00,4465.825,4470.123,4456.54,4465.564
2026-06-04T10:00:00+08:00,4465.804,4467.254,4455.23,4460.613
2026-06-04T10:30:00+08:00,4460.4,4476.721,4457.61,4474.94
2026-06-04T11:00:00+08:00,4474.94,4477.29,4465.555,4469.02
2026-06-04T11:30:00+08:00,4469.018,4470.9,4457.905,4463.42
2026-06-04T12:00:00+08:00,4463.8,4476.25,4461.97,4474.658
2026-06-04T12:30:00+08:00,4474.67,4484.36,4474.21,4480.66
2026-06-04T13:00:00+08:00,4480.935,4482.44,4470.61,4473.07
2026-06-04T13:30:00+08:00,4473.238,4475.8,4466.595,4469.125
2026-06-04T14:00:00+08:00,4468.98,4477.22,4466.41,4472.045
2026-06-04T14:30:00+08:00,4472.054,4476.93,4462.66,4467.61
2026-06-04T15:00:00+08:00,4467.43,4470.82,4461.395,4465.08
2026-06-04T15:30:00+08:00,4465.105,4467.95,4459.37,4461.53
2026-06-04T16:00:00+08:00,4461.673,4467.98,4458.22,4463.324
2026-06-04T16:30:00+08:00,4463.322,4469.53,4459.485,4463.08
2026-06-04T17:00:00+08:00,4463.338,4469.39,4460.795,4464.65
2026-06-04T17:30:00+08:00,4464.709,4475.7,4461.44,4470.155
2026-06-04T18:00:00+08:00,4470.19,4472.15,4463.92,4467.19
2026-06-04T18:30:00+08:00,4467.49,4473.85,4466.09,4473.609
2026-06-04T19:00:00+08:00,4473.58,4491.63,4468.395,4489.42
2026-06-04T19:30:00+08:00,4489.405,4514.7,4481.925,4511.395
2026-06-04T20:00:00+08:00,4511.468,4513.92,4490.915,4498.408
2026-06-04T20:30:00+08:00,4498.105,4510.993,4496.66,4504.144
2026-06-04T21:00:00+08:00,4504.169,4510.09,4499.965,4504.569
2026-06-04T21:30:00+08:00,4504.24,4515.43,4495.07,4495.655
2026-06-04T22:00:00+08:00,4495.75,4499.91,4483.65,4486.164
2026-06-04T22:30:00+08:00,4486.1,4486.99,4456.96,4465.76
2026-06-04T23:00:00+08:00,4465.774,4474.81,4463.455,4470.6
2026-06-04T23:30:00+08:00,4470.884,4479.14,4469.35,4477.06
2026-06-05T00:00:00+08:00,4477.21,4485.22,4475.15,4483.37
2026-06-05T00:30:00+08:00,4483.38,4484.1,4479.37,4482.59
2026-06-05T01:00:00+08:00,4482.724,4482.83,4473.835,4476.834
2026-06-05T01:30:00+08:00,4476.764,4481.59,4475.85,4478.16
2026-06-05T02:00:00+08:00,4478.05,4481.19,4476,4478.025
2026-06-05T02:30:00+08:00,4477.95,4479.48,4472.52,4477.935
2026-06-05T03:00:00+08:00,4478.12,4483.49,4475.84,4479.82
2026-06-05T03:30:00+08:00,4480.163,4482.403,4476.5,4480.625
2026-06-05T04:00:00+08:00,4480.6,4481.76,4476.27,4477.535
2026-06-05T04:30:00+08:00,4477.64,4477.79,4473.72,4474.315
2026-06-05T06:00:00+08:00,4475.957,4480.92,4472.27,4478.84
2026-06-05T06:30:00+08:00,4478.854,4481.46,4468.44,4469.33
2026-06-05T07:00:00+08:00,4469.574,4474.13,4463.61,4469.249
2026-06-05T07:30:00+08:00,4469.2,4469.698,4460.17,4461.624
2026-06-05T08:00:00+08:00,4461.43,4464.96,4450.2,4457.37
2026-06-05T08:30:00+08:00,4457.61,4466.98,4455.84,4459.284
2026-06-05T09:00:00+08:00,4459.09,4469.97,4448.91,4458.39
2026-06-05T09:30:00+08:00,4458.633,4459.72,4443.79,4446.785
2026-06-05T10:00:00+08:00,4446.655,4454.974,4442.11,4451.075
2026-06-05T10:30:00+08:00,4450.97,4451.82,4438.04,4440.63
2026-06-05T11:00:00+08:00,4440.355,4443.891,4434.88,4436.714
2026-06-05T11:30:00+08:00,4436.39,4443.305,4435.98,4442.17
2026-06-05T12:00:00+08:00,4442.344,4444.7,4438,4439.68
2026-06-05T12:30:00+08:00,4439.61,4446.56,4437.21,4444.913
2026-06-05T13:00:00+08:00,4444.969,4450.104,4441.86,4444.588
2026-06-05T13:30:00+08:00,4444.625,4448.41,4438.43,4439.82
2026-06-05T14:00:00+08:00,4439.95,4446.58,4428.42,4442.04
2026-06-05T14:30:00+08:00,4442.32,4456.49,4442.03,4452.64
2026-06-05T15:00:00+08:00,4452.754,4467.52,4451.55,4467.154
2026-06-05T15:30:00+08:00,4467.05,4467.4,4459.17,4460.69
2026-06-05T16:00:00+08:00,4460.898,4466.974,4458.48,4466.81
2026-06-05T16:30:00+08:00,4466.68,4468.32,4460.64,4462.744
2026-06-05T17:00:00+08:00,4462.728,4469.41,4458.59,4462.864
2026-06-05T17:30:00+08:00,4462.92,4469.21,4458.94,4464.858
2026-06-05T18:00:00+08:00,4464.76,4468.14,4462.75,4465.75
2026-06-05T18:30:00+08:00,4465.75,4467.91,4461.56,4466.65
2026-06-05T19:00:00+08:00,4466.884,4467.22,4458.31,4465.85
2026-06-05T19:30:00+08:00,4466.034,4475.349,4462.82,4470.11
2026-06-05T20:00:00+08:00,4470.2,4475.85,4461.19,4464.74
2026-06-05T20:30:00+08:00,4464.635,4466.08,4404.45,4406.074
2026-06-05T21:00:00+08:00,4406.094,4421.065,4399.53,4405.27
2026-06-05T21:30:00+08:00,4404.605,4409.55,4365.24,4365.66
2026-06-05T22:00:00+08:00,4365.68,4379.39,4352.68,4361.045
2026-06-05T22:30:00+08:00,4360.91,4370.22,4344.37,4369.555
2026-06-05T23:00:00+08:00,4369.4,4372.65,4347.94,4351.775
2026-06-05T23:30:00+08:00,4352.21,4354.87,4333.58,4335.52
2026-06-06T00:00:00+08:00,4335.48,4339.04,4325.12,4329.585
2026-06-06T00:30:00+08:00,4329.73,4345,4323.15,4344.51
2026-06-06T01:00:00+08:00,4344.43,4346.92,4335.38,4342.24
2026-06-06T01:30:00+08:00,4342.65,4347.355,4337.77,4341.715
2026-06-06T02:00:00+08:00,4341.69,4342.12,4321.6,4325.82
2026-06-06T02:30:00+08:00,4325.77,4327.07,4315.045,4322.27
2026-06-06T03:00:00+08:00,4322.38,4324.33,4313.76,4323.85
2026-06-06T03:30:00+08:00,4323.795,4325.12,4313.9,4318.78
2026-06-06T04:00:00+08:00,4318.69,4326.606,4311.09,4322.808
2026-06-06T04:30:00+08:00,4322.41,4331.16,4320.34,4328.81
2026-06-08T06:00:00+08:00,4330.21,4338.235,4309.33,4316.43
2026-06-08T06:30:00+08:00,4316.42,4329.02,4314.4,4316.5
2026-06-08T07:00:00+08:00,4317.268,4334.56,4316.61,4333.975
2026-06-08T07:30:00+08:00,4333.74,4346.97,4332.47,4343.77
2026-06-08T08:00:00+08:00,4343.985,4353.5,4340.01,4351.61
2026-06-08T08:30:00+08:00,4351.445,4352.45,4339.41,4342.259
2026-06-08T09:00:00+08:00,4342.235,4345.89,4310.94,4314.04
2026-06-08T09:30:00+08:00,4314.53,4329.8,4299.61,4325.615
2026-06-08T10:00:00+08:00,4325.585,4330.91,4311.03,4314.846
2026-06-08T10:30:00+08:00,4314.895,4321.01,4306.96,4310.14
2026-06-08T11:00:00+08:00,4310.7,4314.32,4303.13,4306.75
2026-06-08T11:30:00+08:00,4307.085,4317.34,4304.6,4316.875
2026-06-08T12:00:00+08:00,4316.62,4321.82,4313.08,4319.869
2026-06-08T12:30:00+08:00,4320.29,4320.45,4307.22,4312.29
2026-06-08T13:00:00+08:00,4312.49,4316.22,4304.01,4311.669
2026-06-08T13:30:00+08:00,4311.9,4313.09,4268.02,4292.01
2026-06-08T14:00:00+08:00,4291.995,4311.43,4291.5,4305.763
2026-06-08T14:30:00+08:00,4305.775,4306.61,4292.88,4300.32
2026-06-08T15:00:00+08:00,4299.966,4316.97,4294.54,4305.71
2026-06-08T15:30:00+08:00,4306.099,4311.78,4294.04,4294.47
2026-06-08T16:00:00+08:00,4294.46,4297.135,4285.06,4288.066
2026-06-08T16:30:00+08:00,4287.87,4294.01,4285.27,4288.775
2026-06-08T17:00:00+08:00,4288.794,4292.31,4279.09,4279.84
2026-06-08T17:30:00+08:00,4279.74,4302.05,4272.88,4294.28
2026-06-08T18:00:00+08:00,4293.94,4297.73,4285.75,4293.76
2026-06-08T18:30:00+08:00,4293.8,4305.735,4291.81,4301.86
2026-06-08T19:00:00+08:00,4301.998,4331.21,4296.74,4325.215
2026-06-08T19:30:00+08:00,4325.248,4333.28,4321.07,4330.88
2026-06-08T20:00:00+08:00,4331.24,4334.733,4319.98,4330.085
2026-06-08T20:30:00+08:00,4330.045,4339.375,4326.85,4332.995
2026-06-08T21:00:00+08:00,4333.03,4336.055,4320.88,4331.18
2026-06-08T21:30:00+08:00,4331.38,4346.7,4325.91,4326.72
2026-06-08T22:00:00+08:00,4326.739,4330.88,4315.56,4320.26
2026-06-08T22:30:00+08:00,4320.039,4331.58,4314.56,4330.73
2026-06-08T23:00:00+08:00,4330.955,4336.61,4322.19,4330.684
2026-06-08T23:30:00+08:00,4330.4,4345.77,4328.38,4341.74
2026-06-09T00:00:00+08:00,4341.779,4344.03,4337.88,4340.89
2026-06-09T00:30:00+08:00,4340.93,4346.4,4337.62,4340.564
2026-06-09T01:00:00+08:00,4340.55,4342.58,4333.55,4339.27
2026-06-09T01:30:00+08:00,4339.045,4339.69,4331.71,4338.85
2026-06-09T02:00:00+08:00,4339.155,4346.02,4338.24,4342.27
2026-06-09T02:30:00+08:00,4342.535,4344.64,4332.84,4334.76
2026-06-09T03:00:00+08:00,4334.67,4338.25,4325.89,4327.671
2026-06-09T03:30:00+08:00,4327.705,4330.57,4323.09,4326.55
2026-06-09T04:00:00+08:00,4326.57,4329.97,4324.06,4326.59
2026-06-09T04:30:00+08:00,4326.09,4330.57,4324.99,4329.45
2026-06-09T06:00:00+08:00,4331.185,4333.77,4322.05,4325.1
2026-06-09T06:30:00+08:00,4324.5,4328.96,4324.36,4327.765
2026-06-09T07:00:00+08:00,4327.794,4328.97,4320.13,4320.64
2026-06-09T07:30:00+08:00,4320.679,4322.51,4312.48,4317.85
2026-06-09T08:00:00+08:00,4317.69,4323.86,4315.03,4316.746
2026-06-09T08:30:00+08:00,4317.01,4323.24,4314.76,4319.806
2026-06-09T09:00:00+08:00,4319.42,4338.13,4318.27,4335.15
2026-06-09T09:30:00+08:00,4335.355,4338.84,4332.52,4336.373
2026-06-09T10:00:00+08:00,4336.5,4337.04,4327.65,4335.46
2026-06-09T10:30:00+08:00,4335.441,4341.04,4330.6,4336.07
2026-06-09T11:00:00+08:00,4336.03,4342.34,4331.09,4336.67
2026-06-09T11:30:00+08:00,4336.655,4342.05,4333.2,4336.38
2026-06-09T12:00:00+08:00,4336.27,4339.49,4328.34,4330.43
2026-06-09T12:30:00+08:00,4330.45,4332.91,4323.67,4331.82
2026-06-09T13:00:00+08:00,4331.89,4337.2,4330.44,4332.6
2026-06-09T13:30:00+08:00,4332.539,4351.519,4331.18,4343.405
2026-06-09T14:00:00+08:00,4342.99,4348.905,4337.71,4338.6
2026-06-09T14:30:00+08:00,4338.92,4340.34,4329.88,4330.639
2026-06-09T15:00:00+08:00,4330.61,4334.8,4322.62,4331.045
2026-06-09T15:30:00+08:00,4331.068,4331.425,4322.03,4326.43
2026-06-09T16:00:00+08:00,4326.505,4336.36,4320.93,4334.21
2026-06-09T16:30:00+08:00,4334.17,4336.87,4325.57,4326.25
2026-06-09T17:00:00+08:00,4326.56,4336.14,4323.69,4326.845
2026-06-09T17:30:00+08:00,4326.823,4333.64,4324.81,4331.96
2026-06-09T18:00:00+08:00,4331.85,4336.9,4325.18,4333.735
2026-06-09T18:30:00+08:00,4333.785,4340.88,4329.47,4339.1
2026-06-09T19:00:00+08:00,4338.92,4340.645,4335.46,4338.633
2026-06-09T19:30:00+08:00,4338.45,4343.8,4336.51,4339.783
2026-06-09T20:00:00+08:00,4339.825,4344.065,4335.02,4335.53
2026-06-09T20:30:00+08:00,4335.62,4344.3,4334.54,4341.315
2026-06-09T21:00:00+08:00,4341.324,4345.46,4329.92,4330.86
2026-06-09T21:30:00+08:00,4331.07,4363.54,4324.96,4328.89
2026-06-09T22:00:00+08:00,4328.93,4336.055,4305.69,4318.77
2026-06-09T22:30:00+08:00,4318.14,4321.2,4278.18,4300.36
2026-06-09T23:00:00+08:00,4300.535,4302.163,4276.76,4278.79
2026-06-09T23:30:00+08:00,4278.808,4285.76,4262.75,4272.353
2026-06-10T00:00:00+08:00,4272.377,4281.2,4252.9,4263.446
2026-06-10T00:30:00+08:00,4263.26,4267.73,4236.28,4252.134
2026-06-10T01:00:00+08:00,4252.12,4268.06,4251.04,4263.003
2026-06-10T01:30:00+08:00,4263.18,4268.18,4255.63,4262.99
2026-06-10T02:00:00+08:00,4263,4274.33,4259.26,4270.807
2026-06-10T02:30:00+08:00,4270.895,4274.075,4262.11,4269.75
2026-06-10T03:00:00+08:00,4269.906,4271.77,4252.5,4257.295
2026-06-10T03:30:00+08:00,4257.296,4260.27,4249.77,4258.605
2026-06-10T04:00:00+08:00,4258.605,4261.23,4255.45,4259.15
2026-06-10T04:30:00+08:00,4259.03,4262.17,4257.23,4260.07
2026-06-10T06:00:00+08:00,4253,4257.42,4249.76,4256.66
2026-06-10T06:30:00+08:00,4256.639,4257.49,4231.82,4237.216
2026-06-10T07:00:00+08:00,4237.206,4247.34,4222.58,4224.108
2026-06-10T07:30:00+08:00,4224.03,4229.83,4209.92,4221.896
2026-06-10T08:00:00+08:00,4221.955,4228.4,4216.18,4217.59
2026-06-10T08:30:00+08:00,4217.61,4220.776,4198.69,4218.068
2026-06-10T09:00:00+08:00,4218.152,4218.908,4186.74,4201.93
2026-06-10T09:30:00+08:00,4201.77,4207.11,4183.59,4188.57
2026-06-10T10:00:00+08:00,4188.656,4191.86,4177.77,4187.63
2026-06-10T10:30:00+08:00,4188.09,4192.61,4172.96,4173.8
2026-06-10T11:00:00+08:00,4174.24,4181.26,4172.62,4177.18
2026-06-10T11:30:00+08:00,4177.145,4186.57,4175.98,4185.04
2026-06-10T12:00:00+08:00,4184.93,4187.32,4173.46,4174.53
2026-06-10T12:30:00+08:00,4174.48,4175.99,4171.97,4174.718
2026-06-10T13:00:00+08:00,4174.767,4187.36,4173.19,4187.16
2026-06-10T13:30:00+08:00,4187.08,4209.16,4181.48,4204.96
2026-06-10T14:00:00+08:00,4205.105,4221.996,4204.83,4211.62
2026-06-10T14:30:00+08:00,4211.62,4213.515,4201.53,4203.49
2026-06-10T15:00:00+08:00,4203.947,4208.07,4193.24,4194.65
2026-06-10T15:30:00+08:00,4194.826,4197.23,4181.19,4186.01
2026-06-10T16:00:00+08:00,4185.99,4187.43,4161.12,4172.235
2026-06-10T16:30:00+08:00,4172.197,4179.34,4166.05,4168.98
2026-06-10T17:00:00+08:00,4168.95,4175.12,4163.95,4166.15
2026-06-10T17:30:00+08:00,4166.22,4179.65,4162.87,4168.625
2026-06-10T18:00:00+08:00,4168.53,4171.19,4155.52,4165.136
2026-06-10T18:30:00+08:00,4165.06,4178.72,4163.8,4174.46
2026-06-10T19:00:00+08:00,4174.47,4176.13,4152.79,4166.467
2026-06-10T19:30:00+08:00,4166.25,4168.03,4145.38,4147.606
2026-06-10T20:00:00+08:00,4147.591,4152.58,4130.46,4140.46
2026-06-10T20:30:00+08:00,4141.132,4173.98,4139.34,4146.885
2026-06-10T21:00:00+08:00,4146.81,4158.05,4132.74,4149.73
2026-06-10T21:30:00+08:00,4149.647,4186.3,4141.73,4179.5
2026-06-10T22:00:00+08:00,4179.54,4181.34,4159.31,4160.96
2026-06-10T22:30:00+08:00,4161.16,4163.41,4117.66,4124.81
2026-06-10T23:00:00+08:00,4124.85,4136.98,4113.05,4127.771
2026-06-10T23:30:00+08:00,4127.68,4131.29,4106.46,4128.48
2026-06-11T00:00:00+08:00,4128.766,4135.02,4122.83,4127.55
2026-06-11T00:30:00+08:00,4127.17,4132.22,4115.6,4121.936
2026-06-11T01:00:00+08:00,4121.957,4135.09,4109.04,4110.991
2026-06-11T01:30:00+08:00,4110.62,4113.53,4100.5,4111.4
2026-06-11T02:00:00+08:00,4111.81,4120.6,4109.44,4112.376
2026-06-11T02:30:00+08:00,4112.41,4112.74,4096.72,4101.53
2026-06-11T03:00:00+08:00,4101.48,4102.09,4081.47,4084.58
2026-06-11T03:30:00+08:00,4084.707,4092.6,4081.59,4082.721
2026-06-11T04:00:00+08:00,4082.687,4083.15,4068.98,4078.32
2026-06-11T04:30:00+08:00,4078.33,4078.47,4066.49,4071.815
2026-06-11T06:00:00+08:00,4072.293,4073.198,4035.6,4044.897
2026-06-11T06:30:00+08:00,4044.855,4070.11,4044.07,4046.2
2026-06-11T07:00:00+08:00,4045.68,4064.757,4023.1,4060.79
2026-06-11T07:30:00+08:00,4061.57,4064.33,4044.21,4046.97
2026-06-11T08:00:00+08:00,4046.98,4073.64,4035.41,4067.61
2026-06-11T08:30:00+08:00,4067.43,4078.18,4058.79,4075.668
2026-06-11T09:00:00+08:00,4075.44,4108.76,4065.94,4104.469
2026-06-11T09:30:00+08:00,4104.534,4118.14,4097.53,4101.87
2026-06-11T10:00:00+08:00,4101.86,4102.68,4081.1,4082.44
2026-06-11T10:30:00+08:00,4082.337,4085.2,4051.88,4067.64
2026-06-11T11:00:00+08:00,4067.64,4078.6,4056.45,4063.61
2026-06-11T11:30:00+08:00,4063.16,4075.59,4061.99,4072.78
2026-06-11T12:00:00+08:00,4072.77,4085.58,4069.68,4077.63
2026-06-11T12:30:00+08:00,4077.37,4085.9,4074.4,4082.667
2026-06-11T13:00:00+08:00,4082.667,4083.279,4072.12,4074.89
2026-06-11T13:30:00+08:00,4075.047,4106.31,4073.99,4094.19
2026-06-11T14:00:00+08:00,4093.88,4094.84,4075.76,4086.697
2026-06-11T14:30:00+08:00,4086.51,4097.67,4082.62,4094.797
2026-06-11T15:00:00+08:00,4094.797,4110.35,4091.42,4107.49
2026-06-11T15:30:00+08:00,4107.54,4110.68,4098.7,4105.03
2026-06-11T16:00:00+08:00,4105.05,4112.67,4096.89,4097.279
2026-06-11T16:30:00+08:00,4097.279,4099.587,4084.13,4084.47
2026-06-11T17:00:00+08:00,4084.477,4088.96,4078.64,4079.42
2026-06-11T17:30:00+08:00,4079.439,4096.45,4077.17,4091.64
2026-06-11T18:00:00+08:00,4091.58,4094.56,4086.48,4087.85
2026-06-11T18:30:00+08:00,4087.637,4093.025,4086.25,4089.77
2026-06-11T19:00:00+08:00,4089.75,4093.231,4083.1,4090.17
2026-06-11T19:30:00+08:00,4090.16,4095.97,4079.41,4080.25
2026-06-11T20:00:00+08:00,4080.33,4087.24,4061.21,4068.5
2026-06-11T20:30:00+08:00,4068.918,4085.29,4057.24,4082.04
2026-06-11T21:00:00+08:00,4081.917,4086.27,4071.6,4075.22
2026-06-11T21:30:00+08:00,4075.18,4092.65,4066.87,4083.17
2026-06-11T22:00:00+08:00,4083.18,4085.55,4052.56,4074.89
2026-06-11T22:30:00+08:00,4074.707,4083.63,4070.3,4073.35
2026-06-11T23:00:00+08:00,4073.437,4089.42,4070.1,4081.98
2026-06-11T23:30:00+08:00,4081.607,4095.44,4077.25,4088.42
2026-06-12T00:00:00+08:00,4088.94,4107.59,4079.2,4079.32
2026-06-12T00:30:00+08:00,4079.66,4087.857,4077.7,4079.98
2026-06-12T01:00:00+08:00,4080.197,4102.35,4071.73,4101.62
2026-06-12T01:30:00+08:00,4101.19,4170.09,4100.8,4151.69
2026-06-12T02:00:00+08:00,4151.787,4163.01,4131.08,4152.907
2026-06-12T02:30:00+08:00,4152.93,4171.79,4148.78,4161.82
2026-06-12T03:00:00+08:00,4161.68,4198.4,4161.62,4195.567
2026-06-12T03:30:00+08:00,4195.598,4220.18,4195.31,4208.896
2026-06-12T04:00:00+08:00,4208.89,4218.63,4207.67,4214.056
2026-06-12T04:30:00+08:00,4213.998,4216.39,4208.65,4212.31
2026-06-12T06:00:00+08:00,4209.03,4220.63,4204.7,4214.6
2026-06-12T06:30:00+08:00,4214.98,4246.566,4210.91,4243.06
2026-06-12T07:00:00+08:00,4242.73,4245.97,4213.71,4215.08
2026-06-12T07:30:00+08:00,4214.96,4224.736,4214.1,4219.739
2026-06-12T08:00:00+08:00,4219.97,4230.495,4206.9,4220.431
2026-06-12T08:30:00+08:00,4220.34,4228.8,4200.34,4208.295
2026-06-12T09:00:00+08:00,4208.25,4210.965,4179.005,4181.01
2026-06-12T09:30:00+08:00,4181.007,4191.49,4171.06,4186.736
2026-06-12T10:00:00+08:00,4186.55,4200.12,4183.38,4188.527
2026-06-12T10:30:00+08:00,4188.428,4193.75,4182.36,4191.48
2026-06-12T11:00:00+08:00,4191.547,4203.62,4189.21,4203.315
2026-06-12T11:30:00+08:00,4203.25,4204.94,4195.04,4197.12
2026-06-12T12:00:00+08:00,4196.94,4201.01,4189.89,4192.58
2026-06-12T12:30:00+08:00,4192.676,4198.51,4189.07,4189.845
2026-06-12T13:00:00+08:00,4189.81,4193.06,4181.53,4187.16
2026-06-12T13:30:00+08:00,4187.06,4187.85,4170.4,4173.23
2026-06-12T14:00:00+08:00,4173.23,4185.68,4172.76,4182.08
2026-06-12T14:30:00+08:00,4181.73,4184.85,4171.94,4184
2026-06-12T15:00:00+08:00,4184.26,4185.067,4173.54,4173.77
2026-06-12T15:30:00+08:00,4174.146,4194.26,4169.88,4194.221
2026-06-12T16:00:00+08:00,4194,4220.65,4191.6,4212.85
2026-06-12T16:30:00+08:00,4213.054,4226.01,4211.42,4219.586
2026-06-12T17:00:00+08:00,4219.61,4226.85,4217.09,4220.916
2026-06-12T17:30:00+08:00,4220.848,4228.096,4218.88,4221.851
2026-06-12T18:00:00+08:00,4221.85,4225.66,4202.46,4206.806
2026-06-12T18:30:00+08:00,4206.64,4218.8,4206.22,4210.876
2026-06-12T19:00:00+08:00,4210.89,4212.11,4201.82,4202.41
2026-06-12T19:30:00+08:00,4202.56,4215.39,4197.16,4206.885
2026-06-12T20:00:00+08:00,4206.91,4215.44,4200.01,4201.17
2026-06-12T20:30:00+08:00,4201.02,4201.86,4188.22,4191.726
2026-06-12T21:00:00+08:00,4191.74,4206.73,4186.23,4202.885
2026-06-12T21:30:00+08:00,4202.91,4210.21,4182.51,4186.103
2026-06-12T22:00:00+08:00,4186.24,4199.44,4182.35,4188.651
2026-06-12T22:30:00+08:00,4188.41,4208.475,4176.93,4203.69
2026-06-12T23:00:00+08:00,4203.945,4235.59,4199.8,4225.72
2026-06-12T23:30:00+08:00,4225.52,4228.52,4206.64,4211.69
2026-06-13T00:00:00+08:00,4211.31,4233.29,4207.7,4216.86
2026-06-13T00:30:00+08:00,4217.031,4220.43,4211.09,4216.035
2026-06-13T01:00:00+08:00,4216,4226.74,4213.6,4218.77
2026-06-13T01:30:00+08:00,4218.815,4225.46,4213.74,4221.286
2026-06-13T02:00:00+08:00,4221.18,4235.51,4218.06,4226.39
2026-06-13T02:30:00+08:00,4226.386,4230.85,4214.02,4216.32
2026-06-13T03:00:00+08:00,4215.531,4220.06,4207.48,4208.44
2026-06-13T03:30:00+08:00,4208.18,4211.34,4201.61,4210.636
2026-06-13T04:00:00+08:00,4210.616,4216.996,4209.06,4214.395
2026-06-13T04:30:00+08:00,4214.18,4219.426,4211.8,4218.97
2026-06-15T06:00:00+08:00,4269.138,4308.971,4260.917,4287.2
2026-06-15T06:30:00+08:00,4286.806,4291.93,4279.69,4285.566
2026-06-15T07:00:00+08:00,4284.94,4288.36,4280.68,4283.27
2026-06-15T07:30:00+08:00,4282.97,4295.15,4281.21,4293.995
2026-06-15T08:00:00+08:00,4294.18,4308.26,4293,4300.875
2026-06-15T08:30:00+08:00,4300.91,4305.65,4291.18,4292.58
2026-06-15T09:00:00+08:00,4292.61,4306.54,4285.1,4303.06
2026-06-15T09:30:00+08:00,4303.466,4319.64,4300.91,4316.43
2026-06-15T10:00:00+08:00,4316.75,4331.27,4315.65,4327.92
2026-06-15T10:30:00+08:00,4327.77,4335.56,4327.45,4329.5
2026-06-15T11:00:00+08:00,4329.5,4331.31,4320.96,4323.952
2026-06-15T11:30:00+08:00,4323.995,4327.4,4320.79,4324.95
2026-06-15T12:00:00+08:00,4324.95,4327.79,4320.46,4326.97
2026-06-15T12:30:00+08:00,4326.945,4330.25,4324.94,4328.17
2026-06-15T13:00:00+08:00,4328.175,4333.08,4323.5,4330.148
2026-06-15T13:30:00+08:00,4330.175,4332.77,4307.06,4309.953
2026-06-15T14:00:00+08:00,4310.075,4313.42,4302.46,4304.71
2026-06-15T14:30:00+08:00,4304.95,4309.85,4300.53,4307.68
2026-06-15T15:00:00+08:00,4308.08,4318.85,4304.96,4316.63
2026-06-15T15:30:00+08:00,4316.727,4325.33,4311.72,4323.09
2026-06-15T16:00:00+08:00,4323.21,4332.77,4321.37,4328.524
2026-06-15T16:30:00+08:00,4328.6,4345.4,4327.6,4334.23
2026-06-15T17:00:00+08:00,4334.14,4343.3,4333.89,4338.993
2026-06-15T17:30:00+08:00,4339.06,4341.09,4334.71,4336.565
2026-06-15T18:00:00+08:00,4336.624,4340.45,4335.54,4338.475
2026-06-15T18:30:00+08:00,4338.56,4341.5,4335.03,4337.77
2026-06-15T19:00:00+08:00,4338.073,4341.54,4335.81,4340.76
2026-06-15T19:30:00+08:00,4340.96,4347.57,4331.66,4335.2
2026-06-15T20:00:00+08:00,4335.21,4338.71,4324.37,4337.355
2026-06-15T20:30:00+08:00,4337.365,4349.46,4334.64,4348.993
2026-06-15T21:00:00+08:00,4349,4355.95,4341.09,4353.3
2026-06-15T21:30:00+08:00,4353.29,4368.8,4351.89,4355.26
2026-06-15T22:00:00+08:00,4355.52,4369.45,4353.74,4363.655
2026-06-15T22:30:00+08:00,4363.31,4365.27,4353.66,4356.745
2026-06-15T23:00:00+08:00,4356.66,4359.275,4349.24,4353.68
2026-06-15T23:30:00+08:00,4354,4360.84,4349.56,4356.175
2026-06-16T00:00:00+08:00,4356.06,4358.73,4338.93,4342.91
2026-06-16T00:30:00+08:00,4342.973,4343.103,4334.32,4339.239
2026-06-16T01:00:00+08:00,4339.177,4339.38,4328.72,4329.61
2026-06-16T01:30:00+08:00,4329.815,4329.96,4320.43,4324.705
2026-06-16T02:00:00+08:00,4324.725,4328.11,4318.01,4324.75
2026-06-16T02:30:00+08:00,4324.79,4327.34,4321.52,4325.585
2026-06-16T03:00:00+08:00,4325.69,4326.74,4320.47,4321.365
2026-06-16T03:30:00+08:00,4321.355,4323.765,4316.31,4320.7
2026-06-16T04:00:00+08:00,4320.71,4322.15,4310.12,4312.666
2026-06-16T04:30:00+08:00,4312.71,4313.06,4305.76,4309.68
2026-06-16T06:00:00+08:00,4309.62,4315.445,4305.21,4308.45
2026-06-16T06:30:00+08:00,4308.5,4314.642,4306.13,4311.45
2026-06-16T07:00:00+08:00,4311.97,4316.51,4310.98,4315.39
2026-06-16T07:30:00+08:00,4315.506,4319.29,4312.72,4315.42
2026-06-16T08:00:00+08:00,4315.599,4318.31,4306.43,4308.07
2026-06-16T08:30:00+08:00,4308.275,4320.83,4307.43,4319.013
2026-06-16T09:00:00+08:00,4319.21,4325.97,4315.1,4318.9
2026-06-16T09:30:00+08:00,4319.275,4320.53,4311.83,4313.526
2026-06-16T10:00:00+08:00,4313.36,4314.16,4307.36,4312.498
2026-06-16T10:30:00+08:00,4312.595,4320.89,4309.21,4318.646
2026-06-16T11:00:00+08:00,4318.65,4322.65,4315.01,4321.128
2026-06-16T11:30:00+08:00,4321.155,4333.17,4319.34,4330.37
2026-06-16T12:00:00+08:00,4330.36,4332.14,4321.9,4322.76
2026-06-16T12:30:00+08:00,4322.72,4325.36,4320.98,4322.23
2026-06-16T13:00:00+08:00,4322.2,4329.16,4321.91,4327.29
2026-06-16T13:30:00+08:00,4327.285,4330.84,4314.08,4315.83
2026-06-16T14:00:00+08:00,4315.61,4319.69,4313.07,4316.22
2026-06-16T14:30:00+08:00,4316.485,4324.42,4313.83,4323.863
2026-06-16T15:00:00+08:00,4323.845,4329.73,4322.22,4328.72
2026-06-16T15:30:00+08:00,4328.733,4335.63,4325.88,4335.03
2026-06-16T16:00:00+08:00,4334.79,4343.6,4332.43,4341.235
2026-06-16T16:30:00+08:00,4341.15,4348.02,4338.69,4346.93
2026-06-16T17:00:00+08:00,4346.8,4348.29,4338.06,4339.885
2026-06-16T17:30:00+08:00,4339.77,4348.355,4339.18,4345.22
2026-06-16T18:00:00+08:00,4345.205,4346.76,4342.75,4344.26
2026-06-16T18:30:00+08:00,4344.24,4349,4341.88,4348.52
2026-06-16T19:00:00+08:00,4348.885,4349.393,4338.31,4341.95
2026-06-16T19:30:00+08:00,4341.92,4342.29,4334.95,4340.66
2026-06-16T20:00:00+08:00,4340.92,4345.6,4337.01,4343.5
2026-06-16T20:30:00+08:00,4343.58,4355.08,4341.17,4354.56
2026-06-16T21:00:00+08:00,4354.625,4354.95,4332.87,4335.063
2026-06-16T21:30:00+08:00,4334.99,4340.65,4331.24,4331.745
2026-06-16T22:00:00+08:00,4331.44,4338.723,4317.55,4319.69
2026-06-16T22:30:00+08:00,4319.66,4328.45,4312.93,4324.11
2026-06-16T23:00:00+08:00,4324.025,4328.73,4320.8,4325.87
2026-06-16T23:30:00+08:00,4325.77,4343.51,4321.83,4335.205
2026-06-17T00:00:00+08:00,4335.215,4347.05,4334.63,4344.485
2026-06-17T00:30:00+08:00,4344.57,4346.47,4339.76,4340.54
2026-06-17T01:00:00+08:00,4340.59,4343.9,4325.07,4334.69
2026-06-17T01:30:00+08:00,4334.55,4340.59,4333.89,4340.22
2026-06-17T02:00:00+08:00,4340.22,4342.8,4338.54,4341.39
2026-06-17T02:30:00+08:00,4341.32,4342.79,4335.9,4338.55
2026-06-17T03:00:00+08:00,4338.29,4342.97,4336.28,4339.57
2026-06-17T03:30:00+08:00,4339.6,4340.04,4330.39,4334.17
2026-06-17T04:00:00+08:00,4334.115,4334.5,4330.31,4332.66
2026-06-17T04:30:00+08:00,4332.36,4334.945,4329.12,4331.18
2026-06-17T06:00:00+08:00,4330.61,4335.67,4328.3,4329.61
2026-06-17T06:30:00+08:00,4330.165,4336.11,4329.54,4334.9
2026-06-17T07:00:00+08:00,4334.9,4338.413,4333.21,4335.93
2026-06-17T07:30:00+08:00,4335.92,4336.51,4328.98,4330.39
2026-06-17T08:00:00+08:00,4330.865,4341.86,4328,4337.198
2026-06-17T08:30:00+08:00,4337.31,4338.91,4331.86,4337.006
2026-06-17T09:00:00+08:00,4337.083,4349.762,4333.88,4343.16
2026-06-17T09:30:00+08:00,4343.29,4344.315,4336.53,4340.54
2026-06-17T10:00:00+08:00,4340.9,4344.66,4339.35,4340.41
2026-06-17T10:30:00+08:00,4340.4,4343.88,4329.44,4331.615
2026-06-17T11:00:00+08:00,4331.625,4334.15,4328.3,4331.593
2026-06-17T11:30:00+08:00,4331.593,4333.8,4329.82,4332.27
2026-06-17T12:00:00+08:00,4332.1,4334.16,4323.78,4324.53
2026-06-17T12:30:00+08:00,4324.53,4326.735,4317.25,4326.66
2026-06-17T13:00:00+08:00,4326.705,4327.9,4320.74,4327.138
2026-06-17T13:30:00+08:00,4327.04,4334.29,4324.08,4326.525
2026-06-17T14:00:00+08:00,4326.52,4330.04,4320.32,4324.455
2026-06-17T14:30:00+08:00,4324.429,4331.87,4322.23,4331.64
2026-06-17T15:00:00+08:00,4331.645,4332.93,4326.41,4329.159
2026-06-17T15:30:00+08:00,4329.01,4331.76,4324.5,4325.13
2026-06-17T16:00:00+08:00,4325.163,4327.92,4319.59,4323.61
2026-06-17T16:30:00+08:00,4323.645,4325.57,4316.88,4324.721
2026-06-17T17:00:00+08:00,4324.64,4333.33,4320.95,4331.92
2026-06-17T17:30:00+08:00,4332,4335.72,4325.39,4329.475
2026-06-17T18:00:00+08:00,4329.45,4331.1,4326.48,4328.77
2026-06-17T18:30:00+08:00,4328.975,4335.2,4326.87,4331.14
2026-06-17T19:00:00+08:00,4331.25,4331.92,4327.63,4328.66
2026-06-17T19:30:00+08:00,4328.63,4329.08,4320.67,4323.02
2026-06-17T20:00:00+08:00,4323.01,4327.77,4319.54,4324.74
2026-06-17T20:30:00+08:00,4324.753,4335.471,4322.96,4333.559
2026-06-17T21:00:00+08:00,4333.37,4338.54,4323.87,4335.65
2026-06-17T21:30:00+08:00,4335.44,4345.24,4332.45,4339.6
2026-06-17T22:00:00+08:00,4339.6,4362.33,4335.54,4360.315
2026-06-17T22:30:00+08:00,4360.281,4364.08,4330.37,4344.45
2026-06-17T23:00:00+08:00,4344.28,4359.988,4343.69,4355.421
2026-06-17T23:30:00+08:00,4355.473,4365.11,4354.04,4363.505
2026-06-18T00:00:00+08:00,4363.523,4366.48,4360.37,4365.225
2026-06-18T00:30:00+08:00,4365.17,4365.31,4354.9,4359.433
2026-06-18T01:00:00+08:00,4359.408,4364.08,4355.16,4361.11
2026-06-18T01:30:00+08:00,4361.255,4382.45,4360.53,4379.52
2026-06-18T02:00:00+08:00,4379.42,4379.965,4276.35,4292.52
2026-06-18T02:30:00+08:00,4292.52,4332.33,4269.38,4285.946
2026-06-18T03:00:00+08:00,4286.117,4295.56,4225.95,4227.07
2026-06-18T03:30:00+08:00,4227.07,4247,4218.42,4235.88
2026-06-18T04:00:00+08:00,4235.583,4269.855,4234.45,4257.94
2026-06-18T04:30:00+08:00,4258.24,4265.51,4255.36,4256.43
2026-06-18T06:00:00+08:00,4252.47,4271.392,4252.47,4266.94
2026-06-18T06:30:00+08:00,4266.59,4270.98,4259.85,4266.735
2026-06-18T07:00:00+08:00,4266.8,4284.08,4263.75,4279.928
2026-06-18T07:30:00+08:00,4279.97,4282.88,4267.58,4277.81
2026-06-18T08:00:00+08:00,4277.923,4301.37,4276.15,4300.37
2026-06-18T08:30:00+08:00,4300.555,4315.39,4299.21,4308.19
2026-06-18T09:00:00+08:00,4308.24,4328.59,4306.21,4319.008
2026-06-18T09:30:00+08:00,4319.099,4326.105,4316.48,4317.47
2026-06-18T10:00:00+08:00,4317.89,4330.01,4315.89,4324.32
2026-06-18T10:30:00+08:00,4324.23,4325.41,4309.97,4310.53
2026-06-18T11:00:00+08:00,4310.838,4316.87,4308.72,4314.47
2026-06-18T11:30:00+08:00,4314.808,4322.693,4313.37,4320
2026-06-18T12:00:00+08:00,4319.81,4324.03,4311.34,4313.33
2026-06-18T12:30:00+08:00,4313.52,4318.36,4309.43,4315.943
2026-06-18T13:00:00+08:00,4316.03,4323.31,4312.02,4322.96
2026-06-18T13:30:00+08:00,4323.33,4324.815,4300.97,4308.066
2026-06-18T14:00:00+08:00,4308.03,4310.05,4295.89,4304.75
2026-06-18T14:30:00+08:00,4304.75,4307.58,4298.84,4306.23
2026-06-18T15:00:00+08:00,4306.486,4309.56,4300.01,4307.685
2026-06-18T15:30:00+08:00,4307.686,4307.77,4287.2,4288.64
2026-06-18T16:00:00+08:00,4288.598,4293.05,4283.7,4284.715
2026-06-18T16:30:00+08:00,4284.806,4289.82,4265.29,4266.67
2026-06-18T17:00:00+08:00,4266.67,4273.27,4259.34,4266.305
2026-06-18T17:30:00+08:00,4266.295,4273.35,4262.9,4268.546
2026-06-18T18:00:00+08:00,4268.74,4272.89,4261.58,4269.466
2026-06-18T18:30:00+08:00,4269.2,4270.94,4254.55,4255.5
2026-06-18T19:00:00+08:00,4255.555,4255.81,4240.41,4249.055
2026-06-18T19:30:00+08:00,4249.075,4250.32,4239.57,4241.69
2026-06-18T20:00:00+08:00,4242.006,4269.2,4240.16,4255.2
2026-06-18T20:30:00+08:00,4255.245,4258.65,4240.73,4246.46
2026-06-18T21:00:00+08:00,4246.33,4263.4,4244.79,4262.93
2026-06-18T21:30:00+08:00,4263.175,4276.69,4250.4,4256.496
2026-06-18T22:00:00+08:00,4256.596,4257.95,4236.68,4244.47
2026-06-18T22:30:00+08:00,4244.356,4255.26,4240.08,4252.296
2026-06-18T23:00:00+08:00,4252.29,4254.816,4234.04,4235.69
2026-06-18T23:30:00+08:00,4235.656,4236.79,4222.83,4226.69
2026-06-19T00:00:00+08:00,4226.645,4233.4,4221.67,4224.945
2026-06-19T00:30:00+08:00,4224.945,4229.44,4213.26,4219.42
2026-06-19T01:00:00+08:00,4219.34,4231.71,4218.2,4226.054
2026-06-19T01:30:00+08:00,4226.105,4233.13,4222.09,4230.316
2026-06-19T02:00:00+08:00,4230.19,4233.27,4225.09,4226.28
2026-06-19T02:30:00+08:00,4226.3,4226.45,4217.94,4218.196
2026-06-19T03:00:00+08:00,4218.226,4219.15,4201.6,4205.116
2026-06-19T03:30:00+08:00,4205.19,4218.59,4201.14,4216.81
2026-06-19T04:00:00+08:00,4217.006,4219.64,4214.48,4218.52
2026-06-19T04:30:00+08:00,4218.57,4219.728,4207.08,4219.485
2026-06-19T06:00:00+08:00,4210.07,4213.436,4202.09,4203.42
2026-06-19T06:30:00+08:00,4203.765,4210.71,4202.41,4206.97
2026-06-19T07:00:00+08:00,4207.373,4208.39,4193.02,4198.18
2026-06-19T07:30:00+08:00,4197.08,4199.87,4186.3,4188.35
2026-06-19T08:00:00+08:00,4188.37,4198.17,4183.85,4185.111
2026-06-19T08:30:00+08:00,4185.26,4192.42,4184.22,4190.26
2026-06-19T09:00:00+08:00,4190.371,4194.6,4183.61,4190.71
2026-06-19T09:30:00+08:00,4190.73,4190.97,4183.72,4184.847
2026-06-19T10:00:00+08:00,4184.847,4186.34,4174.78,4179.52
2026-06-19T10:30:00+08:00,4179.39,4183.75,4171.47,4176.23
2026-06-19T11:00:00+08:00,4176.23,4177.34,4164.77,4167.399
2026-06-19T11:30:00+08:00,4167.34,4167.82,4145.68,4153.39
2026-06-19T12:00:00+08:00,4153.607,4155.26,4141.14,4146.488
2026-06-19T12:30:00+08:00,4146.587,4147.48,4124.64,4125.61
2026-06-19T13:00:00+08:00,4125.73,4134.65,4121.43,4133.518
2026-06-19T13:30:00+08:00,4133.6,4141.74,4130.24,4139.69
2026-06-19T14:00:00+08:00,4139.646,4148.14,4133.17,4141.9
2026-06-19T14:30:00+08:00,4141.32,4150.55,4132.32,4147.591
2026-06-19T15:00:00+08:00,4147.598,4160.48,4147.15,4152.365
2026-06-19T15:30:00+08:00,4152.49,4163.31,4150.898,4157.89
2026-06-19T16:00:00+08:00,4157.76,4177.767,4154.99,4175.817
2026-06-19T16:30:00+08:00,4175.77,4178.73,4164.41,4168.97
2026-06-19T17:00:00+08:00,4168.86,4171.03,4161.76,4162.3
2026-06-19T17:30:00+08:00,4162.74,4167.35,4160.62,4162.75
2026-06-19T18:00:00+08:00,4162.887,4163.107,4152.4,4153.8
2026-06-19T18:30:00+08:00,4153.53,4155.29,4147.82,4149.43
2026-06-19T19:00:00+08:00,4149.753,4150.49,4142.31,4144.2
2026-06-19T19:30:00+08:00,4144.201,4155.02,4141.56,4152.52
2026-06-19T20:00:00+08:00,4152.61,4160.46,4150.94,4151.79
2026-06-19T20:30:00+08:00,4151.71,4180.18,4147.13,4179.016
2026-06-19T21:00:00+08:00,4178.92,4182.96,4161.5,4163.92
2026-06-19T21:30:00+08:00,4163.976,4168.1,4150.17,4151.476
2026-06-19T22:00:00+08:00,4151.39,4154.63,4143.3,4149.093
2026-06-19T22:30:00+08:00,4149.26,4151.31,4142.29,4149.27
2026-06-19T23:00:00+08:00,4149.22,4154.027,4147.58,4151.6
2026-06-19T23:30:00+08:00,4151.27,4153.93,4147.26,4151.39
2026-06-20T00:00:00+08:00,4151.043,4151.47,4143.7,4147.071
2026-06-20T00:30:00+08:00,4147.04,4158.2,4146.48,4155.57
2026-06-22T06:00:00+08:00,4144.68,4159.771,4139.06,4152.055
2026-06-22T06:30:00+08:00,4151.93,4157.02,4149.63,4156.22
2026-06-22T07:00:00+08:00,4155.83,4164.78,4153.35,4156.94
2026-06-22T07:30:00+08:00,4156.82,4156.96,4136.07,4140.207
2026-06-22T08:00:00+08:00,4140.175,4170.475,4139.6,4166.73
2026-06-22T08:30:00+08:00,4166.9,4201.07,4165.32,4200.01
2026-06-22T09:00:00+08:00,4200.733,4221.13,4200.19,4206.88
2026-06-22T09:30:00+08:00,4207.45,4207.45,4189.21,4190.843
2026-06-22T10:00:00+08:00,4190.946,4195.07,4183.15,4188.5
2026-06-22T10:30:00+08:00,4188.795,4200.32,4186.78,4188.474
2026-06-22T11:00:00+08:00,4188.38,4189.987,4173.27,4179.918
2026-06-22T11:30:00+08:00,4179.66,4180.7,4170.28,4171.31
2026-06-22T12:00:00+08:00,4171.64,4178.96,4170.28,4176.37
2026-06-22T12:30:00+08:00,4176,4182.28,4174.29,4181.46
2026-06-22T13:00:00+08:00,4181.71,4194.23,4178.99,4193.947
2026-06-22T13:30:00+08:00,4193.59,4198.59,4189.03,4193.61
2026-06-22T14:00:00+08:00,4193.6,4200.83,4190.81,4196.63
2026-06-22T14:30:00+08:00,4196.6,4207.37,4194.41,4197.71
2026-06-22T15:00:00+08:00,4197.595,4201.85,4196.74,4197.56
2026-06-22T15:30:00+08:00,4197.578,4199.72,4188.48,4190.387
2026-06-22T16:00:00+08:00,4190.363,4195.33,4188.51,4191.6
2026-06-22T16:30:00+08:00,4191.63,4197.74,4188.83,4197.326
2026-06-22T17:00:00+08:00,4197.39,4209.52,4195.67,4203.92
2026-06-22T17:30:00+08:00,4203.96,4210.2,4201.2,4208.26
2026-06-22T18:00:00+08:00,4208.26,4214.24,4207.61,4209.99
2026-06-22T18:30:00+08:00,4210.031,4211.731,4203.36,4204.69
2026-06-22T19:00:00+08:00,4204.66,4215.26,4203.12,4203.98
2026-06-22T19:30:00+08:00,4203.971,4208.23,4201.17,4207.385
2026-06-22T20:00:00+08:00,4207.4,4211.76,4205.09,4208.56
2026-06-22T20:30:00+08:00,4208.47,4208.83,4192.01,4193.307
2026-06-22T21:00:00+08:00,4193.04,4197.13,4185.19,4186.96
2026-06-22T21:30:00+08:00,4186.958,4205.82,4182.55,4199.783
2026-06-22T22:00:00+08:00,4199.806,4210.95,4190.9,4191.87
2026-06-22T22:30:00+08:00,4191.85,4206.2,4186.22,4198.26
2026-06-22T23:00:00+08:00,4198.04,4201.36,4187.86,4188.93
2026-06-22T23:30:00+08:00,4189.121,4190.99,4169.46,4182.836
2026-06-23T00:00:00+08:00,4182.856,4185.19,4174,4182.66
2026-06-23T00:30:00+08:00,4182.33,4193.26,4180.54,4189.796
2026-06-23T01:00:00+08:00,4189.855,4192,4183.07,4184.03
2026-06-23T01:30:00+08:00,4184.116,4185.18,4176.81,4182.898
2026-06-23T02:00:00+08:00,4183.15,4189.83,4182.3,4188.05
2026-06-23T02:30:00+08:00,4187.87,4192.89,4185.84,4191.17
2026-06-23T03:00:00+08:00,4191.18,4193.47,4187.18,4187.336
2026-06-23T03:30:00+08:00,4187.48,4191.65,4184.03,4190.56
2026-06-23T04:00:00+08:00,4190.51,4193.75,4188.18,4190.44
2026-06-23T04:30:00+08:00,4190.343,4193.69,4188.173,4189.67
2026-06-23T06:00:00+08:00,4186.22,4194.545,4186.22,4192.47
2026-06-23T06:30:00+08:00,4192.81,4194.62,4187.92,4189.57
2026-06-23T07:00:00+08:00,4189.873,4193.06,4189.07,4191.07
2026-06-23T07:30:00+08:00,4190.915,4195.33,4186.28,4187.38
2026-06-23T08:00:00+08:00,4187.39,4192.3,4177.95,4183.78
2026-06-23T08:30:00+08:00,4183.75,4194.77,4181.76,4193.226
2026-06-23T09:00:00+08:00,4193.17,4198.44,4170.5,4178.11
2026-06-23T09:30:00+08:00,4178.15,4178.82,4149.66,4161.11
2026-06-23T10:00:00+08:00,4161.24,4163.455,4148.53,4161.73
2026-06-23T10:30:00+08:00,4161.87,4162.38,4146.12,4146.85
2026-06-23T11:00:00+08:00,4146.896,4149.72,4130.38,4140.58
2026-06-23T11:30:00+08:00,4140.675,4145.09,4133.13,4143.69
2026-06-23T12:00:00+08:00,4144.011,4147.03,4136.78,4139.859
2026-06-23T12:30:00+08:00,4139.99,4140.35,4114.22,4117.99
2026-06-23T13:00:00+08:00,4118.087,4137.48,4114.93,4124.99
2026-06-23T13:30:00+08:00,4124.98,4133.738,4116.49,4121.16
2026-06-23T14:00:00+08:00,4121.146,4127.03,4110.71,4116.36
2026-06-23T14:30:00+08:00,4116.42,4121.13,4110.04,4114.381
2026-06-23T15:00:00+08:00,4114.3,4124.83,4109.79,4118.097
2026-06-23T15:30:00+08:00,4118.163,4119.51,4096.34,4098.84
2026-06-23T16:00:00+08:00,4098.39,4100.13,4090.5,4097.93
2026-06-23T16:30:00+08:00,4098.197,4111.01,4096.52,4105.227
2026-06-23T17:00:00+08:00,4105.298,4117.04,4103.79,4112.6
2026-06-23T17:30:00+08:00,4112.653,4122.27,4111.81,4122.25
2026-06-23T18:00:00+08:00,4122.217,4133.26,4121.9,4130.142
2026-06-23T18:30:00+08:00,4130.01,4132.22,4119.35,4119.76
2026-06-23T19:00:00+08:00,4119.69,4132.06,4117.16,4127.225
2026-06-23T19:30:00+08:00,4127.22,4128.91,4118.06,4123.256
2026-06-23T20:00:00+08:00,4123.26,4127.41,4111.34,4115.02
2026-06-23T20:30:00+08:00,4115.046,4122.7,4112.22,4113.44
2026-06-23T21:00:00+08:00,4113.16,4119.54,4104.92,4115.84
2026-06-23T21:30:00+08:00,4115.93,4140.54,4109.7,4135.5
2026-06-23T22:00:00+08:00,4135.641,4145.12,4128.28,4132.5
2026-06-23T22:30:00+08:00,4132.18,4133.42,4122.36,4130.1
2026-06-23T23:00:00+08:00,4130.05,4135.52,4123.11,4126.77
2026-06-23T23:30:00+08:00,4127.16,4141.625,4126.25,4138.37
2026-06-24T00:00:00+08:00,4139.26,4140.51,4132.62,4136.41
2026-06-24T00:30:00+08:00,4136.344,4144.51,4131.36,4133.91
2026-06-24T01:00:00+08:00,4134.41,4139.83,4129.56,4131.026
2026-06-24T01:30:00+08:00,4131.023,4133.74,4127.42,4127.966
2026-06-24T02:00:00+08:00,4128.59,4131.69,4120.31,4120.82
2026-06-24T02:30:00+08:00,4121.033,4122.79,4112.62,4117.68
2026-06-24T03:00:00+08:00,4117.65,4126.03,4116.57,4121.69
2026-06-24T03:30:00+08:00,4121.66,4124.4,4111.2,4111.711
2026-06-24T04:00:00+08:00,4111.58,4113.01,4106.82,4110.13
2026-06-24T04:30:00+08:00,4110.81,4123.6,4108.19,4111.12
2026-06-24T06:00:00+08:00,4114.3,4117.52,4104.09,4105.6
2026-06-24T06:30:00+08:00,4105.59,4109.21,4096.53,4103.83
2026-06-24T07:00:00+08:00,4104.294,4104.42,4094.46,4097.5
2026-06-24T07:30:00+08:00,4097.44,4100.53,4080.39,4099.187
2026-06-24T08:00:00+08:00,4099.09,4112.03,4093.27,4099.81
2026-06-24T08:30:00+08:00,4099.697,4100.52,4093.39,4097.34
2026-06-24T09:00:00+08:00,4097.06,4100.941,4068.07,4098.18
2026-06-24T09:30:00+08:00,4098.29,4102.28,4081.86,4088.81
2026-06-24T10:00:00+08:00,4089.04,4095.98,4070.89,4073.58
2026-06-24T10:30:00+08:00,4073.74,4076.74,4051.76,4060.96
2026-06-24T11:00:00+08:00,4060.71,4065.46,4049.91,4056.567
2026-06-24T11:30:00+08:00,4056.548,4070.78,4055.2,4062.62
2026-06-24T12:00:00+08:00,4062.728,4067.31,4054.58,4063.187
2026-06-24T12:30:00+08:00,4063.145,4067,4061.65,4064.41
2026-06-24T13:00:00+08:00,4064.429,4074.501,4060.4,4073.33
2026-06-24T13:30:00+08:00,4073.424,4086.252,4071,4075.81
2026-06-24T14:00:00+08:00,4075.91,4097.6,4075.44,4087.611
2026-06-24T14:30:00+08:00,4087.535,4094.65,4084.06,4086.98
2026-06-24T15:00:00+08:00,4087.081,4090.797,4083.07,4084.25
2026-06-24T15:30:00+08:00,4084.357,4086.181,4073.33,4074.73
2026-06-24T16:00:00+08:00,4074.723,4080.75,4072.82,4080.58
2026-06-24T16:30:00+08:00,4080.46,4087.67,4075.25,4076.16
2026-06-24T17:00:00+08:00,4076.212,4079.19,4068.13,4069.6
2026-06-24T17:30:00+08:00,4069.23,4072.28,4064.01,4064.5
2026-06-24T18:00:00+08:00,4064.5,4066.43,4054.864,4060.68
2026-06-24T18:30:00+08:00,4060.848,4067.23,4054.41,4055.34
2026-06-24T19:00:00+08:00,4055.63,4058.64,4037.24,4043.96
2026-06-24T19:30:00+08:00,4044.34,4056.3,4038.85,4046.608
2026-06-24T20:00:00+08:00,4046.37,4048.777,4005.86,4015.02
2026-06-24T20:30:00+08:00,4015.141,4020.9,3987.26,3987.788
2026-06-24T21:00:00+08:00,3987.6,3995.59,3964.24,3975.3
2026-06-24T21:30:00+08:00,3975.47,4042.26,3973.6,4038.29
2026-06-24T22:00:00+08:00,4037.94,4041.18,4014.05,4023.55
2026-06-24T22:30:00+08:00,4023.58,4034.54,4002.72,4007.82
2026-06-24T23:00:00+08:00,4007.972,4014.93,3997.04,4014.85
2026-06-24T23:30:00+08:00,4014.67,4017.18,3999.67,4002.4
2026-06-25T00:00:00+08:00,4002.505,4017.36,3995.31,4016.23
2026-06-25T00:30:00+08:00,4016.039,4022.6,4005.87,4006.56
2026-06-25T01:00:00+08:00,4006.645,4011.28,3989.8,3990.25
2026-06-25T01:30:00+08:00,3990.55,3991.052,3972.42,3972.65
2026-06-25T02:00:00+08:00,3972.66,3992.61,3958.81,3990.008
2026-06-25T02:30:00+08:00,3990.03,3994.28,3976.72,3981.51
2026-06-25T03:00:00+08:00,3981.298,3985.16,3973.23,3983.988
2026-06-25T03:30:00+08:00,3983.86,3990.91,3979.25,3987.9
2026-06-25T04:00:00+08:00,3987.968,4002.82,3984.38,4000.14
2026-06-25T04:30:00+08:00,4000.008,4003.07,3995.25,3998.65
2026-06-25T06:00:00+08:00,3995.08,4008.93,3995.08,4001.925
2026-06-25T06:30:00+08:00,4002.01,4006.76,3992.37,3996.228
2026-06-25T07:00:00+08:00,3995.81,4000.65,3990.4,3998.122
2026-06-25T07:30:00+08:00,3998.122,4018.7,3997.48,4012.4
2026-06-25T08:00:00+08:00,4012.43,4016.49,3994.89,3996.41
2026-06-25T08:30:00+08:00,3996.388,4001.24,3978.11,3991.468
2026-06-25T09:00:00+08:00,3991.215,4006.04,3981.8,3990.66
2026-06-25T09:30:00+08:00,3990.63,3995.81,3972.27,3976.7
2026-06-25T10:00:00+08:00,3976.688,3991.19,3962.09,3985.88
2026-06-25T10:30:00+08:00,3986.38,3988.22,3974.2,3983.066
2026-06-25T11:00:00+08:00,3982.948,3989.39,3965.65,3975.94
2026-06-25T11:30:00+08:00,3976.12,4001.21,3968.41,3995.57
2026-06-25T12:00:00+08:00,3995.405,3997.68,3987.32,3994.498
2026-06-25T12:30:00+08:00,3994.488,3997.31,3983.23,3995.96
2026-06-25T13:00:00+08:00,3996.008,4000.03,3988.74,3994.2
2026-06-25T13:30:00+08:00,3994.698,3997.7,3979.97,3986.11
2026-06-25T14:00:00+08:00,3986.55,3989.41,3973.71,3984.278
2026-06-25T14:30:00+08:00,3984.258,3985.18,3975.74,3977.278
2026-06-25T15:00:00+08:00,3977.48,3989.87,3973.29,3985.108
2026-06-25T15:30:00+08:00,3985.165,3989.48,3971.17,3987.87
2026-06-25T16:00:00+08:00,3987.878,4001.42,3983.97,3993.49
2026-06-25T16:30:00+08:00,3993.778,4002.13,3988.32,3989.113
2026-06-25T17:00:00+08:00,3988.9,3996.598,3988.85,3993.91
2026-06-25T17:30:00+08:00,3993.928,3997.7,3985.85,3988.22
2026-06-25T18:00:00+08:00,3988.19,3989.41,3982.95,3989.25
2026-06-25T18:30:00+08:00,3989.13,3989.44,3981.14,3984.262
2026-06-25T19:00:00+08:00,3984.14,3986.22,3975.88,3976.98
2026-06-25T19:30:00+08:00,3977.148,3987.88,3973.34,3979.998
2026-06-25T20:00:00+08:00,3980.008,3986.2,3978.63,3984.318
2026-06-25T20:30:00+08:00,3983.703,4019.39,3983.13,4012.23
2026-06-25T21:00:00+08:00,4012.33,4034.08,4011.81,4021.74
2026-06-25T21:30:00+08:00,4022.077,4028.72,4000.43,4002.322
2026-06-25T22:00:00+08:00,4002.322,4028.81,3998.6,4026.589
2026-06-25T22:30:00+08:00,4026.55,4028.573,4010.59,4012.037
2026-06-25T23:00:00+08:00,4011.69,4040.7,4004.7,4026.968
2026-06-25T23:30:00+08:00,4026.968,4042.77,4021.62,4040.971
2026-06-26T00:00:00+08:00,4040.7,4044.07,4033.37,4040.3
2026-06-26T00:30:00+08:00,4040.26,4040.77,4023.53,4028.76
2026-06-26T01:00:00+08:00,4028.745,4035.91,4026.49,4032.52
2026-06-26T01:30:00+08:00,4032.58,4036.8,4029.52,4034.71
2026-06-26T02:00:00+08:00,4034.578,4044.29,4025.85,4043.84
2026-06-26T02:30:00+08:00,4044.06,4044.24,4029.53,4034.727
2026-06-26T03:00:00+08:00,4034.748,4043.79,4032.36,4035.67
2026-06-26T03:30:00+08:00,4035.938,4037.9,4021.59,4026.618
2026-06-26T04:00:00+08:00,4026.68,4034.968,4025.14,4030.8
2026-06-26T04:30:00+08:00,4030.61,4030.85,4023.8,4026.175
2026-06-26T06:00:00+08:00,4011.65,4031.64,4011.65,4024.28
2026-06-26T06:30:00+08:00,4024.86,4036.63,4021.32,4026.195
2026-06-26T07:00:00+08:00,4026.02,4030.2,4020.94,4029.593
2026-06-26T07:30:00+08:00,4029.708,4030.43,4012.13,4014.552
2026-06-26T08:00:00+08:00,4014.53,4023.45,4010.9,4015.5
2026-06-26T08:30:00+08:00,4015.37,4024.579,4011.97,4020.248
2026-06-26T09:00:00+08:00,4020.22,4029.76,4013.9,4022.55
2026-06-26T09:30:00+08:00,4022.58,4025.75,4014.03,4020.855
2026-06-26T10:00:00+08:00,4020.87,4023.34,4003.52,4007.238
2026-06-26T10:30:00+08:00,4006.91,4009.42,3982.53,3990.59
2026-06-26T11:00:00+08:00,3990.698,4000.1,3986.12,3994.98
2026-06-26T11:30:00+08:00,3995.31,4006.6,3992.78,4004.21
2026-06-26T12:00:00+08:00,4004.2,4012.17,3998.23,4007.36
2026-06-26T12:30:00+08:00,4007.11,4015.5,4001.23,4011.22
2026-06-26T13:00:00+08:00,4011.28,4019.3,4006.01,4016.55
2026-06-26T13:30:00+08:00,4016.31,4021.64,4005.31,4007.998
2026-06-26T14:00:00+08:00,4008.01,4025.08,4006.47,4024.28
2026-06-26T14:30:00+08:00,4024.183,4033.23,4020.56,4032.02
2026-06-26T15:00:00+08:00,4032.02,4039.789,4026.4,4037.78
2026-06-26T15:30:00+08:00,4037.65,4038.92,4027.4,4030.49
2026-06-26T16:00:00+08:00,4030.62,4035.88,4025.56,4035.54
2026-06-26T16:30:00+08:00,4035.52,4037.85,4029.43,4031.02
2026-06-26T17:00:00+08:00,4030.873,4050.92,4029.33,4048.04
2026-06-26T17:30:00+08:00,4048.29,4054.24,4045.03,4047.12
2026-06-26T18:00:00+08:00,4047.17,4052.24,4042.05,4048.06
2026-06-26T18:30:00+08:00,4047.75,4055.03,4046.47,4054.76
2026-06-26T19:00:00+08:00,4054.58,4055.55,4045.89,4052.69
2026-06-26T19:30:00+08:00,4052.63,4055.65,4042.41,4045.85
2026-06-26T20:00:00+08:00,4045.57,4051.572,4041.73,4046.25
2026-06-26T20:30:00+08:00,4046.6,4061.73,4035.43,4058.968
2026-06-26T21:00:00+08:00,4058.988,4066,4043.04,4057.072
2026-06-26T21:30:00+08:00,4057.072,4078.03,4044.77,4073.38
2026-06-26T22:00:00+08:00,4072.93,4093.16,4066.93,4084.18
2026-06-26T22:30:00+08:00,4084.34,4091.87,4075.64,4080.42
2026-06-26T23:00:00+08:00,4080.43,4084.53,4074.95,4084.217
2026-06-26T23:30:00+08:00,4084.22,4096.73,4081.43,4090.44
2026-06-27T00:00:00+08:00,4090.551,4093.63,4082.86,4086.711
2026-06-27T00:30:00+08:00,4086.56,4093.12,4081.86,4085.017
2026-06-27T01:00:00+08:00,4084.79,4088.23,4079.94,4081.45
2026-06-27T01:30:00+08:00,4081.477,4083.39,4073.25,4074.35
2026-06-27T02:00:00+08:00,4074.65,4078.87,4071.19,4073.391
2026-06-27T02:30:00+08:00,4073.465,4075.48,4066.71,4067.29
2026-06-27T03:00:00+08:00,4067.277,4070.07,4064.21,4066.44
2026-06-27T03:30:00+08:00,4066.28,4074.7,4065.34,4071.59
2026-06-27T04:00:00+08:00,4071.577,4072.99,4064.14,4072.037
2026-06-27T04:30:00+08:00,4072.057,4090.767,4066.45,4088.87
2026-06-29T06:00:00+08:00,4086.469,4088.44,4052.58,4057.292
2026-06-29T06:30:00+08:00,4056.55,4069.68,4055.53,4066.36
2026-06-29T07:00:00+08:00,4066.315,4070.8,4054.65,4056.9
2026-06-29T07:30:00+08:00,4056.99,4066.33,4051.3,4062.657
2026-06-29T08:00:00+08:00,4062.77,4064.82,4047.67,4048.248
2026-06-29T08:30:00+08:00,4048.268,4074.24,4047.69,4069.547
2026-06-29T09:00:00+08:00,4069.507,4074.6,4053.03,4058.74
2026-06-29T09:30:00+08:00,4058.74,4066.78,4054.16,4061.31
2026-06-29T10:00:00+08:00,4060.69,4070.757,4058.64,4068.725
2026-06-29T10:30:00+08:00,4068.33,4071.83,4057.67,4066.38
2026-06-29T11:00:00+08:00,4066.39,4075.81,4064.39,4071.96
2026-06-29T11:30:00+08:00,4072.372,4073.418,4064.94,4068.908
2026-06-29T12:00:00+08:00,4068.41,4069.48,4061.85,4065.054
2026-06-29T12:30:00+08:00,4065.054,4065.46,4048.91,4052.237
2026-06-29T13:00:00+08:00,4051.84,4057.5,4046.76,4049.328
2026-06-29T13:30:00+08:00,4048.84,4056.94,4038.62,4054.35
2026-06-29T14:00:00+08:00,4054.377,4064.28,4053.09,4060.732
2026-06-29T14:30:00+08:00,4060.58,4065,4054.56,4062.227
2026-06-29T15:00:00+08:00,4062.295,4066.43,4055.73,4066.068
2026-06-29T15:30:00+08:00,4066.068,4068.56,4060.44,4061.499
2026-06-29T16:00:00+08:00,4061.608,4066.05,4060.16,4061.12
2026-06-29T16:30:00+08:00,4061.177,4066.69,4043.24,4046.999
2026-06-29T17:00:00+08:00,4047.1,4055.29,4044.93,4047.297
2026-06-29T17:30:00+08:00,4047.368,4050.76,4024.37,4031.32
2026-06-29T18:00:00+08:00,4031.5,4039.75,4027.2,4037.361
2026-06-29T18:30:00+08:00,4037.375,4038.74,4031.64,4036.768
2026-06-29T19:00:00+08:00,4036.75,4038.62,4027.1,4032.04
2026-06-29T19:30:00+08:00,4032.015,4042.34,4029.62,4039.188
2026-06-29T20:00:00+08:00,4039.09,4052.57,4037.39,4038.377
2026-06-29T20:30:00+08:00,4038.348,4047.92,4037.36,4043.46
2026-06-29T21:00:00+08:00,4043.64,4051.8,4037.82,4037.82
2026-06-29T21:30:00+08:00,4038.045,4044.6,4027.94,4032.268
2026-06-29T22:00:00+08:00,4032.05,4035.61,3999.896,4024.68
2026-06-29T22:30:00+08:00,4024.877,4030.47,4017.7,4025.597
2026-06-29T23:00:00+08:00,4025.568,4027.77,4016.5,4024.65
2026-06-29T23:30:00+08:00,4024.321,4030.44,4017.41,4026.917
2026-06-30T00:00:00+08:00,4026.93,4028.77,4021.69,4023.67
2026-06-30T00:30:00+08:00,4023.628,4028.27,4018.45,4023.88
2026-06-30T01:00:00+08:00,4023.37,4032.17,4022.09,4023.908
2026-06-30T01:30:00+08:00,4023.86,4024.56,4019.06,4020.93
2026-06-30T02:00:00+08:00,4020.89,4025.37,4020.09,4021.02
2026-06-30T02:30:00+08:00,4021.047,4021.65,4011.62,4013.29
2026-06-30T03:00:00+08:00,4013.328,4017.33,4005.11,4017.07
2026-06-30T03:30:00+08:00,4017.28,4019.68,4012.3,4015.85
2026-06-30T04:00:00+08:00,4015.797,4018.03,4012.45,4017.663
2026-06-30T04:30:00+08:00,4017.765,4017.88,4014.09,4015.62
2026-06-30T06:00:00+08:00,4017.68,4022.301,4014.94,4015.948
2026-06-30T06:30:00+08:00,4015.948,4017.06,4009.15,4014.008
2026-06-30T07:00:00+08:00,4014.16,4022.47,4013.64,4016.71
2026-06-30T07:30:00+08:00,4016.635,4021.8,4012.98,4014.35
2026-06-30T08:00:00+08:00,4014.9,4015.16,4002.8,4006.17
2026-06-30T08:30:00+08:00,4006.36,4006.84,3979.64,3986.93
2026-06-30T09:00:00+08:00,3987.51,3987.56,3942.43,3979.04
2026-06-30T09:30:00+08:00,3978.888,3979.71,3961.1,3969.35
2026-06-30T10:00:00+08:00,3969.36,3973.34,3951.89,3961.94
2026-06-30T10:30:00+08:00,3961.833,3970.65,3953.79,3962.82
2026-06-30T11:00:00+08:00,3962.31,3971.15,3962.13,3965.53
2026-06-30T11:30:00+08:00,3965.53,3971.25,3959.68,3969.758
2026-06-30T12:00:00+08:00,3969.3,3983.69,3967.69,3982.688
2026-06-30T12:30:00+08:00,3982.628,3998.17,3982.01,3985.47
2026-06-30T13:00:00+08:00,3985.468,3991.03,3979.13,3982.92
2026-06-30T13:30:00+08:00,3982.93,3985.08,3974.93,3977.87
2026-06-30T14:00:00+08:00,3977.89,4013.4,3977.47,4011.87
2026-06-30T14:30:00+08:00,4011.94,4034.18,4010.71,4029.54
2026-06-30T15:00:00+08:00,4029.69,4034.81,4023.56,4028.55
2026-06-30T15:30:00+08:00,4028.58,4033.19,4025.21,4032.08
2026-06-30T16:00:00+08:00,4032.189,4037.64,4019.91,4025.948
2026-06-30T16:30:00+08:00,4025.948,4026.87,4013.3,4015.47
2026-06-30T17:00:00+08:00,4015.37,4022.81,4014.13,4017.328
2026-06-30T17:30:00+08:00,4017.36,4023.972,4012.12,4023.972
2026-06-30T18:00:00+08:00,4023.915,4028.76,4021.31,4028.477
2026-06-30T18:30:00+08:00,4028.475,4031.34,4024.9,4029.818
2026-06-30T19:00:00+08:00,4029.72,4034.33,4025.12,4031.82
2026-06-30T19:30:00+08:00,4031.828,4037.35,4027.89,4033.795
2026-06-30T20:00:00+08:00,4033.828,4034.51,4014.5,4016.848
2026-06-30T20:30:00+08:00,4016.841,4022,4008.33,4009.65
2026-06-30T21:00:00+08:00,4009.918,4033.46,4009.14,4023.68
2026-06-30T21:30:00+08:00,4023.77,4032.78,4012.74,4029.628
2026-06-30T22:00:00+08:00,4029.46,4063.42,4024.51,4054.02
2026-06-30T22:30:00+08:00,4054.076,4058.68,4037.05,4037.22
2026-06-30T23:00:00+08:00,4037.285,4039.48,4021.91,4028.597
2026-06-30T23:30:00+08:00,4028.638,4034.85,4026.39,4029.32
2026-07-01T00:00:00+08:00,4029.318,4031.6,4025.69,4029.5
2026-07-01T00:30:00+08:00,4029.49,4033.918,4025.67,4026.09
2026-07-01T01:00:00+08:00,4026.09,4028.07,4020.57,4025.42
2026-07-01T01:30:00+08:00,4025.457,4032.24,4025.36,4030.52
2026-07-01T02:00:00+08:00,4030.64,4033.85,4030.28,4031.34
2026-07-01T02:30:00+08:00,4031.34,4032.6,4028.05,4028.51
2026-07-01T03:00:00+08:00,4028.56,4029.52,4020.94,4021.05
2026-07-01T03:30:00+08:00,4021.07,4023.252,4014.42,4016.1
2026-07-01T04:00:00+08:00,4015.77,4021.11,4012.08,4012.932
2026-07-01T04:30:00+08:00,4012.97,4013.677,4005.95,4007.418
2026-07-01T06:00:00+08:00,4011.62,4017.576,4010.09,4013.45
2026-07-01T06:30:00+08:00,4013.45,4018.16,4010.7,4012.74
2026-07-01T07:00:00+08:00,4013.068,4018.46,4007.66,4010.52
2026-07-01T07:30:00+08:00,4010.52,4012.62,4005.14,4005.6
2026-07-01T08:00:00+08:00,4005.698,4009.9,4001,4001.98
2026-07-01T08:30:00+08:00,4001.876,4005.87,3992.8,3996.76
2026-07-01T09:00:00+08:00,3996.77,3999.88,3975.25,3985.68
2026-07-01T09:30:00+08:00,3985.52,3988.67,3973.47,3977.38
2026-07-01T10:00:00+08:00,3977.742,3982.5,3969.69,3980.38
2026-07-01T10:30:00+08:00,3980.838,3986.17,3978.07,3979.202
2026-07-01T11:00:00+08:00,3979.202,3987.06,3978.12,3980.95
2026-07-01T11:30:00+08:00,3981.325,3982.27,3976.46,3980.49
2026-07-01T12:00:00+08:00,3980.33,3981.17,3973.65,3977.32
2026-07-01T12:30:00+08:00,3977.533,3982.822,3972.17,3976.32
2026-07-01T13:00:00+08:00,3976.27,3977.195,3969.6,3972.718
2026-07-01T13:30:00+08:00,3972.47,3978.94,3970.05,3973.992
2026-07-01T14:00:00+08:00,3973.66,3977.56,3962.71,3967.12
2026-07-01T14:30:00+08:00,3967.288,3973.65,3962.99,3971.798
2026-07-01T15:00:00+08:00,3971.52,3973.88,3959.84,3964.298
2026-07-01T15:30:00+08:00,3964.25,3978.41,3960.35,3975.96
2026-07-01T16:00:00+08:00,3976.008,3984.52,3969.08,3978.6
2026-07-01T16:30:00+08:00,3978.818,3979.72,3971.01,3974.05
2026-07-01T17:00:00+08:00,3974.485,3980.44,3972.4,3978.672
2026-07-01T17:30:00+08:00,3978.682,3986.13,3977.21,3984.428
2026-07-01T18:00:00+08:00,3984.405,3989.62,3981.09,3987.118
2026-07-01T18:30:00+08:00,3987.13,3998.83,3986.46,3998.338
2026-07-01T19:00:00+08:00,3998.33,4028.48,3997.73,4026.768
2026-07-01T19:30:00+08:00,4026.86,4035.54,4022.99,4030.405
2026-07-01T20:00:00+08:00,4030.405,4034.04,4019.32,4025.73
2026-07-01T20:30:00+08:00,4025.98,4033.17,4022.28,4022.761
2026-07-01T21:00:00+08:00,4022.45,4047.32,4012.65,4046.65
2026-07-01T21:30:00+08:00,4046.92,4108.12,4041.43,4089.607
2026-07-01T22:00:00+08:00,4089.32,4106.84,4082.62,4100.52
2026-07-01T22:30:00+08:00,4100.47,4115.675,4086.18,4093.38
2026-07-01T23:00:00+08:00,4093.437,4094.66,4078.23,4083.778
2026-07-01T23:30:00+08:00,4083.82,4088.09,4076.37,4081.147
2026-07-02T00:00:00+08:00,4081.157,4088.56,4080.34,4081.44
2026-07-02T00:30:00+08:00,4081.52,4083.42,4070.09,4070.78
2026-07-02T01:00:00+08:00,4071.128,4073.74,4067.44,4068.05
2026-07-02T01:30:00+08:00,4068.06,4073.58,4066.98,4068.13
2026-07-02T02:00:00+08:00,4068.168,4071.03,4060.83,4061.24
2026-07-02T02:30:00+08:00,4061.37,4066.1,4057.47,4062.117
2026-07-02T03:00:00+08:00,4062.3,4068.38,4056.17,4058.857
2026-07-02T03:30:00+08:00,4058.99,4059.79,4034.07,4038.62
2026-07-02T04:00:00+08:00,4039.3,4039.82,4028.05,4038.31
2026-07-02T04:30:00+08:00,4037.84,4039.11,4029.65,4031.19
2026-07-02T06:00:00+08:00,4035.2,4041.168,4032.82,4037.69
2026-07-02T06:30:00+08:00,4038.195,4045.21,4036.43,4044.56
2026-07-02T07:00:00+08:00,4044.981,4045.15,4033.51,4037.15
2026-07-02T07:30:00+08:00,4037.15,4040.55,4032.94,4035.057
2026-07-02T08:00:00+08:00,4035.052,4048.62,4030.29,4046.09
2026-07-02T08:30:00+08:00,4046.32,4052.65,4037.71,4051.57
2026-07-02T09:00:00+08:00,4051.1,4068.54,4049.87,4053.25
2026-07-02T09:30:00+08:00,4053.26,4056.53,4044.78,4050.115
2026-07-02T10:00:00+08:00,4049.97,4054.95,4040.97,4051.19
2026-07-02T10:30:00+08:00,4051.495,4061.04,4047.51,4056.995
2026-07-02T11:00:00+08:00,4056.92,4067.27,4055.12,4065.35
2026-07-02T11:30:00+08:00,4065.22,4074.15,4061.41,4069.71
2026-07-02T12:00:00+08:00,4069.94,4072.97,4063.8,4065.6
2026-07-02T12:30:00+08:00,4065.43,4066.6,4060.4,4060.66
2026-07-02T13:00:00+08:00,4060.717,4062.27,4054.01,4057.46
2026-07-02T13:30:00+08:00,4057.53,4067.77,4052.91,4065.925
2026-07-02T14:00:00+08:00,4066.09,4079.83,4065.77,4074.15
2026-07-02T14:30:00+08:00,4074.197,4076.81,4065.71,4073.137
2026-07-02T15:00:00+08:00,4073.158,4074.21,4060.41,4062.377
2026-07-02T15:30:00+08:00,4062.24,4075.59,4060.61,4064.58
2026-07-02T16:00:00+08:00,4064.612,4077.96,4061.04,4075.027
2026-07-02T16:30:00+08:00,4075.027,4080.22,4071.87,4076.077
2026-07-02T17:00:00+08:00,4076.17,4076.99,4065.95,4067.58
2026-07-02T17:30:00+08:00,4067.559,4072.43,4063.66,4065.257
2026-07-02T18:00:00+08:00,4065.232,4068.07,4061.72,4066.14
2026-07-02T18:30:00+08:00,4066.03,4068.75,4061.34,4066.17
2026-07-02T19:00:00+08:00,4066.281,4067.41,4057.12,4065.497
2026-07-02T19:30:00+08:00,4065.34,4072.38,4063.12,4065.15
2026-07-02T20:00:00+08:00,4065.201,4073.58,4060.95,4064.908
2026-07-02T20:30:00+08:00,4064.908,4140.4,4064.117,4117.31
2026-07-02T21:00:00+08:00,4117.57,4129.8,4109.07,4113.08
2026-07-02T21:30:00+08:00,4113.18,4144.15,4109.93,4136.796
2026-07-02T22:00:00+08:00,4136.81,4138.34,4113.83,4116.321
2026-07-02T22:30:00+08:00,4116.22,4129.81,4114.48,4128.48
2026-07-02T23:00:00+08:00,4128.42,4131.56,4114.54,4122.36
2026-07-02T23:30:00+08:00,4122.457,4131.04,4122.28,4128.44
2026-07-03T00:00:00+08:00,4128.367,4130.55,4115.21,4116.13
2026-07-03T00:30:00+08:00,4116.327,4120.208,4099.94,4117.93
2026-07-03T01:00:00+08:00,4118.08,4120.37,4111.33,4112.547
2026-07-03T01:30:00+08:00,4112.45,4114.81,4105.58,4106.747
2026-07-03T02:00:00+08:00,4106.77,4123.82,4105.68,4123.05
2026-07-03T02:30:00+08:00,4122.75,4127,4119.65,4122.69
2026-07-03T03:00:00+08:00,4122.61,4124.46,4107.87,4112.64
2026-07-03T03:30:00+08:00,4112.541,4124.62,4110.61,4121.08
2026-07-03T04:00:00+08:00,4121.257,4125.63,4115.96,4123.35
2026-07-03T04:30:00+08:00,4123.35,4125.6,4118.33,4122.34
2026-07-03T06:00:00+08:00,4122.752,4128.041,4122.08,4124.357
2026-07-03T06:30:00+08:00,4123.8,4126.52,4122.04,4124.38
2026-07-03T07:00:00+08:00,4124.39,4130.39,4123.84,4129.65
2026-07-03T07:30:00+08:00,4129.66,4133.95,4120.74,4126.117
2026-07-03T08:00:00+08:00,4126.15,4140.91,4122.34,4137.53
2026-07-03T08:30:00+08:00,4137.227,4151.08,4132.63,4146.95
2026-07-03T09:00:00+08:00,4146.68,4194.4,4146.33,4187.16
2026-07-03T09:30:00+08:00,4187.558,4195.65,4174.67,4182.226
2026-07-03T10:00:00+08:00,4182.33,4184.36,4176.11,4179.106
2026-07-03T10:30:00+08:00,4178.82,4186.87,4177.81,4183.53
2026-07-03T11:00:00+08:00,4183.47,4184.67,4178.94,4181.367
2026-07-03T11:30:00+08:00,4181.295,4183.19,4174.95,4175.83
2026-07-03T12:00:00+08:00,4175.74,4182.95,4172.93,4178.43
2026-07-03T12:30:00+08:00,4178.51,4178.9,4174.18,4178.79
2026-07-03T13:00:00+08:00,4178.45,4181.29,4172.73,4176.05
2026-07-03T13:30:00+08:00,4176.036,4181.92,4168.78,4171.075
2026-07-03T14:00:00+08:00,4171.123,4171.83,4159.94,4164.796
2026-07-03T14:30:00+08:00,4164.81,4174.5,4164.04,4172.933
2026-07-03T15:00:00+08:00,4173,4181.25,4168.88,4175.346
2026-07-03T15:30:00+08:00,4175.336,4181.77,4173.49,4177.013
2026-07-03T16:00:00+08:00,4177.31,4185.85,4176.57,4183.196
2026-07-03T16:30:00+08:00,4182.94,4186.61,4176.64,4180.97
2026-07-03T17:00:00+08:00,4180.99,4181.84,4170.9,4171.83
2026-07-03T17:30:00+08:00,4171.91,4175.12,4168.16,4171.918
2026-07-03T18:00:00+08:00,4171.98,4181.14,4170.51,4178.5
2026-07-03T18:30:00+08:00,4178.44,4179.09,4174.46,4177.06
2026-07-03T19:00:00+08:00,4176.92,4186.16,4175.31,4183.05
2026-07-03T19:30:00+08:00,4183.04,4186.43,4178.3,4181.02
2026-07-03T20:00:00+08:00,4181.04,4183.27,4171.91,4174.72
2026-07-03T20:30:00+08:00,4174.74,4177.95,4171.96,4176.787
2026-07-03T21:00:00+08:00,4176.76,4179.34,4164.21,4171.495
2026-07-03T21:30:00+08:00,4171.496,4171.82,4163.22,4164.676
2026-07-03T22:00:00+08:00,4164.676,4167.2,4155.1,4165.95
2026-07-03T22:30:00+08:00,4166.2,4171.27,4163.21,4169.755
2026-07-03T23:00:00+08:00,4169.75,4174.36,4166.73,4167.355
2026-07-03T23:30:00+08:00,4167.43,4168.94,4164.11,4164.87
2026-07-04T00:00:00+08:00,4164.821,4167.59,4162.49,4166.69
2026-07-04T00:30:00+08:00,4166.18,4176.336,4166.12,4174.76
2026-07-06T06:00:00+08:00,4173.153,4188.105,4172.69,4184.12
2026-07-06T06:30:00+08:00,4184.47,4191.54,4182.28,4188.256
2026-07-06T07:00:00+08:00,4187.89,4202.1,4186.22,4200.47
2026-07-06T07:30:00+08:00,4200.367,4201.57,4176.99,4183.12
2026-07-06T08:00:00+08:00,4183.12,4185.43,4169.6,4174.527
2026-07-06T08:30:00+08:00,4174.05,4189.03,4173.64,4179.8
2026-07-06T09:00:00+08:00,4179.796,4192.87,4172.03,4189.4
2026-07-06T09:30:00+08:00,4189.36,4203.21,4184.56,4185.996
2026-07-06T10:00:00+08:00,4185.953,4187.82,4175.41,4177.64
2026-07-06T10:30:00+08:00,4177.667,4178.72,4168.07,4174.096
2026-07-06T11:00:00+08:00,4173.94,4176.41,4162.21,4165.67
2026-07-06T11:30:00+08:00,4165.75,4169.285,4160.67,4164.88
2026-07-06T12:00:00+08:00,4165.185,4166.72,4160,4161.23
2026-07-06T12:30:00+08:00,4161.08,4162.53,4157.18,4159.34
2026-07-06T13:00:00+08:00,4159.53,4161.07,4150.14,4152.83
2026-07-06T13:30:00+08:00,4152.807,4160.51,4144.41,4147.82
2026-07-06T14:00:00+08:00,4147.951,4156.79,4145.29,4156.456
2026-07-06T14:30:00+08:00,4156.39,4159.59,4148.68,4150.301
2026-07-06T15:00:00+08:00,4150.315,4155.87,4146.84,4152.93
2026-07-06T15:30:00+08:00,4152.88,4166.35,4150.92,4164.47
2026-07-06T16:00:00+08:00,4164.27,4166.14,4153.32,4155.456
2026-07-06T16:30:00+08:00,4155.52,4156.05,4146.89,4150.357
2026-07-06T17:00:00+08:00,4150.436,4151.207,4141.26,4143.73
2026-07-06T17:30:00+08:00,4143.71,4144.81,4136.18,4142.94
2026-07-06T18:00:00+08:00,4143.18,4150.85,4141.81,4148.72
2026-07-06T18:30:00+08:00,4148.69,4156.24,4148.04,4154.887
2026-07-06T19:00:00+08:00,4154.836,4159.64,4151.19,4154.955
2026-07-06T19:30:00+08:00,4154.76,4158.79,4151.61,4155.1
2026-07-06T20:00:00+08:00,4155.18,4158.54,4145.03,4145.671
2026-07-06T20:30:00+08:00,4145.671,4146.54,4131.12,4139.567
2026-07-06T21:00:00+08:00,4139.29,4148.77,4136.74,4142.253
2026-07-06T21:30:00+08:00,4142.27,4150.56,4136.306,4140.403
2026-07-06T22:00:00+08:00,4141.06,4147.32,4131.84,4137.13
2026-07-06T22:30:00+08:00,4137.127,4141.82,4127.96,4138.07
2026-07-06T23:00:00+08:00,4138.06,4151.05,4137.27,4150.576
2026-07-06T23:30:00+08:00,4150.623,4152,4144.53,4148.213
2026-07-07T00:00:00+08:00,4148.31,4148.49,4139.97,4145.32
2026-07-07T00:30:00+08:00,4145.546,4156.28,4145.02,4154.895
2026-07-07T01:00:00+08:00,4154.83,4159.64,4150.02,4155.364
2026-07-07T01:30:00+08:00,4155.37,4162.19,4154.57,4161.2
2026-07-07T02:00:00+08:00,4161.08,4163.2,4155.16,4161.776
2026-07-07T02:30:00+08:00,4161.79,4167.57,4159.49,4163.827
2026-07-07T03:00:00+08:00,4163.74,4165.48,4158.67,4162.796
2026-07-07T03:30:00+08:00,4162.68,4165.11,4159.54,4163.736
2026-07-07T04:00:00+08:00,4163.727,4164.78,4160.5,4162.819
2026-07-07T04:30:00+08:00,4162.87,4165.47,4162.39,4164.47
2026-07-07T06:00:00+08:00,4166.558,4167.66,4163.17,4165.988
2026-07-07T06:30:00+08:00,4165.76,4168.56,4163.67,4164.136
2026-07-07T07:00:00+08:00,4163.89,4165.72,4162.51,4163.156
2026-07-07T07:30:00+08:00,4163.09,4165.34,4156.53,4157.316
2026-07-07T08:00:00+08:00,4157.04,4160.66,4151.72,4159.773
2026-07-07T08:30:00+08:00,4159.735,4162.81,4144.83,4145.9
2026-07-07T09:00:00+08:00,4146.017,4148.07,4125.32,4132.59
2026-07-07T09:30:00+08:00,4132.6,4146.95,4131.7,4141.9
2026-07-07T10:00:00+08:00,4141.82,4145.71,4137.43,4140.53
2026-07-07T10:30:00+08:00,4140.13,4144.47,4130.87,4136.64
2026-07-07T11:00:00+08:00,4136.18,4140.06,4128.69,4131.78
2026-07-07T11:30:00+08:00,4132.07,4134.96,4123.97,4130.72
2026-07-07T12:00:00+08:00,4131.03,4141.36,4129.92,4132.157
2026-07-07T12:30:00+08:00,4131.87,4132.41,4125.55,4126.66
2026-07-07T13:00:00+08:00,4126.55,4131.4,4120.64,4128.306
2026-07-07T13:30:00+08:00,4128.24,4128.64,4116.31,4123.787
2026-07-07T14:00:00+08:00,4123.76,4129.78,4121.16,4126.83
2026-07-07T14:30:00+08:00,4126.717,4133.04,4124.54,4130.377
2026-07-07T15:00:00+08:00,4130.37,4132.26,4124.1,4126.39
2026-07-07T15:30:00+08:00,4126.587,4133.55,4124.23,4124.8
2026-07-07T16:00:00+08:00,4124.68,4139.41,4124.32,4138.586
2026-07-07T16:30:00+08:00,4138.6,4139.33,4121.58,4125.959
2026-07-07T17:00:00+08:00,4125.986,4131.07,4119.63,4121.44
2026-07-07T17:30:00+08:00,4121.64,4133.82,4121.28,4130.93
2026-07-07T18:00:00+08:00,4131.176,4138.92,4130.88,4137.387
2026-07-07T18:30:00+08:00,4137.343,4137.59,4133.3,4135.635
2026-07-07T19:00:00+08:00,4135.79,4145.47,4131.59,4143.01
2026-07-07T19:30:00+08:00,4143.04,4158.2,4139.33,4156.77
2026-07-07T20:00:00+08:00,4156.693,4175.21,4154.27,4165.926
2026-07-07T20:30:00+08:00,4165.87,4172.756,4161.38,4172.1
2026-07-07T21:00:00+08:00,4172.23,4178.41,4159.93,4166.2
2026-07-07T21:30:00+08:00,4166.18,4180.46,4155.71,4158.556
2026-07-07T22:00:00+08:00,4158.6,4163.74,4150.79,4158
2026-07-07T22:30:00+08:00,4158.03,4159.32,4143.41,4154.07
2026-07-07T23:00:00+08:00,4154.206,4155.71,4141.35,4142.92
2026-07-07T23:30:00+08:00,4142.97,4148.39,4135.5,4138.86
2026-07-08T00:00:00+08:00,4138.996,4147.32,4136.8,4146.157
2026-07-08T00:30:00+08:00,4146.14,4146.68,4140.68,4145.06
2026-07-08T01:00:00+08:00,4145,4147.05,4140.24,4145.98
2026-07-08T01:30:00+08:00,4146.006,4148.27,4142.36,4144.55
2026-07-08T02:00:00+08:00,4144.521,4145.26,4139.92,4141.69
2026-07-08T02:30:00+08:00,4141.625,4142.67,4124.72,4126.931
2026-07-08T03:00:00+08:00,4126.931,4127.82,4091.88,4103.393
2026-07-08T03:30:00+08:00,4103.431,4117.73,4103.11,4114.11
2026-07-08T04:00:00+08:00,4114.08,4115.86,4106.21,4110.788
2026-07-08T04:30:00+08:00,4110.63,4111.19,4103.1,4105.505
2026-07-08T06:00:00+08:00,4107.695,4107.695,4093.36,4099.607
2026-07-08T06:30:00+08:00,4099.37,4102.71,4095.37,4097.94
2026-07-08T07:00:00+08:00,4098.26,4107.97,4095.77,4104.97
2026-07-08T07:30:00+08:00,4104.835,4105.48,4095.54,4098.497
2026-07-08T08:00:00+08:00,4098.517,4108.07,4096.68,4105.36
2026-07-08T08:30:00+08:00,4105.02,4126.78,4103.53,4111.359
2026-07-08T09:00:00+08:00,4111.59,4118.02,4097.71,4102.67
2026-07-08T09:30:00+08:00,4102.658,4113.01,4096.03,4111.005
2026-07-08T10:00:00+08:00,4111.06,4124.99,4105.54,4118.81
2026-07-08T10:30:00+08:00,4118.76,4121.18,4113.2,4114.418
2026-07-08T11:00:00+08:00,4114.59,4130.87,4114.35,4129.64
2026-07-08T11:30:00+08:00,4129.8,4131.25,4122.53,4123.24
2026-07-08T12:00:00+08:00,4123.355,4128.94,4120.24,4125.84
2026-07-08T12:30:00+08:00,4125.897,4128.34,4121.99,4125.17
2026-07-08T13:00:00+08:00,4125.135,4134.02,4121.59,4121.87
2026-07-08T13:30:00+08:00,4121.971,4131.74,4121.045,4127.84
2026-07-08T14:00:00+08:00,4127.805,4133.68,4121.94,4129.691
2026-07-08T14:30:00+08:00,4129.47,4129.85,4123.12,4123.5
2026-07-08T15:00:00+08:00,4123.651,4125.39,4114.5,4120.377
2026-07-08T15:30:00+08:00,4120.3,4127.35,4117.96,4121.041
2026-07-08T16:00:00+08:00,4121.041,4121.43,4080.27,4088.856
2026-07-08T16:30:00+08:00,4088.856,4092.07,4051.98,4056.728
2026-07-08T17:00:00+08:00,4056.687,4061.067,4050.13,4056.64
2026-07-08T17:30:00+08:00,4056.622,4058.66,4041.3,4043.22
2026-07-08T18:00:00+08:00,4043.29,4055.94,4040.35,4050.779
2026-07-08T18:30:00+08:00,4050.79,4058.56,4049.72,4052.97
2026-07-08T19:00:00+08:00,4052.929,4057.3,4047.4,4050.26
2026-07-08T19:30:00+08:00,4050.14,4072.72,4041.18,4061.99
2026-07-08T20:00:00+08:00,4062.148,4077.71,4058.41,4070.64
2026-07-08T20:30:00+08:00,4070.83,4086.54,4067.875,4072.08
2026-07-08T21:00:00+08:00,4072.07,4083.14,4065.02,4066.72
2026-07-08T21:30:00+08:00,4066.72,4080.36,4066.35,4070.715
2026-07-08T22:00:00+08:00,4070.812,4076.01,4051.18,4060.01
2026-07-08T22:30:00+08:00,4060.112,4061.34,4033.39,4040.9
2026-07-08T23:00:00+08:00,4040.909,4043.89,4026.04,4030.877
2026-07-08T23:30:00+08:00,4030.845,4038.49,4021.52,4034.217
2026-07-09T00:00:00+08:00,4034.295,4045.12,4033,4043.65
2026-07-09T00:30:00+08:00,4043.66,4064.82,4039.11,4063.69
2026-07-09T01:00:00+08:00,4063.64,4073.88,4059.32,4072.962
2026-07-09T01:30:00+08:00,4073.06,4076.48,4064.02,4065.608
2026-07-09T02:00:00+08:00,4065.608,4075.72,4063.16,4069.508
2026-07-09T02:30:00+08:00,4069.72,4091.59,4066.82,4083.93
2026-07-09T03:00:00+08:00,4084.16,4091.08,4084.15,4088.107
2026-07-09T03:30:00+08:00,4087.89,4091.36,4078.05,4079.65
2026-07-09T04:00:00+08:00,4079.977,4083.59,4073.91,4076.723
2026-07-09T04:30:00+08:00,4076.74,4079.88,4071.19,4074.57
2026-07-09T06:00:00+08:00,4077.65,4079.91,4071.68,4073.75
2026-07-09T06:30:00+08:00,4074.227,4079.897,4072.93,4076.365
2026-07-09T07:00:00+08:00,4076.12,4077.79,4073.33,4077.09
2026-07-09T07:30:00+08:00,4077.567,4077.69,4071.36,4076.035
2026-07-09T08:00:00+08:00,4075.79,4089.8,4073.45,4078.02
2026-07-09T08:30:00+08:00,4077.95,4081.81,4069.97,4074.15
2026-07-09T09:00:00+08:00,4073.867,4078.78,4064.9,4066.65
2026-07-09T09:30:00+08:00,4066.7,4076.16,4061.93,4072.88
2026-07-09T10:00:00+08:00,4072.82,4082.76,4071.76,4080.08
2026-07-09T10:30:00+08:00,4080.353,4081.79,4064.17,4064.977
2026-07-09T11:00:00+08:00,4065.01,4067.7,4053.87,4058.248
2026-07-09T11:30:00+08:00,4058.248,4064.117,4056.1,4064.088
2026-07-09T12:00:00+08:00,4064.03,4064.62,4056.97,4058.857
2026-07-09T12:30:00+08:00,4058.835,4064.62,4056.15,4064.272
2026-07-09T13:00:00+08:00,4064.295,4076.09,4063.44,4072.227
2026-07-09T13:30:00+08:00,4071.91,4084.23,4064.42,4082.03
2026-07-09T14:00:00+08:00,4081.927,4103.25,4081.16,4102.15
2026-07-09T14:30:00+08:00,4102.257,4108.17,4095.71,4107.805
2026-07-09T15:00:00+08:00,4107.906,4110.28,4101.27,4108.846
2026-07-09T15:30:00+08:00,4108.96,4111.22,4103.38,4107.907
2026-07-09T16:00:00+08:00,4108.04,4117.8,4105.02,4114.79
2026-07-09T16:30:00+08:00,4114.749,4116.66,4107.61,4108.275
2026-07-09T17:00:00+08:00,4108.285,4112.4,4105.57,4108.364
2026-07-09T17:30:00+08:00,4108.349,4110.04,4102.88,4106.21
2026-07-09T18:00:00+08:00,4106.271,4110.18,4103.8,4104.288
2026-07-09T18:30:00+08:00,4104.21,4105.41,4093.47,4099.05
2026-07-09T19:00:00+08:00,4099.03,4107.16,4097.64,4100.477
2026-07-09T19:30:00+08:00,4100.27,4110.59,4098.71,4108.64
2026-07-09T20:00:00+08:00,4108.67,4120.3,4104.8,4107.435
2026-07-09T20:30:00+08:00,4107.355,4122.6,4106.63,4107.65
2026-07-09T21:00:00+08:00,4107.705,4127.301,4106.55,4125.98
2026-07-09T21:30:00+08:00,4125.91,4129.61,4117.49,4121.825
2026-07-09T22:00:00+08:00,4121.897,4136.6,4114.04,4124.66
2026-07-09T22:30:00+08:00,4124.75,4128.07,4117.88,4127.67
2026-07-09T23:00:00+08:00,4127.717,4130.89,4124.61,4127.877
2026-07-09T23:30:00+08:00,4127.845,4132.73,4125.9,4127.007
2026-07-10T00:00:00+08:00,4126.99,4133.217,4125.38,4132.53
2026-07-10T00:30:00+08:00,4132.657,4138.09,4127.84,4127.967
2026-07-10T01:00:00+08:00,4127.975,4131.99,4124.79,4131.53
2026-07-10T01:30:00+08:00,4131.577,4138.04,4128.94,4136.2
2026-07-10T02:00:00+08:00,4136.19,4136.35,4122.9,4123.838
2026-07-10T02:30:00+08:00,4124.02,4125.55,4121.315,4124.355
2026-07-10T03:00:00+08:00,4124.35,4126.98,4120.56,4120.99
2026-07-10T03:30:00+08:00,4120.808,4123.561,4118.56,4122.31
2026-07-10T04:00:00+08:00,4122.437,4124.1,4120.21,4120.914
2026-07-10T04:30:00+08:00,4120.99,4125.65,4120.42,4123.435
2026-07-10T06:00:00+08:00,4124.432,4127.667,4121.61,4123.2
2026-07-10T06:30:00+08:00,4122.44,4124.727,4121.01,4121.79
2026-07-10T07:00:00+08:00,4121.43,4125.1,4120.85,4122.07
2026-07-10T07:30:00+08:00,4122.21,4124.561,4120.49,4123.367
2026-07-10T08:00:00+08:00,4123.324,4125.83,4116.59,4119.447
2026-07-10T08:30:00+08:00,4119.43,4128.327,4113.84,4126.07
2026-07-10T09:00:00+08:00,4126.287,4131.09,4118.37,4121.637
2026-07-10T09:30:00+08:00,4121.609,4123.55,4108.35,4116.71
2026-07-10T10:00:00+08:00,4116.72,4128.92,4115.74,4125.68
2026-07-10T10:30:00+08:00,4125.46,4129.087,4122.05,4127.67
2026-07-10T11:00:00+08:00,4127.727,4134.84,4120.24,4125.34
2026-07-10T11:30:00+08:00,4125.22,4127.84,4118.96,4120.18
2026-07-10T12:00:00+08:00,4120.18,4121.088,4111.8,4117.426
2026-07-10T12:30:00+08:00,4117.03,4119.63,4114.72,4115.18
2026-07-10T13:00:00+08:00,4114.91,4117.12,4112.63,4114.07
2026-07-10T13:30:00+08:00,4114,4117.18,4107.87,4116.78
2026-07-10T14:00:00+08:00,4116.87,4120.2,4113.65,4114.516
2026-07-10T14:30:00+08:00,4114.41,4116.21,4110.71,4111.673
2026-07-10T15:00:00+08:00,4111.47,4115.387,4108.45,4112.397
2026-07-10T15:30:00+08:00,4112.44,4114.6,4104.13,4108.94
2026-07-10T16:00:00+08:00,4108.887,4109.58,4103.187,4104.11
2026-07-10T16:30:00+08:00,4104.2,4105.69,4094.47,4097.793
2026-07-10T17:00:00+08:00,4097.66,4103.54,4094.16,4102.81
2026-07-10T17:30:00+08:00,4102.75,4105.5,4098.14,4104.296
2026-07-10T18:00:00+08:00,4104.2,4112.73,4103.91,4109.465
2026-07-10T18:30:00+08:00,4109.465,4110.54,4104.1,4104.4
2026-07-10T19:00:00+08:00,4104.681,4108.18,4099.93,4100.126
2026-07-10T19:30:00+08:00,4100.097,4108,4095.93,4102.284
2026-07-10T20:00:00+08:00,4102.28,4117.74,4100.73,4105.976
2026-07-10T20:30:00+08:00,4105.83,4107.08,4097.32,4100.658
2026-07-10T21:00:00+08:00,4100.646,4106.73,4085.31,4087.32
2026-07-10T21:30:00+08:00,4087.296,4105.52,4086.61,4099.897
2026-07-10T22:00:00+08:00,4099.69,4109.04,4097.29,4105.22
2026-07-10T22:30:00+08:00,4105.42,4107.88,4071.86,4092.45
2026-07-10T23:00:00+08:00,4092.76,4107.8,4090.93,4102.07
2026-07-10T23:30:00+08:00,4102.11,4113.48,4101.29,4112.886
2026-07-11T00:00:00+08:00,4112.71,4114.91,4107.1,4114.29
2026-07-11T00:30:00+08:00,4114.39,4115.46,4104.12,4104.59
2026-07-11T01:00:00+08:00,4104.373,4106.93,4102.04,4105.56
2026-07-11T01:30:00+08:00,4105.581,4106.89,4100.21,4100.81
2026-07-11T02:00:00+08:00,4100.666,4105.66,4099.69,4102.985
2026-07-11T02:30:00+08:00,4102.68,4103.834,4097.76,4101.16
2026-07-11T03:00:00+08:00,4101.13,4103.4,4097.42,4101.717
2026-07-11T03:30:00+08:00,4101.51,4109.09,4100.24,4108.337
2026-07-11T04:00:00+08:00,4108.427,4115.087,4107.83,4111.24
2026-07-11T04:30:00+08:00,4111.297,4120.98,4110.1,4120.378