time,open,high,low,close
2025-12-06T00:00:00+08:00,4243.77,4245.82,4198.395,4214.02
2025-12-06T01:00:00+08:00,4214.15,4220.12,4206.295,4217.476
2025-12-06T02:00:00+08:00,4217.365,4219.31,4206.465,4208.81
2025-12-06T03:00:00+08:00,4208.81,4210.89,4202.195,4207.68
2025-12-06T04:00:00+08:00,4207.43,4207.74,4198.995,4202.06
2025-12-06T05:00:00+08:00,4202.016,4202.578,4191.79,4197.405
2025-12-08T07:00:00+08:00,4198.23,4209.126,4192.76,4200.59
2025-12-08T08:00:00+08:00,4201.39,4211.77,4199.19,4210.726
2025-12-08T09:00:00+08:00,4210.726,4211.8,4197.225,4201.266
2025-12-08T10:00:00+08:00,4201.2,4212.43,4198.27,4208.36
2025-12-08T11:00:00+08:00,4208.215,4213.125,4206.51,4210
2025-12-08T12:00:00+08:00,4209.86,4213.21,4206.77,4208.53
2025-12-08T13:00:00+08:00,4208.53,4217.14,4204.435,4217
2025-12-08T14:00:00+08:00,4217,4219.1,4211.925,4216.87
2025-12-08T15:00:00+08:00,4217.03,4217.45,4206.075,4206.8
2025-12-08T16:00:00+08:00,4206.72,4216.55,4202.895,4209.7
2025-12-08T17:00:00+08:00,4209.65,4212.78,4204.01,4207.916
2025-12-08T18:00:00+08:00,4207.94,4210.33,4200.856,4203.49
2025-12-08T19:00:00+08:00,4203.47,4214.22,4199.418,4208.58
2025-12-08T20:00:00+08:00,4208.335,4215.52,4208.19,4213.716
2025-12-08T21:00:00+08:00,4213.73,4214.66,4197.525,4201.7
2025-12-08T22:00:00+08:00,4201.48,4211.61,4195.36,4196.49
2025-12-08T23:00:00+08:00,4196.52,4196.88,4175.998,4182.79
2025-12-09T00:00:00+08:00,4182.665,4197.886,4176.665,4191.436
2025-12-09T01:00:00+08:00,4191.425,4195.65,4185.32,4194.75
2025-12-09T02:00:00+08:00,4194.74,4195.67,4184.255,4187.296
2025-12-09T03:00:00+08:00,4187.296,4188.96,4184.035,4186.99
2025-12-09T04:00:00+08:00,4187.09,4195.59,4184.705,4191.415
2025-12-09T05:00:00+08:00,4191.42,4193.217,4187.94,4189.885
2025-12-09T07:00:00+08:00,4190.108,4195.386,4188.535,4194.49
2025-12-09T08:00:00+08:00,4194.7,4195.687,4189.715,4190.38
2025-12-09T09:00:00+08:00,4190.38,4197.32,4188.545,4195.99
2025-12-09T10:00:00+08:00,4195.995,4197.206,4185.785,4189.771
2025-12-09T11:00:00+08:00,4189.665,4198.82,4189.64,4194.5
2025-12-09T12:00:00+08:00,4194.43,4195.72,4184.275,4186.86
2025-12-09T13:00:00+08:00,4186.91,4187.36,4177.805,4179.54
2025-12-09T14:00:00+08:00,4179.82,4184.12,4169.845,4182.09
2025-12-09T15:00:00+08:00,4181.755,4185.76,4175.615,4182.227
2025-12-09T16:00:00+08:00,4182.35,4191.82,4182.135,4191.66
2025-12-09T17:00:00+08:00,4191.556,4212.94,4190.498,4202.81
2025-12-09T18:00:00+08:00,4202.726,4208.44,4201.095,4203.78
2025-12-09T19:00:00+08:00,4203.84,4206.52,4200.965,4202.91
2025-12-09T20:00:00+08:00,4203.08,4207.56,4198.325,4204.31
2025-12-09T21:00:00+08:00,4203.99,4208.51,4195.445,4201.296
2025-12-09T22:00:00+08:00,4201.26,4210.38,4189.229,4204.876
2025-12-09T23:00:00+08:00,4204.876,4216.368,4189.78,4212.45
2025-12-10T00:00:00+08:00,4212.476,4221.4,4209.798,4212.13
2025-12-10T01:00:00+08:00,4212.336,4216.54,4201.475,4203.076
2025-12-10T02:00:00+08:00,4202.875,4209.8,4201.085,4208.895
2025-12-10T03:00:00+08:00,4208.88,4214.44,4206.975,4212.456
2025-12-10T04:00:00+08:00,4212.45,4216.03,4208.708,4212.28
2025-12-10T05:00:00+08:00,4212.076,4212.97,4206.47,4206.59
2025-12-10T07:00:00+08:00,4207.588,4213.13,4206.676,4210.71
2025-12-10T08:00:00+08:00,4210.67,4212.636,4206.698,4208.366
2025-12-10T09:00:00+08:00,4208.24,4218.03,4206.648,4213.79
2025-12-10T10:00:00+08:00,4213.63,4218.78,4211.33,4216.866
2025-12-10T11:00:00+08:00,4216.83,4217.17,4203.365,4206.095
2025-12-10T12:00:00+08:00,4206.32,4209.68,4205.218,4207.04
2025-12-10T13:00:00+08:00,4206.85,4214.538,4200.82,4211.17
2025-12-10T14:00:00+08:00,4211.31,4211.76,4202.765,4207.176
2025-12-10T15:00:00+08:00,4207.38,4209.33,4202.985,4203.351
2025-12-10T16:00:00+08:00,4203.32,4206.57,4196.805,4198.01
2025-12-10T17:00:00+08:00,4197.99,4200.59,4192.445,4194.39
2025-12-10T18:00:00+08:00,4194.215,4196.38,4187.525,4193.196
2025-12-10T19:00:00+08:00,4193.216,4197.84,4192.415,4197.246
2025-12-10T20:00:00+08:00,4197.35,4202.151,4195.085,4196.266
2025-12-10T21:00:00+08:00,4196.327,4205.14,4192.79,4200.65
2025-12-10T22:00:00+08:00,4200.58,4206.99,4191.095,4192.44
2025-12-10T23:00:00+08:00,4192.285,4201.21,4188.645,4193.576
2025-12-11T00:00:00+08:00,4193.68,4205.12,4192.685,4204.645
2025-12-11T01:00:00+08:00,4204.631,4204.81,4196.698,4199.606
2025-12-11T02:00:00+08:00,4199.65,4200.81,4191.82,4194.61
2025-12-11T03:00:00+08:00,4194.54,4219.85,4181.565,4216.405
2025-12-11T04:00:00+08:00,4216.356,4238.7,4210.86,4229.535
2025-12-11T05:00:00+08:00,4229.81,4232.53,4221.06,4227.645
2025-12-11T07:00:00+08:00,4228.737,4234.126,4223.74,4232.266
2025-12-11T08:00:00+08:00,4232.266,4245.136,4231.09,4237.22
2025-12-11T09:00:00+08:00,4237.006,4247.68,4232.77,4238.07
2025-12-11T10:00:00+08:00,4238.34,4240.82,4220.225,4222.06
2025-12-11T11:00:00+08:00,4222.226,4224.99,4208.26,4216.79
2025-12-11T12:00:00+08:00,4216.79,4218.38,4208.235,4213.33
2025-12-11T13:00:00+08:00,4213.42,4216.318,4205.848,4207.21
2025-12-11T14:00:00+08:00,4207.396,4215.45,4203.9,4214.43
2025-12-11T15:00:00+08:00,4214.44,4218.52,4210.355,4215.845
2025-12-11T16:00:00+08:00,4215.906,4219.78,4212.635,4216.57
2025-12-11T17:00:00+08:00,4216.4,4221.546,4210.195,4218.416
2025-12-11T18:00:00+08:00,4218.416,4225.98,4211.545,4216.856
2025-12-11T19:00:00+08:00,4216.846,4219.12,4209.445,4211.286
2025-12-11T20:00:00+08:00,4211.25,4220.52,4208.525,4220.346
2025-12-11T21:00:00+08:00,4220.4,4223.45,4205.01,4220.821
2025-12-11T22:00:00+08:00,4220.82,4244.55,4217.685,4230.19
2025-12-11T23:00:00+08:00,4230.04,4261.61,4225.975,4255.86
2025-12-12T00:00:00+08:00,4255.87,4279.09,4249.855,4273.44
2025-12-12T01:00:00+08:00,4273.56,4282,4272.005,4278.485
2025-12-12T02:00:00+08:00,4278.65,4285.98,4266.515,4268.09
2025-12-12T03:00:00+08:00,4268.12,4277.7,4262.305,4273.56
2025-12-12T04:00:00+08:00,4273.6,4276.52,4263.995,4276.19
2025-12-12T05:00:00+08:00,4276.195,4283.79,4272.475,4279.1
2025-12-12T07:00:00+08:00,4280.457,4283.48,4271.935,4276.47
2025-12-12T08:00:00+08:00,4276.24,4280.26,4268.745,4269.41
2025-12-12T09:00:00+08:00,4269.366,4276.32,4264.148,4270.99
2025-12-12T10:00:00+08:00,4270.92,4276.855,4269.045,4270.38
2025-12-12T11:00:00+08:00,4270.4,4274.6,4268.53,4270.71
2025-12-12T12:00:00+08:00,4270.51,4271.03,4266.055,4266.315
2025-12-12T13:00:00+08:00,4266.16,4280.62,4265.805,4279.01
2025-12-12T14:00:00+08:00,4278.87,4283.28,4276.198,4282.72
2025-12-12T15:00:00+08:00,4282.86,4290.37,4281.135,4287.016
2025-12-12T16:00:00+08:00,4286.975,4309.5,4286.846,4308
2025-12-12T17:00:00+08:00,4308.139,4320.31,4306.648,4318.245
2025-12-12T18:00:00+08:00,4318.038,4330.96,4314.565,4329.85
2025-12-12T19:00:00+08:00,4329.77,4339.215,4326.73,4336.155
2025-12-12T20:00:00+08:00,4336.35,4339.21,4324.485,4325.779
2025-12-12T21:00:00+08:00,4325.605,4346.21,4321.165,4340.81
2025-12-12T22:00:00+08:00,4340.99,4353.57,4330.779,4346.538
2025-12-12T23:00:00+08:00,4346.94,4351.56,4282.64,4290.317
2025-12-13T00:00:00+08:00,4290.295,4296.64,4256.845,4281.76
2025-12-13T01:00:00+08:00,4281.848,4298.44,4270.705,4294.32
2025-12-13T02:00:00+08:00,4294.35,4303.67,4290.385,4294.84
2025-12-13T03:00:00+08:00,4294.88,4299.81,4289.6,4296.71
2025-12-13T04:00:00+08:00,4296.48,4302.99,4288.39,4299.24
2025-12-13T05:00:00+08:00,4299.24,4304.16,4298.03,4299.285
2025-12-15T07:00:00+08:00,4299.87,4308.51,4293.907,4302.48
2025-12-15T08:00:00+08:00,4301.92,4308.05,4299.85,4307.62
2025-12-15T09:00:00+08:00,4307.47,4325.65,4305.275,4322.345
2025-12-15T10:00:00+08:00,4322.315,4329.29,4320.478,4326.3
2025-12-15T11:00:00+08:00,4326.37,4329.679,4318.98,4327.045
2025-12-15T12:00:00+08:00,4327.01,4330.025,4322.915,4325.98
2025-12-15T13:00:00+08:00,4325.98,4344.48,4324.545,4343.7
2025-12-15T14:00:00+08:00,4343.57,4347.31,4339.128,4342.96
2025-12-15T15:00:00+08:00,4343.53,4344.85,4333.21,4339.115
2025-12-15T16:00:00+08:00,4339.06,4349.03,4338.465,4346.935
2025-12-15T17:00:00+08:00,4346.885,4350.42,4342.145,4342.405
2025-12-15T18:00:00+08:00,4342.455,4348.33,4337.505,4339.66
2025-12-15T19:00:00+08:00,4339.625,4343.68,4335.008,4342.775
2025-12-15T20:00:00+08:00,4342.6,4348.31,4342.338,4345.54
2025-12-15T21:00:00+08:00,4345.69,4346.66,4330.398,4332.229
2025-12-15T22:00:00+08:00,4331.785,4337.6,4317.175,4323.579
2025-12-15T23:00:00+08:00,4323.368,4327.87,4311.318,4318.216
2025-12-16T00:00:00+08:00,4318.2,4318.86,4285.055,4297.405
2025-12-16T01:00:00+08:00,4297.539,4306.65,4290.42,4304.46
2025-12-16T02:00:00+08:00,4304.466,4313.69,4299.69,4312.93
2025-12-16T03:00:00+08:00,4312.935,4317.81,4307.645,4314.1
2025-12-16T04:00:00+08:00,4314.14,4314.45,4299.31,4304.28
2025-12-16T05:00:00+08:00,4304.5,4305.85,4300.555,4303.995
2025-12-16T07:00:00+08:00,4305.11,4309.73,4303.05,4303.989
2025-12-16T08:00:00+08:00,4303.77,4313.23,4302.43,4307.874
2025-12-16T09:00:00+08:00,4307.91,4317.89,4298.83,4308.85
2025-12-16T10:00:00+08:00,4308.83,4312.23,4286.32,4289.55
2025-12-16T11:00:00+08:00,4289.475,4294.46,4280.385,4290.95
2025-12-16T12:00:00+08:00,4290.78,4292.34,4286.4,4289.15
2025-12-16T13:00:00+08:00,4289.166,4292.3,4271.125,4284.04
2025-12-16T14:00:00+08:00,4284.04,4292.24,4282.275,4289.166
2025-12-16T15:00:00+08:00,4289.166,4289.91,4279.245,4287.625
2025-12-16T16:00:00+08:00,4287.65,4289.51,4275.225,4284.52
2025-12-16T17:00:00+08:00,4284.61,4285.92,4276.245,4280.41
2025-12-16T18:00:00+08:00,4280.4,4284.68,4274.428,4277.33
2025-12-16T19:00:00+08:00,4277.31,4279.68,4273.585,4278.43
2025-12-16T20:00:00+08:00,4278.426,4295.09,4276.57,4294.27
2025-12-16T21:00:00+08:00,4294.46,4313.366,4290.62,4312.925
2025-12-16T22:00:00+08:00,4313.03,4332.26,4311.185,4324.44
2025-12-16T23:00:00+08:00,4324.395,4335.13,4312.23,4319.729
2025-12-17T00:00:00+08:00,4319.76,4323.3,4290.94,4300.446
2025-12-17T01:00:00+08:00,4300.77,4311.06,4299.99,4303.56
2025-12-17T02:00:00+08:00,4303.88,4313.69,4297.91,4311.45
2025-12-17T03:00:00+08:00,4311.19,4316.04,4296.82,4310.86
2025-12-17T04:00:00+08:00,4310.575,4314.64,4302.548,4304.666
2025-12-17T05:00:00+08:00,4304.95,4305.65,4300.49,4302.84
2025-12-17T07:00:00+08:00,4302.18,4309.15,4300.848,4307.71
2025-12-17T08:00:00+08:00,4307.63,4315.16,4307.275,4313.25
2025-12-17T09:00:00+08:00,4313.14,4326.82,4311.25,4326.62
2025-12-17T10:00:00+08:00,4326.62,4327.77,4310.885,4314.175
2025-12-17T11:00:00+08:00,4314.22,4325.16,4312.348,4323.53
2025-12-17T12:00:00+08:00,4323.66,4331.66,4320.285,4329.57
2025-12-17T13:00:00+08:00,4329.51,4342.52,4327.84,4333.88
2025-12-17T14:00:00+08:00,4334.01,4337.7,4324.448,4328.79
2025-12-17T15:00:00+08:00,4328.615,4328.82,4315.33,4317.886
2025-12-17T16:00:00+08:00,4317.88,4320.92,4308.145,4319.11
2025-12-17T17:00:00+08:00,4318.95,4323.25,4315.73,4317.05
2025-12-17T18:00:00+08:00,4316.66,4322.239,4306.305,4317.64
2025-12-17T19:00:00+08:00,4317.52,4320.44,4314.85,4316.33
2025-12-17T20:00:00+08:00,4316.326,4323.225,4314.725,4317.375
2025-12-17T21:00:00+08:00,4317.345,4344.07,4314.84,4341.878
2025-12-17T22:00:00+08:00,4342.035,4345.95,4322.58,4338.155
2025-12-17T23:00:00+08:00,4338.4,4349.5,4324.035,4330.23
2025-12-18T00:00:00+08:00,4330.65,4337.66,4319.985,4333.47
2025-12-18T01:00:00+08:00,4333.51,4342.44,4328.28,4342.44
2025-12-18T02:00:00+08:00,4342.16,4346.442,4328.548,4335.959
2025-12-18T03:00:00+08:00,4336.03,4341.11,4330.095,4337.03
2025-12-18T04:00:00+08:00,4336.925,4346.18,4335.04,4341.34
2025-12-18T05:00:00+08:00,4341.175,4346.38,4337.305,4337.335
2025-12-18T07:00:00+08:00,4337.97,4343.18,4335.415,4338.648
2025-12-18T08:00:00+08:00,4338.92,4342.91,4332.86,4334.679
2025-12-18T09:00:00+08:00,4334.79,4337.04,4324.205,4331.445
2025-12-18T10:00:00+08:00,4331.55,4337.75,4329.62,4333.215
2025-12-18T11:00:00+08:00,4333.21,4336.76,4330.67,4333.15
2025-12-18T12:00:00+08:00,4332.85,4333.5,4328.27,4331.9
2025-12-18T13:00:00+08:00,4331.85,4337.44,4330.8,4332.99
2025-12-18T14:00:00+08:00,4333.29,4336.18,4330.43,4333.675
2025-12-18T15:00:00+08:00,4333.77,4337.89,4329.835,4331.505
2025-12-18T16:00:00+08:00,4331.45,4332.71,4321.44,4326.36
2025-12-18T17:00:00+08:00,4326.45,4328.56,4320.485,4323.395
2025-12-18T18:00:00+08:00,4323.11,4327.725,4321.75,4325.06
2025-12-18T19:00:00+08:00,4325.155,4328.728,4324,4325.56
2025-12-18T20:00:00+08:00,4325.31,4326.67,4317.005,4320.9
2025-12-18T21:00:00+08:00,4320.7,4342.99,4314.26,4336.525
2025-12-18T22:00:00+08:00,4336.49,4341.41,4308.285,4328.27
2025-12-18T23:00:00+08:00,4328.46,4341.605,4324.58,4338.05
2025-12-19T00:00:00+08:00,4337.95,4375.17,4337.495,4360.09
2025-12-19T01:00:00+08:00,4360.28,4363.53,4321.4,4333.095
2025-12-19T02:00:00+08:00,4333.26,4341.31,4325.28,4331.535
2025-12-19T03:00:00+08:00,4331.519,4335.1,4322.525,4324.915
2025-12-19T04:00:00+08:00,4325.32,4338.27,4324.355,4334.86
2025-12-19T05:00:00+08:00,4334.73,4335,4328.315,4332.07
2025-12-19T07:00:00+08:00,4332.51,4336.93,4331.806,4334.65
2025-12-19T08:00:00+08:00,4334.84,4335.759,4325.26,4325.81
2025-12-19T09:00:00+08:00,4325.81,4328.44,4308.82,4323.35
2025-12-19T10:00:00+08:00,4323.25,4327.9,4313.96,4316.79
2025-12-19T11:00:00+08:00,4316.59,4322.54,4312.485,4317.92
2025-12-19T12:00:00+08:00,4317.92,4323.03,4316.68,4322.695
2025-12-19T13:00:00+08:00,4322.719,4329.07,4317.305,4325.72
2025-12-19T14:00:00+08:00,4325.72,4329.54,4321.39,4326.279
2025-12-19T15:00:00+08:00,4326.16,4329.61,4321.398,4322.82
2025-12-19T16:00:00+08:00,4322.4,4330.99,4320.81,4326.2
2025-12-19T17:00:00+08:00,4325.785,4333.64,4324.195,4329.48
2025-12-19T18:00:00+08:00,4329.22,4331.81,4322.21,4327.86
2025-12-19T19:00:00+08:00,4327.85,4329.44,4324.91,4327.02
2025-12-19T20:00:00+08:00,4327.15,4328.95,4320.475,4326.63
2025-12-19T21:00:00+08:00,4326.47,4335.42,4325.815,4328.68
2025-12-19T22:00:00+08:00,4328.15,4337.92,4319.52,4332.09
2025-12-19T23:00:00+08:00,4332.459,4349.17,4331.68,4347.72
2025-12-20T00:00:00+08:00,4347.72,4354.92,4341.79,4349.74
2025-12-20T01:00:00+08:00,4349.81,4355.952,4346.78,4353.43
2025-12-20T02:00:00+08:00,4353.34,4356.59,4342.995,4348.639
2025-12-20T03:00:00+08:00,4348.5,4350.66,4344.935,4345.28
2025-12-20T04:00:00+08:00,4345.265,4346.42,4336.565,4339.41
2025-12-20T05:00:00+08:00,4339.535,4340.24,4336.275,4338.669
2025-12-23T13:00:00+08:00,4482.51,4485.58,4474.61,4475.194
2025-12-23T14:00:00+08:00,4475.06,4481.678,4469.265,4481.5
2025-12-23T15:00:00+08:00,4481.51,4489.794,4478.055,4486.728
2025-12-23T16:00:00+08:00,4486.67,4493.23,4484.425,4489.894
2025-12-23T17:00:00+08:00,4489.67,4491.25,4477.945,4480.49
2025-12-23T18:00:00+08:00,4480.403,4487.63,4479.125,4484.318
2025-12-23T19:00:00+08:00,4484.34,4494.33,4482.855,4493.529
2025-12-23T20:00:00+08:00,4493.43,4493.69,4482.975,4486.205
2025-12-23T21:00:00+08:00,4486.46,4497.394,4472.89,4479.12
2025-12-23T22:00:00+08:00,4479.189,4479.898,4441.138,4446.23
2025-12-23T23:00:00+08:00,4446.344,4459.309,4429.975,4458.41
2025-12-24T00:00:00+08:00,4458.429,4476.61,4455.559,4474.19
2025-12-24T01:00:00+08:00,4474.035,4479.91,4469.47,4472.55
2025-12-24T02:00:00+08:00,4472.68,4485.06,4472.49,4484.235
2025-12-24T03:00:00+08:00,4484.38,4496.294,4483.77,4490.618
2025-12-24T04:00:00+08:00,4490.618,4499.89,4489.065,4497.478
2025-12-24T05:00:00+08:00,4497.38,4498.97,4483.215,4485.28
2025-12-24T07:00:00+08:00,4483.98,4510.414,4482.97,4503.06
2025-12-24T08:00:00+08:00,4503.389,4518.34,4500.34,4511.748
2025-12-24T09:00:00+08:00,4511.864,4525.83,4506.675,4518.48
2025-12-24T10:00:00+08:00,4518.644,4519.164,4474.035,4477.61
2025-12-24T11:00:00+08:00,4477.275,4498.344,4467.99,4492.66
2025-12-24T12:00:00+08:00,4492.66,4501.48,4490.98,4499.089
2025-12-24T13:00:00+08:00,4499.064,4500.63,4484.77,4488.34
2025-12-24T14:00:00+08:00,4488.1,4498.34,4484.935,4493.569
2025-12-24T15:00:00+08:00,4493.62,4495.134,4483.195,4483.438
2025-12-24T16:00:00+08:00,4483.834,4492.82,4477.805,4482.395
2025-12-24T17:00:00+08:00,4482.248,4496.06,4481.635,4494.31
2025-12-24T18:00:00+08:00,4494.58,4499.91,4481.988,4489.03
2025-12-24T19:00:00+08:00,4489.334,4492.04,4482.795,4491.08
2025-12-24T20:00:00+08:00,4491.5,4496.1,4489.435,4490.619
2025-12-24T21:00:00+08:00,4490.674,4493.28,4474.175,4487.615
2025-12-24T22:00:00+08:00,4487.834,4489.43,4460.07,4464.81
2025-12-24T23:00:00+08:00,4464.68,4476.64,4447.895,4458.424
2025-12-25T00:00:00+08:00,4458.12,4478.14,4455.725,4476.81
2025-12-25T01:00:00+08:00,4476.41,4487.83,4475.125,4480.52
2025-12-25T02:00:00+08:00,4480.604,4482.52,4476.918,4479.4
2025-12-26T07:00:00+08:00,4479.39,4504.19,4475.494,4494.97
2025-12-26T08:00:00+08:00,4494.714,4518.33,4491.84,4518.11
2025-12-26T09:00:00+08:00,4517.335,4531.284,4496.855,4503.86
2025-12-26T10:00:00+08:00,4503.963,4509.784,4491.535,4508.684
2025-12-26T11:00:00+08:00,4508.68,4513.424,4497.175,4501.74
2025-12-26T12:00:00+08:00,4501.764,4511.624,4500.235,4508.75
2025-12-26T13:00:00+08:00,4509.01,4514.81,4505.64,4510.05
2025-12-26T14:00:00+08:00,4509.978,4519.54,4507.555,4511.86
2025-12-26T15:00:00+08:00,4511.14,4515.62,4506.97,4510.84
2025-12-26T16:00:00+08:00,4510.989,4519.72,4509.175,4518.505
2025-12-26T17:00:00+08:00,4518.59,4520.63,4511.518,4512.63
2025-12-26T18:00:00+08:00,4512.63,4523.722,4510.808,4514.49
2025-12-26T19:00:00+08:00,4514.23,4515.228,4502.505,4509.754
2025-12-26T20:00:00+08:00,4509.42,4514.98,4506.255,4508.882
2025-12-26T21:00:00+08:00,4508.96,4528.76,4503.205,4525.01
2025-12-26T22:00:00+08:00,4525.144,4533.513,4512.385,4521.05
2025-12-26T23:00:00+08:00,4521.044,4547.62,4519.23,4546.418
2025-12-27T00:00:00+08:00,4546.32,4549.96,4531.07,4536.34
2025-12-27T01:00:00+08:00,4536.338,4537.698,4509.625,4519.214
2025-12-27T02:00:00+08:00,4519.168,4532.67,4514.515,4530.893
2025-12-27T03:00:00+08:00,4530.69,4535.66,4519.625,4523.545
2025-12-27T04:00:00+08:00,4523.94,4535.74,4521.498,4531.07
2025-12-27T05:00:00+08:00,4531.108,4534.74,4526.835,4532.505
2025-12-29T07:00:00+08:00,4532.41,4550.52,4522.625,4527.05
2025-12-29T08:00:00+08:00,4527.05,4528.073,4471.498,4497.57
2025-12-29T09:00:00+08:00,4497.27,4517.79,4491.408,4496.765
2025-12-29T10:00:00+08:00,4496.795,4516.26,4495.72,4512.055
2025-12-29T11:00:00+08:00,4512.59,4520.8,4508.88,4516.2
2025-12-29T12:00:00+08:00,4516.3,4519.67,4507.569,4515.58
2025-12-29T13:00:00+08:00,4515.68,4519.32,4504.699,4506.135
2025-12-29T14:00:00+08:00,4506.304,4510.614,4470.76,4475.26
2025-12-29T15:00:00+08:00,4475.26,4481.69,4444.735,4474.22
2025-12-29T16:00:00+08:00,4474.47,4488.5,4452.18,4461.033
2025-12-29T17:00:00+08:00,4461.044,4476.35,4458.805,4472.189
2025-12-29T18:00:00+08:00,4471.97,4474.6,4456.73,4460.909
2025-12-29T19:00:00+08:00,4460.84,4467.74,4433.62,4446.265
2025-12-29T20:00:00+08:00,4446.8,4464.82,4445.215,4464.09
2025-12-29T21:00:00+08:00,4464.293,4467.59,4406.22,4421.348
2025-12-29T22:00:00+08:00,4421.7,4421.7,4355.89,4360.32
2025-12-29T23:00:00+08:00,4360.6,4360.665,4301.788,4325.105
2025-12-30T00:00:00+08:00,4325.26,4347.44,4323.04,4341.755
2025-12-30T01:00:00+08:00,4341.325,4343.16,4314.62,4328.085
2025-12-30T02:00:00+08:00,4328.11,4334.67,4322.545,4331.225
2025-12-30T03:00:00+08:00,4331.098,4338.11,4327.26,4336.73
2025-12-30T04:00:00+08:00,4336.655,4344.594,4325.545,4334.7
2025-12-30T05:00:00+08:00,4334.355,4339.53,4326.75,4332.29
2025-12-30T07:00:00+08:00,4331.71,4347.163,4322.6,4345.22
2025-12-30T08:00:00+08:00,4345.75,4350.77,4334.19,4339.74
2025-12-30T09:00:00+08:00,4339.555,4360.16,4324.09,4360.08
2025-12-30T10:00:00+08:00,4359.9,4365.03,4348.42,4362.69
2025-12-30T11:00:00+08:00,4362.649,4369.31,4355.92,4359.205
2025-12-30T12:00:00+08:00,4359.25,4369.64,4357.09,4363.375
2025-12-30T13:00:00+08:00,4363.28,4380.28,4358.5,4377.72
2025-12-30T14:00:00+08:00,4377.565,4378.76,4359.605,4364.36
2025-12-30T15:00:00+08:00,4364.275,4383.449,4358.715,4372.509
2025-12-30T16:00:00+08:00,4372.2,4373.98,4349.81,4364.989
2025-12-30T17:00:00+08:00,4364.99,4376.72,4363.89,4372.025
2025-12-30T18:00:00+08:00,4371.95,4391.64,4367.33,4384.6
2025-12-30T19:00:00+08:00,4384.6,4390.3,4380.875,4384.43
2025-12-30T20:00:00+08:00,4384.09,4402.83,4383.115,4401.089
2025-12-30T21:00:00+08:00,4401.07,4404.41,4375.905,4388.4
2025-12-30T22:00:00+08:00,4388.265,4392.15,4355.335,4365.965
2025-12-30T23:00:00+08:00,4366.225,4377.64,4359.08,4365.02
2025-12-31T00:00:00+08:00,4365.03,4379.92,4354.585,4377.83
2025-12-31T01:00:00+08:00,4377.715,4381.93,4363.94,4370.27
2025-12-31T02:00:00+08:00,4370.26,4378.73,4362.24,4364.058
2025-12-31T03:00:00+08:00,4364.259,4368.05,4337.08,4348.12
2025-12-31T04:00:00+08:00,4348.4,4355.52,4337.41,4341.255
2025-12-31T05:00:00+08:00,4341.535,4350.465,4334.39,4338.029
2025-12-31T07:00:00+08:00,4338.34,4346.365,4328.65,4339.005
2025-12-31T08:00:00+08:00,4339.005,4346.779,4332,4342.34
2025-12-31T09:00:00+08:00,4342.255,4373.499,4336.549,4365.53
2025-12-31T10:00:00+08:00,4365.94,4371.239,4346.375,4348.525
2025-12-31T11:00:00+08:00,4348.58,4359.985,4340.25,4348.115
2025-12-31T12:00:00+08:00,4348.615,4351.355,4330.255,4332.855
2025-12-31T13:00:00+08:00,4332.957,4343.17,4275.595,4285.99
2025-12-31T14:00:00+08:00,4285.915,4328.992,4273.78,4327.985
2025-12-31T15:00:00+08:00,4327.71,4334.98,4323.285,4331.11
2025-12-31T16:00:00+08:00,4331.025,4332.85,4302.998,4307.38
2025-12-31T17:00:00+08:00,4307.44,4337.35,4306.75,4325.64
2025-12-31T18:00:00+08:00,4325.41,4331.57,4303.015,4306.325
2025-12-31T19:00:00+08:00,4306.44,4316.36,4303.78,4310.895
2025-12-31T20:00:00+08:00,4310.7,4318.13,4302.598,4313.61
2025-12-31T21:00:00+08:00,4313.42,4348.345,4307.74,4345.875
2025-12-31T22:00:00+08:00,4345.885,4353.37,4332.315,4346
2025-12-31T23:00:00+08:00,4345.48,4346.408,4326.418,4337.095
2026-01-01T00:00:00+08:00,4337.31,4339.8,4316.685,4322.865
2026-01-01T01:00:00+08:00,4322.941,4329.56,4317.885,4321.88
2026-01-01T02:00:00+08:00,4321.86,4331.57,4315.365,4319.63
2026-01-01T03:00:00+08:00,4319.641,4322.911,4307.585,4311.35
2026-01-01T04:00:00+08:00,4311.37,4324.7,4304.1,4313.046
2026-01-01T05:00:00+08:00,4313.09,4319.019,4306.47,4317.949
2026-01-02T07:00:00+08:00,4318.27,4351.26,4318.27,4348.21
2026-01-02T08:00:00+08:00,4348.23,4355.98,4341.02,4353.69
2026-01-02T09:00:00+08:00,4354.17,4356.04,4344.28,4347.95
2026-01-02T10:00:00+08:00,4347.99,4363.27,4344.42,4362.935
2026-01-02T11:00:00+08:00,4362.46,4375.64,4361.7,4375.07
2026-01-02T12:00:00+08:00,4375.04,4378.49,4371.02,4373.199
2026-01-02T13:00:00+08:00,4373.16,4381.74,4370.598,4380.335
2026-01-02T14:00:00+08:00,4380.62,4381,4372.965,4374.66
2026-01-02T15:00:00+08:00,4374.53,4383.4,4371.635,4382.705
2026-01-02T16:00:00+08:00,4382.555,4397.53,4380.44,4387.054
2026-01-02T17:00:00+08:00,4387.054,4391.64,4382.858,4385.055
2026-01-02T18:00:00+08:00,4385.24,4398.6,4384.198,4396.165
2026-01-02T19:00:00+08:00,4396.36,4399.31,4390.245,4392.6
2026-01-02T20:00:00+08:00,4392.6,4398.26,4384.705,4394.4
2026-01-02T21:00:00+08:00,4394.15,4402.354,4361.695,4365.91
2026-01-02T22:00:00+08:00,4365.81,4373.765,4347.635,4353.38
2026-01-02T23:00:00+08:00,4353.12,4357.02,4329.97,4335.32
2026-01-03T00:00:00+08:00,4335.32,4337.455,4314.54,4326.51
2026-01-03T01:00:00+08:00,4326.275,4333.88,4322.46,4322.73
2026-01-03T02:00:00+08:00,4323.02,4323.68,4309.42,4315.04
2026-01-03T03:00:00+08:00,4314.955,4326.32,4314.9,4318.05
2026-01-03T04:00:00+08:00,4318.031,4331.77,4316.87,4331.47
2026-01-03T05:00:00+08:00,4331.47,4333.98,4326.635,4331.575
2026-01-05T07:00:00+08:00,4332.19,4375.82,4332.19,4372.385
2026-01-05T08:00:00+08:00,4372.44,4396.7,4369.91,4394.665
2026-01-05T09:00:00+08:00,4394.6,4421.56,4390.558,4401.395
2026-01-05T10:00:00+08:00,4401.704,4409.71,4388.28,4405.43
2026-01-05T11:00:00+08:00,4405.47,4414.13,4399.485,4400.07
2026-01-05T12:00:00+08:00,4400.034,4408.39,4396.9,4404.16
2026-01-05T13:00:00+08:00,4404.035,4414.36,4400.74,4411.99
2026-01-05T14:00:00+08:00,4412.28,4426.49,4410.87,4420.205
2026-01-05T15:00:00+08:00,4420.25,4425.22,4416.43,4421.76
2026-01-05T16:00:00+08:00,4421.53,4433.98,4419.025,4429.92
2026-01-05T17:00:00+08:00,4429.92,4438.43,4425.798,4434.75
2026-01-05T18:00:00+08:00,4434.876,4439.9,4430.505,4436.289
2026-01-05T19:00:00+08:00,4436.22,4437.43,4410.285,4419.345
2026-01-05T20:00:00+08:00,4419.31,4421.5,4405.265,4409.525
2026-01-05T21:00:00+08:00,4409.489,4419.02,4395.92,4416.91
2026-01-05T22:00:00+08:00,4416.57,4442.785,4416.57,4436.55
2026-01-05T23:00:00+08:00,4436.82,4455.743,4435.345,4448.494
2026-01-06T00:00:00+08:00,4448.51,4454.438,4438.125,4441.79
2026-01-06T01:00:00+08:00,4441.79,4449.16,4431.71,4443.66
2026-01-06T02:00:00+08:00,4443.67,4448.55,4439.475,4448.28
2026-01-06T03:00:00+08:00,4448.385,4449.382,4434.57,4439.485
2026-01-06T04:00:00+08:00,4439.53,4447.05,4437.735,4444.8
2026-01-06T05:00:00+08:00,4444.794,4449.23,4442.95,4446.77
2026-01-06T07:00:00+08:00,4449.09,4460.074,4436.45,4440.48
2026-01-06T08:00:00+08:00,4440.48,4444.87,4429.988,4436.49
2026-01-06T09:00:00+08:00,4436.42,4452.3,4427.725,4450.515
2026-01-06T10:00:00+08:00,4450.409,4461.18,4448.3,4454.89
2026-01-06T11:00:00+08:00,4454.64,4468.2,4453.875,4467.32
2026-01-06T12:00:00+08:00,4467.66,4468.56,4461.475,4467.368
2026-01-06T13:00:00+08:00,4467.284,4474.22,4449.198,4451.64
2026-01-06T14:00:00+08:00,4452.214,4467.11,4451.16,4465.49
2026-01-06T15:00:00+08:00,4465.81,4470.46,4456.695,4459.155
2026-01-06T16:00:00+08:00,4459.478,4475.81,4456.975,4468.169
2026-01-06T17:00:00+08:00,4467.91,4468.53,4444.498,4446.32
2026-01-06T18:00:00+08:00,4446.38,4456.07,4442.095,4451.61
2026-01-06T19:00:00+08:00,4451.32,4464.54,4448.285,4463.28
2026-01-06T20:00:00+08:00,4463.284,4466.4,4458.478,4463.6
2026-01-06T21:00:00+08:00,4463.58,4470.53,4453.535,4468
2026-01-06T22:00:00+08:00,4467.96,4489.8,4464.165,4486.945
2026-01-06T23:00:00+08:00,4487.038,4490.958,4462.955,4478.39
2026-01-07T00:00:00+08:00,4478.38,4489.07,4471.178,4488.284
2026-01-07T01:00:00+08:00,4487.94,4491.654,4481.345,4489.488
2026-01-07T02:00:00+08:00,4489.38,4494.26,4481.71,4488.488
2026-01-07T03:00:00+08:00,4488.25,4489.53,4477.11,4481.26
2026-01-07T04:00:00+08:00,4481.26,4497.12,4480.07,4493.59
2026-01-07T05:00:00+08:00,4493.448,4497.324,4491.46,4495.14
2026-01-07T07:00:00+08:00,4494.59,4500.64,4491.78,4493.235
2026-01-07T08:00:00+08:00,4493.32,4494.798,4481.999,4491.868
2026-01-07T09:00:00+08:00,4492.23,4495.9,4460.625,4465.23
2026-01-07T10:00:00+08:00,4465.62,4478.69,4459.49,4474.68
2026-01-07T11:00:00+08:00,4474.65,4480.314,4471.365,4474.789
2026-01-07T12:00:00+08:00,4474.624,4476.09,4463.165,4464.764
2026-01-07T13:00:00+08:00,4464.75,4470.5,4442.935,4453.91
2026-01-07T14:00:00+08:00,4454.38,4460.42,4441.17,4443.72
2026-01-07T15:00:00+08:00,4444.15,4465.13,4441.35,4461.19
2026-01-07T16:00:00+08:00,4461.11,4474.93,4459.085,4468.138
2026-01-07T17:00:00+08:00,4468.095,4468.733,4459.215,4463.5
2026-01-07T18:00:00+08:00,4463.5,4467.834,4458.495,4464.16
2026-01-07T19:00:00+08:00,4464.43,4464.89,4446.24,4447.135
2026-01-07T20:00:00+08:00,4447.06,4455.1,4439.145,4445.209
2026-01-07T21:00:00+08:00,4445.14,4453.17,4427.505,4452.89
2026-01-07T22:00:00+08:00,4452.85,4454.34,4435.485,4445.312
2026-01-07T23:00:00+08:00,4444.41,4452.23,4423.135,4446.12
2026-01-08T00:00:00+08:00,4446.148,4468.4,4443.54,4463.88
2026-01-08T01:00:00+08:00,4464.06,4465.478,4449.455,4451.74
2026-01-08T02:00:00+08:00,4451.85,4458.86,4446.815,4452.02
2026-01-08T03:00:00+08:00,4451.97,4458.034,4445.105,4456.914
2026-01-08T04:00:00+08:00,4456.92,4461.69,4450.325,4451.998
2026-01-08T05:00:00+08:00,4452.038,4456.56,4449.62,4456.07
2026-01-08T07:00:00+08:00,4456.24,4464.093,4456.24,4463.41
2026-01-08T08:00:00+08:00,4463.38,4466.47,4446.395,4449.71
2026-01-08T09:00:00+08:00,4450.13,4460.37,4441.678,4448.29
2026-01-08T10:00:00+08:00,4448.51,4449.65,4433.09,4440.87
2026-01-08T11:00:00+08:00,4441.29,4446.48,4437.005,4440.215
2026-01-08T12:00:00+08:00,4440.188,4440.545,4429.838,4431.605
2026-01-08T13:00:00+08:00,4431.275,4432.465,4415.215,4425.468
2026-01-08T14:00:00+08:00,4425.44,4437.79,4415.495,4433.25
2026-01-08T15:00:00+08:00,4433.25,4439.81,4428.005,4430.67
2026-01-08T16:00:00+08:00,4430.79,4433.358,4419.438,4431.628
2026-01-08T17:00:00+08:00,4431.6,4435.52,4425.73,4432.54
2026-01-08T18:00:00+08:00,4432.54,4434.994,4422.755,4433.31
2026-01-08T19:00:00+08:00,4433.01,4433.27,4421.885,4422.73
2026-01-08T20:00:00+08:00,4422.859,4431.47,4407.44,4427.763
2026-01-08T21:00:00+08:00,4427.719,4436.12,4417.05,4423.72
2026-01-08T22:00:00+08:00,4423.734,4439.56,4418.86,4433
2026-01-08T23:00:00+08:00,4432.99,4456.45,4427.58,4454.108
2026-01-09T00:00:00+08:00,4454.04,4464.457,4446.695,4463.19
2026-01-09T01:00:00+08:00,4463.218,4465.418,4457.275,4463.56
2026-01-09T02:00:00+08:00,4463.23,4463.53,4447.66,4449.37
2026-01-09T03:00:00+08:00,4449.634,4452.94,4444.41,4451.93
2026-01-09T04:00:00+08:00,4452.22,4478.14,4451.285,4475.865
2026-01-09T05:00:00+08:00,4476.09,4479.64,4472.398,4477.555
2026-01-09T07:00:00+08:00,4478.83,4483.99,4472.515,4475.65
2026-01-09T08:00:00+08:00,4475.4,4476.74,4459.47,4461.21
2026-01-09T09:00:00+08:00,4462.283,4470.04,4452.58,4468.66
2026-01-09T10:00:00+08:00,4468.949,4476.53,4465.34,4469.42
2026-01-09T11:00:00+08:00,4469.42,4470.12,4460.14,4463.86
2026-01-09T12:00:00+08:00,4463.86,4466.94,4460.54,4464.72
2026-01-09T13:00:00+08:00,4464.42,4471.84,4457.985,4467.845
2026-01-09T14:00:00+08:00,4468.118,4477.444,4465.76,4473.83
2026-01-09T15:00:00+08:00,4474.04,4475.54,4468.299,4470.3
2026-01-09T16:00:00+08:00,4469.99,4476.9,4463.905,4468.34
2026-01-09T17:00:00+08:00,4468.33,4477.6,4468.09,4471.02
2026-01-09T18:00:00+08:00,4471.198,4474.3,4466.798,4472.35
2026-01-09T19:00:00+08:00,4472.46,4476.19,4468.385,4475.317
2026-01-09T20:00:00+08:00,4475.31,4480.59,4460.705,4465.81
2026-01-09T21:00:00+08:00,4465.97,4491.89,4458.7,4482.729
2026-01-09T22:00:00+08:00,4482.59,4498.089,4478.985,4493.71
2026-01-09T23:00:00+08:00,4494.662,4517.23,4489.818,4512.06
2026-01-10T00:00:00+08:00,4512.46,4514.38,4499.498,4506.41
2026-01-10T01:00:00+08:00,4506.21,4511.66,4481.615,4484.564
2026-01-10T02:00:00+08:00,4484.68,4504.624,4482.655,4496.23
2026-01-10T03:00:00+08:00,4496.05,4501.98,4492.42,4499.025
2026-01-10T04:00:00+08:00,4499.318,4510.204,4497.405,4507.497
2026-01-10T05:00:00+08:00,4507.473,4511.284,4504.748,4509.015
2026-01-12T07:00:00+08:00,4508.98,4545.004,4508.98,4540.01
2026-01-12T08:00:00+08:00,4539.69,4601.38,4535.94,4588.35
2026-01-12T09:00:00+08:00,4588.71,4595.17,4570.118,4570.313
2026-01-12T10:00:00+08:00,4570.257,4582.093,4561.355,4577.493
2026-01-12T11:00:00+08:00,4577.43,4581.418,4567.445,4570.26
2026-01-12T12:00:00+08:00,4570.637,4572.2,4563.118,4568.578
2026-01-12T13:00:00+08:00,4568.365,4584.94,4565.83,4580.713
2026-01-12T14:00:00+08:00,4580.76,4580.92,4569.455,4578.438
2026-01-12T15:00:00+08:00,4578.26,4589.61,4574.45,4587.49
2026-01-12T16:00:00+08:00,4587.57,4598.46,4579.235,4596.89
2026-01-12T17:00:00+08:00,4596.89,4599.4,4587.415,4589.177
2026-01-12T18:00:00+08:00,4589.03,4595.46,4585.82,4594.1
2026-01-12T19:00:00+08:00,4594.357,4594.923,4581.415,4585.22
2026-01-12T20:00:00+08:00,4585.06,4590.72,4578.145,4590.28
2026-01-12T21:00:00+08:00,4590.423,4620.34,4588.345,4615.56
2026-01-12T22:00:00+08:00,4615.63,4617.27,4584.615,4602.13
2026-01-12T23:00:00+08:00,4602.12,4627.49,4601.43,4621.263
2026-01-13T00:00:00+08:00,4621.06,4630.24,4607.508,4616.72
2026-01-13T01:00:00+08:00,4616.625,4620.55,4610.48,4616.422
2026-01-13T02:00:00+08:00,4616.21,4618.66,4600.215,4610.75
2026-01-13T03:00:00+08:00,4610.847,4619.01,4608.535,4610.97
2026-01-13T04:00:00+08:00,4611.053,4611.76,4591.32,4593.45
2026-01-13T05:00:00+08:00,4593.43,4598.815,4588.95,4598.545
2026-01-13T07:00:00+08:00,4597.2,4608.13,4577.335,4598.64
2026-01-13T08:00:00+08:00,4599.06,4599.653,4584.148,4587.19
2026-01-13T09:00:00+08:00,4587.02,4595.9,4575.275,4577.933
2026-01-13T10:00:00+08:00,4577.63,4595.07,4576.455,4594.09
2026-01-13T11:00:00+08:00,4594.127,4599.72,4592.19,4594.18
2026-01-13T12:00:00+08:00,4594.157,4599.79,4593.64,4596.35
2026-01-13T13:00:00+08:00,4596.35,4602.11,4585.32,4591.925
2026-01-13T14:00:00+08:00,4592.083,4592.443,4573.325,4581.28
2026-01-13T15:00:00+08:00,4581.215,4587.073,4577.18,4580.67
2026-01-13T16:00:00+08:00,4580.608,4597.05,4579.43,4592.52
2026-01-13T17:00:00+08:00,4592.64,4595.67,4585.368,4586.1
2026-01-13T18:00:00+08:00,4585.98,4588.317,4580.065,4586.23
2026-01-13T19:00:00+08:00,4586.23,4592.023,4581.84,4588.628
2026-01-13T20:00:00+08:00,4588.365,4595.35,4577.615,4593.167
2026-01-13T21:00:00+08:00,4593.14,4620.977,4590.405,4611.14
2026-01-13T22:00:00+08:00,4611.14,4634.58,4608.695,4629.83
2026-01-13T23:00:00+08:00,4629.15,4630.25,4600.415,4619.1
2026-01-14T00:00:00+08:00,4618.82,4620.797,4592.775,4613.33
2026-01-14T01:00:00+08:00,4613.015,4616.08,4586.33,4590.18
2026-01-14T02:00:00+08:00,4590.18,4602.04,4580.835,4594.168
2026-01-14T03:00:00+08:00,4593.84,4599.05,4583.985,4597.477
2026-01-14T04:00:00+08:00,4597.477,4597.91,4569.185,4586.108
2026-01-14T05:00:00+08:00,4585.93,4589.84,4582.45,4585.655
2026-01-14T07:00:00+08:00,4586,4598.833,4586,4596.805
2026-01-14T08:00:00+08:00,4596.79,4610.677,4596.74,4608.76
2026-01-14T09:00:00+08:00,4608.85,4619.92,4605.875,4619.07
2026-01-14T10:00:00+08:00,4619.117,4623.77,4613.935,4620.32
2026-01-14T11:00:00+08:00,4620.443,4629.99,4613.095,4628.06
2026-01-14T12:00:00+08:00,4628.24,4630.44,4625.015,4629.07
2026-01-14T13:00:00+08:00,4629.05,4639.723,4617.67,4619.47
2026-01-14T14:00:00+08:00,4619.653,4637.25,4618.25,4637.103
2026-01-14T15:00:00+08:00,4637.25,4639.65,4631.3,4632.24
2026-01-14T16:00:00+08:00,4632.37,4637.93,4621.265,4634.952
2026-01-14T17:00:00+08:00,4634.74,4639.648,4626.815,4630.37
2026-01-14T18:00:00+08:00,4630.37,4638.24,4627.48,4632.93
2026-01-14T19:00:00+08:00,4632.93,4637.51,4625.795,4630.273
2026-01-14T20:00:00+08:00,4630.2,4641.853,4630.02,4638.56
2026-01-14T21:00:00+08:00,4638.4,4641.61,4624.17,4635.57
2026-01-14T22:00:00+08:00,4635.57,4638.93,4606.45,4617.607
2026-01-14T23:00:00+08:00,4617.56,4626.67,4599.15,4617.8
2026-01-15T00:00:00+08:00,4617.66,4624.86,4608.42,4617.08
2026-01-15T01:00:00+08:00,4616.99,4619.17,4600.985,4614.18
2026-01-15T02:00:00+08:00,4614.125,4637.35,4612.6,4635.025
2026-01-15T03:00:00+08:00,4635.032,4643,4632.915,4639.117
2026-01-15T04:00:00+08:00,4639.34,4641.63,4625.35,4632.455
2026-01-15T05:00:00+08:00,4632.587,4633.09,4617.66,4628.14
2026-01-15T07:00:00+08:00,4626.82,4632.743,4602.575,4615.45
2026-01-15T08:00:00+08:00,4615.17,4618.26,4609.82,4615.077
2026-01-15T09:00:00+08:00,4614.895,4617.59,4583.21,4600
2026-01-15T10:00:00+08:00,4600,4614.74,4595.21,4602.83
2026-01-15T11:00:00+08:00,4602.827,4604.25,4580.84,4592.16
2026-01-15T12:00:00+08:00,4592.16,4597.43,4586.695,4592.13
2026-01-15T13:00:00+08:00,4592.133,4599.03,4580.815,4595.097
2026-01-15T14:00:00+08:00,4594.97,4611.988,4593.255,4609.85
2026-01-15T15:00:00+08:00,4610.123,4613.52,4599.015,4601.565
2026-01-15T16:00:00+08:00,4601.67,4607.167,4597.63,4604.24
2026-01-15T17:00:00+08:00,4604,4613.12,4600.42,4612.63
2026-01-15T18:00:00+08:00,4612.445,4620.67,4609.12,4619.803
2026-01-15T19:00:00+08:00,4619.59,4623.043,4615.305,4618.9
2026-01-15T20:00:00+08:00,4619.07,4620.81,4611.39,4613.82
2026-01-15T21:00:00+08:00,4613.785,4616.21,4581.82,4588.117
2026-01-15T22:00:00+08:00,4588.173,4615.26,4583.105,4611.04
2026-01-15T23:00:00+08:00,4610.72,4618.18,4603.478,4615.37
2026-01-16T00:00:00+08:00,4615.513,4624.969,4600.975,4605.56
2026-01-16T01:00:00+08:00,4605.35,4617.02,4605.315,4616.42
2026-01-16T02:00:00+08:00,4616.42,4621.23,4613.168,4617.24
2026-01-16T03:00:00+08:00,4617.44,4621.593,4612.485,4615.75
2026-01-16T04:00:00+08:00,4615.635,4616.37,4600.399,4605.61
2026-01-16T05:00:00+08:00,4605.7,4616.36,4604.175,4615.52
2026-01-16T07:00:00+08:00,4615.93,4621.15,4605.93,4609.98
2026-01-16T08:00:00+08:00,4610.15,4611.4,4598.098,4600.008
2026-01-16T09:00:00+08:00,4600.16,4608.52,4593.54,4600.22
2026-01-16T10:00:00+08:00,4600.69,4604.2,4590.94,4594.83
2026-01-16T11:00:00+08:00,4594.83,4599.99,4592.53,4596.07
2026-01-16T12:00:00+08:00,4596.26,4602.15,4595.82,4601.03
2026-01-16T13:00:00+08:00,4601.03,4616.097,4595.08,4611.56
2026-01-16T14:00:00+08:00,4611.44,4612.43,4593.865,4598.127
2026-01-16T15:00:00+08:00,4598.02,4612.13,4596.515,4607.285
2026-01-16T16:00:00+08:00,4607.517,4610.657,4600.945,4603.09
2026-01-16T17:00:00+08:00,4602.92,4608.62,4598.615,4600.44
2026-01-16T18:00:00+08:00,4600.55,4611.14,4599.465,4599.99
2026-01-16T19:00:00+08:00,4600.1,4616.139,4598.285,4612.56
2026-01-16T20:00:00+08:00,4612.35,4612.96,4596.915,4601.69
2026-01-16T21:00:00+08:00,4601.893,4605.652,4582.105,4601.94
2026-01-16T22:00:00+08:00,4601.82,4614.78,4595.66,4607.917
2026-01-16T23:00:00+08:00,4607.74,4620.423,4536.35,4571.15
2026-01-17T00:00:00+08:00,4571.177,4599.09,4567.138,4591.297
2026-01-17T01:00:00+08:00,4591.297,4593.2,4576.395,4581.29
2026-01-17T02:00:00+08:00,4581.357,4596.19,4579.648,4582.588
2026-01-17T03:00:00+08:00,4582.53,4592.427,4580.54,4590.56
2026-01-17T04:00:00+08:00,4590.51,4595.857,4580.335,4582.022
2026-01-17T05:00:00+08:00,4581.955,4598.313,4581.598,4595.515
2026-01-19T07:00:00+08:00,4595.86,4690.88,4595.86,4672.16
2026-01-19T08:00:00+08:00,4672.55,4682.21,4660.685,4675.21
2026-01-19T09:00:00+08:00,4675.21,4678.57,4655.79,4657.223
2026-01-19T10:00:00+08:00,4656.99,4665.18,4652.845,4662.15
2026-01-19T11:00:00+08:00,4662.38,4670.01,4657.845,4658.43
2026-01-19T12:00:00+08:00,4658.14,4665.94,4657.89,4663.1
2026-01-19T13:00:00+08:00,4662.95,4674.38,4662.77,4669.93
2026-01-19T14:00:00+08:00,4669.9,4679.13,4666.47,4677.877
2026-01-19T15:00:00+08:00,4677.86,4678.62,4661.628,4664.955
2026-01-19T16:00:00+08:00,4665.01,4673.93,4661.345,4663.532
2026-01-19T17:00:00+08:00,4663.355,4672.91,4661.658,4668.42
2026-01-19T18:00:00+08:00,4668.16,4671.17,4660.948,4663.5
2026-01-19T19:00:00+08:00,4663.63,4667.56,4659.41,4660.666
2026-01-19T20:00:00+08:00,4660.378,4673.71,4659.825,4671.86
2026-01-19T21:00:00+08:00,4671.88,4673.786,4664.185,4666.14
2026-01-19T22:00:00+08:00,4666.14,4670.323,4661.198,4666.42
2026-01-19T23:00:00+08:00,4666.42,4676.12,4663.995,4674.11
2026-01-20T00:00:00+08:00,4674.11,4675.64,4670.145,4672.2
2026-01-20T01:00:00+08:00,4672.1,4678.82,4668.848,4676.15
2026-01-20T02:00:00+08:00,4676.186,4680.3,4673.475,4676.33
2026-01-20T03:00:00+08:00,4676.6,4676.746,4666.848,4670.8
2026-01-20T07:00:00+08:00,4670.24,4676.823,4664.13,4665.22
2026-01-20T08:00:00+08:00,4665.34,4668.08,4659.14,4660.392
2026-01-20T09:00:00+08:00,4660.15,4676.01,4659.665,4669.66
2026-01-20T10:00:00+08:00,4669.505,4674.83,4665.205,4668.425
2026-01-20T11:00:00+08:00,4668.606,4681.53,4665.735,4680.32
2026-01-20T12:00:00+08:00,4680,4697.12,4679.34,4695.45
2026-01-20T13:00:00+08:00,4694.97,4716.706,4693.95,4714.32
2026-01-20T14:00:00+08:00,4714.52,4717.182,4705.355,4712.49
2026-01-20T15:00:00+08:00,4712.18,4722.83,4711.14,4715.935
2026-01-20T16:00:00+08:00,4716.086,4731.53,4714.745,4729.316
2026-01-20T17:00:00+08:00,4729.13,4737.346,4720.998,4732.5
2026-01-20T18:00:00+08:00,4732.3,4734.98,4722.785,4726.496
2026-01-20T19:00:00+08:00,4726.33,4735.292,4721.35,4732.885
2026-01-20T20:00:00+08:00,4732.89,4733.15,4723.765,4727.586
2026-01-20T21:00:00+08:00,4727.7,4738.42,4715.075,4737.061
2026-01-20T22:00:00+08:00,4737.015,4751.22,4728.295,4740.835
2026-01-20T23:00:00+08:00,4741.235,4748.622,4722.028,4737.58
2026-01-21T00:00:00+08:00,4737.54,4757.647,4728.685,4753.52
2026-01-21T01:00:00+08:00,4753.535,4762.49,4745.755,4759.145
2026-01-21T02:00:00+08:00,4759.08,4766.23,4752.485,4759.335
2026-01-21T03:00:00+08:00,4759.15,4766.2,4756.235,4760.555
2026-01-21T04:00:00+08:00,4760.631,4761.34,4747.048,4756.58
2026-01-21T05:00:00+08:00,4756.605,4763.882,4756.055,4762.975
2026-01-21T07:00:00+08:00,4762.97,4781.24,4757.38,4775.71
2026-01-21T08:00:00+08:00,4775.85,4787.79,4770.198,4784.49
2026-01-21T09:00:00+08:00,4784.525,4844.241,4783.13,4835.151
2026-01-21T10:00:00+08:00,4835.045,4842.08,4817.005,4836.56
2026-01-21T11:00:00+08:00,4836.604,4849.816,4826.73,4844.85
2026-01-21T12:00:00+08:00,4844.71,4870.95,4837.695,4865.824
2026-01-21T13:00:00+08:00,4865.824,4878.22,4858.6,4869.661
2026-01-21T14:00:00+08:00,4869.751,4888.43,4845.31,4847.41
2026-01-21T15:00:00+08:00,4847.16,4857.32,4832.27,4855.13
2026-01-21T16:00:00+08:00,4855.27,4869.636,4851.17,4854.66
2026-01-21T17:00:00+08:00,4854.671,4877.15,4852.09,4860.27
2026-01-21T18:00:00+08:00,4860.29,4866.74,4859.25,4862.041
2026-01-21T19:00:00+08:00,4862.384,4871.61,4854.97,4866.74
2026-01-21T20:00:00+08:00,4866.83,4870.95,4855.415,4865.02
2026-01-21T21:00:00+08:00,4864.93,4880.3,4858.05,4879.201
2026-01-21T22:00:00+08:00,4879.32,4880.91,4839.115,4851.545
2026-01-21T23:00:00+08:00,4851.91,4868.87,4812.21,4847.535
2026-01-22T00:00:00+08:00,4847.754,4855.69,4819.38,4833.374
2026-01-22T01:00:00+08:00,4833.32,4834.47,4802.22,4825.92
2026-01-22T02:00:00+08:00,4826.161,4850.671,4819.35,4850.18
2026-01-22T03:00:00+08:00,4850.136,4854.03,4755.345,4781.302
2026-01-22T04:00:00+08:00,4780.9,4827.92,4771.915,4826.77
2026-01-22T05:00:00+08:00,4826.53,4839.791,4813,4832.97
2026-01-22T07:00:00+08:00,4831.25,4836.77,4777.09,4777.985
2026-01-22T08:00:00+08:00,4778.15,4798.88,4777.61,4797.99
2026-01-22T09:00:00+08:00,4798.025,4809.64,4771.79,4797.86
2026-01-22T10:00:00+08:00,4797.86,4798.34,4774.38,4788.94
2026-01-22T11:00:00+08:00,4788.825,4797.05,4783.87,4796.49
2026-01-22T12:00:00+08:00,4796.28,4800.47,4793.41,4797.405
2026-01-22T13:00:00+08:00,4797.405,4821.645,4793.23,4821.222
2026-01-22T14:00:00+08:00,4821.23,4829.195,4816.04,4826.401
2026-01-22T15:00:00+08:00,4826.33,4839.353,4825.52,4832.485
2026-01-22T16:00:00+08:00,4832.56,4835.6,4821.92,4830.63
2026-01-22T17:00:00+08:00,4830.591,4837.98,4813.605,4822.961
2026-01-22T18:00:00+08:00,4822.99,4831.84,4819.16,4828.914
2026-01-22T19:00:00+08:00,4828.75,4836.4,4824.18,4831.011
2026-01-22T20:00:00+08:00,4831.04,4832.55,4818.59,4819.585
2026-01-22T21:00:00+08:00,4819.651,4835.25,4810.41,4822.202
2026-01-22T22:00:00+08:00,4822.222,4847.81,4820.19,4835.12
2026-01-22T23:00:00+08:00,4835.01,4873.731,4826.36,4871.55
2026-01-23T00:00:00+08:00,4871.09,4885.28,4867.89,4877.68
2026-01-23T01:00:00+08:00,4877.83,4906.31,4868.77,4904.46
2026-01-23T02:00:00+08:00,4904.32,4919.87,4901.07,4915.95
2026-01-23T03:00:00+08:00,4915.78,4924.49,4905.66,4911.8
2026-01-23T04:00:00+08:00,4911.52,4928.49,4911.29,4916.895
2026-01-23T05:00:00+08:00,4916.895,4940.685,4914.42,4938.14
2026-01-23T07:00:00+08:00,4936.498,4960.6,4929.945,4958.37
2026-01-23T08:00:00+08:00,4958.78,4965.83,4947.16,4965.01
2026-01-23T09:00:00+08:00,4964.81,4967.37,4935.995,4953.43
2026-01-23T10:00:00+08:00,4953.43,4962.25,4946.49,4955.47
2026-01-23T11:00:00+08:00,4955.42,4959.06,4937.59,4951.87
2026-01-23T12:00:00+08:00,4951.903,4958.4,4949.88,4956.13
2026-01-23T13:00:00+08:00,4956.13,4967.31,4954.25,4960.48
2026-01-23T14:00:00+08:00,4960.36,4963.1,4945.24,4953.32
2026-01-23T15:00:00+08:00,4953.54,4959.57,4942.93,4944.501
2026-01-23T16:00:00+08:00,4944.34,4947.689,4901.005,4913.785
2026-01-23T17:00:00+08:00,4913.65,4921.58,4899.36,4918.611
2026-01-23T18:00:00+08:00,4918.415,4932.49,4915.4,4929.781
2026-01-23T19:00:00+08:00,4929.61,4930.006,4911.625,4922.75
2026-01-23T20:00:00+08:00,4922.75,4942.57,4918.03,4939.47
2026-01-23T21:00:00+08:00,4939.241,4947.95,4923.305,4939
2026-01-23T22:00:00+08:00,4938.86,4956.85,4932.535,4942.43
2026-01-23T23:00:00+08:00,4943.104,4963.29,4937.85,4960.405
2026-01-24T00:00:00+08:00,4960.453,4988.22,4958.83,4980.333
2026-01-24T01:00:00+08:00,4980.07,4988.16,4961.8,4965.635
2026-01-24T02:00:00+08:00,4965.73,4984.21,4957.97,4966.31
2026-01-24T03:00:00+08:00,4966.603,4989.943,4966.505,4984.24
2026-01-24T04:00:00+08:00,4984.16,4985.87,4970.385,4981.41
2026-01-24T05:00:00+08:00,4981.389,4990.17,4977.92,4983.785
2026-01-26T07:00:00+08:00,4988.17,5040.16,4988.17,5039.36
2026-01-26T08:00:00+08:00,5039.65,5052.02,5030.23,5041.629
2026-01-26T09:00:00+08:00,5041.6,5085.75,5028.52,5070.894
2026-01-26T10:00:00+08:00,5070.51,5093.19,5066.59,5080.67
2026-01-26T11:00:00+08:00,5080.69,5087.899,5069.36,5076.525
2026-01-26T12:00:00+08:00,5076.55,5078.09,5057.89,5070.02
2026-01-26T13:00:00+08:00,5070.02,5076.4,5051.89,5073.87
2026-01-26T14:00:00+08:00,5074.2,5111.17,5065.13,5077.7
2026-01-26T15:00:00+08:00,5077.81,5095.7,5073.39,5088.79
2026-01-26T16:00:00+08:00,5089.11,5098.26,5079.65,5083.24
2026-01-26T17:00:00+08:00,5083.23,5098.41,5075.145,5083.68
2026-01-26T18:00:00+08:00,5083.91,5095.01,5078.3,5091.33
2026-01-26T19:00:00+08:00,5091.515,5092.73,5078.215,5091.36
2026-01-26T20:00:00+08:00,5091.36,5096.92,5076.91,5078.745
2026-01-26T21:00:00+08:00,5078.73,5083.21,5054.2,5068.53
2026-01-26T22:00:00+08:00,5068.55,5096.889,5057.85,5096.09
2026-01-26T23:00:00+08:00,5096.09,5097.36,5073.79,5090.823
2026-01-27T00:00:00+08:00,5090.879,5105.06,5064.71,5089.42
2026-01-27T01:00:00+08:00,5089.375,5104.94,5080.205,5100.871
2026-01-27T02:00:00+08:00,5100.74,5103.256,5057.39,5068.95
2026-01-27T03:00:00+08:00,5068.685,5069.6,5007.8,5028.225
2026-01-27T04:00:00+08:00,5028.6,5062.269,5025.94,5055
2026-01-27T05:00:00+08:00,5054.725,5059.201,4989.59,5009.88
2026-01-27T07:00:00+08:00,5011.7,5061.57,5011.5,5043.205
2026-01-27T08:00:00+08:00,5043.29,5054.04,5013.35,5032.769
2026-01-27T09:00:00+08:00,5032.54,5075.961,5018.248,5060.26
2026-01-27T10:00:00+08:00,5060.175,5079.83,5049.21,5072.38
2026-01-27T11:00:00+08:00,5072.34,5079.27,5059.82,5076.76
2026-01-27T12:00:00+08:00,5076.37,5078.73,5061.17,5067.94
2026-01-27T13:00:00+08:00,5067.72,5085.389,5056.98,5083.08
2026-01-27T14:00:00+08:00,5082.71,5093.944,5076.23,5085.48
2026-01-27T15:00:00+08:00,5085.65,5100.79,5080.98,5085.859
2026-01-27T16:00:00+08:00,5085.87,5088.42,5072.79,5079.06
2026-01-27T17:00:00+08:00,5079.04,5099.53,5077.53,5098.3
2026-01-27T18:00:00+08:00,5098.669,5098.99,5081.63,5085.92
2026-01-27T19:00:00+08:00,5086.29,5090.79,5066.59,5076.731
2026-01-27T20:00:00+08:00,5076.923,5091.19,5073.3,5084.86
2026-01-27T21:00:00+08:00,5084.825,5092.849,5069.28,5077.32
2026-01-27T22:00:00+08:00,5077.24,5082.23,5045.9,5054.644
2026-01-27T23:00:00+08:00,5054.664,5091.36,5047.35,5090.89
2026-01-28T00:00:00+08:00,5090.839,5103.089,5083.03,5087.06
2026-01-28T01:00:00+08:00,5087.42,5094.14,5076.14,5080.81
2026-01-28T02:00:00+08:00,5081.005,5095.81,5075.6,5087.99
2026-01-28T03:00:00+08:00,5087.84,5100.06,5080.72,5098.91
2026-01-28T04:00:00+08:00,5098.884,5182.5,5097.61,5176.42
2026-01-28T05:00:00+08:00,5176.547,5190.4,5168.81,5180.23
2026-01-28T07:00:00+08:00,5178.8,5185.01,5158.525,5172.27
2026-01-28T08:00:00+08:00,5172.27,5180.188,5156.57,5171.853
2026-01-28T09:00:00+08:00,5171.81,5225.19,5168.13,5205.11
2026-01-28T10:00:00+08:00,5205.17,5234.71,5201.23,5231.78
2026-01-28T11:00:00+08:00,5231.858,5247.569,5224.01,5234.85
2026-01-28T12:00:00+08:00,5235.098,5249,5231.83,5245.54
2026-01-28T13:00:00+08:00,5245.783,5266.421,5241.08,5261.11
2026-01-28T14:00:00+08:00,5261.627,5271.5,5251.47,5269.69
2026-01-28T15:00:00+08:00,5269.758,5292.92,5262.35,5290.24
2026-01-28T16:00:00+08:00,5290.24,5311.58,5280.3,5294.05
2026-01-28T17:00:00+08:00,5293.7,5297.35,5262.63,5278.13
2026-01-28T18:00:00+08:00,5277.65,5285.88,5268.93,5269.92
2026-01-28T19:00:00+08:00,5269.96,5270.718,5237.96,5261.536
2026-01-28T20:00:00+08:00,5261.54,5279.27,5251.12,5279.06
2026-01-28T21:00:00+08:00,5279.01,5289.45,5256.17,5266.4
2026-01-28T22:00:00+08:00,5266.4,5288.58,5248.31,5285.958
2026-01-28T23:00:00+08:00,5286.008,5298.37,5235.4,5278.085
2026-01-29T00:00:00+08:00,5277.94,5300.26,5274.04,5299.46
2026-01-29T01:00:00+08:00,5299.615,5306.929,5282.82,5297.93
2026-01-29T02:00:00+08:00,5297.63,5325.94,5268.22,5283.367
2026-01-29T03:00:00+08:00,5282.853,5332.29,5268.75,5325.429
2026-01-29T04:00:00+08:00,5325.36,5391.5,5320.58,5376.75
2026-01-29T05:00:00+08:00,5376.375,5419.118,5376.17,5415.26
2026-01-29T07:00:00+08:00,5420.57,5598.75,5418.598,5513.017
2026-01-29T08:00:00+08:00,5512.84,5527.36,5453,5520.16
2026-01-29T09:00:00+08:00,5520.16,5551.651,5444.505,5545.62
2026-01-29T10:00:00+08:00,5545.63,5550.45,5503.845,5535.71
2026-01-29T11:00:00+08:00,5535.71,5549.03,5507.37,5545.655
2026-01-29T12:00:00+08:00,5545.63,5565.1,5532.87,5558.148
2026-01-29T13:00:00+08:00,5558.16,5564.4,5515.485,5562.37
2026-01-29T14:00:00+08:00,5562.347,5595.43,5554.22,5561.736
2026-01-29T15:00:00+08:00,5561.775,5574.996,5536.45,5548.87
2026-01-29T16:00:00+08:00,5549.037,5554.9,5472.965,5509.61
2026-01-29T17:00:00+08:00,5509.61,5529.581,5497.44,5513.9
2026-01-29T18:00:00+08:00,5513.715,5525.45,5481.46,5483.4
2026-01-29T19:00:00+08:00,5483.4,5528.91,5470.545,5522.415
2026-01-29T20:00:00+08:00,5522.52,5542.99,5517.97,5534.13
2026-01-29T21:00:00+08:00,5534.17,5541.25,5499.625,5510.42
2026-01-29T22:00:00+08:00,5510.441,5550.04,5490.3,5496.74
2026-01-29T23:00:00+08:00,5497.017,5497.017,5097.36,5182.5
2026-01-30T00:00:00+08:00,5182.799,5311.009,5170.87,5263.79
2026-01-30T01:00:00+08:00,5264.158,5375.88,5263.42,5334.435
2026-01-30T02:00:00+08:00,5335.332,5362.14,5307.498,5338.81
2026-01-30T03:00:00+08:00,5338.8,5345.45,5289.655,5305.5
2026-01-30T04:00:00+08:00,5305.567,5407.13,5282.335,5394.277
2026-01-30T05:00:00+08:00,5394.277,5426.53,5369.16,5379.35
2026-01-30T07:00:00+08:00,5384.71,5448.622,5377.2,5438.53
2026-01-30T08:00:00+08:00,5438.072,5451.01,5389.245,5407.066
2026-01-30T09:00:00+08:00,5406.705,5409.92,5290.398,5301.16
2026-01-30T10:00:00+08:00,5301.067,5313.11,5111.96,5224.649
2026-01-30T11:00:00+08:00,5224.24,5229.77,5150.235,5196.518
2026-01-30T12:00:00+08:00,5195.415,5230.629,5192.765,5214.838
2026-01-30T13:00:00+08:00,5214.99,5241.59,5179.185,5184.84
2026-01-30T14:00:00+08:00,5184.37,5205.46,5145.095,5155.76
2026-01-30T15:00:00+08:00,5155.76,5186.33,5117.08,5181.08
2026-01-30T16:00:00+08:00,5180.805,5181.36,5051.305,5117.14
2026-01-30T17:00:00+08:00,5117.573,5132.275,4941.61,5013.937
2026-01-30T18:00:00+08:00,5013.32,5122.649,5000.325,5119.534
2026-01-30T19:00:00+08:00,5119.35,5144.73,5088.285,5135.15
2026-01-30T20:00:00+08:00,5135.65,5145.73,5055.05,5064.471
2026-01-30T21:00:00+08:00,5064.3,5100.109,4991.73,5019.684
2026-01-30T22:00:00+08:00,5018.925,5113.44,5014.125,5033.57
2026-01-30T23:00:00+08:00,5033.2,5074.214,4979.725,5049.88
2026-01-31T00:00:00+08:00,5050.629,5051.832,4943.565,4984.835
2026-01-31T01:00:00+08:00,4985.728,4986.21,4800.376,4849.623
2026-01-31T02:00:00+08:00,4849.32,4894.001,4682.552,4879.9
2026-01-31T03:00:00+08:00,4880.57,4948.276,4840.926,4932.41
2026-01-31T04:00:00+08:00,4932.712,4933.24,4809.131,4847.67
2026-01-31T05:00:00+08:00,4847.06,4895.761,4830.81,4895.118
2026-02-02T07:00:00+08:00,4783.51,4869.156,4696.01,4741.375
2026-02-02T08:00:00+08:00,4741.425,4884.784,4739.76,4766.79
2026-02-02T09:00:00+08:00,4766.71,4784.675,4583.077,4737.219
2026-02-02T10:00:00+08:00,4737.12,4772.47,4698.14,4710.62
2026-02-02T11:00:00+08:00,4710.615,4730.17,4629.425,4646.616
2026-02-02T12:00:00+08:00,4646.27,4713.48,4602.575,4679.412
2026-02-02T13:00:00+08:00,4679.363,4696.13,4497.757,4549.207
2026-02-02T14:00:00+08:00,4549.08,4573.65,4402.06,4502.974
2026-02-02T15:00:00+08:00,4503.304,4619.483,4485.159,4587.006
2026-02-02T16:00:00+08:00,4587.01,4651.22,4560.609,4640.903
2026-02-02T17:00:00+08:00,4640.13,4731.432,4602.255,4719.455
2026-02-02T18:00:00+08:00,4719.592,4733.795,4656.425,4705.444
2026-02-02T19:00:00+08:00,4705.455,4779.462,4702.708,4765.65
2026-02-02T20:00:00+08:00,4766.202,4812.52,4742.5,4793.385
2026-02-02T21:00:00+08:00,4793.485,4803.693,4668.549,4706.062
2026-02-02T22:00:00+08:00,4705.51,4794.348,4679.28,4718.94
2026-02-02T23:00:00+08:00,4718.875,4745.482,4616.395,4619.48
2026-02-03T00:00:00+08:00,4619.783,4708.97,4595.81,4665.518
2026-02-03T01:00:00+08:00,4665.528,4713.97,4655.77,4674.166
2026-02-03T02:00:00+08:00,4673.792,4674.56,4617.758,4657.395
2026-02-03T03:00:00+08:00,4657.34,4713.01,4630.77,4684.95
2026-02-03T04:00:00+08:00,4685.18,4700.67,4647.25,4652.213
2026-02-03T05:00:00+08:00,4652.256,4687.13,4643.1,4659.342
2026-02-03T07:00:00+08:00,4669.08,4775.51,4666.083,4774.142
2026-02-03T08:00:00+08:00,4773.75,4830.69,4765.425,4780.115
2026-02-03T09:00:00+08:00,4780.115,4856.373,4765.625,4840.65
2026-02-03T10:00:00+08:00,4840.97,4841.735,4744.808,4782.84
2026-02-03T11:00:00+08:00,4783.52,4813.295,4751.13,4809.155
2026-02-03T12:00:00+08:00,4809.051,4825.4,4800.09,4808.31
2026-02-03T13:00:00+08:00,4808.76,4842.001,4808.52,4825.124
2026-02-03T14:00:00+08:00,4825.114,4893.9,4815.895,4880.76
2026-02-03T15:00:00+08:00,4881.323,4933.58,4871.28,4917.48
2026-02-03T16:00:00+08:00,4916.53,4949.99,4897.87,4912.455
2026-02-03T17:00:00+08:00,4912.03,4926.19,4883.94,4916.12
2026-02-03T18:00:00+08:00,4915.63,4929.86,4901.15,4902.36
2026-02-03T19:00:00+08:00,4901.965,4919.29,4883.4,4916.74
2026-02-03T20:00:00+08:00,4915.43,4935.878,4891.75,4913.43
2026-02-03T21:00:00+08:00,4913.62,4951.11,4902.05,4932.768
2026-02-03T22:00:00+08:00,4932.808,4936.49,4892.895,4916.52
2026-02-03T23:00:00+08:00,4917.13,4948.69,4903.84,4935.081
2026-02-04T00:00:00+08:00,4935.081,4993.84,4929.425,4955.348
2026-02-04T01:00:00+08:00,4955.4,4969.93,4906.975,4929.2
2026-02-04T02:00:00+08:00,4928.85,4954.09,4884.625,4907.8
2026-02-04T03:00:00+08:00,4908.401,4948.83,4879.77,4927.29
2026-02-04T04:00:00+08:00,4927.174,4956.89,4901.945,4943.968
2026-02-04T05:00:00+08:00,4944.19,4963.965,4932.91,4946.04
2026-02-04T07:00:00+08:00,4946.67,4972.2,4908.91,4946.875
2026-02-04T08:00:00+08:00,4947.08,5015.96,4945.725,5015.425
2026-02-04T09:00:00+08:00,5015.669,5053.76,4984.34,5045.71
2026-02-04T10:00:00+08:00,5046.07,5065.589,5034.64,5039.865
2026-02-04T11:00:00+08:00,5039.999,5073.55,5035.675,5069.805
2026-02-04T12:00:00+08:00,5069.88,5081.28,5055.61,5080.18
2026-02-04T13:00:00+08:00,5079.86,5090.289,5068.55,5079.125
2026-02-04T14:00:00+08:00,5079.14,5082.972,5050.54,5076.39
2026-02-04T15:00:00+08:00,5075.6,5091.4,5061.59,5084.489
2026-02-04T16:00:00+08:00,5084.78,5091.95,5068.18,5083.58
2026-02-04T17:00:00+08:00,5083.57,5086.9,5042.655,5059.85
2026-02-04T18:00:00+08:00,5059.835,5064.29,5041.23,5048.52
2026-02-04T19:00:00+08:00,5048.52,5053.59,5012.77,5047.501
2026-02-04T20:00:00+08:00,5047.4,5063.19,5035.93,5040.69
2026-02-04T21:00:00+08:00,5040.68,5063.457,5022.42,5053.41
2026-02-04T22:00:00+08:00,5053.765,5058.905,4966.22,4985.65
2026-02-04T23:00:00+08:00,4985.99,5007.87,4886.798,4919.76
2026-02-05T00:00:00+08:00,4920.32,4940.59,4849.873,4904.185
2026-02-05T01:00:00+08:00,4904.48,4930.65,4887.6,4897.435
2026-02-05T02:00:00+08:00,4897.435,4935.3,4872.17,4927.33
2026-02-05T03:00:00+08:00,4927.32,4957.57,4914.08,4941.17
2026-02-05T04:00:00+08:00,4941.73,4951.322,4914.135,4938.635
2026-02-05T05:00:00+08:00,4938.635,4970.8,4936.95,4964.83
2026-02-05T07:00:00+08:00,4965.98,5023.72,4965.35,5011.865
2026-02-05T08:00:00+08:00,5012.093,5020.4,4996.305,5006.335
2026-02-05T09:00:00+08:00,5006.7,5011.99,4935.215,4958.53
2026-02-05T10:00:00+08:00,4958.8,4961.92,4804.22,4811.611
2026-02-05T11:00:00+08:00,4811.581,4888.131,4788.74,4880.444
2026-02-05T12:00:00+08:00,4880.73,4891.09,4862.765,4863.604
2026-02-05T13:00:00+08:00,4863.505,4906.44,4825.606,4895.49
2026-02-05T14:00:00+08:00,4896.12,4934.061,4877.655,4920.334
2026-02-05T15:00:00+08:00,4920.254,4940.764,4894.35,4914.72
2026-02-05T16:00:00+08:00,4914.73,4943.729,4900.38,4912.17
2026-02-05T17:00:00+08:00,4911.275,4914.541,4848.64,4855.081
2026-02-05T18:00:00+08:00,4854.69,4886.871,4847.14,4876.971
2026-02-05T19:00:00+08:00,4877.001,4894.406,4863.74,4868.389
2026-02-05T20:00:00+08:00,4867.845,4878.1,4810.275,4853.961
2026-02-05T21:00:00+08:00,4853.72,4868.48,4801.388,4834.59
2026-02-05T22:00:00+08:00,4835.29,4869.85,4805.24,4845.915
2026-02-05T23:00:00+08:00,4845.748,4866.13,4799.95,4817.57
2026-02-06T00:00:00+08:00,4817.48,4906.7,4811.66,4888.91
2026-02-06T01:00:00+08:00,4888.984,4890.81,4858.47,4869.16
2026-02-06T02:00:00+08:00,4869.08,4875.243,4850.37,4857.99
2026-02-06T03:00:00+08:00,4857.25,4865.201,4823.07,4829.195
2026-02-06T04:00:00+08:00,4829.37,4843.271,4792.13,4810.73
2026-02-06T05:00:00+08:00,4811.14,4826.02,4758.98,4776.48
2026-02-06T07:00:00+08:00,4782.49,4795.02,4702.85,4703.84
2026-02-06T08:00:00+08:00,4703.84,4764.722,4654.355,4763.03
2026-02-06T09:00:00+08:00,4762.395,4784.556,4693.112,4773.89
2026-02-06T10:00:00+08:00,4774.202,4846.34,4760.56,4816.586
2026-02-06T11:00:00+08:00,4815.995,4839.16,4800.288,4824.164
2026-02-06T12:00:00+08:00,4824.05,4831.741,4806.3,4814.18
2026-02-06T13:00:00+08:00,4813.79,4897.99,4807.075,4897.018
2026-02-06T14:00:00+08:00,4897.5,4903.211,4825.12,4846.68
2026-02-06T15:00:00+08:00,4846.46,4861.76,4837.435,4841.02
2026-02-06T16:00:00+08:00,4840.99,4882.32,4828.575,4861.69
2026-02-06T17:00:00+08:00,4861.823,4872.66,4837.905,4866.52
2026-02-06T18:00:00+08:00,4866.37,4880.014,4851.27,4878.491
2026-02-06T19:00:00+08:00,4877.7,4895.94,4863.22,4887
2026-02-06T20:00:00+08:00,4886.635,4903.78,4870.91,4900.15
2026-02-06T21:00:00+08:00,4900.14,4938.47,4896.62,4928.5
2026-02-06T22:00:00+08:00,4929.43,4949.749,4894.08,4947.99
2026-02-06T23:00:00+08:00,4948.39,4964.73,4927.84,4943.51
2026-02-07T00:00:00+08:00,4943,4953.28,4921.52,4951.72
2026-02-07T01:00:00+08:00,4951.61,4968.605,4947.67,4960.44
2026-02-07T02:00:00+08:00,4960.553,4971.39,4943.46,4962.245
2026-02-07T03:00:00+08:00,4962.55,4963.29,4948.25,4956.97
2026-02-07T04:00:00+08:00,4957.015,4959.19,4936.04,4953.315
2026-02-07T05:00:00+08:00,4953.18,4968.93,4946.04,4967.27
2026-02-09T07:00:00+08:00,4983.54,5047.104,4964.35,5035.96
2026-02-09T08:00:00+08:00,5035.3,5044.989,5011.21,5019.79
2026-02-09T09:00:00+08:00,5019.805,5041.893,4975.485,4982.482
2026-02-09T10:00:00+08:00,4982.39,5017.505,4967.835,5006.89
2026-02-09T11:00:00+08:00,5006.92,5031.55,5005.305,5016.049
2026-02-09T12:00:00+08:00,5015.61,5025.034,5006.74,5011.749
2026-02-09T13:00:00+08:00,5011.93,5041.57,5010.89,5036.703
2026-02-09T14:00:00+08:00,5036.44,5045.7,5013.378,5030.73
2026-02-09T15:00:00+08:00,5031.376,5031.511,4996.9,5006.105
2026-02-09T16:00:00+08:00,5006.25,5035.64,5002.39,5026.99
2026-02-09T17:00:00+08:00,5027.23,5040.994,5002.31,5007.64
2026-02-09T18:00:00+08:00,5007.3,5015.24,4981.77,4990.63
2026-02-09T19:00:00+08:00,4990.63,5017.92,4988.23,5010.84
2026-02-09T20:00:00+08:00,5010.47,5021.71,5006.87,5013
2026-02-09T21:00:00+08:00,5013.15,5024.734,4994.8,5006.795
2026-02-09T22:00:00+08:00,5006.94,5040.74,5001.7,5037.91
2026-02-09T23:00:00+08:00,5037.998,5060.32,5023.23,5058.57
2026-02-10T00:00:00+08:00,5058.76,5081.21,5056.118,5073.115
2026-02-10T01:00:00+08:00,5073.29,5075.55,5040.41,5046.38
2026-02-10T02:00:00+08:00,5046.12,5063.952,5043.74,5062.634
2026-02-10T03:00:00+08:00,5062.62,5079.941,5062.06,5074.39
2026-02-10T04:00:00+08:00,5074.195,5086.53,5071.76,5079.315
2026-02-10T05:00:00+08:00,5079.571,5083.059,5048.169,5059.15
2026-02-10T07:00:00+08:00,5058.76,5076.16,4987.31,5031.79
2026-02-10T08:00:00+08:00,5031.79,5048.61,5008.265,5018.405
2026-02-10T09:00:00+08:00,5018.77,5037.749,5011.78,5032.01
2026-02-10T10:00:00+08:00,5031.915,5056.169,5031.028,5037.875
2026-02-10T11:00:00+08:00,5037.76,5038.35,5015.705,5029.92
2026-02-10T12:00:00+08:00,5029.71,5033.98,5016.91,5031.41
2026-02-10T13:00:00+08:00,5031.14,5040.671,5010.72,5039.32
2026-02-10T14:00:00+08:00,5039.401,5045.506,5018.35,5024.36
2026-02-10T15:00:00+08:00,5024.64,5036.089,5018.125,5033.949
2026-02-10T16:00:00+08:00,5033.59,5054.985,5028.5,5041.76
2026-02-10T17:00:00+08:00,5041.865,5063.254,5040.21,5046.76
2026-02-10T18:00:00+08:00,5046.64,5058.174,5036.66,5046.78
2026-02-10T19:00:00+08:00,5046.78,5057.46,5044.01,5055.99
2026-02-10T20:00:00+08:00,5055.71,5057.17,5019.1,5032.12
2026-02-10T21:00:00+08:00,5031.7,5058.725,5026.3,5051.08
2026-02-10T22:00:00+08:00,5051.09,5078.67,5020.225,5039
2026-02-10T23:00:00+08:00,5039.509,5048.03,4998.56,5019.45
2026-02-11T00:00:00+08:00,5019.05,5026.44,5005.12,5023.751
2026-02-11T01:00:00+08:00,5023.77,5040.181,5020.38,5026.1
2026-02-11T02:00:00+08:00,5026.24,5027.88,5004.39,5013.131
2026-02-11T03:00:00+08:00,5012.775,5030.24,5008.34,5027.55
2026-02-11T04:00:00+08:00,5027.961,5045.7,5019.89,5030.274
2026-02-11T05:00:00+08:00,5030.274,5032.82,5019.93,5023.88
2026-02-11T07:00:00+08:00,5026.17,5054.6,5023.92,5041.779
2026-02-11T08:00:00+08:00,5041.921,5049.44,5027.54,5037.72
2026-02-11T09:00:00+08:00,5037.82,5052.928,5029.83,5052.42
2026-02-11T10:00:00+08:00,5052.42,5057.68,5032.13,5055.376
2026-02-11T11:00:00+08:00,5055.431,5060.81,5044.49,5054.451
2026-02-11T12:00:00+08:00,5054.45,5059.589,5045.42,5046.38
2026-02-11T13:00:00+08:00,5045.86,5063.869,5043.16,5052.561
2026-02-11T14:00:00+08:00,5052.54,5064.624,5048.93,5063.94
2026-02-11T15:00:00+08:00,5063.97,5069.37,5048.45,5054.88
2026-02-11T16:00:00+08:00,5055.466,5060.469,5045.12,5053.954
2026-02-11T17:00:00+08:00,5053.315,5072.13,5046.755,5062.654
2026-02-11T18:00:00+08:00,5062.42,5101.23,5062.07,5093.221
2026-02-11T19:00:00+08:00,5093.231,5116.735,5081.81,5111.751
2026-02-11T20:00:00+08:00,5111.74,5119.159,5049.66,5083.438
2026-02-11T21:00:00+08:00,5082.79,5090.094,5018.48,5065.35
2026-02-11T22:00:00+08:00,5066.18,5083.09,5035.42,5058.998
2026-02-11T23:00:00+08:00,5059.41,5081.93,5038.63,5060.336
2026-02-12T00:00:00+08:00,5060.474,5078.32,5042.45,5074.71
2026-02-12T01:00:00+08:00,5074.758,5098.88,5067.815,5091.14
2026-02-12T02:00:00+08:00,5091.14,5092.87,5066.39,5082.331
2026-02-12T03:00:00+08:00,5082.35,5094.33,5076.43,5081.93
2026-02-12T04:00:00+08:00,5081.54,5090.12,5077.89,5086.621
2026-02-12T05:00:00+08:00,5086.45,5092.84,5069.4,5083.77
2026-02-12T07:00:00+08:00,5086.07,5100.21,5052.08,5060.925
2026-02-12T08:00:00+08:00,5060.675,5067.903,5049.24,5063.049
2026-02-12T09:00:00+08:00,5062.645,5064.17,5044.34,5063.248
2026-02-12T10:00:00+08:00,5063.305,5072.75,5054.61,5065.57
2026-02-12T11:00:00+08:00,5065.88,5074.645,5054.3,5056.901
2026-02-12T12:00:00+08:00,5056.891,5070.06,5050.45,5069.23
2026-02-12T13:00:00+08:00,5069.23,5078.31,5064.13,5075.47
2026-02-12T14:00:00+08:00,5075.38,5076.261,5046.54,5059.65
2026-02-12T15:00:00+08:00,5059.18,5066.31,5051.11,5063.39
2026-02-12T16:00:00+08:00,5063.856,5073.662,5051.83,5068.18
2026-02-12T17:00:00+08:00,5068.18,5080.745,5065.94,5073.17
2026-02-12T18:00:00+08:00,5073.089,5077.1,5055.73,5061.62
2026-02-12T19:00:00+08:00,5061.62,5068.345,5058.97,5063.934
2026-02-12T20:00:00+08:00,5063.98,5068.67,5048.35,5052.709
2026-02-12T21:00:00+08:00,5052.8,5083.74,5051.16,5075.46
2026-02-12T22:00:00+08:00,5075.37,5077.81,5039.09,5044.445
2026-02-12T23:00:00+08:00,5044.434,5074.83,5039.23,5060.41
2026-02-13T00:00:00+08:00,5060.275,5068.27,4877.75,4955.81
2026-02-13T01:00:00+08:00,4954.814,4982.99,4938.68,4940.865
2026-02-13T02:00:00+08:00,4941.288,4952.229,4905.93,4935.55
2026-02-13T03:00:00+08:00,4935.52,4958.16,4927.345,4945.325
2026-02-13T04:00:00+08:00,4945.34,4948.404,4910.46,4915.081
2026-02-13T05:00:00+08:00,4914.859,4926.83,4911.3,4921.63
2026-02-13T07:00:00+08:00,4923.07,4930.19,4886.15,4919.785
2026-02-13T08:00:00+08:00,4920.09,4948.835,4912.95,4927.4
2026-02-13T09:00:00+08:00,4927.94,4988.679,4926.42,4980.69
2026-02-13T10:00:00+08:00,4980.7,4991.649,4971.66,4988.105
2026-02-13T11:00:00+08:00,4988.13,4989.499,4973.34,4980.99
2026-02-13T12:00:00+08:00,4980.99,4997.367,4972.49,4976.53
2026-02-13T13:00:00+08:00,4976.52,4986.475,4944.28,4945.901
2026-02-13T14:00:00+08:00,4946.001,4968.75,4945.69,4966.74
2026-02-13T15:00:00+08:00,4967.17,4982.69,4950.855,4974.843
2026-02-13T16:00:00+08:00,4974.845,4989.53,4971.078,4982.58
2026-02-13T17:00:00+08:00,4982.58,4983.05,4960.96,4969.81
2026-02-13T18:00:00+08:00,4970.19,4980.65,4946.74,4950.08
2026-02-13T19:00:00+08:00,4949.953,4955.52,4933.495,4953.89
2026-02-13T20:00:00+08:00,4953.89,4974.027,4951.79,4969.59
2026-02-13T21:00:00+08:00,4969.39,4999.94,4957.19,4986.75
2026-02-13T22:00:00+08:00,4986.77,5011.34,4963.68,4995.52
2026-02-13T23:00:00+08:00,4995.185,5020.53,4973.36,4976.39
2026-02-14T00:00:00+08:00,4976.338,5033.82,4974.89,5007.45
2026-02-14T01:00:00+08:00,5007.85,5029.31,5005.38,5020.929
2026-02-14T02:00:00+08:00,5020.715,5035.537,5015.098,5031.13
2026-02-14T03:00:00+08:00,5031.121,5046.129,5023.7,5023.7
2026-02-14T04:00:00+08:00,5025.73,5034.85,5020.99,5032.401
2026-02-14T05:00:00+08:00,5032.401,5046.261,5029.16,5042.2
2026-02-16T07:00:00+08:00,5032.57,5053.11,5010.5,5020.34
2026-02-16T08:00:00+08:00,5020.242,5022.94,4999.17,5015.49
2026-02-16T09:00:00+08:00,5015.11,5031.19,5006.53,5028.79
2026-02-16T10:00:00+08:00,5028.83,5031.6,4991.72,4994.56
2026-02-16T11:00:00+08:00,4994.67,5000.08,4975.15,4987.46
2026-02-16T12:00:00+08:00,4987.195,4992.15,4971.238,4977.55
2026-02-16T13:00:00+08:00,4977.634,4990.73,4964.05,4990.57
2026-02-16T14:00:00+08:00,4990.16,5003.06,4984.325,4994.87
2026-02-16T15:00:00+08:00,4994.39,5009.92,4988.745,5007.13
2026-02-16T16:00:00+08:00,5006.985,5013.37,4995.295,5007.72
2026-02-16T17:00:00+08:00,5007.95,5017.18,5007.53,5013.19
2026-02-16T18:00:00+08:00,5013.56,5017.22,4999.945,5005.67
2026-02-16T19:00:00+08:00,5005.67,5008.11,4998.54,5003.9
2026-02-16T20:00:00+08:00,5004.29,5008.17,4992.48,5001.91
2026-02-16T21:00:00+08:00,5002.07,5003.74,4989.218,4996.93
2026-02-16T22:00:00+08:00,4996.98,4999.51,4981.41,4988.24
2026-02-16T23:00:00+08:00,4988.37,4988.37,4968.63,4979.64
2026-02-17T00:00:00+08:00,4979.39,4990.3,4972.875,4987.69
2026-02-17T01:00:00+08:00,4987.69,4995.97,4987.69,4991.605
2026-02-17T02:00:00+08:00,4991.69,4997.79,4988.305,4994.685
2026-02-17T03:00:00+08:00,4994.522,4996.33,4990.05,4993.51
2026-02-17T07:00:00+08:00,4995.6,5000.85,4984.49,4989.23
2026-02-17T08:00:00+08:00,4989.68,4991.39,4931.42,4935.61
2026-02-17T09:00:00+08:00,4935.63,4963.83,4922.45,4957.53
2026-02-17T10:00:00+08:00,4957.205,4971.5,4953.93,4966.39
2026-02-17T11:00:00+08:00,4966.39,4970.159,4949.42,4956.33
2026-02-17T12:00:00+08:00,4956.71,4960.43,4946.13,4952.83
2026-02-17T13:00:00+08:00,4952.989,4954.57,4857.96,4888.27
2026-02-17T14:00:00+08:00,4888.71,4914.27,4885.95,4910.23
2026-02-17T15:00:00+08:00,4910.301,4922.33,4903.595,4916.63
2026-02-17T16:00:00+08:00,4917.161,4930.29,4916.01,4920.51
2026-02-17T17:00:00+08:00,4920.789,4932.552,4912.7,4925.655
2026-02-17T18:00:00+08:00,4925.877,4939.37,4907.355,4912.74
2026-02-17T19:00:00+08:00,4912.74,4930.967,4912.71,4929.292
2026-02-17T20:00:00+08:00,4928.82,4944.351,4927.925,4931.96
2026-02-17T21:00:00+08:00,4932.109,4933.375,4869.65,4870.435
2026-02-17T22:00:00+08:00,4870.861,4907.24,4841.37,4863.599
2026-02-17T23:00:00+08:00,4863.764,4882.611,4848.32,4878.54
2026-02-18T00:00:00+08:00,4878.155,4893.7,4867.94,4869.246
2026-02-18T01:00:00+08:00,4869.16,4871.26,4849.56,4864.615
2026-02-18T02:00:00+08:00,4865.04,4910.76,4862.085,4898.92
2026-02-18T03:00:00+08:00,4898.904,4901.19,4875.87,4880.17
2026-02-18T04:00:00+08:00,4880.321,4884.12,4872.77,4877.89
2026-02-18T05:00:00+08:00,4877.931,4886.803,4874.48,4878.69
2026-02-18T07:00:00+08:00,4878.7,4884.609,4853.53,4859.024
2026-02-18T08:00:00+08:00,4858.38,4883.18,4857.74,4874.495
2026-02-18T09:00:00+08:00,4874.794,4893.3,4873.87,4889.47
2026-02-18T10:00:00+08:00,4889.85,4907.29,4885.99,4905.22
2026-02-18T11:00:00+08:00,4905.254,4922.241,4903.66,4920.22
2026-02-18T12:00:00+08:00,4920.866,4940.67,4917.79,4934.18
2026-02-18T13:00:00+08:00,4934.12,4939.883,4929.52,4933.02
2026-02-18T14:00:00+08:00,4933.41,4936.08,4924.73,4930.8
2026-02-18T15:00:00+08:00,4930.35,4942.3,4928.74,4930.16
2026-02-18T16:00:00+08:00,4930.234,4932.381,4916.345,4917.124
2026-02-18T17:00:00+08:00,4917.121,4923.125,4912.61,4916.91
2026-02-18T18:00:00+08:00,4917.23,4924.434,4909.11,4914.4
2026-02-18T19:00:00+08:00,4914.41,4917.604,4906.01,4912.59
2026-02-18T20:00:00+08:00,4912.9,4947.175,4911.64,4942.99
2026-02-18T21:00:00+08:00,4942.67,4969.12,4942.67,4953.77
2026-02-18T22:00:00+08:00,4954.37,4994.36,4951.92,4991.29
2026-02-18T23:00:00+08:00,4991.778,5008.96,4991.215,4997.822
2026-02-19T00:00:00+08:00,4997.823,5010.9,4991.11,5000.215
2026-02-19T01:00:00+08:00,5000.373,5001.7,4993.12,4999.183
2026-02-19T02:00:00+08:00,4998.875,5003.29,4980.2,4986.538
2026-02-19T03:00:00+08:00,4987.29,4995.45,4972.55,4980.47
2026-02-19T04:00:00+08:00,4980.315,4987.51,4975.225,4984.9
2026-02-19T05:00:00+08:00,4984.71,4986.46,4975.12,4975.715
2026-02-19T07:00:00+08:00,4975.63,4988.75,4959.89,4975.95
2026-02-19T08:00:00+08:00,4975.43,4976.3,4960.01,4961.272
2026-02-19T09:00:00+08:00,4961.283,4975.55,4960.17,4973.022
2026-02-19T10:00:00+08:00,4973.14,4977.343,4965.31,4968.3
2026-02-19T11:00:00+08:00,4967.61,4983.6,4965.76,4981.56
2026-02-19T12:00:00+08:00,4981.47,4985.49,4976.18,4984.14
2026-02-19T13:00:00+08:00,4983.65,4998.63,4983.62,4996.2
2026-02-19T14:00:00+08:00,4996.2,5020.149,4995.95,5018.28
2026-02-19T15:00:00+08:00,5017.81,5021.73,5008.5,5009.995
2026-02-19T16:00:00+08:00,5009.86,5022.043,5005.87,5017.03
2026-02-19T17:00:00+08:00,5017.03,5020.34,4992.778,4995.78
2026-02-19T18:00:00+08:00,4995.75,4996.19,4981.138,4993.273
2026-02-19T19:00:00+08:00,4992.88,4996.3,4977.695,4984.37
2026-02-19T20:00:00+08:00,4984.32,4992.78,4980.135,4984.75
2026-02-19T21:00:00+08:00,4984.75,4998.44,4971.15,4997.02
2026-02-19T22:00:00+08:00,4996.71,5010.56,4962.638,5005.58
2026-02-19T23:00:00+08:00,5005.653,5022.28,4995.67,5013.76
2026-02-20T00:00:00+08:00,5013.67,5014.38,4989.92,4995.3
2026-02-20T01:00:00+08:00,4995.24,5001.71,4982.5,4984.96
2026-02-20T02:00:00+08:00,4984.823,4989.395,4974.88,4981.63
2026-02-20T03:00:00+08:00,4981.5,4990.44,4977.98,4987.842
2026-02-20T04:00:00+08:00,4987.81,5003.36,4987.5,5001.68
2026-02-20T05:00:00+08:00,5001.74,5004.231,4991.57,4999.38
2026-02-20T07:00:00+08:00,4998.47,5008.08,4984.99,4987.47
2026-02-20T08:00:00+08:00,4987.27,5006.96,4984.89,5006.29
2026-02-20T09:00:00+08:00,5005.89,5014.745,4994.83,4996.935
2026-02-20T10:00:00+08:00,4996.51,5007.55,4992.21,4996.08
2026-02-20T11:00:00+08:00,4995.53,4999.26,4981.2,4987.55
2026-02-20T12:00:00+08:00,4987.62,5003.39,4986.16,4999.683
2026-02-20T13:00:00+08:00,4999.673,5011.86,4997.56,5011.8
2026-02-20T14:00:00+08:00,5011.79,5030.01,5011.45,5020.573
2026-02-20T15:00:00+08:00,5020.563,5028.1,5005.61,5006.325
2026-02-20T16:00:00+08:00,5005.985,5030.87,5004.665,5028.823
2026-02-20T17:00:00+08:00,5028.86,5042.64,5027.05,5027.58
2026-02-20T18:00:00+08:00,5027.27,5038.569,5019.258,5034.653
2026-02-20T19:00:00+08:00,5034.653,5034.83,5015.085,5017.38
2026-02-20T20:00:00+08:00,5017.312,5026.66,5006.54,5025.19
2026-02-20T21:00:00+08:00,5024.73,5048.854,5017.795,5043.138
2026-02-20T22:00:00+08:00,5043.512,5060.68,5036.885,5054.493
2026-02-20T23:00:00+08:00,5054.045,5064.137,4989.025,5042.66
2026-02-21T00:00:00+08:00,5042.7,5069.25,5038.365,5066.5
2026-02-21T01:00:00+08:00,5066.22,5076.45,5054.03,5073.02
2026-02-21T02:00:00+08:00,5072.695,5075.18,5053.715,5071.22
2026-02-21T03:00:00+08:00,5071.174,5079.95,5068.43,5079.64
2026-02-21T04:00:00+08:00,5079.519,5098.23,5076.42,5096.802
2026-02-21T05:00:00+08:00,5096.717,5108.53,5091.3,5108.36
2026-02-23T07:00:00+08:00,5108.14,5171.92,5097.72,5165.413
2026-02-23T08:00:00+08:00,5164.63,5166.679,5129.035,5144.05
2026-02-23T09:00:00+08:00,5144.05,5167.63,5139.67,5157.03
2026-02-23T10:00:00+08:00,5157.41,5176.588,5156.21,5173.51
2026-02-23T11:00:00+08:00,5173.51,5176.079,5151.655,5166.7
2026-02-23T12:00:00+08:00,5166.8,5168.739,5155.05,5160.639
2026-02-23T13:00:00+08:00,5160.62,5161.76,5151.74,5158.19
2026-02-23T14:00:00+08:00,5158.19,5161.66,5144.68,5145.679
2026-02-23T15:00:00+08:00,5145.35,5154.31,5124.65,5136.51
2026-02-23T16:00:00+08:00,5136.63,5142.134,5121.818,5140.28
2026-02-23T17:00:00+08:00,5140.268,5150.128,5139.03,5149.49
2026-02-23T18:00:00+08:00,5149.47,5163.47,5144.748,5162.705
2026-02-23T19:00:00+08:00,5162.819,5163.41,5146.31,5149.475
2026-02-23T20:00:00+08:00,5149.809,5165.41,5145.15,5164.15
2026-02-23T21:00:00+08:00,5164.12,5165.309,5143.405,5146.27
2026-02-23T22:00:00+08:00,5146.2,5200.57,5141.14,5192.265
2026-02-23T23:00:00+08:00,5192.29,5204.938,5180.22,5196.073
2026-02-24T00:00:00+08:00,5195.868,5219.08,5175.34,5209.97
2026-02-24T01:00:00+08:00,5209.97,5213.56,5190.675,5207.88
2026-02-24T02:00:00+08:00,5207.88,5216.08,5200.58,5209.52
2026-02-24T03:00:00+08:00,5209.22,5218.364,5206.28,5215.553
2026-02-24T04:00:00+08:00,5215.18,5237.84,5214.44,5236.158
2026-02-24T05:00:00+08:00,5236.37,5237.33,5225.66,5225.66
2026-02-24T07:00:00+08:00,5226.53,5249.872,5222.098,5235.59
2026-02-24T08:00:00+08:00,5235.18,5238.09,5217.295,5223.71
2026-02-24T09:00:00+08:00,5223.68,5224.365,5144.65,5177.148
2026-02-24T10:00:00+08:00,5176.937,5190.77,5164.98,5189.86
2026-02-24T11:00:00+08:00,5189.87,5191.76,5170.7,5171.99
2026-02-24T12:00:00+08:00,5171.6,5175.25,5160.55,5168.13
2026-02-24T13:00:00+08:00,5168.139,5185.728,5163.715,5182.08
2026-02-24T14:00:00+08:00,5182.55,5184.74,5155.01,5173.45
2026-02-24T15:00:00+08:00,5173.45,5183.85,5163.71,5179.24
2026-02-24T16:00:00+08:00,5178.99,5181.97,5164.575,5173.47
2026-02-24T17:00:00+08:00,5173.46,5180.333,5165.95,5171.353
2026-02-24T18:00:00+08:00,5171.29,5181.39,5162.845,5172.45
2026-02-24T19:00:00+08:00,5172.76,5178.51,5170.59,5172.37
2026-02-24T20:00:00+08:00,5172.69,5173.519,5144.79,5150.51
2026-02-24T21:00:00+08:00,5150.834,5161.25,5110.17,5114.795
2026-02-24T22:00:00+08:00,5115.239,5139.25,5092.54,5128.56
2026-02-24T23:00:00+08:00,5128.511,5155.349,5117.66,5150.23
2026-02-25T00:00:00+08:00,5150.234,5152.32,5130.498,5141.928
2026-02-25T01:00:00+08:00,5141.715,5163.76,5141.48,5163.664
2026-02-25T02:00:00+08:00,5163.36,5170.133,5153.305,5160.039
2026-02-25T03:00:00+08:00,5159.68,5160.46,5146.165,5153.64
2026-02-25T04:00:00+08:00,5153.91,5173.18,5146.36,5163.86
2026-02-25T05:00:00+08:00,5163.655,5165.71,5138.52,5142.43
2026-02-25T07:00:00+08:00,5143.03,5152.524,5120.409,5146.57
2026-02-25T08:00:00+08:00,5146.55,5156.279,5136.47,5152.24
2026-02-25T09:00:00+08:00,5151.78,5190.033,5143.73,5177
2026-02-25T10:00:00+08:00,5176.85,5193.833,5166.205,5180.13
2026-02-25T11:00:00+08:00,5180.599,5190.139,5177.87,5182.16
2026-02-25T12:00:00+08:00,5182.14,5185.193,5172.1,5182.69
2026-02-25T13:00:00+08:00,5182.2,5210.56,5182.2,5201.78
2026-02-25T14:00:00+08:00,5201.69,5201.79,5181.97,5194.27
2026-02-25T15:00:00+08:00,5194.65,5195.17,5180.065,5184.71
2026-02-25T16:00:00+08:00,5184.61,5197.202,5183.82,5185.33
2026-02-25T17:00:00+08:00,5185.26,5194.46,5176.21,5193.25
2026-02-25T18:00:00+08:00,5193.2,5195.17,5169.69,5174.68
2026-02-25T19:00:00+08:00,5175.02,5182.708,5154.75,5181.405
2026-02-25T20:00:00+08:00,5181.48,5187.3,5177.01,5182.928
2026-02-25T21:00:00+08:00,5182.74,5191.42,5180.73,5185.12
2026-02-25T22:00:00+08:00,5185.12,5193.4,5158.445,5191.24
2026-02-25T23:00:00+08:00,5191.24,5202.63,5171.758,5194.76
2026-02-26T00:00:00+08:00,5194.77,5213.873,5189.37,5212.3
2026-02-26T01:00:00+08:00,5212.23,5217.7,5203.444,5206.99
2026-02-26T02:00:00+08:00,5206.585,5207.84,5200.37,5201.964
2026-02-26T03:00:00+08:00,5201.56,5208.404,5191.325,5204.745
2026-02-26T04:00:00+08:00,5204.979,5206.27,5144.958,5151.79
2026-02-26T05:00:00+08:00,5152.12,5173.64,5149.84,5164.31
2026-02-26T07:00:00+08:00,5160.5,5181.972,5159.46,5162.81
2026-02-26T08:00:00+08:00,5162.87,5192.079,5154.8,5188.22
2026-02-26T09:00:00+08:00,5188.36,5198.4,5178.09,5191.39
2026-02-26T10:00:00+08:00,5191.434,5195.71,5173.46,5184.095
2026-02-26T11:00:00+08:00,5184.23,5193.77,5182.63,5192.62
2026-02-26T12:00:00+08:00,5192.49,5199.348,5190.02,5192.265
2026-02-26T13:00:00+08:00,5192.668,5205.472,5189.765,5198.17
2026-02-26T14:00:00+08:00,5198.105,5199.568,5190,5193.28
2026-02-26T15:00:00+08:00,5193.17,5194.82,5179.26,5185.93
2026-02-26T16:00:00+08:00,5185.59,5190.845,5167.265,5179.27
2026-02-26T17:00:00+08:00,5179.27,5189.736,5173.51,5186.34
2026-02-26T18:00:00+08:00,5186.339,5190.128,5165.458,5171.32
2026-02-26T19:00:00+08:00,5171.31,5178.34,5160.96,5164.64
2026-02-26T20:00:00+08:00,5164.58,5187.81,5157.29,5183.93
2026-02-26T21:00:00+08:00,5183.61,5185.613,5163.87,5165.78
2026-02-26T22:00:00+08:00,5165.935,5176.29,5139.26,5164.64
2026-02-26T23:00:00+08:00,5164.815,5192.92,5129.495,5185.72
2026-02-27T00:00:00+08:00,5185.553,5187.29,5172.51,5179.61
2026-02-27T01:00:00+08:00,5179.63,5190.42,5161.645,5167.16
2026-02-27T02:00:00+08:00,5166.85,5185.85,5159.82,5180.315
2026-02-27T03:00:00+08:00,5180.37,5194.02,5179.258,5186.96
2026-02-27T04:00:00+08:00,5186.99,5201.08,5186.49,5196.42
2026-02-27T05:00:00+08:00,5196.364,5200.81,5181.65,5181.65
2026-02-27T07:00:00+08:00,5184.16,5189.47,5175.39,5184.424
2026-02-27T08:00:00+08:00,5184.07,5194.99,5169.78,5175.1
2026-02-27T09:00:00+08:00,5174.95,5194.55,5166.43,5194.06
2026-02-27T10:00:00+08:00,5193.96,5199.66,5173.04,5183.38
2026-02-27T11:00:00+08:00,5183.345,5190.54,5180.59,5183.675
2026-02-27T12:00:00+08:00,5183.57,5188.78,5180.52,5181.814
2026-02-27T13:00:00+08:00,5181.6,5200.47,5180.94,5197.904
2026-02-27T14:00:00+08:00,5197.73,5199.178,5184.61,5185.27
2026-02-27T15:00:00+08:00,5185.7,5189.728,5175.31,5175.54
2026-02-27T16:00:00+08:00,5175.94,5182.35,5173.82,5178.56
2026-02-27T17:00:00+08:00,5178.27,5182.64,5171.81,5175.89
2026-02-27T18:00:00+08:00,5175.9,5180.951,5168.13,5177.415
2026-02-27T19:00:00+08:00,5177.57,5185.62,5172.21,5185.515
2026-02-27T20:00:00+08:00,5185.67,5190.61,5182.54,5187.42
2026-02-27T21:00:00+08:00,5187.564,5240.54,5186.415,5223
2026-02-27T22:00:00+08:00,5223.03,5236.29,5213.26,5223.71
2026-02-27T23:00:00+08:00,5223.71,5246.573,5214.28,5239.235
2026-02-28T00:00:00+08:00,5239.265,5257.8,5221.635,5228.63
2026-02-28T01:00:00+08:00,5229.03,5236.95,5220.375,5234.73
2026-02-28T02:00:00+08:00,5234.72,5246.987,5222.16,5245.358
2026-02-28T03:00:00+08:00,5244.9,5252.428,5239.7,5250
2026-02-28T04:00:00+08:00,5249.625,5265.39,5248.18,5262.995
2026-02-28T05:00:00+08:00,5263.14,5281.327,5256.64,5278.607
2026-03-02T07:00:00+08:00,5281.53,5393.41,5281.33,5386.957
2026-03-02T08:00:00+08:00,5386.72,5388,5340.2,5347.24
2026-03-02T09:00:00+08:00,5346.57,5347.537,5302.28,5324.12
2026-03-02T10:00:00+08:00,5324.615,5351.8,5316.48,5346.04
2026-03-02T11:00:00+08:00,5346.457,5366.75,5343.59,5366.2
2026-03-02T12:00:00+08:00,5366.188,5367.027,5344.505,5355.69
2026-03-02T13:00:00+08:00,5355.83,5366.41,5340.51,5366.07
2026-03-02T14:00:00+08:00,5365.929,5389.857,5363.14,5387.368
2026-03-02T15:00:00+08:00,5387.235,5419.32,5384.47,5408.34
2026-03-02T16:00:00+08:00,5408,5416.71,5390.73,5393.77
2026-03-02T17:00:00+08:00,5394.082,5402.815,5385.535,5391.97
2026-03-02T18:00:00+08:00,5391.94,5400.86,5378.45,5389.233
2026-03-02T19:00:00+08:00,5388.87,5400.04,5373.64,5385.08
2026-03-02T20:00:00+08:00,5385.21,5398.8,5378.61,5396.8
2026-03-02T21:00:00+08:00,5396.755,5416.86,5381.33,5393.78
2026-03-02T22:00:00+08:00,5393.79,5395.28,5305.49,5333.468
2026-03-02T23:00:00+08:00,5333.68,5349.07,5307.82,5315.565
2026-03-03T00:00:00+08:00,5315.73,5316.12,5260.03,5289.655
2026-03-03T01:00:00+08:00,5289.86,5320.767,5286.11,5306.26
2026-03-03T02:00:00+08:00,5306.67,5316.667,5289.07,5315.55
2026-03-03T03:00:00+08:00,5315.429,5334.14,5313.575,5330.26
2026-03-03T04:00:00+08:00,5330.25,5346.43,5327.99,5331.92
2026-03-03T05:00:00+08:00,5332.312,5340.457,5320.62,5321.92
2026-03-03T07:00:00+08:00,5323.15,5347.196,5322.55,5345.79
2026-03-03T08:00:00+08:00,5345.832,5362.182,5336.48,5350.19
2026-03-03T09:00:00+08:00,5349.905,5379.867,5337.53,5338.735
2026-03-03T10:00:00+08:00,5338.832,5368.12,5331.61,5366.31
2026-03-03T11:00:00+08:00,5366.792,5373.6,5358.598,5367.187
2026-03-03T12:00:00+08:00,5366.98,5375.674,5358.96,5360.952
2026-03-03T13:00:00+08:00,5360.855,5367.1,5304.29,5318.91
2026-03-03T14:00:00+08:00,5319.038,5323.113,5278.598,5310.06
2026-03-03T15:00:00+08:00,5310.51,5331.32,5305.57,5327.435
2026-03-03T16:00:00+08:00,5327.6,5336,5289.835,5295.589
2026-03-03T17:00:00+08:00,5295.601,5304,5225.866,5274.95
2026-03-03T18:00:00+08:00,5274.939,5288.07,5237.27,5248.285
2026-03-03T19:00:00+08:00,5247.93,5264.16,5073.44,5144.619
2026-03-03T20:00:00+08:00,5144.78,5226.708,5137.76,5224.698
2026-03-03T21:00:00+08:00,5224.68,5225.28,5126.74,5155.98
2026-03-03T22:00:00+08:00,5156.62,5175.498,5015.67,5037.948
2026-03-03T23:00:00+08:00,5038.39,5097.03,4995.475,5095.21
2026-03-04T00:00:00+08:00,5095.651,5134.74,5089.63,5106.305
2026-03-04T01:00:00+08:00,5106.829,5109.968,5064.68,5079.1
2026-03-04T02:00:00+08:00,5079.08,5138.33,5078.46,5136.004
2026-03-04T03:00:00+08:00,5136.004,5149.02,5098.95,5113.15
2026-03-04T04:00:00+08:00,5112.77,5130.534,5085.43,5097.097
2026-03-04T05:00:00+08:00,5096.969,5110.45,5082.78,5088.33
2026-03-04T07:00:00+08:00,5101.22,5129.81,5083.21,5125.16
2026-03-04T08:00:00+08:00,5125.309,5140.278,5105.348,5138.21
2026-03-04T09:00:00+08:00,5138.55,5178.5,5138.16,5174.99
2026-03-04T10:00:00+08:00,5174.96,5190.784,5153.46,5156.22
2026-03-04T11:00:00+08:00,5156.296,5177.636,5140.43,5174.41
2026-03-04T12:00:00+08:00,5174.018,5181.03,5151.77,5156.64
2026-03-04T13:00:00+08:00,5156.63,5168.272,5151.61,5160.019
2026-03-04T14:00:00+08:00,5159.395,5160.91,5119.728,5159.87
2026-03-04T15:00:00+08:00,5160.704,5175.983,5158.01,5168.259
2026-03-04T16:00:00+08:00,5168.259,5182.317,5147.238,5167.573
2026-03-04T17:00:00+08:00,5167.7,5185.093,5158.41,5182.17
2026-03-04T18:00:00+08:00,5181.995,5202.61,5179.24,5189.844
2026-03-04T19:00:00+08:00,5189.82,5200.822,5187.35,5192
2026-03-04T20:00:00+08:00,5191.91,5206.138,5155.99,5171.217
2026-03-04T21:00:00+08:00,5171.212,5196.25,5167.135,5168.096
2026-03-04T22:00:00+08:00,5167.6,5185.147,5138.22,5146.518
2026-03-04T23:00:00+08:00,5146.373,5167.12,5130.56,5151.299
2026-03-05T00:00:00+08:00,5150.949,5162.62,5137.59,5149.674
2026-03-05T01:00:00+08:00,5149.37,5153.15,5119.73,5141.128
2026-03-05T02:00:00+08:00,5141.11,5143.522,5108.678,5133.52
2026-03-05T03:00:00+08:00,5133.727,5139.59,5122.93,5137.994
2026-03-05T04:00:00+08:00,5137.685,5146.774,5123.27,5134.36
2026-03-05T05:00:00+08:00,5134.779,5144.6,5128.9,5140.94
2026-03-05T07:00:00+08:00,5134.86,5166.11,5134.86,5164.91
2026-03-05T08:00:00+08:00,5164.91,5179.93,5159.04,5172.43
2026-03-05T09:00:00+08:00,5172.18,5186.59,5166.84,5172.553
2026-03-05T10:00:00+08:00,5172.41,5192.54,5171.05,5191.94
2026-03-05T11:00:00+08:00,5191.944,5194.953,5177.975,5179.84
2026-03-05T12:00:00+08:00,5180.148,5186.6,5165.995,5171.77
2026-03-05T13:00:00+08:00,5171.28,5176.799,5147.83,5148.45
2026-03-05T14:00:00+08:00,5148.879,5168.81,5119.995,5167.47
2026-03-05T15:00:00+08:00,5167.504,5172.74,5158.34,5162.14
2026-03-05T16:00:00+08:00,5162.154,5170.26,5137.2,5165.66
2026-03-05T17:00:00+08:00,5165.49,5180.71,5152.93,5161.044
2026-03-05T18:00:00+08:00,5160.67,5167.56,5145.81,5164.22
2026-03-05T19:00:00+08:00,5164.48,5167.95,5156.51,5163.932
2026-03-05T20:00:00+08:00,5163.655,5171.622,5160.49,5162.504
2026-03-05T21:00:00+08:00,5162.385,5164.235,5082.195,5118.148
2026-03-05T22:00:00+08:00,5117.9,5129.877,5090.1,5102.259
2026-03-05T23:00:00+08:00,5102.1,5120.04,5060.32,5102.235
2026-03-06T00:00:00+08:00,5102.4,5104.62,5053.69,5077.405
2026-03-06T01:00:00+08:00,5076.93,5089.629,5054.23,5062.834
2026-03-06T02:00:00+08:00,5062.834,5085.499,5050.638,5069.24
2026-03-06T03:00:00+08:00,5068.64,5081.35,5055.235,5066.089
2026-03-06T04:00:00+08:00,5065.92,5094.8,5061.34,5076.41
2026-03-06T05:00:00+08:00,5076.683,5084.999,5071.42,5084.69
2026-03-06T07:00:00+08:00,5086.76,5102.09,5081.62,5085.55
2026-03-06T08:00:00+08:00,5086.12,5092.369,5073.33,5084.47
2026-03-06T09:00:00+08:00,5084.42,5143.84,5065.44,5134.425
2026-03-06T10:00:00+08:00,5134.59,5138.57,5121.51,5126.38
2026-03-06T11:00:00+08:00,5126.299,5141.57,5123.63,5131.07
2026-03-06T12:00:00+08:00,5131.08,5136.339,5125.898,5126.96
2026-03-06T13:00:00+08:00,5127.6,5130.109,5113.53,5117.349
2026-03-06T14:00:00+08:00,5117.11,5122.86,5108.69,5115.829
2026-03-06T15:00:00+08:00,5115.606,5120.71,5105.22,5119.61
2026-03-06T16:00:00+08:00,5119.529,5123.12,5095.8,5108.494
2026-03-06T17:00:00+08:00,5108.525,5109.55,5083.048,5085.689
2026-03-06T18:00:00+08:00,5085.7,5093.055,5075.32,5090.971
2026-03-06T19:00:00+08:00,5090.04,5099.968,5062.01,5076.85
2026-03-06T20:00:00+08:00,5076.655,5096.632,5075.76,5082.85
2026-03-06T21:00:00+08:00,5083.25,5131.13,5065,5084.58
2026-03-06T22:00:00+08:00,5084.495,5132.36,5080.51,5130.424
2026-03-06T23:00:00+08:00,5130.486,5171.58,5127.498,5141.89
2026-03-07T00:00:00+08:00,5141.9,5153.192,5125.6,5140.62
2026-03-07T01:00:00+08:00,5139.92,5152.444,5128.34,5140.64
2026-03-07T02:00:00+08:00,5140.51,5167.633,5138.248,5160.89
2026-03-07T03:00:00+08:00,5161.08,5174.651,5156.26,5159.739
2026-03-07T04:00:00+08:00,5159.746,5162.656,5149.155,5153.386
2026-03-07T05:00:00+08:00,5153.35,5177.059,5150.39,5171.798
2026-03-09T06:00:00+08:00,5180.27,5197.868,5103.375,5129.69
2026-03-09T07:00:00+08:00,5129.96,5135.625,5043.468,5075.34
2026-03-09T08:00:00+08:00,5075.41,5080.748,5027.81,5049.89
2026-03-09T09:00:00+08:00,5049.61,5087.84,5013.96,5069.85
2026-03-09T10:00:00+08:00,5070.075,5099.26,5054.84,5094.8
2026-03-09T11:00:00+08:00,5094.789,5102.317,5080.95,5090.76
2026-03-09T12:00:00+08:00,5091.36,5097.36,5084.58,5090.17
2026-03-09T13:00:00+08:00,5090.195,5140.42,5080.45,5124.21
2026-03-09T14:00:00+08:00,5124.17,5134.07,5096.45,5097.385
2026-03-09T15:00:00+08:00,5097.12,5107.801,5087.89,5098.983
2026-03-09T16:00:00+08:00,5099.01,5110.75,5086.71,5096.14
2026-03-09T17:00:00+08:00,5096.62,5132.6,5094.67,5105.23
2026-03-09T18:00:00+08:00,5105.39,5111.26,5083.405,5087.115
2026-03-09T19:00:00+08:00,5086.96,5097.454,5079.235,5087.89
2026-03-09T20:00:00+08:00,5087.965,5112.33,5087.229,5094.871
2026-03-09T21:00:00+08:00,5094.66,5111.39,5066.6,5073.921
2026-03-09T22:00:00+08:00,5073.931,5116.08,5060.139,5093.79
2026-03-09T23:00:00+08:00,5093.813,5103.53,5078.87,5099.52
2026-03-10T00:00:00+08:00,5099.581,5110.74,5094.505,5104.71
2026-03-10T01:00:00+08:00,5104.651,5106.83,5088.62,5095.73
2026-03-10T02:00:00+08:00,5095.75,5126.54,5092.135,5123.32
2026-03-10T03:00:00+08:00,5123.31,5144.18,5117.82,5140.95
2026-03-10T04:00:00+08:00,5140.97,5148.1,5133.47,5138.785
2026-03-10T06:00:00+08:00,5139.49,5153.23,5116.94,5152.89
2026-03-10T07:00:00+08:00,5152.35,5156.13,5135.07,5139.55
2026-03-10T08:00:00+08:00,5139.435,5141.345,5124.32,5130.93
2026-03-10T09:00:00+08:00,5131.05,5186.252,5123.85,5184.08
2026-03-10T10:00:00+08:00,5184.254,5186.944,5163.37,5165.65
2026-03-10T11:00:00+08:00,5165.665,5173.38,5155.348,5157.338
2026-03-10T12:00:00+08:00,5157.409,5166.633,5153.84,5163.774
2026-03-10T13:00:00+08:00,5163.77,5179.34,5163.4,5177.735
2026-03-10T14:00:00+08:00,5177.86,5180.947,5171.24,5174.64
2026-03-10T15:00:00+08:00,5175.284,5181.39,5157.94,5180.933
2026-03-10T16:00:00+08:00,5180.855,5195.244,5174.56,5183.46
2026-03-10T17:00:00+08:00,5183.05,5189.37,5180.12,5182.584
2026-03-10T18:00:00+08:00,5182.574,5183.999,5156.05,5177.24
2026-03-10T19:00:00+08:00,5177.22,5191.9,5171.43,5175.05
2026-03-10T20:00:00+08:00,5175.037,5189.5,5161.89,5186.91
2026-03-10T21:00:00+08:00,5186.919,5228.75,5185.63,5204.885
2026-03-10T22:00:00+08:00,5205.59,5214.41,5184.75,5206.73
2026-03-10T23:00:00+08:00,5206.92,5238.623,5202.74,5228.395
2026-03-11T00:00:00+08:00,5228.608,5235.58,5222.12,5227.56
2026-03-11T01:00:00+08:00,5227.758,5235.47,5223.215,5227.525
2026-03-11T02:00:00+08:00,5227.6,5228.01,5160.367,5191.31
2026-03-11T03:00:00+08:00,5191.63,5207.54,5179.18,5198.46
2026-03-11T04:00:00+08:00,5198.62,5199.15,5189.55,5190.61
2026-03-11T06:00:00+08:00,5187.03,5198,5181.91,5189.13
2026-03-11T07:00:00+08:00,5189.13,5197.427,5187.21,5196.7
2026-03-11T08:00:00+08:00,5197.09,5219.43,5186.24,5215.095
2026-03-11T09:00:00+08:00,5215.328,5223.22,5208.185,5208.185
2026-03-11T10:00:00+08:00,5208.564,5220.533,5193.72,5217.29
2026-03-11T11:00:00+08:00,5217.26,5220.39,5198.85,5203.23
2026-03-11T12:00:00+08:00,5203.33,5208.61,5198.99,5204.215
2026-03-11T13:00:00+08:00,5204.27,5208.26,5190.22,5199.445
2026-03-11T14:00:00+08:00,5199.544,5210.77,5191.02,5197.474
2026-03-11T15:00:00+08:00,5197.593,5202.218,5184.14,5195.7
2026-03-11T16:00:00+08:00,5195.659,5198.628,5175.09,5187.385
2026-03-11T17:00:00+08:00,5187.48,5197.14,5179.17,5187.79
2026-03-11T18:00:00+08:00,5187.76,5195.29,5176.72,5185.595
2026-03-11T19:00:00+08:00,5186.009,5193.57,5175.23,5181.11
2026-03-11T20:00:00+08:00,5180.47,5197.14,5166.42,5167.46
2026-03-11T21:00:00+08:00,5167.47,5183.104,5148.81,5176.38
2026-03-11T22:00:00+08:00,5176.894,5196.37,5173.82,5183.38
2026-03-11T23:00:00+08:00,5183.193,5185.853,5163.58,5166.24
2026-03-12T00:00:00+08:00,5166.33,5178.09,5163.345,5175.57
2026-03-12T01:00:00+08:00,5175.69,5181.1,5154.165,5169.66
2026-03-12T02:00:00+08:00,5169.73,5178.39,5168.74,5172.459
2026-03-12T03:00:00+08:00,5172.42,5183.73,5168.9,5183.18
2026-03-12T04:00:00+08:00,5182.965,5183.63,5174.61,5176.27
2026-03-12T06:00:00+08:00,5176.15,5183.768,5128.86,5139.06
2026-03-12T07:00:00+08:00,5138.904,5157.977,5132.43,5133.99
2026-03-12T08:00:00+08:00,5134.468,5161.674,5124.94,5152.914
2026-03-12T09:00:00+08:00,5152.86,5172.97,5150.91,5168.63
2026-03-12T10:00:00+08:00,5168.43,5175.2,5145.19,5150.714
2026-03-12T11:00:00+08:00,5149.91,5155.56,5146.91,5153.02
2026-03-12T12:00:00+08:00,5152.65,5153.94,5140.01,5142.62
2026-03-12T13:00:00+08:00,5142.59,5157.73,5136.65,5154.365
2026-03-12T14:00:00+08:00,5154.56,5170.41,5146.69,5166.28
2026-03-12T15:00:00+08:00,5166.21,5185.174,5164.03,5181.92
2026-03-12T16:00:00+08:00,5182.024,5189.79,5175.48,5178.088
2026-03-12T17:00:00+08:00,5178.14,5190.485,5174.03,5188.383
2026-03-12T18:00:00+08:00,5188.21,5191.77,5175.73,5181.98
2026-03-12T19:00:00+08:00,5182.288,5183.93,5172.4,5178.95
2026-03-12T20:00:00+08:00,5178.993,5185.75,5163.38,5181.404
2026-03-12T21:00:00+08:00,5181.29,5186.134,5145.68,5151.224
2026-03-12T22:00:00+08:00,5151.124,5163.67,5138.158,5143.14
2026-03-12T23:00:00+08:00,5142.675,5144.98,5108.93,5132.115
2026-03-13T00:00:00+08:00,5132.65,5138.12,5120.838,5123.53
2026-03-13T01:00:00+08:00,5123.544,5129.69,5102.23,5105.295
2026-03-13T02:00:00+08:00,5105.251,5112.595,5090.47,5094.279
2026-03-13T03:00:00+08:00,5094.289,5096.834,5079.125,5084.425
2026-03-13T04:00:00+08:00,5084.779,5090.805,5054.24,5080.07
2026-03-13T06:00:00+08:00,5080.27,5096.207,5071.815,5095.79
2026-03-13T07:00:00+08:00,5095.22,5101.24,5088.365,5098.065
2026-03-13T08:00:00+08:00,5097.48,5115.26,5096.86,5113.664
2026-03-13T09:00:00+08:00,5113.64,5124.485,5108.28,5124.05
2026-03-13T10:00:00+08:00,5123.97,5128.43,5110.07,5111.69
2026-03-13T11:00:00+08:00,5111.96,5116.7,5105.67,5115.549
2026-03-13T12:00:00+08:00,5115.11,5117.954,5102.15,5104.025
2026-03-13T13:00:00+08:00,5104.209,5111.115,5097.59,5103.175
2026-03-13T14:00:00+08:00,5102.38,5107.86,5085.23,5087.81
2026-03-13T15:00:00+08:00,5088.309,5094.235,5071.21,5085.21
2026-03-13T16:00:00+08:00,5085.06,5088.03,5060.98,5087.155
2026-03-13T17:00:00+08:00,5087.35,5097.07,5082.945,5089.22
2026-03-13T18:00:00+08:00,5089.529,5098.299,5079.46,5094.764
2026-03-13T19:00:00+08:00,5094.89,5107.77,5085.93,5107.35
2026-03-13T20:00:00+08:00,5107.719,5121.86,5104.03,5118.249
2026-03-13T21:00:00+08:00,5117.93,5121.32,5096.27,5101.677
2026-03-13T22:00:00+08:00,5101.8,5107.99,5035.35,5041.73
2026-03-13T23:00:00+08:00,5041.315,5071.45,5030.36,5034.12
2026-03-14T00:00:00+08:00,5034.64,5053.1,5018.7,5045.91
2026-03-14T01:00:00+08:00,5045.72,5063.917,5043.03,5046.29
2026-03-14T02:00:00+08:00,5046.289,5051.705,5035.69,5045.92
2026-03-14T03:00:00+08:00,5046.41,5049.76,5009.32,5016.28
2026-03-14T04:00:00+08:00,5016.15,5025.37,5011.95,5018.098
2026-03-16T06:00:00+08:00,5004.25,5030.415,4998.205,5024.917
2026-03-16T07:00:00+08:00,5024.99,5026.207,4966.12,4997.08
2026-03-16T08:00:00+08:00,4997.255,5030.964,4996.39,5025.27
2026-03-16T09:00:00+08:00,5025.7,5026.57,4981.94,5015.874
2026-03-16T10:00:00+08:00,5015.705,5018.759,4997.39,5003.62
2026-03-16T11:00:00+08:00,5003.62,5020.75,4997.61,5019.12
2026-03-16T12:00:00+08:00,5019.12,5026.31,5012.04,5012.455
2026-03-16T13:00:00+08:00,5012.7,5020.09,5002.81,5016.92
2026-03-16T14:00:00+08:00,5017.33,5036.02,5005.045,5012.19
2026-03-16T15:00:00+08:00,5012.11,5016.42,4991.28,4995.315
2026-03-16T16:00:00+08:00,4995.22,5003.51,4984.66,4991.03
2026-03-16T17:00:00+08:00,4990.73,4991.72,4972.175,4975.428
2026-03-16T18:00:00+08:00,4975.287,4999.517,4969.82,4998.66
2026-03-16T19:00:00+08:00,4998.67,5022.58,4992.455,4996.71
2026-03-16T20:00:00+08:00,4997.02,5025.68,4994,5019.93
2026-03-16T21:00:00+08:00,5019.91,5034.46,5013.525,5029.76
2026-03-16T22:00:00+08:00,5029.5,5038.112,4987.52,4996.025
2026-03-16T23:00:00+08:00,4996.09,5005.81,4983.61,4986.9
2026-03-17T00:00:00+08:00,4987.007,4998.79,4973.63,4990.34
2026-03-17T01:00:00+08:00,4990.1,5003.88,4983.68,4991.23
2026-03-17T02:00:00+08:00,4991.22,5017.8,4989.78,5012.76
2026-03-17T03:00:00+08:00,5012.19,5020.23,5007.68,5012.84
2026-03-17T04:00:00+08:00,5012.861,5021.74,5003.76,5004.535
2026-03-17T06:00:00+08:00,5007.73,5016.11,4997.92,5002.325
2026-03-17T07:00:00+08:00,5001.77,5015.58,5001.335,5012.44
2026-03-17T08:00:00+08:00,5012.91,5014.21,4997.49,5002.8
2026-03-17T09:00:00+08:00,5002.8,5027.885,4994.37,5027.72
2026-03-17T10:00:00+08:00,5027.765,5029.73,5019.59,5022.71
2026-03-17T11:00:00+08:00,5022.12,5033.58,5020.09,5027.64
2026-03-17T12:00:00+08:00,5027.03,5042.117,5025.73,5037.96
2026-03-17T13:00:00+08:00,5037.889,5044.53,5019.77,5020.66
2026-03-17T14:00:00+08:00,5020.475,5022.84,5004.685,5010.07
2026-03-17T15:00:00+08:00,5009.86,5028.04,5008.54,5021.149
2026-03-17T16:00:00+08:00,5020.9,5029.72,5018.225,5024.39
2026-03-17T17:00:00+08:00,5024.65,5025.89,5009.75,5010.56
2026-03-17T18:00:00+08:00,5010.575,5016.42,4991.71,5000.11
2026-03-17T19:00:00+08:00,5000.165,5011.545,4996.43,5002.88
2026-03-17T20:00:00+08:00,5003.12,5023.95,4999.07,5011.94
2026-03-17T21:00:00+08:00,5011.68,5031.54,5005.02,5016.641
2026-03-17T22:00:00+08:00,5016.66,5020.51,5002.61,5007.27
2026-03-17T23:00:00+08:00,5007.595,5017.49,4973.23,4997.725
2026-03-18T00:00:00+08:00,4997.745,5005.88,4991.17,5002.035
2026-03-18T01:00:00+08:00,5002.025,5008.78,4996.03,5002.405
2026-03-18T02:00:00+08:00,5002.46,5009.02,4999.26,5003.575
2026-03-18T03:00:00+08:00,5003.729,5005.56,4996.06,5000.13
2026-03-18T04:00:00+08:00,5000.13,5006.69,4999.46,5006.505
2026-03-18T06:00:00+08:00,5005.96,5006.53,4992.68,4999.38
2026-03-18T07:00:00+08:00,4999.8,5003.77,4998.39,5002.97
2026-03-18T08:00:00+08:00,5002.58,5012.41,4999.61,5004.21
2026-03-18T09:00:00+08:00,5004.19,5016.01,4990.78,4998.345
2026-03-18T10:00:00+08:00,4998.19,5007.07,4989.995,4991.905
2026-03-18T11:00:00+08:00,4991.905,4997.74,4985.845,4990.72
2026-03-18T12:00:00+08:00,4991.195,4993.545,4981.425,4987.17
2026-03-18T13:00:00+08:00,4986.9,5002.49,4984.26,4997.56
2026-03-18T14:00:00+08:00,4997.05,5016.41,4995.91,5009.335
2026-03-18T15:00:00+08:00,5009.33,5014.86,4990.15,4995
2026-03-18T16:00:00+08:00,4994.209,4996.973,4977.14,4986.609
2026-03-18T17:00:00+08:00,4987.565,4995.68,4984.029,4992.075
2026-03-18T18:00:00+08:00,4991.95,4992.21,4958.575,4967.45
2026-03-18T19:00:00+08:00,4967.82,4974.05,4924.575,4930.186
2026-03-18T20:00:00+08:00,4930.1,4932.46,4870.34,4881.42
2026-03-18T21:00:00+08:00,4881.441,4885.559,4833.78,4878.09
2026-03-18T22:00:00+08:00,4878.322,4894.61,4856.2,4869.285
2026-03-18T23:00:00+08:00,4869.51,4880.026,4860.82,4862.185
2026-03-19T00:00:00+08:00,4862.476,4890.448,4860.668,4887.01
2026-03-19T01:00:00+08:00,4886.876,4899.001,4883.38,4890.64
2026-03-19T02:00:00+08:00,4889.535,4899.328,4851.79,4852.946
2026-03-19T03:00:00+08:00,4852.94,4865.31,4837.77,4842.981
2026-03-19T04:00:00+08:00,4843.185,4848.535,4806.59,4818.77
2026-03-19T06:00:00+08:00,4828.6,4839.01,4803.845,4833.82
2026-03-19T07:00:00+08:00,4834.567,4842.497,4827.8,4836.691
2026-03-19T08:00:00+08:00,4836.74,4848.75,4834.87,4840.5
2026-03-19T09:00:00+08:00,4841.176,4867.186,4832.16,4849.927
2026-03-19T10:00:00+08:00,4849.957,4862.12,4840.95,4858.646
2026-03-19T11:00:00+08:00,4858.28,4866.08,4850.388,4850.835
2026-03-19T12:00:00+08:00,4850.47,4853.78,4845.25,4849.15
2026-03-19T13:00:00+08:00,4849.817,4853.897,4826.56,4827.43
2026-03-19T14:00:00+08:00,4827.447,4842.265,4747.505,4763.762
2026-03-19T15:00:00+08:00,4763.78,4784.275,4726.64,4727.88
2026-03-19T16:00:00+08:00,4727.42,4740.55,4686.33,4709.193
2026-03-19T17:00:00+08:00,4709.222,4725.8,4687.36,4698.896
2026-03-19T18:00:00+08:00,4698.94,4719.892,4666.05,4679.03
2026-03-19T19:00:00+08:00,4678.925,4699.672,4650.5,4651.505
2026-03-19T20:00:00+08:00,4652.66,4653.91,4530.945,4574.2
2026-03-19T21:00:00+08:00,4574.308,4621.323,4502.01,4621.323
2026-03-19T22:00:00+08:00,4621.373,4649.063,4580.69,4601.495
2026-03-19T23:00:00+08:00,4601.612,4639,4565.56,4596.51
2026-03-20T00:00:00+08:00,4595.905,4626.61,4576.21,4584.773
2026-03-20T01:00:00+08:00,4584.78,4629.77,4573.46,4616.01
2026-03-20T02:00:00+08:00,4615.749,4623.17,4595.835,4622.82
2026-03-20T03:00:00+08:00,4622.89,4663.263,4622.58,4643.39
2026-03-20T04:00:00+08:00,4643.83,4661.887,4642.54,4649.41
2026-03-20T06:00:00+08:00,4654.13,4677.12,4635.43,4636.36
2026-03-20T07:00:00+08:00,4636.26,4648.01,4633.46,4643.325
2026-03-20T08:00:00+08:00,4642.7,4665.171,4641.72,4647.76
2026-03-20T09:00:00+08:00,4648.68,4699.34,4638.57,4677.2
2026-03-20T10:00:00+08:00,4677.31,4703.57,4669.54,4697.915
2026-03-20T11:00:00+08:00,4697.972,4736.48,4692.72,4725.682
2026-03-20T12:00:00+08:00,4725.6,4727.542,4714.98,4721.2
2026-03-20T13:00:00+08:00,4721.57,4723.71,4685.04,4688.35
2026-03-20T14:00:00+08:00,4688.41,4701.12,4660.81,4668.77
2026-03-20T15:00:00+08:00,4669.31,4707.978,4667.5,4706.22
2026-03-20T16:00:00+08:00,4706.21,4734.796,4684.37,4693.78
2026-03-20T17:00:00+08:00,4693.08,4700.39,4659.32,4667.557
2026-03-20T18:00:00+08:00,4666.96,4670.108,4637.57,4645.3
2026-03-20T19:00:00+08:00,4645.369,4674.38,4636.46,4671.66
2026-03-20T20:00:00+08:00,4671.44,4695.6,4661.498,4677.63
2026-03-20T21:00:00+08:00,4678.39,4679.57,4612.27,4616.3
2026-03-20T22:00:00+08:00,4616.462,4622.61,4547.17,4564.193
2026-03-20T23:00:00+08:00,4564.193,4580.244,4540.09,4553.41
2026-03-21T00:00:00+08:00,4553.414,4613.803,4551.35,4583.273
2026-03-21T01:00:00+08:00,4583.29,4600.633,4553.83,4572.55
2026-03-21T02:00:00+08:00,4573.37,4578.41,4477.11,4498.81
2026-03-21T03:00:00+08:00,4499.67,4516.634,4484.83,4501.14
2026-03-21T04:00:00+08:00,4501.522,4514.744,4489.758,4491.67
2026-03-23T06:00:00+08:00,4468.254,4536.37,4448.78,4497.99
2026-03-23T07:00:00+08:00,4498.15,4510.73,4451.808,4464.764
2026-03-23T08:00:00+08:00,4464.7,4473.43,4318.825,4354.17
2026-03-23T09:00:00+08:00,4354.175,4453.98,4329.775,4387.38
2026-03-23T10:00:00+08:00,4387.42,4422.065,4354.02,4360.49
2026-03-23T11:00:00+08:00,4360.155,4377.944,4334.14,4352.95
2026-03-23T12:00:00+08:00,4352.08,4381.8,4349.52,4367.65
2026-03-23T13:00:00+08:00,4367.505,4380.18,4301.698,4310.295
2026-03-23T14:00:00+08:00,4310.285,4310.69,4162.445,4220.43
2026-03-23T15:00:00+08:00,4220.43,4232.788,4098.275,4204.03
2026-03-23T16:00:00+08:00,4204.056,4270.85,4202.059,4251.038
2026-03-23T17:00:00+08:00,4251.25,4308.4,4223.08,4253.576
2026-03-23T18:00:00+08:00,4253.245,4281.89,4240.65,4269.02
2026-03-23T19:00:00+08:00,4269,4463.284,4268.33,4378.96
2026-03-23T20:00:00+08:00,4379.096,4492.53,4336.305,4477.52
2026-03-23T21:00:00+08:00,4478.554,4485.7,4400.995,4453.93
2026-03-23T22:00:00+08:00,4453.975,4512.85,4452.87,4461.724
2026-03-23T23:00:00+08:00,4461.763,4486.91,4350.54,4363.495
2026-03-24T00:00:00+08:00,4363.79,4391.704,4352.058,4375
2026-03-24T01:00:00+08:00,4375.275,4438.97,4370.575,4425.7
2026-03-24T02:00:00+08:00,4426.294,4467.28,4401.99,4448.48
2026-03-24T03:00:00+08:00,4448.83,4450.6,4392.54,4398.045
2026-03-24T04:00:00+08:00,4398.155,4413.43,4382.42,4407.35
2026-03-24T06:00:00+08:00,4417.14,4431.41,4360.05,4426.338
2026-03-24T07:00:00+08:00,4426.978,4448.41,4421.16,4441.07
2026-03-24T08:00:00+08:00,4441.065,4446.55,4330.695,4364.495
2026-03-24T09:00:00+08:00,4364.835,4374.29,4307.46,4322.01
2026-03-24T10:00:00+08:00,4322.04,4379.433,4305.32,4366.04
2026-03-24T11:00:00+08:00,4366.094,4368.39,4334.26,4347.08
2026-03-24T12:00:00+08:00,4346.48,4357.15,4325.83,4333.39
2026-03-24T13:00:00+08:00,4333.33,4374.265,4319.01,4347.17
2026-03-24T14:00:00+08:00,4347.3,4405.2,4342,4401.9
2026-03-24T15:00:00+08:00,4401.815,4433.22,4399.09,4417.415
2026-03-24T16:00:00+08:00,4417.28,4420.98,4390.39,4412.06
2026-03-24T17:00:00+08:00,4411.445,4430.97,4395.35,4426.354
2026-03-24T18:00:00+08:00,4426.4,4441.87,4414.09,4438.41
2026-03-24T19:00:00+08:00,4438.295,4442.1,4373.048,4408.04
2026-03-24T20:00:00+08:00,4407.93,4427.44,4361.39,4379.025
2026-03-24T21:00:00+08:00,4378.705,4389.975,4350.995,4381.461
2026-03-24T22:00:00+08:00,4381.481,4433.805,4380.2,4415.71
2026-03-24T23:00:00+08:00,4415.84,4430.88,4395.758,4411.554
2026-03-25T00:00:00+08:00,4411.61,4427.7,4402.198,4421.38
2026-03-25T01:00:00+08:00,4420.67,4426.47,4371.64,4388.425
2026-03-25T02:00:00+08:00,4388.514,4423.57,4383.545,4389.32
2026-03-25T03:00:00+08:00,4389.565,4411.4,4387.88,4400.325
2026-03-25T04:00:00+08:00,4400.325,4484.24,4396.8,4472.02
2026-03-25T06:00:00+08:00,4469.42,4485.529,4455.258,4484.59
2026-03-25T07:00:00+08:00,4484.32,4551.66,4471.958,4546.693
2026-03-25T08:00:00+08:00,4546.68,4572.04,4536.72,4563.39
2026-03-25T09:00:00+08:00,4563.366,4601.042,4552.085,4594.934
2026-03-25T10:00:00+08:00,4594.802,4602.631,4579.28,4583.63
2026-03-25T11:00:00+08:00,4583.62,4586.32,4567.17,4569.738
2026-03-25T12:00:00+08:00,4569.35,4574.62,4565.04,4572.533
2026-03-25T13:00:00+08:00,4571.77,4573.48,4548.898,4555.57
2026-03-25T14:00:00+08:00,4554.88,4557.007,4532.668,4544.84
2026-03-25T15:00:00+08:00,4545.38,4563.27,4536.548,4539.39
2026-03-25T16:00:00+08:00,4539.411,4567.741,4535.428,4556.15
2026-03-25T17:00:00+08:00,4556.03,4567.66,4527.21,4551.82
2026-03-25T18:00:00+08:00,4551.911,4562.53,4550.75,4558.773
2026-03-25T19:00:00+08:00,4558.7,4585.71,4555.59,4578.793
2026-03-25T20:00:00+08:00,4579.01,4583.7,4520.87,4543.973
2026-03-25T21:00:00+08:00,4543.745,4576.55,4540.29,4544.54
2026-03-25T22:00:00+08:00,4544.681,4579.358,4532.65,4567
2026-03-25T23:00:00+08:00,4567.081,4568.955,4524.64,4558.933
2026-03-26T00:00:00+08:00,4559.11,4564.87,4544.69,4555.341
2026-03-26T01:00:00+08:00,4555.34,4564.041,4542.34,4550.525
2026-03-26T02:00:00+08:00,4550.94,4568.96,4530.12,4538.089
2026-03-26T03:00:00+08:00,4538.164,4539.59,4486.42,4530.725
2026-03-26T04:00:00+08:00,4530.924,4542.13,4493.94,4505.31
2026-03-26T06:00:00+08:00,4525.85,4534.711,4505.098,4517.058
2026-03-26T07:00:00+08:00,4517.581,4518.411,4488.24,4498.32
2026-03-26T08:00:00+08:00,4497.61,4539.345,4497.54,4534.938
2026-03-26T09:00:00+08:00,4535.92,4544.42,4521.78,4535.675
2026-03-26T10:00:00+08:00,4535.45,4535.93,4505.13,4509.24
2026-03-26T11:00:00+08:00,4508.784,4518.93,4499.35,4516.74
2026-03-26T12:00:00+08:00,4516.55,4524.34,4511.21,4520.441
2026-03-26T13:00:00+08:00,4520.55,4522.32,4438.32,4439.19
2026-03-26T14:00:00+08:00,4439.025,4459.42,4415.15,4456.312
2026-03-26T15:00:00+08:00,4455.57,4463.842,4438.25,4452.6
2026-03-26T16:00:00+08:00,4452.585,4459.27,4412.11,4427.772
2026-03-26T17:00:00+08:00,4427.605,4437.06,4414.06,4423.67
2026-03-26T18:00:00+08:00,4423.68,4448.15,4416.35,4443.81
2026-03-26T19:00:00+08:00,4443.002,4456.74,4418.595,4423.105
2026-03-26T20:00:00+08:00,4423.09,4445.83,4416.08,4429.506
2026-03-26T21:00:00+08:00,4429.34,4460.86,4419.39,4452.72
2026-03-26T22:00:00+08:00,4451.96,4479.524,4436.905,4464.488
2026-03-26T23:00:00+08:00,4464.95,4469.17,4433.498,4438.2
2026-03-27T00:00:00+08:00,4438.322,4442.85,4366.2,4389.75
2026-03-27T01:00:00+08:00,4389.205,4402.54,4376.55,4381.46
2026-03-27T02:00:00+08:00,4381.493,4397.754,4367.06,4394.4
2026-03-27T03:00:00+08:00,4394.255,4399.3,4358.53,4364.05
2026-03-27T04:00:00+08:00,4364.021,4420.82,4350.52,4381.91
2026-03-27T06:00:00+08:00,4377.86,4415.59,4369.6,4411.14
2026-03-27T07:00:00+08:00,4411.034,4414.425,4389.405,4405.124
2026-03-27T08:00:00+08:00,4404.58,4411.18,4374.69,4378.596
2026-03-27T09:00:00+08:00,4378.616,4420.589,4376.96,4417.414
2026-03-27T10:00:00+08:00,4417.045,4440.66,4416.7,4431.308
2026-03-27T11:00:00+08:00,4432.13,4446.165,4420.74,4437.52
2026-03-27T12:00:00+08:00,4436.92,4449.6,4430.86,4446.13
2026-03-27T13:00:00+08:00,4446.15,4475.225,4439.95,4453.65
2026-03-27T14:00:00+08:00,4454.65,4472.9,4451.22,4459.385
2026-03-27T15:00:00+08:00,4459.551,4463.11,4442.23,4447.633
2026-03-27T16:00:00+08:00,4447.82,4451.047,4423.235,4423.795
2026-03-27T17:00:00+08:00,4423.84,4438.36,4420.25,4428.85
2026-03-27T18:00:00+08:00,4428.78,4432.98,4410.59,4414.804
2026-03-27T19:00:00+08:00,4414.77,4426.27,4403.85,4419.745
2026-03-27T20:00:00+08:00,4419.62,4445.28,4411.92,4437.56
2026-03-27T21:00:00+08:00,4437.82,4443.918,4413.19,4432.21
2026-03-27T22:00:00+08:00,4431.12,4514.75,4430.095,4509.76
2026-03-27T23:00:00+08:00,4509.764,4555.51,4501.16,4523.973
2026-03-28T00:00:00+08:00,4523.973,4533.81,4505.07,4516.04
2026-03-28T01:00:00+08:00,4515.805,4522.34,4485.855,4486.708
2026-03-28T02:00:00+08:00,4486.589,4528.693,4486.145,4516.8
2026-03-28T03:00:00+08:00,4516.27,4526.28,4500.28,4514.324
2026-03-28T04:00:00+08:00,4514.324,4520.47,4490.885,4493.118
2026-03-30T06:00:00+08:00,4497.74,4515.315,4463.59,4484.36
2026-03-30T07:00:00+08:00,4484.626,4492.859,4443.25,4448.64
2026-03-30T08:00:00+08:00,4448.455,4466.72,4417.665,4432.13
2026-03-30T09:00:00+08:00,4432.07,4475.88,4431.395,4469.38
2026-03-30T10:00:00+08:00,4469.404,4499.355,4458.39,4481.065
2026-03-30T11:00:00+08:00,4481.164,4517.624,4478.01,4495.994
2026-03-30T12:00:00+08:00,4496.004,4498.72,4485.78,4496.91
2026-03-30T13:00:00+08:00,4496.94,4528.55,4496.26,4522.383
2026-03-30T14:00:00+08:00,4522.383,4550.76,4516.38,4532.403
2026-03-30T15:00:00+08:00,4532.39,4534.877,4515.43,4526.965
2026-03-30T16:00:00+08:00,4527.31,4540.595,4524.38,4538.23
2026-03-30T17:00:00+08:00,4538.17,4540.92,4523.02,4532.32
2026-03-30T18:00:00+08:00,4532.344,4540.105,4527.21,4532.353
2026-03-30T19:00:00+08:00,4532.37,4580.78,4525.16,4559.54
2026-03-30T20:00:00+08:00,4559.653,4578.14,4544.61,4569.185
2026-03-30T21:00:00+08:00,4569.29,4578.74,4516.12,4523.323
2026-03-30T22:00:00+08:00,4523.333,4541.5,4511.748,4538.513
2026-03-30T23:00:00+08:00,4538.48,4556.76,4524.445,4548.135
2026-03-31T00:00:00+08:00,4548.37,4549.789,4531.865,4539.84
2026-03-31T01:00:00+08:00,4539.85,4542.88,4511.015,4514.99
2026-03-31T02:00:00+08:00,4515.099,4523.31,4497.92,4498.904
2026-03-31T03:00:00+08:00,4498.4,4518.39,4492.7,4513.513
2026-03-31T04:00:00+08:00,4513.513,4516.498,4500.54,4513.97
2026-03-31T06:00:00+08:00,4512.544,4523.964,4501.53,4511.41
2026-03-31T07:00:00+08:00,4510.82,4521.553,4491.89,4513.713
2026-03-31T08:00:00+08:00,4513.683,4548.103,4481.89,4547.33
2026-03-31T09:00:00+08:00,4547.65,4619.504,4531.46,4604.685
2026-03-31T10:00:00+08:00,4604.72,4607.45,4565.185,4568.39
2026-03-31T11:00:00+08:00,4567.957,4577.05,4549.69,4556.39
2026-03-31T12:00:00+08:00,4557.1,4569.587,4556.34,4564.664
2026-03-31T13:00:00+08:00,4564.693,4581.853,4547.09,4568.85
2026-03-31T14:00:00+08:00,4568.873,4569.13,4552.865,4557.104
2026-03-31T15:00:00+08:00,4557.09,4565.81,4543.065,4564.205
2026-03-31T16:00:00+08:00,4564.433,4575.39,4560.105,4568.188
2026-03-31T17:00:00+08:00,4568.72,4572.524,4549.995,4555.17
2026-03-31T18:00:00+08:00,4555.543,4561.91,4529.115,4546.56
2026-03-31T19:00:00+08:00,4546.884,4593.193,4540.71,4582.38
2026-03-31T20:00:00+08:00,4582.3,4597.533,4568.7,4574.71
2026-03-31T21:00:00+08:00,4574.34,4609.78,4567.29,4607.36
2026-03-31T22:00:00+08:00,4607.6,4630.28,4594.52,4599.25
2026-03-31T23:00:00+08:00,4598.99,4625.54,4598.405,4609.4
2026-04-01T00:00:00+08:00,4609.4,4651.65,4606.57,4638.178
2026-04-01T01:00:00+08:00,4638.278,4667.48,4635.6,4654.735
2026-04-01T02:00:00+08:00,4654.62,4671.06,4652.92,4666.85
2026-04-01T03:00:00+08:00,4667.44,4685.71,4661.45,4682.485
2026-04-01T04:00:00+08:00,4682.3,4687.34,4663.7,4668.88
2026-04-01T06:00:00+08:00,4671.423,4696.623,4661.6,4680.64
2026-04-01T07:00:00+08:00,4680.68,4700.07,4670.96,4696.23
2026-04-01T08:00:00+08:00,4696,4722.56,4692.87,4710.78
2026-04-01T09:00:00+08:00,4710.94,4724.26,4680.62,4692.58
2026-04-01T10:00:00+08:00,4692.71,4700.61,4677.648,4684.52
2026-04-01T11:00:00+08:00,4684.3,4694.23,4679.2,4681.783
2026-04-01T12:00:00+08:00,4681.558,4682.12,4666.44,4676.287
2026-04-01T13:00:00+08:00,4676.4,4703.51,4674.27,4684.11
2026-04-01T14:00:00+08:00,4684.27,4733.22,4682.27,4730.63
2026-04-01T15:00:00+08:00,4730.135,4747.63,4709.35,4713.64
2026-04-01T16:00:00+08:00,4713.63,4740.479,4709.995,4728.315
2026-04-01T17:00:00+08:00,4728.5,4730.21,4712.775,4722.935
2026-04-01T18:00:00+08:00,4722.78,4738.75,4714.92,4730.985
2026-04-01T19:00:00+08:00,4731.288,4763.129,4727.76,4752.359
2026-04-01T20:00:00+08:00,4752.88,4753.639,4724.03,4724.67
2026-04-01T21:00:00+08:00,4724.739,4749.502,4715.99,4738.29
2026-04-01T22:00:00+08:00,4737.912,4768.82,4723.49,4760.68
2026-04-01T23:00:00+08:00,4760.42,4788.28,4758.1,4786.265
2026-04-02T00:00:00+08:00,4786.39,4790.76,4773.96,4786.955
2026-04-02T01:00:00+08:00,4787.42,4793.135,4773.36,4774.275
2026-04-02T02:00:00+08:00,4774.018,4775.32,4741.62,4752.93
2026-04-02T03:00:00+08:00,4752.942,4778.25,4750.72,4766.05
2026-04-02T04:00:00+08:00,4766.122,4771.27,4753.82,4758.67
2026-04-02T06:00:00+08:00,4758.5,4782.762,4751.832,4776.44
2026-04-02T07:00:00+08:00,4776.49,4800.46,4772.998,4784.08
2026-04-02T08:00:00+08:00,4783.21,4798.81,4774.755,4784.69
2026-04-02T09:00:00+08:00,4784.66,4786.58,4649.67,4696.672
2026-04-02T10:00:00+08:00,4696.68,4704.18,4654.838,4686.755
2026-04-02T11:00:00+08:00,4686.785,4699.363,4675.64,4676.15
2026-04-02T12:00:00+08:00,4676.185,4681.48,4656.76,4672.49
2026-04-02T13:00:00+08:00,4672.503,4680.57,4585.28,4593.825
2026-04-02T14:00:00+08:00,4594.15,4608.61,4553.158,4599.16
2026-04-02T15:00:00+08:00,4599.23,4651.215,4596.68,4642.58
2026-04-02T16:00:00+08:00,4642.67,4648.84,4616.568,4620.681
2026-04-02T17:00:00+08:00,4620.645,4631.893,4612.69,4621.21
2026-04-02T18:00:00+08:00,4621.73,4635.35,4603.485,4620.473
2026-04-02T19:00:00+08:00,4620.265,4630.64,4592.3,4599.98
2026-04-02T20:00:00+08:00,4600.053,4630.32,4594.315,4601.64
2026-04-02T21:00:00+08:00,4601.763,4651.48,4580.34,4646.236
2026-04-02T22:00:00+08:00,4645.595,4699.985,4631.131,4680.795
2026-04-02T23:00:00+08:00,4681.413,4684.16,4651.87,4660.6
2026-04-03T00:00:00+08:00,4660.99,4670.71,4642.618,4659.1
2026-04-03T01:00:00+08:00,4659.136,4668.38,4645.535,4648.77
2026-04-03T02:00:00+08:00,4648.8,4672.22,4647.07,4668.15
2026-04-03T03:00:00+08:00,4668.53,4681.86,4660.92,4672.023
2026-04-03T04:00:00+08:00,4671.735,4677.99,4663.78,4676.86
2026-04-06T06:00:00+08:00,4648.41,4671.79,4607.965,4645.75
2026-04-06T07:00:00+08:00,4645.763,4651.123,4604.378,4610.68
2026-04-06T08:00:00+08:00,4610.75,4629.46,4600.05,4622.28
2026-04-06T09:00:00+08:00,4622.299,4643.123,4619.995,4625.87
2026-04-06T10:00:00+08:00,4625.88,4671.97,4622.87,4647.26
2026-04-06T11:00:00+08:00,4647.939,4648.225,4624.76,4640.449
2026-04-06T12:00:00+08:00,4639.78,4659.86,4639.24,4659.09
2026-04-06T13:00:00+08:00,4658.49,4678.96,4650.93,4652.12
2026-04-06T14:00:00+08:00,4652.7,4667.98,4642.995,4665.45
2026-04-06T15:00:00+08:00,4665.45,4688.402,4644.52,4684.739
2026-04-06T16:00:00+08:00,4684.29,4698.28,4680.56,4695.831
2026-04-06T17:00:00+08:00,4695.832,4706.75,4690.54,4693.24
2026-04-06T18:00:00+08:00,4693.26,4697.67,4683.92,4689.59
2026-04-06T19:00:00+08:00,4689.59,4696.84,4676.73,4677.655
2026-04-06T20:00:00+08:00,4677.62,4686.84,4659.41,4675.81
2026-04-06T21:00:00+08:00,4675.56,4682.08,4659.455,4679.4
2026-04-06T22:00:00+08:00,4680.06,4697.82,4659.5,4682.418
2026-04-06T23:00:00+08:00,4682.4,4683.99,4651.54,4668.12
2026-04-07T00:00:00+08:00,4667.65,4672.7,4657.6,4660.203
2026-04-07T01:00:00+08:00,4660.265,4661.12,4645.318,4653.46
2026-04-07T02:00:00+08:00,4653.345,4666.678,4648.46,4658.135
2026-04-07T03:00:00+08:00,4658.09,4659.47,4644.9,4655.502
2026-04-07T04:00:00+08:00,4654.93,4658.41,4647.418,4649.22
2026-04-07T06:00:00+08:00,4658.85,4662.21,4655.94,4658.42
2026-04-07T07:00:00+08:00,4658.343,4661.213,4650.74,4658.79
2026-04-07T08:00:00+08:00,4658.31,4661.32,4648.53,4654.48
2026-04-07T09:00:00+08:00,4654.935,4664.546,4615.81,4626.25
2026-04-07T10:00:00+08:00,4626.14,4654.09,4619.24,4650.11
2026-04-07T11:00:00+08:00,4650.155,4654.13,4638.77,4649.24
2026-04-07T12:00:00+08:00,4649.308,4664.27,4644.99,4659.63
2026-04-07T13:00:00+08:00,4659.642,4661.58,4622.51,4642.46
2026-04-07T14:00:00+08:00,4642.8,4656.643,4637.1,4653.4
2026-04-07T15:00:00+08:00,4653.39,4657.07,4636.465,4646
2026-04-07T16:00:00+08:00,4646,4690.9,4643.785,4682.91
2026-04-07T17:00:00+08:00,4682.83,4694.54,4658.438,4671
2026-04-07T18:00:00+08:00,4670.91,4680.663,4648.64,4651.87
2026-04-07T19:00:00+08:00,4651.53,4664.21,4628.17,4659.71
2026-04-07T20:00:00+08:00,4659.9,4671,4646.398,4651.52
2026-04-07T21:00:00+08:00,4651.218,4663.48,4635.305,4644.02
2026-04-07T22:00:00+08:00,4643.655,4661.86,4606.79,4633.341
2026-04-07T23:00:00+08:00,4633.43,4659.61,4624.45,4655.098
2026-04-08T00:00:00+08:00,4655.52,4668.68,4652.158,4656.99
2026-04-08T01:00:00+08:00,4657.003,4686.64,4653.48,4675.852
2026-04-08T02:00:00+08:00,4675.51,4686.35,4657.06,4662.07
2026-04-08T03:00:00+08:00,4662.18,4718.742,4660.03,4700.742
2026-04-08T04:00:00+08:00,4700.73,4717.25,4696.59,4701.4
2026-04-08T06:00:00+08:00,4721.83,4819.743,4712.645,4818.151
2026-04-08T07:00:00+08:00,4818.151,4836.383,4800.998,4832.6
2026-04-08T08:00:00+08:00,4833.38,4857.55,4807.84,4817.7
2026-04-08T09:00:00+08:00,4817.335,4825.376,4787.47,4809.91
2026-04-08T10:00:00+08:00,4810.151,4825.35,4797.98,4803.94
2026-04-08T11:00:00+08:00,4803.85,4805.975,4794.46,4797.584
2026-04-08T12:00:00+08:00,4797.595,4806.7,4789.58,4803.551
2026-04-08T13:00:00+08:00,4803.582,4843.836,4799.77,4827.35
2026-04-08T14:00:00+08:00,4827.526,4839.885,4819.39,4819.957
2026-04-08T15:00:00+08:00,4819.645,4821.231,4804.82,4813.46
2026-04-08T16:00:00+08:00,4813.412,4819.802,4789.7,4793.72
2026-04-08T17:00:00+08:00,4793.585,4806.928,4775.728,4783.24
2026-04-08T18:00:00+08:00,4783.02,4796.23,4770.55,4782.647
2026-04-08T19:00:00+08:00,4782.79,4802.92,4777.5,4797.73
2026-04-08T20:00:00+08:00,4798.417,4807.25,4767.85,4799.602
2026-04-08T21:00:00+08:00,4799.6,4806.8,4767.62,4777.66
2026-04-08T22:00:00+08:00,4777.645,4792.097,4731.69,4736.18
2026-04-08T23:00:00+08:00,4735.9,4763.27,4733.855,4756.488
2026-04-09T00:00:00+08:00,4755.88,4765.627,4745.005,4760.45
2026-04-09T01:00:00+08:00,4760.45,4764.43,4731.07,4733.745
2026-04-09T02:00:00+08:00,4734.062,4744.58,4703.11,4705.34
2026-04-09T03:00:00+08:00,4705.34,4731.822,4699.235,4730.61
2026-04-09T04:00:00+08:00,4730.602,4732.212,4716.41,4719.5
2026-04-09T06:00:00+08:00,4719.9,4734.62,4704.075,4717.73
2026-04-09T07:00:00+08:00,4716.91,4720,4704.77,4715.568
2026-04-09T08:00:00+08:00,4715.215,4719.21,4698.05,4706.772
2026-04-09T09:00:00+08:00,4706.772,4728.212,4698.95,4727.35
2026-04-09T10:00:00+08:00,4727.28,4732.96,4717.05,4718.89
2026-04-09T11:00:00+08:00,4718.978,4720.24,4704.79,4711.472
2026-04-09T12:00:00+08:00,4710.98,4725.59,4709.22,4720.505
2026-04-09T13:00:00+08:00,4720.35,4726.629,4705.19,4713.278
2026-04-09T14:00:00+08:00,4713.04,4725.499,4702.87,4712.452
2026-04-09T15:00:00+08:00,4712.45,4731.5,4705.32,4724.362
2026-04-09T16:00:00+08:00,4724.372,4733.33,4719.428,4726.129
2026-04-09T17:00:00+08:00,4726.169,4733.54,4722.51,4729.32
2026-04-09T18:00:00+08:00,4729.192,4746.73,4723.46,4741.102
2026-04-09T19:00:00+08:00,4740.75,4757.53,4738.11,4756.55
2026-04-09T20:00:00+08:00,4756.54,4759.63,4734.31,4745.869
2026-04-09T21:00:00+08:00,4745.905,4777.3,4738.505,4764.351
2026-04-09T22:00:00+08:00,4764.35,4776.37,4746.95,4768.22
2026-04-09T23:00:00+08:00,4768.561,4798.08,4760.948,4792.8
2026-04-10T00:00:00+08:00,4792.81,4801.18,4783.92,4788.29
2026-04-10T01:00:00+08:00,4788.851,4801.25,4786.46,4797.94
2026-04-10T02:00:00+08:00,4797.95,4798.15,4767.44,4772.06
2026-04-10T03:00:00+08:00,4771.9,4782.72,4766.55,4768.742
2026-04-10T04:00:00+08:00,4768.76,4773.45,4760.505,4763.53
2026-04-10T06:00:00+08:00,4769.35,4780.371,4758.02,4763.838
2026-04-10T07:00:00+08:00,4764.146,4764.23,4756.27,4763.659
2026-04-10T08:00:00+08:00,4763.84,4763.84,4750.23,4762.951
2026-04-10T09:00:00+08:00,4762.93,4777.121,4757.2,4764.502
2026-04-10T10:00:00+08:00,4764.335,4765.45,4737.39,4752.887
2026-04-10T11:00:00+08:00,4752.88,4769.63,4752.18,4765.96
2026-04-10T12:00:00+08:00,4766.56,4770.84,4757.33,4758.511
2026-04-10T13:00:00+08:00,4757.95,4769.24,4756.928,4765.9
2026-04-10T14:00:00+08:00,4765.93,4765.98,4742.32,4746.38
2026-04-10T15:00:00+08:00,4746.01,4757.569,4740.96,4749.489
2026-04-10T16:00:00+08:00,4749.47,4753.4,4730.205,4740.398
2026-04-10T17:00:00+08:00,4740.17,4760.78,4740.08,4751.567
2026-04-10T18:00:00+08:00,4751.502,4760.71,4742.095,4757.132
2026-04-10T19:00:00+08:00,4757.13,4768.78,4752.94,4768.082
2026-04-10T20:00:00+08:00,4768.19,4782.315,4759.55,4771.822
2026-04-10T21:00:00+08:00,4771.822,4780.27,4764.615,4774.405
2026-04-10T22:00:00+08:00,4775.02,4795.1,4766.868,4774.73
2026-04-10T23:00:00+08:00,4774.458,4787.5,4754.94,4762.27
2026-04-11T00:00:00+08:00,4762.281,4766.27,4747.07,4763.94
2026-04-11T01:00:00+08:00,4763.77,4768.72,4757.715,4760.25
2026-04-11T02:00:00+08:00,4760.288,4773.29,4750.54,4765.31
2026-04-11T03:00:00+08:00,4765.24,4770.5,4757.86,4759.631
2026-04-11T04:00:00+08:00,4759.585,4760.1,4740.44,4746.898
2026-04-13T06:00:00+08:00,4683.18,4721.98,4638.01,4658.398
2026-04-13T07:00:00+08:00,4658.933,4671.94,4643.91,4671.379
2026-04-13T08:00:00+08:00,4671.155,4698.666,4664.12,4695.395
2026-04-13T09:00:00+08:00,4695.388,4728.089,4693.405,4721.239
2026-04-13T10:00:00+08:00,4721.219,4727.93,4710.51,4719.85
2026-04-13T11:00:00+08:00,4720.442,4724.056,4711.72,4718.089
2026-04-13T12:00:00+08:00,4718.089,4725.01,4708.23,4722.99
2026-04-13T13:00:00+08:00,4723.029,4730.82,4715.8,4729.27
2026-04-13T14:00:00+08:00,4729.298,4732.8,4720.32,4725.57
2026-04-13T15:00:00+08:00,4725.09,4740.03,4724.38,4733.64
2026-04-13T16:00:00+08:00,4733.688,4738.67,4719.82,4723.342
2026-04-13T17:00:00+08:00,4723.373,4728.62,4710.22,4714.545
2026-04-13T18:00:00+08:00,4714.572,4723.95,4707.95,4721.77
2026-04-13T19:00:00+08:00,4722.172,4729.15,4703.165,4706.595
2026-04-13T20:00:00+08:00,4706.62,4725.23,4703.22,4723.02
2026-04-13T21:00:00+08:00,4723.488,4744.638,4720.89,4730.263
2026-04-13T22:00:00+08:00,4730.492,4731.27,4708.285,4719.06
2026-04-13T23:00:00+08:00,4719.072,4719.85,4699.91,4714.305
2026-04-14T00:00:00+08:00,4714.05,4746.22,4708.8,4732.56
2026-04-14T01:00:00+08:00,4732.97,4750.14,4725.1,4729.98
2026-04-14T02:00:00+08:00,4729.56,4740.71,4722.66,4738.63
2026-04-14T03:00:00+08:00,4738.09,4747.53,4730.24,4741.17
2026-04-14T04:00:00+08:00,4740.958,4744.112,4737.6,4742.6
2026-04-14T06:00:00+08:00,4744.6,4759.65,4742.3,4757.873
2026-04-14T07:00:00+08:00,4757.91,4765.793,4753.87,4757.551
2026-04-14T08:00:00+08:00,4757.65,4775.893,4750.99,4769.74
2026-04-14T09:00:00+08:00,4769.751,4776.85,4761.13,4764.856
2026-04-14T10:00:00+08:00,4765.15,4777.19,4761.41,4775.111
2026-04-14T11:00:00+08:00,4775.102,4775.59,4765.29,4767.69
2026-04-14T12:00:00+08:00,4767.927,4776.935,4766.56,4774.099
2026-04-14T13:00:00+08:00,4774.08,4774.33,4757.6,4760.027
2026-04-14T14:00:00+08:00,4760.027,4783.02,4759.36,4781.8
2026-04-14T15:00:00+08:00,4781.795,4796.552,4767.5,4776.89
2026-04-14T16:00:00+08:00,4777.25,4789.931,4773.84,4786.53
2026-04-14T17:00:00+08:00,4786.685,4789.26,4771.31,4777.86
2026-04-14T18:00:00+08:00,4777.85,4788.18,4751.285,4768.282
2026-04-14T19:00:00+08:00,4768.336,4783.06,4766.57,4774.72
2026-04-14T20:00:00+08:00,4774.979,4777.69,4761.905,4771.21
2026-04-14T21:00:00+08:00,4770.99,4803.612,4770.74,4794.21
2026-04-14T22:00:00+08:00,4794.37,4818.04,4792.62,4803.565
2026-04-14T23:00:00+08:00,4803.86,4816.26,4790.89,4808.06
2026-04-15T00:00:00+08:00,4807.795,4820.38,4804.43,4810.222
2026-04-15T01:00:00+08:00,4810.222,4841.703,4809.198,4834.845
2026-04-15T02:00:00+08:00,4834.955,4843.4,4830.49,4835.308
2026-04-15T03:00:00+08:00,4835.671,4846.35,4835.305,4844.921
2026-04-15T04:00:00+08:00,4844.725,4846.221,4839.26,4842.59
2026-04-15T06:00:00+08:00,4839.371,4850.831,4832.54,4834.448
2026-04-15T07:00:00+08:00,4834.448,4844.15,4833.11,4837.111
2026-04-15T08:00:00+08:00,4837.085,4840.125,4826.6,4835.353
2026-04-15T09:00:00+08:00,4835.351,4871.52,4827.73,4847.03
2026-04-15T10:00:00+08:00,4846.72,4853.46,4820.19,4823.92
2026-04-15T11:00:00+08:00,4823.823,4829.72,4816.36,4823.94
2026-04-15T12:00:00+08:00,4823.63,4827.84,4820.105,4824.6
2026-04-15T13:00:00+08:00,4824.857,4830.463,4812.09,4819.535
2026-04-15T14:00:00+08:00,4819.54,4825.007,4810.855,4812.19
2026-04-15T15:00:00+08:00,4811.63,4817.07,4803.5,4810.96
2026-04-15T16:00:00+08:00,4811.57,4821.49,4804.215,4818.398
2026-04-15T17:00:00+08:00,4818.442,4819.57,4785.89,4797.95
2026-04-15T18:00:00+08:00,4798.128,4805.33,4789.915,4799.56
2026-04-15T19:00:00+08:00,4799.982,4815.08,4795.2,4812.64
2026-04-15T20:00:00+08:00,4812.571,4816.27,4806.65,4811.577
2026-04-15T21:00:00+08:00,4811.577,4830.18,4808.11,4828.847
2026-04-15T22:00:00+08:00,4828.847,4830.65,4813.09,4815.34
2026-04-15T23:00:00+08:00,4815.58,4816.25,4786.71,4801.31
2026-04-16T00:00:00+08:00,4801.6,4812.697,4799.73,4803.931
2026-04-16T01:00:00+08:00,4803.53,4808.74,4790.37,4792.577
2026-04-16T02:00:00+08:00,4792.315,4802.022,4789.76,4799.49
2026-04-16T03:00:00+08:00,4799.42,4803.56,4794.25,4795.731
2026-04-16T04:00:00+08:00,4795.63,4797.818,4787.19,4797.693
2026-04-16T06:00:00+08:00,4790.142,4812,4789.65,4807.61
2026-04-16T07:00:00+08:00,4807.483,4826.833,4806.91,4823.351
2026-04-16T08:00:00+08:00,4822.91,4837.7,4819.2,4833.06
2026-04-16T09:00:00+08:00,4832.32,4836.42,4810.7,4817.82
2026-04-16T10:00:00+08:00,4817.6,4825.06,4811.89,4819.77
2026-04-16T11:00:00+08:00,4819.26,4827.14,4818.49,4824.051
2026-04-16T12:00:00+08:00,4823.993,4833.54,4822.27,4833.017
2026-04-16T13:00:00+08:00,4833.02,4838.41,4820.65,4821.17
2026-04-16T14:00:00+08:00,4821.211,4830.69,4813.74,4826.001
2026-04-16T15:00:00+08:00,4825.61,4830.97,4816.47,4821.31
2026-04-16T16:00:00+08:00,4820.73,4822.11,4806.128,4813.691
2026-04-16T17:00:00+08:00,4813.44,4818.109,4806.48,4812.95
2026-04-16T18:00:00+08:00,4812.655,4817.39,4804.855,4817.171
2026-04-16T19:00:00+08:00,4816.9,4822.57,4815.195,4821.97
2026-04-16T20:00:00+08:00,4822.097,4823.19,4811.25,4815.99
2026-04-16T21:00:00+08:00,4816.185,4824.07,4784.42,4794.68
2026-04-16T22:00:00+08:00,4794.802,4805.412,4772.35,4788.64
2026-04-16T23:00:00+08:00,4788.8,4813.03,4787.84,4806.865
2026-04-17T00:00:00+08:00,4806.69,4810.098,4784.935,4791.93
2026-04-17T01:00:00+08:00,4791.942,4795.54,4781.215,4789.118
2026-04-17T02:00:00+08:00,4789.145,4794.262,4785.27,4789.29
2026-04-17T03:00:00+08:00,4789.29,4798.63,4789.22,4793.605
2026-04-17T04:00:00+08:00,4793.44,4793.94,4785.93,4787.431
2026-04-17T06:00:00+08:00,4791.488,4798.049,4790.27,4795.21
2026-04-17T07:00:00+08:00,4795.21,4797.85,4791.17,4791.689
2026-04-17T08:00:00+08:00,4791.4,4801.31,4785.29,4794.735
2026-04-17T09:00:00+08:00,4794.81,4795.67,4767.05,4789.26
2026-04-17T10:00:00+08:00,4789.422,4794.91,4783.71,4784.511
2026-04-17T11:00:00+08:00,4784.405,4798.28,4784.03,4793.02
2026-04-17T12:00:00+08:00,4793.02,4804.59,4792.03,4803.062
2026-04-17T13:00:00+08:00,4803.015,4806.26,4793.39,4794.26
2026-04-17T14:00:00+08:00,4793.78,4795.27,4778.67,4784.95
2026-04-17T15:00:00+08:00,4784.977,4794.83,4778.37,4784.318
2026-04-17T16:00:00+08:00,4784.33,4796.917,4780.62,4795.837
2026-04-17T17:00:00+08:00,4795.93,4800.966,4789.665,4790.302
2026-04-17T18:00:00+08:00,4790.28,4794.092,4781.92,4787.29
2026-04-17T19:00:00+08:00,4787.35,4811.837,4783.2,4799.038
2026-04-17T20:00:00+08:00,4799.15,4847.74,4797.418,4845.93
2026-04-17T21:00:00+08:00,4846.29,4890.967,4834.57,4880.281
2026-04-17T22:00:00+08:00,4879.96,4885.64,4860.43,4872.82
2026-04-17T23:00:00+08:00,4872.71,4880.6,4854.56,4867.09
2026-04-18T00:00:00+08:00,4867.43,4873.51,4863.25,4866.798
2026-04-18T01:00:00+08:00,4866.96,4869.527,4853.07,4862.378
2026-04-18T02:00:00+08:00,4862.26,4868.12,4855.378,4858.147
2026-04-18T03:00:00+08:00,4858.3,4861.33,4852.38,4854.178
2026-04-18T04:00:00+08:00,4854.48,4855.21,4826.968,4837.49
2026-04-20T06:00:00+08:00,4792.17,4795.13,4759.061,4779.145
2026-04-20T07:00:00+08:00,4779.287,4779.48,4736.39,4754.74
2026-04-20T08:00:00+08:00,4755.062,4774.35,4744.295,4772.322
2026-04-20T09:00:00+08:00,4771.7,4814.39,4770.63,4807.36
2026-04-20T10:00:00+08:00,4807.821,4809.177,4792.68,4797.03
2026-04-20T11:00:00+08:00,4796.65,4798.45,4788.445,4790.5
2026-04-20T12:00:00+08:00,4790.645,4795.789,4786.8,4788.793
2026-04-20T13:00:00+08:00,4788.65,4796.21,4779.15,4790.78
2026-04-20T14:00:00+08:00,4790.812,4795.49,4783.46,4795.03
2026-04-20T15:00:00+08:00,4795.39,4805.82,4786.605,4789.59
2026-04-20T16:00:00+08:00,4789.657,4796.37,4785.71,4796.3
2026-04-20T17:00:00+08:00,4795.91,4797.95,4783.16,4791.637
2026-04-20T18:00:00+08:00,4791.511,4801.04,4789.485,4795.62
2026-04-20T19:00:00+08:00,4795.9,4811.16,4786.315,4810.445
2026-04-20T20:00:00+08:00,4810.27,4822.48,4798.795,4803.314
2026-04-20T21:00:00+08:00,4803.355,4826.46,4799.35,4817.87
2026-04-20T22:00:00+08:00,4817.545,4827.63,4791.7,4805.159
2026-04-20T23:00:00+08:00,4805.291,4809.54,4792.425,4799.675
2026-04-21T00:00:00+08:00,4799.445,4806.52,4792.35,4805.485
2026-04-21T01:00:00+08:00,4805.58,4812.1,4803.558,4806.55
2026-04-21T02:00:00+08:00,4806.515,4816.527,4806.47,4814.071
2026-04-21T03:00:00+08:00,4813.97,4821.346,4810.055,4814.01
2026-04-21T04:00:00+08:00,4813.968,4822.465,4811.65,4822.293
2026-04-21T06:00:00+08:00,4822.8,4833.231,4814.634,4827.535
2026-04-21T07:00:00+08:00,4827.66,4831.755,4819.35,4821.28
2026-04-21T08:00:00+08:00,4821.81,4830.78,4816.13,4823.825
2026-04-21T09:00:00+08:00,4823.61,4824.62,4805.25,4810.33
2026-04-21T10:00:00+08:00,4810.112,4810.49,4802.01,4806.776
2026-04-21T11:00:00+08:00,4806.88,4807.71,4792.18,4796.945
2026-04-21T12:00:00+08:00,4796.81,4797.9,4788.33,4788.95
2026-04-21T13:00:00+08:00,4788.705,4797.13,4782.785,4784.03
2026-04-21T14:00:00+08:00,4784.15,4790.75,4774.298,4778.47
2026-04-21T15:00:00+08:00,4778.99,4792.73,4772.395,4786.02
2026-04-21T16:00:00+08:00,4786.038,4793,4774.318,4785.863
2026-04-21T17:00:00+08:00,4785.95,4789.71,4780.82,4783.345
2026-04-21T18:00:00+08:00,4783.82,4790.46,4780.545,4789.697
2026-04-21T19:00:00+08:00,4789.65,4798.1,4774.72,4794.524
2026-04-21T20:00:00+08:00,4794.49,4797.02,4766.035,4778.48
2026-04-21T21:00:00+08:00,4778.62,4794.42,4760.65,4778.825
2026-04-21T22:00:00+08:00,4779.031,4782.55,4723.07,4739.16
2026-04-21T23:00:00+08:00,4738.982,4757.76,4727.31,4740.95
2026-04-22T00:00:00+08:00,4741.67,4746.93,4707.68,4710.92
2026-04-22T01:00:00+08:00,4710.865,4722.165,4696.36,4710.38
2026-04-22T02:00:00+08:00,4710.81,4714.762,4691.71,4709.32
2026-04-22T03:00:00+08:00,4708.59,4715.41,4667.68,4678.955
2026-04-22T04:00:00+08:00,4679.25,4721.625,4668.39,4721.483
2026-04-22T06:00:00+08:00,4720.792,4729.43,4714.86,4719.415
2026-04-22T07:00:00+08:00,4719.31,4740.66,4717.48,4737.795
2026-04-22T08:00:00+08:00,4737.932,4747.59,4737.67,4739.58
2026-04-22T09:00:00+08:00,4739.765,4755.73,4735.2,4752.07
2026-04-22T10:00:00+08:00,4752.112,4758.97,4749.728,4755.614
2026-04-22T11:00:00+08:00,4755.66,4766.32,4752.19,4757.16
2026-04-22T12:00:00+08:00,4757.12,4759.679,4751.86,4754.433
2026-04-22T13:00:00+08:00,4754.58,4772.13,4751.74,4767.42
2026-04-22T14:00:00+08:00,4767.41,4768.49,4758.38,4767.55
2026-04-22T15:00:00+08:00,4767.535,4772.307,4759.345,4760.465
2026-04-22T16:00:00+08:00,4760.502,4762.32,4751.51,4756.73
2026-04-22T17:00:00+08:00,4756.98,4762.5,4752.08,4755.109
2026-04-22T18:00:00+08:00,4755.07,4760.325,4745.4,4759.189
2026-04-22T19:00:00+08:00,4759.09,4760.88,4747.57,4750.27
2026-04-22T20:00:00+08:00,4750.31,4760.092,4742.6,4744.26
2026-04-22T21:00:00+08:00,4744.14,4761.12,4736.02,4753
2026-04-22T22:00:00+08:00,4752.735,4757.51,4729.78,4735.893
2026-04-22T23:00:00+08:00,4736.05,4740.15,4724.74,4727.53
2026-04-23T00:00:00+08:00,4727.572,4735,4723.57,4728.5
2026-04-23T01:00:00+08:00,4728.639,4739.5,4728.25,4736.97
2026-04-23T02:00:00+08:00,4737.09,4750.03,4729.56,4741.63
2026-04-23T03:00:00+08:00,4741.65,4745.449,4736.46,4740.06
2026-04-23T04:00:00+08:00,4740.015,4740.72,4733.98,4739.57
2026-04-23T06:00:00+08:00,4756.35,4756.36,4724.94,4726.09
2026-04-23T07:00:00+08:00,4725.92,4729.989,4722.96,4727.7
2026-04-23T08:00:00+08:00,4727.11,4753.819,4693.638,4747.825
2026-04-23T09:00:00+08:00,4748.082,4749.93,4722.05,4723.16
2026-04-23T10:00:00+08:00,4723.045,4724.73,4697.73,4698.38
2026-04-23T11:00:00+08:00,4698.773,4708.72,4697.84,4703.867
2026-04-23T12:00:00+08:00,4703.6,4707.21,4698.455,4704.57
2026-04-23T13:00:00+08:00,4704.11,4715.44,4692.078,4713.485
2026-04-23T14:00:00+08:00,4713.36,4721.47,4708.29,4712.999
2026-04-23T15:00:00+08:00,4712.91,4720.63,4702.76,4719.06
2026-04-23T16:00:00+08:00,4719.083,4724.881,4701.395,4703.269
2026-04-23T17:00:00+08:00,4703.259,4703.67,4694.45,4697.18
2026-04-23T18:00:00+08:00,4697.51,4701.72,4683.93,4696.49
2026-04-23T19:00:00+08:00,4696.425,4720.92,4695.2,4720.53
2026-04-23T20:00:00+08:00,4720.54,4743.148,4719.525,4739.905
2026-04-23T21:00:00+08:00,4740.01,4741.152,4723.46,4724.315
2026-04-23T22:00:00+08:00,4724.18,4737.38,4716.74,4733.22
2026-04-23T23:00:00+08:00,4733.546,4741.14,4715.975,4720.412
2026-04-24T00:00:00+08:00,4720.1,4737.25,4714.79,4732.858
2026-04-24T01:00:00+08:00,4732.63,4734.58,4663.58,4709.16
2026-04-24T02:00:00+08:00,4709.242,4722.3,4698.96,4701.157
2026-04-24T03:00:00+08:00,4701.107,4704.51,4689.195,4695.945
2026-04-24T04:00:00+08:00,4696.01,4704.715,4686.36,4692.42
2026-04-24T06:00:00+08:00,4702.58,4705.65,4689.54,4693.15
2026-04-24T07:00:00+08:00,4693.151,4700.8,4686.39,4695.33
2026-04-24T08:00:00+08:00,4695.3,4707.9,4690.46,4704.365
2026-04-24T09:00:00+08:00,4704.55,4711.1,4690,4698.91
2026-04-24T10:00:00+08:00,4699.41,4700.74,4672.65,4676.595
2026-04-24T11:00:00+08:00,4676.495,4678.36,4668.23,4672.24
2026-04-24T12:00:00+08:00,4672.2,4676.9,4657.485,4674.34
2026-04-24T13:00:00+08:00,4674.34,4687.443,4669.19,4685.92
2026-04-24T14:00:00+08:00,4686.32,4688.06,4666.32,4671.912
2026-04-24T15:00:00+08:00,4671.8,4695.34,4670.735,4694.61
2026-04-24T16:00:00+08:00,4694.42,4697.52,4684.72,4690.68
2026-04-24T17:00:00+08:00,4690.7,4696.83,4678.97,4681.95
2026-04-24T18:00:00+08:00,4682.01,4686.218,4674.27,4677.762
2026-04-24T19:00:00+08:00,4677.742,4717.36,4677.44,4706.78
2026-04-24T20:00:00+08:00,4706.839,4711.85,4689.94,4700.686
2026-04-24T21:00:00+08:00,4700.685,4718.12,4689.43,4711.52
2026-04-24T22:00:00+08:00,4712.01,4740.32,4706.59,4726.27
2026-04-24T23:00:00+08:00,4726.28,4733.52,4714.475,4727.07
2026-04-25T00:00:00+08:00,4727.025,4729.75,4718.33,4726.65
2026-04-25T01:00:00+08:00,4726.68,4730.58,4718.72,4723.245
2026-04-25T02:00:00+08:00,4723.27,4724.85,4716.39,4722.63
2026-04-25T03:00:00+08:00,4722.65,4726.06,4713.13,4716.785
2026-04-25T04:00:00+08:00,4716.567,4717.45,4704.66,4708.62
2026-04-27T06:00:00+08:00,4721.28,4721.29,4679.22,4684.61
2026-04-27T07:00:00+08:00,4684.61,4684.99,4674.48,4679.97
2026-04-27T08:00:00+08:00,4679.5,4698.145,4671.58,4697.75
2026-04-27T09:00:00+08:00,4697.888,4709.93,4690.37,4702.56
2026-04-27T10:00:00+08:00,4702.415,4723.61,4695.76,4718.015
2026-04-27T11:00:00+08:00,4718.12,4729.52,4714.03,4724.07
2026-04-27T12:00:00+08:00,4724.18,4730.19,4722.2,4724.83
2026-04-27T13:00:00+08:00,4725.09,4725.58,4708.01,4709.44
2026-04-27T14:00:00+08:00,4709.94,4715.68,4708.57,4712.94
2026-04-27T15:00:00+08:00,4712.49,4718.43,4709.58,4713.24
2026-04-27T16:00:00+08:00,4713.24,4714.86,4705.3,4706.71
2026-04-27T17:00:00+08:00,4706.712,4708.29,4699.155,4703.51
2026-04-27T18:00:00+08:00,4703.37,4710.976,4699.25,4708.725
2026-04-27T19:00:00+08:00,4708.7,4709.13,4699.95,4704.752
2026-04-27T20:00:00+08:00,4704.752,4712.77,4696.675,4699.12
2026-04-27T21:00:00+08:00,4699.209,4703.53,4688.825,4696.083
2026-04-27T22:00:00+08:00,4696.04,4696.83,4676.28,4678.031
2026-04-27T23:00:00+08:00,4677.99,4682.452,4666.62,4669.962
2026-04-28T00:00:00+08:00,4669.9,4679.54,4666.99,4676.61
2026-04-28T01:00:00+08:00,4676.73,4686.11,4667.89,4682.015
2026-04-28T02:00:00+08:00,4682.123,4685.6,4678.65,4680.63
2026-04-28T03:00:00+08:00,4680.725,4682.66,4676.42,4680.632
2026-04-28T04:00:00+08:00,4680.605,4682.53,4677.175,4682.138
2026-04-28T06:00:00+08:00,4685.59,4691.26,4681.62,4687.83
2026-04-28T07:00:00+08:00,4687.75,4695.107,4686.785,4691.52
2026-04-28T08:00:00+08:00,4691.89,4701.28,4690.105,4690.275
2026-04-28T09:00:00+08:00,4690.44,4691.48,4668.92,4670.57
2026-04-28T10:00:00+08:00,4670.345,4679.88,4666.065,4669.01
2026-04-28T11:00:00+08:00,4669.02,4675.85,4668.115,4670.84
2026-04-28T12:00:00+08:00,4670.82,4671.28,4666.135,4667.71
2026-04-28T13:00:00+08:00,4667.58,4668.03,4623.52,4632.15
2026-04-28T14:00:00+08:00,4632.15,4642.98,4622.85,4628.913
2026-04-28T15:00:00+08:00,4628.645,4639.49,4620.355,4633.035
2026-04-28T16:00:00+08:00,4633.143,4635.5,4614.4,4629.68
2026-04-28T17:00:00+08:00,4629.54,4630.07,4604.5,4604.775
2026-04-28T18:00:00+08:00,4604.69,4616.5,4602.93,4603.21
2026-04-28T19:00:00+08:00,4603.32,4608.84,4555.15,4562.561
2026-04-28T20:00:00+08:00,4562.52,4600.2,4554.35,4593.31
2026-04-28T21:00:00+08:00,4593.64,4594.77,4570.46,4580.293
2026-04-28T22:00:00+08:00,4580.41,4580.77,4556.58,4574.391
2026-04-28T23:00:00+08:00,4574.376,4586.551,4566.67,4586.433
2026-04-29T00:00:00+08:00,4586.34,4594.91,4577.44,4592.233
2026-04-29T01:00:00+08:00,4592.22,4601.551,4586.89,4594.703
2026-04-29T02:00:00+08:00,4594.73,4600.93,4591.71,4594.26
2026-04-29T03:00:00+08:00,4594.233,4600.023,4593.125,4595.435
2026-04-29T04:00:00+08:00,4595.61,4598.77,4590.72,4594.97
2026-04-29T06:00:00+08:00,4600.27,4600.661,4591.79,4593.99
2026-04-29T07:00:00+08:00,4593.95,4596.28,4587.53,4595.51
2026-04-29T08:00:00+08:00,4595.591,4610.447,4594.4,4600.165
2026-04-29T09:00:00+08:00,4600.045,4600.39,4575.56,4584.68
2026-04-29T10:00:00+08:00,4584.763,4604.34,4584.19,4593.61
2026-04-29T11:00:00+08:00,4593.503,4603.42,4591.71,4595.39
2026-04-29T12:00:00+08:00,4595.38,4605.73,4594.86,4604.81
2026-04-29T13:00:00+08:00,4604.78,4607.78,4590.365,4590.925
2026-04-29T14:00:00+08:00,4590.77,4598.74,4580.53,4584.48
2026-04-29T15:00:00+08:00,4584.49,4588.97,4566.98,4567.85
2026-04-29T16:00:00+08:00,4567.82,4576.8,4556.97,4573.093
2026-04-29T17:00:00+08:00,4573.103,4580.92,4551.23,4555.67
2026-04-29T18:00:00+08:00,4555.575,4576.62,4554.845,4569.795
2026-04-29T19:00:00+08:00,4569.824,4572.14,4558.88,4561.58
2026-04-29T20:00:00+08:00,4561.624,4569.17,4541.41,4544.82
2026-04-29T21:00:00+08:00,4544.84,4553.46,4509.875,4521.76
2026-04-29T22:00:00+08:00,4521.485,4542.94,4517.53,4539.28
2026-04-29T23:00:00+08:00,4539.01,4559.18,4535.92,4547.78
2026-04-30T00:00:00+08:00,4547.78,4565.03,4543,4545.48
2026-04-30T01:00:00+08:00,4545.391,4554.52,4541.32,4547.34
2026-04-30T02:00:00+08:00,4547.32,4553.06,4517.59,4537.915
2026-04-30T03:00:00+08:00,4538.01,4550.72,4532.51,4546.85
2026-04-30T04:00:00+08:00,4546.745,4553.57,4540.88,4547.803
2026-04-30T06:00:00+08:00,4544.09,4552.713,4538.52,4552.12
2026-04-30T07:00:00+08:00,4552.131,4562.06,4549.26,4561.684
2026-04-30T08:00:00+08:00,4561.73,4574.16,4556.04,4569.86
2026-04-30T09:00:00+08:00,4569.86,4582.59,4564.23,4579.037
2026-04-30T10:00:00+08:00,4579.23,4582.05,4559.27,4564.75
2026-04-30T11:00:00+08:00,4564.808,4569.26,4555.458,4555.8
2026-04-30T12:00:00+08:00,4555.884,4557.04,4540.4,4542.27
2026-04-30T13:00:00+08:00,4541.785,4569.82,4541.63,4562.405
2026-04-30T14:00:00+08:00,4562.538,4591.6,4559.79,4589.4
2026-04-30T15:00:00+08:00,4589.488,4605.55,4584.46,4598.443
2026-04-30T16:00:00+08:00,4598.34,4629.71,4597,4616.32
2026-04-30T17:00:00+08:00,4616.115,4631.85,4613.83,4625.07
2026-04-30T18:00:00+08:00,4625.123,4646.95,4623.4,4639.77
2026-04-30T19:00:00+08:00,4639.672,4645.87,4626.36,4629.99
2026-04-30T20:00:00+08:00,4630.133,4640.17,4624.115,4639.563
2026-04-30T21:00:00+08:00,4639.37,4646.17,4610.34,4610.76
2026-04-30T22:00:00+08:00,4610.933,4626.05,4609.255,4619.733
2026-04-30T23:00:00+08:00,4619.62,4625.48,4610.9,4615.297
2026-05-01T00:00:00+08:00,4615.243,4617.8,4605.158,4607.543
2026-05-01T01:00:00+08:00,4607.595,4621.643,4607.305,4616.78
2026-05-01T02:00:00+08:00,4616.83,4625.54,4616.5,4622.35
2026-05-01T03:00:00+08:00,4622.82,4627.68,4614.24,4616.89
2026-05-01T04:00:00+08:00,4616.9,4622.558,4614.92,4618.228
2026-05-01T06:00:00+08:00,4616.55,4635.81,4616.55,4630.267
2026-05-01T07:00:00+08:00,4629.71,4634.11,4625.67,4626.43
2026-05-01T08:00:00+08:00,4626.483,4631.09,4618.22,4619.67
2026-05-01T09:00:00+08:00,4619.695,4622.36,4613.31,4620.765
2026-05-01T10:00:00+08:00,4620.51,4636.13,4616.08,4619.11
2026-05-01T11:00:00+08:00,4618.995,4632.06,4617.2,4626.17
2026-05-01T12:00:00+08:00,4626.59,4628.94,4608.72,4609.23
2026-05-01T13:00:00+08:00,4609.088,4616.27,4602.45,4604.92
2026-05-01T14:00:00+08:00,4604.82,4607.96,4590.41,4594.34
2026-05-01T15:00:00+08:00,4594.65,4598.16,4575.5,4577.885
2026-05-01T16:00:00+08:00,4578.161,4582.6,4564.69,4568.8
2026-05-01T17:00:00+08:00,4568.555,4572.948,4559.93,4562.681
2026-05-01T18:00:00+08:00,4562.66,4576.15,4560.99,4566.787
2026-05-01T19:00:00+08:00,4566.744,4579.65,4562.14,4578.63
2026-05-01T20:00:00+08:00,4578.35,4607.76,4574.58,4591.25
2026-05-01T21:00:00+08:00,4591.04,4629.02,4586.23,4625.44
2026-05-01T22:00:00+08:00,4625.383,4660.28,4624.095,4631.77
2026-05-01T23:00:00+08:00,4632.05,4648.1,4618.77,4643.188
2026-05-02T00:00:00+08:00,4643.16,4650.24,4633.51,4638.605
2026-05-02T01:00:00+08:00,4638.86,4642.75,4626.39,4629.39
2026-05-02T02:00:00+08:00,4629.503,4630.743,4613.44,4624.213
2026-05-02T03:00:00+08:00,4624.29,4627.68,4608.34,4609.51
2026-05-02T04:00:00+08:00,4610.903,4617.94,4606.23,4614.22
2026-05-04T06:00:00+08:00,4632.83,4639.01,4611.83,4618.9
2026-05-04T07:00:00+08:00,4618.66,4620.85,4610.74,4613.83
2026-05-04T08:00:00+08:00,4613.4,4616.71,4601.35,4612.973
2026-05-04T09:00:00+08:00,4612.973,4614.02,4592.1,4613.16
2026-05-04T10:00:00+08:00,4613,4618.68,4590.65,4605.535
2026-05-04T11:00:00+08:00,4605.777,4617.18,4598.12,4614.855
2026-05-04T12:00:00+08:00,4615.048,4615.56,4604.89,4605.97
2026-05-04T13:00:00+08:00,4605.97,4613.21,4591.77,4599.04
2026-05-04T14:00:00+08:00,4598.983,4600.78,4583.27,4588.29
2026-05-04T15:00:00+08:00,4588.52,4593.45,4577.75,4578.844
2026-05-04T16:00:00+08:00,4578.86,4581.43,4573.3,4576.97
2026-05-04T17:00:00+08:00,4577.06,4584.59,4572.1,4575.244
2026-05-04T18:00:00+08:00,4575.52,4575.93,4525.69,4562.593
2026-05-04T19:00:00+08:00,4562.65,4570.83,4550.97,4559.823
2026-05-04T20:00:00+08:00,4560.09,4579.34,4559.06,4568.24
2026-05-04T21:00:00+08:00,4568.283,4576.23,4555.28,4563.875
2026-05-04T22:00:00+08:00,4563.97,4583.26,4553.27,4561.37
2026-05-04T23:00:00+08:00,4561.551,4566.033,4512.488,4521.56
2026-05-05T00:00:00+08:00,4521.493,4527.11,4499.92,4510.57
2026-05-05T01:00:00+08:00,4510.514,4531.64,4510.37,4522.11
2026-05-05T02:00:00+08:00,4522.16,4525.41,4509.57,4516.164
2026-05-05T03:00:00+08:00,4515.84,4527.24,4511.125,4517.46
2026-05-05T04:00:00+08:00,4517.731,4523.92,4511.22,4521.43
2026-05-05T06:00:00+08:00,4524.92,4526.1,4515.2,4517.3
2026-05-05T07:00:00+08:00,4517.31,4521.78,4515.67,4518.9
2026-05-05T08:00:00+08:00,4518.941,4530.42,4513.25,4529.61
2026-05-05T09:00:00+08:00,4529.979,4542.32,4525.045,4540.878
2026-05-05T10:00:00+08:00,4540.86,4546.87,4534.33,4538.89
2026-05-05T11:00:00+08:00,4538.9,4542.67,4531.8,4534.53
2026-05-05T12:00:00+08:00,4534.53,4536.68,4527.59,4533.651
2026-05-05T13:00:00+08:00,4533.78,4551.82,4530.99,4545.24
2026-05-05T14:00:00+08:00,4545.688,4552.11,4533.43,4547.97
2026-05-05T15:00:00+08:00,4548,4558.41,4542.99,4545.53
2026-05-05T16:00:00+08:00,4545.478,4559.75,4545.09,4558.393
2026-05-05T17:00:00+08:00,4558.421,4560.61,4550.69,4556.191
2026-05-05T18:00:00+08:00,4556.055,4556.9,4539.925,4543.724
2026-05-05T19:00:00+08:00,4543.46,4564.99,4539.63,4562.71
2026-05-05T20:00:00+08:00,4562.818,4574.73,4554.09,4564.6
2026-05-05T21:00:00+08:00,4564.51,4584.92,4563.9,4579.02
2026-05-05T22:00:00+08:00,4578.765,4586.543,4565.575,4582.145
2026-05-05T23:00:00+08:00,4582.288,4583.843,4567.96,4568.345
2026-05-06T00:00:00+08:00,4568.41,4569.058,4553.35,4561.055
2026-05-06T01:00:00+08:00,4561.13,4562.755,4552.96,4559.78
2026-05-06T02:00:00+08:00,4559.715,4565.84,4557.38,4561.004
2026-05-06T03:00:00+08:00,4561.22,4561.58,4551.25,4555.06
2026-05-06T04:00:00+08:00,4554.99,4560.07,4548.455,4555.608
2026-05-06T06:00:00+08:00,4560.42,4577.4,4545.55,4573.14
2026-05-06T07:00:00+08:00,4572.758,4595.73,4568.8,4593.93
2026-05-06T08:00:00+08:00,4593.973,4619.93,4587.82,4618.92
2026-05-06T09:00:00+08:00,4618.67,4628.84,4609.13,4625.985
2026-05-06T10:00:00+08:00,4625.92,4641.94,4624.72,4640.485
2026-05-06T11:00:00+08:00,4640.67,4652.03,4638.14,4643.632
2026-05-06T12:00:00+08:00,4643.65,4653.67,4642.93,4648.655
2026-05-06T13:00:00+08:00,4648.828,4663.83,4644.28,4662.61
2026-05-06T14:00:00+08:00,4662.87,4669.77,4656.59,4669.16
2026-05-06T15:00:00+08:00,4669.175,4681.79,4657.15,4681.17
2026-05-06T16:00:00+08:00,4681.8,4702.832,4671.39,4700.002
2026-05-06T17:00:00+08:00,4699.985,4708.56,4688.61,4701.59
2026-05-06T18:00:00+08:00,4701.822,4723.085,4695.275,4717.942
2026-05-06T19:00:00+08:00,4717.85,4721.41,4690.58,4691.868
2026-05-06T20:00:00+08:00,4692.086,4693.31,4660.195,4683.13
2026-05-06T21:00:00+08:00,4683.196,4707.84,4668.48,4702.028
2026-05-06T22:00:00+08:00,4702.132,4717.46,4697.395,4702.955
2026-05-06T23:00:00+08:00,4703.02,4705.84,4687.43,4687.8
2026-05-07T00:00:00+08:00,4687.872,4692.065,4679.315,4682.88
2026-05-07T01:00:00+08:00,4682.86,4688.04,4678.25,4684.03
2026-05-07T02:00:00+08:00,4684.037,4690.57,4681.64,4686.07
2026-05-07T03:00:00+08:00,4685.98,4700.182,4685.78,4692.52
2026-05-07T04:00:00+08:00,4692.413,4699.72,4684.47,4691.035
2026-05-07T06:00:00+08:00,4693.64,4699.93,4688.58,4694.68
2026-05-07T07:00:00+08:00,4694.842,4699.6,4689.78,4698.94
2026-05-07T08:00:00+08:00,4698.9,4701.23,4685.16,4688.74
2026-05-07T09:00:00+08:00,4688.57,4721.406,4684.73,4714.792
2026-05-07T10:00:00+08:00,4714.682,4718.605,4699.46,4707.098
2026-05-07T11:00:00+08:00,4707.186,4710.01,4698.615,4698.89
2026-05-07T12:00:00+08:00,4699.132,4700.92,4691.95,4696.27
2026-05-07T13:00:00+08:00,4696.283,4706.65,4694.26,4700.987
2026-05-07T14:00:00+08:00,4701,4750.18,4700.71,4739.072
2026-05-07T15:00:00+08:00,4739.13,4750.75,4731.29,4743.09
2026-05-07T16:00:00+08:00,4743.09,4753.53,4730.47,4731.073
2026-05-07T17:00:00+08:00,4731.1,4739.54,4721.64,4728.97
2026-05-07T18:00:00+08:00,4728.63,4739.9,4726.25,4735.62
2026-05-07T19:00:00+08:00,4735.585,4743.74,4726.9,4742.67
2026-05-07T20:00:00+08:00,4742.88,4752.8,4733.04,4749.975
2026-05-07T21:00:00+08:00,4749.955,4758.26,4730.88,4746.322
2026-05-07T22:00:00+08:00,4746.22,4763.38,4740.7,4762.82
2026-05-07T23:00:00+08:00,4762.738,4764.73,4726.16,4729.045
2026-05-08T00:00:00+08:00,4729.16,4729.81,4704.09,4714.91
2026-05-08T01:00:00+08:00,4714.865,4719.57,4686.89,4710.83
2026-05-08T02:00:00+08:00,4711.482,4716.032,4694.91,4709.8
2026-05-08T03:00:00+08:00,4709.675,4713.03,4697.41,4702.902
2026-05-08T04:00:00+08:00,4702.95,4719.2,4684.103,4685.145
2026-05-08T06:00:00+08:00,4683.82,4699.412,4672.74,4685.832
2026-05-08T07:00:00+08:00,4685.358,4705.55,4683.76,4704.236
2026-05-08T08:00:00+08:00,4704.168,4709.48,4693.54,4701.5
2026-05-08T09:00:00+08:00,4701.292,4725.42,4700.03,4722.73
2026-05-08T10:00:00+08:00,4722.75,4732.85,4706.51,4713.21
2026-05-08T11:00:00+08:00,4713.282,4731.062,4710.41,4719.572
2026-05-08T12:00:00+08:00,4719.22,4723.28,4708.59,4710.838
2026-05-08T13:00:00+08:00,4710.972,4731.41,4709.16,4727.492
2026-05-08T14:00:00+08:00,4727.44,4734.61,4712.02,4725.622
2026-05-08T15:00:00+08:00,4725.56,4726.44,4696.46,4707.898
2026-05-08T16:00:00+08:00,4707.866,4723.54,4706.39,4715.74
2026-05-08T17:00:00+08:00,4715.495,4722.86,4707.11,4711.733
2026-05-08T18:00:00+08:00,4711.852,4727.87,4710.81,4719.68
2026-05-08T19:00:00+08:00,4719.712,4727.36,4713.26,4717.702
2026-05-08T20:00:00+08:00,4717.58,4732.002,4702.52,4724.362
2026-05-08T21:00:00+08:00,4724.68,4747.972,4716.43,4747.8
2026-05-08T22:00:00+08:00,4747.8,4749.39,4713.02,4715.785
2026-05-08T23:00:00+08:00,4715.862,4720.9,4701.65,4707.065
2026-05-09T00:00:00+08:00,4706.985,4720.252,4705.24,4712.23
2026-05-09T01:00:00+08:00,4712.372,4722.84,4711.995,4720.765
2026-05-09T02:00:00+08:00,4720.822,4729.07,4719.71,4721.91
2026-05-09T03:00:00+08:00,4721.92,4727.41,4720.7,4724.041
2026-05-09T04:00:00+08:00,4723.888,4725.08,4713.56,4713.56
2026-05-11T06:00:00+08:00,4686.15,4702.23,4675.76,4691.73
2026-05-11T07:00:00+08:00,4691.74,4698.592,4688.33,4691.532
2026-05-11T08:00:00+08:00,4691.522,4693.38,4669.68,4683.41
2026-05-11T09:00:00+08:00,4683.25,4705.62,4674.11,4685.68
2026-05-11T10:00:00+08:00,4685.635,4700.18,4676.19,4681.75
2026-05-11T11:00:00+08:00,4681.73,4690.47,4674.41,4678.27
2026-05-11T12:00:00+08:00,4678.639,4679.88,4668.02,4671.9
2026-05-11T13:00:00+08:00,4671.97,4680.78,4647.71,4652.213
2026-05-11T14:00:00+08:00,4652.203,4680.52,4648.8,4678.33
2026-05-11T15:00:00+08:00,4678.386,4680.33,4664.08,4667.42
2026-05-11T16:00:00+08:00,4667.63,4678.78,4663.93,4667.492
2026-05-11T17:00:00+08:00,4667.4,4670.02,4650.2,4656.772
2026-05-11T18:00:00+08:00,4656.43,4667.54,4656.06,4663.88
2026-05-11T19:00:00+08:00,4663.968,4677.35,4663.76,4674.4
2026-05-11T20:00:00+08:00,4674.455,4701.115,4667.12,4699.86
2026-05-11T21:00:00+08:00,4699.939,4748.61,4698.29,4736.27
2026-05-11T22:00:00+08:00,4736.1,4738.57,4714.95,4725.495
2026-05-11T23:00:00+08:00,4725.506,4738.199,4722.58,4732.07
2026-05-12T00:00:00+08:00,4732.132,4733.54,4707.715,4716.23
2026-05-12T01:00:00+08:00,4716.453,4724.63,4715.6,4723.6
2026-05-12T02:00:00+08:00,4723.632,4729.44,4720.85,4724.902
2026-05-12T03:00:00+08:00,4724.655,4736.19,4722.22,4733.49
2026-05-12T04:00:00+08:00,4733.532,4738.62,4729.735,4735.593
2026-05-12T06:00:00+08:00,4733.82,4755.082,4732.77,4750.85
2026-05-12T07:00:00+08:00,4750.813,4769.96,4745.5,4767.51
2026-05-12T08:00:00+08:00,4767.305,4773.58,4748.225,4749.242
2026-05-12T09:00:00+08:00,4749.26,4755.57,4719.99,4727.2
2026-05-12T10:00:00+08:00,4727.06,4733.94,4721.7,4730.11
2026-05-12T11:00:00+08:00,4730.029,4733.49,4717.885,4720.18
2026-05-12T12:00:00+08:00,4720.11,4730.4,4710.985,4714.07
2026-05-12T13:00:00+08:00,4713.87,4722.26,4708.475,4714.41
2026-05-12T14:00:00+08:00,4714.15,4714.44,4694.13,4696.94
2026-05-12T15:00:00+08:00,4696.918,4703.9,4686.529,4699.74
2026-05-12T16:00:00+08:00,4699.819,4706.86,4696.88,4703.31
2026-05-12T17:00:00+08:00,4703.265,4705.34,4693.95,4699.11
2026-05-12T18:00:00+08:00,4699.36,4708.43,4684.86,4694
2026-05-12T19:00:00+08:00,4694.37,4709.25,4686.88,4706.32
2026-05-12T20:00:00+08:00,4706.375,4711.62,4689.435,4705.57
2026-05-12T21:00:00+08:00,4705.652,4709.12,4676.65,4679.25
2026-05-12T22:00:00+08:00,4679.308,4695.16,4669.04,4672.76
2026-05-12T23:00:00+08:00,4672.61,4676.22,4637.96,4666.21
2026-05-13T00:00:00+08:00,4665.98,4675.103,4663.75,4671.132
2026-05-13T01:00:00+08:00,4671.129,4682.4,4670.68,4678.635
2026-05-13T02:00:00+08:00,4678.71,4698.23,4675.87,4695.98
2026-05-13T03:00:00+08:00,4695.97,4715.623,4695.56,4715.435
2026-05-13T04:00:00+08:00,4715.47,4719.32,4711.77,4714.39
2026-05-13T06:00:00+08:00,4713.08,4722.47,4710.1,4716.435
2026-05-13T07:00:00+08:00,4716.83,4724,4714.78,4716.872
2026-05-13T08:00:00+08:00,4716.92,4727.09,4713.895,4714.478
2026-05-13T09:00:00+08:00,4714.527,4717.15,4700.845,4702.512
2026-05-13T10:00:00+08:00,4702.472,4707.66,4687.198,4691.585
2026-05-13T11:00:00+08:00,4691.923,4705.96,4688.56,4695.67
2026-05-13T12:00:00+08:00,4695.755,4703.44,4695.15,4699.6
2026-05-13T13:00:00+08:00,4699.59,4707.41,4693.27,4704.017
2026-05-13T14:00:00+08:00,4703.95,4715.43,4698.69,4701.586
2026-05-13T15:00:00+08:00,4701.602,4708.89,4696.39,4702.76
2026-05-13T16:00:00+08:00,4702.79,4704.33,4694.07,4700.39
2026-05-13T17:00:00+08:00,4700.55,4701.81,4685.6,4700.83
2026-05-13T18:00:00+08:00,4700.83,4710.63,4693.34,4693.975
2026-05-13T19:00:00+08:00,4694.21,4705.518,4691.12,4697.38
2026-05-13T20:00:00+08:00,4697.365,4701.72,4675.87,4683.76
2026-05-13T21:00:00+08:00,4683.763,4694.73,4669.38,4679.31
2026-05-13T22:00:00+08:00,4679.115,4691.16,4672.52,4679.71
2026-05-13T23:00:00+08:00,4680.85,4700.04,4678.76,4695.365
2026-05-14T00:00:00+08:00,4695.43,4710.5,4694.81,4695.58
2026-05-14T01:00:00+08:00,4695.59,4701.31,4684.27,4685.375
2026-05-14T02:00:00+08:00,4685.51,4694.21,4677.425,4684.883
2026-05-14T03:00:00+08:00,4684.99,4690.5,4682.97,4688.025
2026-05-14T04:00:00+08:00,4688.176,4693.87,4678.593,4683.675
2026-05-14T06:00:00+08:00,4689.402,4700.64,4687.98,4699.98
2026-05-14T07:00:00+08:00,4700.025,4702.15,4692.68,4696.444
2026-05-14T08:00:00+08:00,4696.62,4706.79,4689.03,4704.972
2026-05-14T09:00:00+08:00,4704.99,4707.02,4683.15,4688.9
2026-05-14T10:00:00+08:00,4688.67,4699.643,4679.555,4686.252
2026-05-14T11:00:00+08:00,4686.313,4693.45,4673.51,4674.7
2026-05-14T12:00:00+08:00,4675.07,4712.76,4667.91,4702.3
2026-05-14T13:00:00+08:00,4702.015,4704.29,4688.625,4689.72
2026-05-14T14:00:00+08:00,4689.883,4702.47,4685.66,4700.179
2026-05-14T15:00:00+08:00,4700.31,4718.95,4690.595,4693.12
2026-05-14T16:00:00+08:00,4693.05,4706.71,4691.935,4693.21
2026-05-14T17:00:00+08:00,4693.22,4702.59,4688.335,4699.62
2026-05-14T18:00:00+08:00,4699.5,4705.56,4690.95,4696.72
2026-05-14T19:00:00+08:00,4697.12,4704.91,4688.908,4694.31
2026-05-14T20:00:00+08:00,4694.31,4710.18,4691.96,4704.72
2026-05-14T21:00:00+08:00,4704.628,4707.82,4665.975,4679.5
2026-05-14T22:00:00+08:00,4679.315,4701.02,4677.315,4679.432
2026-05-14T23:00:00+08:00,4679.48,4689.448,4676.58,4685.9
2026-05-15T00:00:00+08:00,4685.98,4686.98,4669.955,4678.175
2026-05-15T01:00:00+08:00,4678.472,4683.03,4676.135,4678.142
2026-05-15T02:00:00+08:00,4678.16,4678.405,4666.558,4671.59
2026-05-15T03:00:00+08:00,4671.28,4671.91,4652.675,4653.818
2026-05-15T04:00:00+08:00,4654.147,4657.4,4643.153,4649.518
2026-05-15T06:00:00+08:00,4653.8,4662.72,4646.312,4662.303
2026-05-15T07:00:00+08:00,4662.12,4665.36,4646.47,4652.13
2026-05-15T08:00:00+08:00,4652.18,4658.36,4613.225,4630.06
2026-05-15T09:00:00+08:00,4630.042,4631.66,4606.92,4613.24
2026-05-15T10:00:00+08:00,4613.776,4623.48,4609.06,4617.98
2026-05-15T11:00:00+08:00,4618.083,4622.36,4607.14,4615.3
2026-05-15T12:00:00+08:00,4615.225,4621.73,4604.125,4605.61
2026-05-15T13:00:00+08:00,4605.95,4606.51,4556.881,4558.828
2026-05-15T14:00:00+08:00,4558.828,4580.6,4556.19,4569.738
2026-05-15T15:00:00+08:00,4569.6,4588.683,4565.65,4570.784
2026-05-15T16:00:00+08:00,4570.753,4572,4549.845,4554.298
2026-05-15T17:00:00+08:00,4554.361,4563.81,4531.7,4545.715
2026-05-15T18:00:00+08:00,4545.69,4572.58,4543.965,4566
2026-05-15T19:00:00+08:00,4565.855,4570.29,4549.715,4551.875
2026-05-15T20:00:00+08:00,4551.855,4558.74,4543.39,4546.42
2026-05-15T21:00:00+08:00,4545.55,4557.87,4511.215,4533.315
2026-05-15T22:00:00+08:00,4533.353,4566.58,4525.155,4562.68
2026-05-15T23:00:00+08:00,4562.615,4563.81,4533.46,4539.568
2026-05-16T00:00:00+08:00,4539.57,4548.2,4529.07,4544.26
2026-05-16T01:00:00+08:00,4544.385,4564.53,4542.81,4559.493
2026-05-16T02:00:00+08:00,4559.445,4563.07,4551.9,4559.4
2026-05-16T03:00:00+08:00,4559.22,4560.29,4544.705,4545.804
2026-05-16T04:00:00+08:00,4545.625,4546.44,4532.64,4539.39
2026-05-18T06:00:00+08:00,4531.02,4555.17,4528.253,4546.131
2026-05-18T07:00:00+08:00,4545.41,4548.13,4531.29,4537.084
2026-05-18T08:00:00+08:00,4536.795,4542.71,4480.01,4515.913
2026-05-18T09:00:00+08:00,4515.954,4535.79,4489.14,4525.46
2026-05-18T10:00:00+08:00,4525.42,4542.9,4521.765,4533.22
2026-05-18T11:00:00+08:00,4533.6,4548.01,4524.76,4541.18
2026-05-18T12:00:00+08:00,4540.985,4550,4529.76,4540.66
2026-05-18T13:00:00+08:00,4540.624,4552.17,4529.25,4530.938
2026-05-18T14:00:00+08:00,4530.38,4548.21,4529.18,4546.77
2026-05-18T15:00:00+08:00,4546.715,4560.07,4538.01,4546.17
2026-05-18T16:00:00+08:00,4546.17,4557.07,4542.138,4549.78
2026-05-18T17:00:00+08:00,4549.69,4552.72,4539.88,4542.94
2026-05-18T18:00:00+08:00,4542.908,4547.85,4531.87,4540.2
2026-05-18T19:00:00+08:00,4540.23,4567.044,4529.48,4550.573
2026-05-18T20:00:00+08:00,4550.671,4574.94,4544.965,4571.284
2026-05-18T21:00:00+08:00,4571.31,4585.03,4561.665,4575.56
2026-05-18T22:00:00+08:00,4575.485,4575.77,4537.435,4546.44
2026-05-18T23:00:00+08:00,4546.524,4548.72,4531.575,4543.83
2026-05-19T00:00:00+08:00,4543.46,4554.86,4533.77,4550.124
2026-05-19T01:00:00+08:00,4549.95,4559.08,4545.25,4546.915
2026-05-19T02:00:00+08:00,4546.924,4547.85,4533.85,4535.575
2026-05-19T03:00:00+08:00,4535.733,4565.35,4534.87,4558.453
2026-05-19T04:00:00+08:00,4558.05,4566.98,4557.45,4566.403
2026-05-19T06:00:00+08:00,4566.28,4578.393,4566.168,4573.8
2026-05-19T07:00:00+08:00,4573.842,4589,4573.04,4581.723
2026-05-19T08:00:00+08:00,4581.19,4589.37,4561.14,4563.19
2026-05-19T09:00:00+08:00,4563.17,4572.4,4553.96,4563.725
2026-05-19T10:00:00+08:00,4563.75,4563.88,4545.715,4547.037
2026-05-19T11:00:00+08:00,4547.05,4555.113,4543.13,4544.96
2026-05-19T12:00:00+08:00,4544.965,4545.76,4537.67,4542.205
2026-05-19T13:00:00+08:00,4542.39,4546.61,4530.41,4540.64
2026-05-19T14:00:00+08:00,4540.64,4553.94,4533.12,4547.91
2026-05-19T15:00:00+08:00,4548.1,4559.34,4540.98,4557.26
2026-05-19T16:00:00+08:00,4557.201,4559.15,4535.96,4542.7
2026-05-19T17:00:00+08:00,4542.69,4546.79,4535.77,4541.605
2026-05-19T18:00:00+08:00,4541.764,4544.64,4525.17,4544.57
2026-05-19T19:00:00+08:00,4544.605,4548.03,4529.59,4530.704
2026-05-19T20:00:00+08:00,4530.61,4547.11,4527.028,4536.935
2026-05-19T21:00:00+08:00,4537.193,4537.45,4464.4,4503.48
2026-05-19T22:00:00+08:00,4503.595,4514.26,4484.11,4493.97
2026-05-19T23:00:00+08:00,4494.06,4509.258,4489.535,4508.324
2026-05-20T00:00:00+08:00,4508.25,4512.484,4495.82,4507.6
2026-05-20T01:00:00+08:00,4507.535,4511.08,4498.84,4500.92
2026-05-20T02:00:00+08:00,4500.824,4503.72,4490.005,4493.495
2026-05-20T03:00:00+08:00,4493.598,4497.619,4481,4483.275
2026-05-20T04:00:00+08:00,4483.35,4488.205,4480.64,4481.9
2026-05-20T06:00:00+08:00,4498.27,4498.27,4476.76,4484.389
2026-05-20T07:00:00+08:00,4484.394,4496.36,4479.24,4489.055
2026-05-20T08:00:00+08:00,4489.309,4508.96,4479.09,4500.74
2026-05-20T09:00:00+08:00,4500.825,4506.28,4455.625,4481.21
2026-05-20T10:00:00+08:00,4481.265,4487.11,4458.04,4465.19
2026-05-20T11:00:00+08:00,4465.254,4467.171,4453,4463.65
2026-05-20T12:00:00+08:00,4463.28,4470.64,4456.05,4461.88
2026-05-20T13:00:00+08:00,4461.95,4479.09,4460.99,4472.94
2026-05-20T14:00:00+08:00,4472.6,4478.54,4461.05,4474.21
2026-05-20T15:00:00+08:00,4474.085,4485.981,4471.43,4478.49
2026-05-20T16:00:00+08:00,4478.33,4490.24,4476.35,4484.07
2026-05-20T17:00:00+08:00,4484,4491.184,4472.43,4484.773
2026-05-20T18:00:00+08:00,4484.904,4497.1,4484.365,4494.604
2026-05-20T19:00:00+08:00,4494.58,4501.27,4490.47,4499.104
2026-05-20T20:00:00+08:00,4498.85,4505.43,4492.76,4496.12
2026-05-20T21:00:00+08:00,4496.173,4506.18,4481.58,4482.98
2026-05-20T22:00:00+08:00,4483.009,4537.24,4466.73,4531.065
2026-05-20T23:00:00+08:00,4531.19,4552.81,4522.85,4529.124
2026-05-21T00:00:00+08:00,4529.03,4535.455,4523.61,4534.13
2026-05-21T01:00:00+08:00,4534.384,4538.245,4529.59,4531.175
2026-05-21T02:00:00+08:00,4531.349,4545.068,4528.84,4542.22
2026-05-21T03:00:00+08:00,4542.17,4550.11,4541.365,4545.56
2026-05-21T04:00:00+08:00,4545.535,4550.37,4536.81,4543.09
2026-05-21T06:00:00+08:00,4538.86,4548.82,4534.66,4539.77
2026-05-21T07:00:00+08:00,4539.17,4547.25,4534.03,4546.33
2026-05-21T08:00:00+08:00,4546.198,4553.35,4536.87,4545.055
2026-05-21T09:00:00+08:00,4545.214,4570.89,4539.54,4561.024
2026-05-21T10:00:00+08:00,4561.15,4564.94,4531.15,4533.184
2026-05-21T11:00:00+08:00,4533.03,4540.224,4526.88,4528.271
2026-05-21T12:00:00+08:00,4528.52,4540.52,4526.87,4538.19
2026-05-21T13:00:00+08:00,4538.404,4540.4,4518.09,4527.97
2026-05-21T14:00:00+08:00,4527.968,4539.98,4518.55,4521.375
2026-05-21T15:00:00+08:00,4521.55,4524.51,4511.52,4519.633
2026-05-21T16:00:00+08:00,4519.52,4536.73,4518.09,4532.34
2026-05-21T17:00:00+08:00,4532.335,4543.053,4527.51,4530.475
2026-05-21T18:00:00+08:00,4530.608,4535.57,4504.695,4511.29
2026-05-21T19:00:00+08:00,4511.453,4521.224,4507.78,4513.925
2026-05-21T20:00:00+08:00,4513.74,4519.32,4501.565,4504.16
2026-05-21T21:00:00+08:00,4504.16,4521.24,4488.22,4513.025
2026-05-21T22:00:00+08:00,4513.191,4515.48,4497.84,4508.848
2026-05-21T23:00:00+08:00,4508.68,4515.57,4496.37,4511.958
2026-05-22T00:00:00+08:00,4511.705,4520.86,4511.52,4519.384
2026-05-22T01:00:00+08:00,4519.24,4559.32,4513.83,4551.22
2026-05-22T02:00:00+08:00,4551.21,4556.16,4526.89,4531.85
2026-05-22T03:00:00+08:00,4531.735,4543.83,4529.48,4542.973
2026-05-22T04:00:00+08:00,4542.925,4544.745,4539.32,4542.115
2026-05-22T06:00:00+08:00,4542.748,4546,4539.16,4543.301
2026-05-22T07:00:00+08:00,4543.24,4545.08,4532.06,4535.404
2026-05-22T08:00:00+08:00,4535.38,4541.18,4525.17,4526.27
2026-05-22T09:00:00+08:00,4526.71,4536.39,4520.64,4526.135
2026-05-22T10:00:00+08:00,4526.21,4529.4,4518.14,4523.184
2026-05-22T11:00:00+08:00,4523.15,4530.013,4518.838,4529.25
2026-05-22T12:00:00+08:00,4529.26,4533.09,4525.04,4527.193
2026-05-22T13:00:00+08:00,4527.184,4534.37,4506.94,4511.16
2026-05-22T14:00:00+08:00,4511.244,4528.86,4509.625,4526.425
2026-05-22T15:00:00+08:00,4526.69,4527.43,4515.82,4521.841
2026-05-22T16:00:00+08:00,4521.69,4531.19,4516.45,4521.69
2026-05-22T17:00:00+08:00,4521.814,4536.46,4514.498,4531.92
2026-05-22T18:00:00+08:00,4532.05,4536.84,4509.88,4514.55
2026-05-22T19:00:00+08:00,4514.664,4525.16,4511.295,4520.66
2026-05-22T20:00:00+08:00,4520.35,4536.06,4514.71,4528.045
2026-05-22T21:00:00+08:00,4528.118,4534.39,4510.08,4513.255
2026-05-22T22:00:00+08:00,4513.245,4515.5,4491.578,4500.365
2026-05-22T23:00:00+08:00,4500.572,4522.35,4499.76,4519.82
2026-05-23T00:00:00+08:00,4519.99,4526.77,4512.11,4514.845
2026-05-23T01:00:00+08:00,4514.52,4527.85,4512.91,4519.17
2026-05-23T02:00:00+08:00,4519.111,4520.21,4511.58,4514.93
2026-05-23T03:00:00+08:00,4515.053,4515.858,4503.89,4508.23
2026-05-23T04:00:00+08:00,4508.254,4510.56,4503.55,4508.93
2026-05-25T06:00:00+08:00,4531.86,4565.595,4518.32,4564.745
2026-05-25T07:00:00+08:00,4564.61,4580.013,4564.4,4566.5
2026-05-25T08:00:00+08:00,4567.03,4579.59,4565.6,4569.359
2026-05-25T09:00:00+08:00,4569.47,4576.47,4559.66,4562.88
2026-05-25T10:00:00+08:00,4562.46,4570.26,4558.525,4561.32
2026-05-25T11:00:00+08:00,4561.25,4564.61,4556.06,4559.62
2026-05-25T12:00:00+08:00,4559.518,4565.97,4558.97,4564.785
2026-05-25T13:00:00+08:00,4564.67,4566.12,4551.59,4553.271
2026-05-25T14:00:00+08:00,4553.338,4563.29,4550.08,4562.16
2026-05-25T15:00:00+08:00,4562.07,4565.17,4552.18,4564.54
2026-05-25T16:00:00+08:00,4564.34,4565.07,4552.98,4555.965
2026-05-25T17:00:00+08:00,4555.62,4569.24,4554.64,4567.55
2026-05-25T18:00:00+08:00,4567.568,4573.761,4567.18,4568.51
2026-05-25T19:00:00+08:00,4568.51,4577.04,4567.27,4569.393
2026-05-25T20:00:00+08:00,4569.36,4570.39,4552.52,4567.485
2026-05-25T21:00:00+08:00,4567.624,4571.588,4559.77,4563.07
2026-05-25T22:00:00+08:00,4563.1,4570.66,4561.95,4566.81
2026-05-25T23:00:00+08:00,4566.55,4574.79,4565.44,4570.84
2026-05-26T00:00:00+08:00,4570.853,4574.71,4567.64,4573.58
2026-05-26T01:00:00+08:00,4573.468,4577.95,4562.88,4565.09
2026-05-26T02:00:00+08:00,4564.82,4571.525,4564.055,4570.824
2026-05-26T06:00:00+08:00,4569.051,4576.628,4569.051,4574.775
2026-05-26T07:00:00+08:00,4574.55,4580.27,4554.64,4559.515
2026-05-26T08:00:00+08:00,4559.644,4560.09,4538.91,4549.85
2026-05-26T09:00:00+08:00,4549.53,4550.333,4527.395,4537.028
2026-05-26T10:00:00+08:00,4537.023,4539.55,4529.72,4532.23
2026-05-26T11:00:00+08:00,4531.9,4545.46,4531.78,4542.06
2026-05-26T12:00:00+08:00,4542.235,4543.27,4523.23,4525.428
2026-05-26T13:00:00+08:00,4525.25,4535.23,4522.735,4527.13
2026-05-26T14:00:00+08:00,4527.045,4536.225,4526.69,4530.775
2026-05-26T15:00:00+08:00,4530.944,4539.06,4521.31,4537.96
2026-05-26T16:00:00+08:00,4538.164,4539.08,4519.81,4523.704
2026-05-26T17:00:00+08:00,4523.69,4526.47,4511.69,4522.548
2026-05-26T18:00:00+08:00,4522.51,4540.579,4518.97,4534.3
2026-05-26T19:00:00+08:00,4534.34,4536.28,4503.47,4507.01
2026-05-26T20:00:00+08:00,4507.145,4523.79,4500.22,4520.3
2026-05-26T21:00:00+08:00,4520.42,4531.368,4511.81,4513.77
2026-05-26T22:00:00+08:00,4514.045,4524.99,4507.52,4515.185
2026-05-26T23:00:00+08:00,4515.04,4515.6,4501.97,4506.458
2026-05-27T00:00:00+08:00,4506.195,4511.25,4499.71,4504.776
2026-05-27T01:00:00+08:00,4504.69,4507.57,4489.685,4491.069
2026-05-27T02:00:00+08:00,4490.89,4499.74,4482.24,4499.204
2026-05-27T03:00:00+08:00,4499.165,4510,4497.41,4508.81
2026-05-27T04:00:00+08:00,4508.765,4511.028,4503.51,4506.34
2026-05-27T06:00:00+08:00,4510.15,4539.6,4495.5,4510.815
2026-05-27T07:00:00+08:00,4511.01,4527.946,4503.74,4519.37
2026-05-27T08:00:00+08:00,4519.614,4525.91,4513.66,4515.1
2026-05-27T09:00:00+08:00,4515.16,4521.1,4506.38,4507.85
2026-05-27T10:00:00+08:00,4507.86,4509.63,4497.725,4505.48
2026-05-27T11:00:00+08:00,4505.754,4511.92,4496.24,4497.058
2026-05-27T12:00:00+08:00,4497.1,4517.28,4495.43,4509.99
2026-05-27T13:00:00+08:00,4510.155,4513.95,4491.355,4497.44
2026-05-27T14:00:00+08:00,4497.54,4499.17,4479.39,4485.26
2026-05-27T15:00:00+08:00,4485.143,4489.258,4475.46,4481.908
2026-05-27T16:00:00+08:00,4481.81,4498.72,4481.18,4497.64
2026-05-27T17:00:00+08:00,4497.788,4497.82,4486.63,4489.985
2026-05-27T18:00:00+08:00,4490.104,4490.65,4442.425,4445.87
2026-05-27T19:00:00+08:00,4445.57,4453.27,4424.63,4428.65
2026-05-27T20:00:00+08:00,4428.685,4466.523,4427.26,4438.59
2026-05-27T21:00:00+08:00,4438.776,4438.975,4401.13,4427.272
2026-05-27T22:00:00+08:00,4427.324,4455.52,4425.785,4434.04
2026-05-27T23:00:00+08:00,4434.22,4441.55,4427.875,4436.46
2026-05-28T00:00:00+08:00,4436.39,4453.279,4433.99,4450.744
2026-05-28T01:00:00+08:00,4450.73,4454.37,4441.09,4450.363
2026-05-28T02:00:00+08:00,4450.165,4458.49,4447.44,4454.42
2026-05-28T03:00:00+08:00,4454.295,4454.8,4448.53,4450.794
2026-05-28T04:00:00+08:00,4450.695,4458.838,4449.84,4455.28
2026-05-28T06:00:00+08:00,4456.25,4467.99,4450.875,4457.19
2026-05-28T07:00:00+08:00,4457.14,4457.84,4443.29,4446.45
2026-05-28T08:00:00+08:00,4446.83,4458.09,4442.89,4456.999
2026-05-28T09:00:00+08:00,4456.92,4458.75,4406.51,4409.953
2026-05-28T10:00:00+08:00,4410.1,4412.77,4392.06,4394.119
2026-05-28T11:00:00+08:00,4394.14,4397.909,4367.98,4374.77
2026-05-28T12:00:00+08:00,4374.745,4382.15,4365.85,4372.99
2026-05-28T13:00:00+08:00,4372.72,4395.92,4366.75,4387.6
2026-05-28T14:00:00+08:00,4387.698,4390.76,4373.685,4383.365
2026-05-28T15:00:00+08:00,4383.17,4396.31,4382.57,4387.474
2026-05-28T16:00:00+08:00,4387.474,4395.01,4385.52,4386.76
2026-05-28T17:00:00+08:00,4386.49,4399.13,4386.04,4393.43
2026-05-28T18:00:00+08:00,4393.625,4404.42,4374.678,4383.035
2026-05-28T19:00:00+08:00,4382.985,4390.59,4380.54,4387.929
2026-05-28T20:00:00+08:00,4387.93,4433.806,4379.375,4432.105
2026-05-28T21:00:00+08:00,4432.13,4439.12,4417.95,4429.77
2026-05-28T22:00:00+08:00,4429.995,4481.09,4420.49,4469.078
2026-05-28T23:00:00+08:00,4469.249,4484.995,4468.31,4482.224
2026-05-29T00:00:00+08:00,4481.928,4511.105,4477.255,4510.964
2026-05-29T01:00:00+08:00,4511.09,4514.58,4500.93,4508.78
2026-05-29T02:00:00+08:00,4508.738,4516.65,4498.15,4500.904
2026-05-29T03:00:00+08:00,4500.969,4503.84,4496.76,4497.978
2026-05-29T04:00:00+08:00,4497.978,4500.86,4494.42,4495.745
2026-05-29T06:00:00+08:00,4497.82,4499.634,4490.51,4491.1
2026-05-29T07:00:00+08:00,4491.194,4497.05,4488.62,4494.918
2026-05-29T08:00:00+08:00,4494.72,4500.66,4491.695,4496.03
2026-05-29T09:00:00+08:00,4495.56,4520.673,4491.995,4506.335
2026-05-29T10:00:00+08:00,4506.355,4511.28,4498.135,4501.636
2026-05-29T11:00:00+08:00,4501.789,4502.17,4494.45,4501.01
2026-05-29T12:00:00+08:00,4501.33,4514.8,4500.73,4514.045
2026-05-29T13:00:00+08:00,4514.071,4515.88,4502.4,4514.784
2026-05-29T14:00:00+08:00,4514.745,4524.18,4509.675,4523.595
2026-05-29T15:00:00+08:00,4523.32,4526.64,4510.53,4524.609
2026-05-29T16:00:00+08:00,4524.81,4524.86,4509.59,4514.74
2026-05-29T17:00:00+08:00,4514.83,4539.59,4512.92,4530.67
2026-05-29T18:00:00+08:00,4531.084,4543.33,4525.21,4538.38
2026-05-29T19:00:00+08:00,4538.435,4540.43,4525.52,4538.16
2026-05-29T20:00:00+08:00,4538.352,4538.628,4512.51,4522.78
2026-05-29T21:00:00+08:00,4522.6,4540.698,4516.865,4536.55
2026-05-29T22:00:00+08:00,4536.53,4570.55,4525.068,4564.82
2026-05-29T23:00:00+08:00,4564.208,4595.35,4557.22,4571.119
2026-05-30T00:00:00+08:00,4571.01,4573.54,4559.425,4566.884
2026-05-30T01:00:00+08:00,4566.884,4568.481,4551.085,4553.5
2026-05-30T02:00:00+08:00,4553.513,4561.77,4550.225,4553.25
2026-05-30T03:00:00+08:00,4553.358,4560.27,4542.265,4545.47
2026-05-30T04:00:00+08:00,4545.608,4549.18,4537.298,4537.87
2026-06-01T06:00:00+08:00,4540.3,4541.55,4517.555,4534.765
2026-06-01T07:00:00+08:00,4535.284,4545.73,4534.55,4538.92
2026-06-01T08:00:00+08:00,4539.463,4546.106,4534.77,4540.37
2026-06-01T09:00:00+08:00,4540.614,4541.41,4523.28,4524.99
2026-06-01T10:00:00+08:00,4525.424,4535.44,4520.88,4521.383
2026-06-01T11:00:00+08:00,4521.498,4526.02,4509.56,4516.125
2026-06-01T12:00:00+08:00,4516.253,4520.43,4508.32,4514.324
2026-06-01T13:00:00+08:00,4514.11,4525.24,4512.365,4518.04
2026-06-01T14:00:00+08:00,4518.11,4518.84,4500.09,4501.46
2026-06-01T15:00:00+08:00,4501.7,4509.97,4492.01,4503.009
2026-06-01T16:00:00+08:00,4502.6,4504.53,4490.178,4497.76
2026-06-01T17:00:00+08:00,4497.87,4506.334,4488.8,4495.86
2026-06-01T18:00:00+08:00,4495.924,4510.96,4495.7,4503.938
2026-06-01T19:00:00+08:00,4503.938,4513.05,4499.6,4505.69
2026-06-01T20:00:00+08:00,4505.69,4510.52,4497.07,4502.13
2026-06-01T21:00:00+08:00,4502.164,4503.88,4447.94,4449.635
2026-06-01T22:00:00+08:00,4450.05,4464.85,4447.22,4458.702
2026-06-01T23:00:00+08:00,4458.664,4479.86,4455.265,4473.94
2026-06-02T00:00:00+08:00,4474.053,4482.77,4462.755,4479.9
2026-06-02T01:00:00+08:00,4480.51,4495.48,4471.12,4487.449
2026-06-02T02:00:00+08:00,4487.408,4490.29,4484.51,4486.49
2026-06-02T03:00:00+08:00,4486.49,4488.34,4478.84,4480.91
2026-06-02T04:00:00+08:00,4481.064,4485.91,4479.87,4483.89
2026-06-02T06:00:00+08:00,4484.691,4488.52,4478.93,4485.47
2026-06-02T07:00:00+08:00,4485.623,4488.27,4478.91,4484.374
2026-06-02T08:00:00+08:00,4483.93,4497.24,4476.4,4481.614
2026-06-02T09:00:00+08:00,4481.509,4492.39,4462.55,4474.21
2026-06-02T10:00:00+08:00,4474.19,4486.57,4471.688,4485.6
2026-06-02T11:00:00+08:00,4485.889,4499.67,4485.29,4499.31
2026-06-02T12:00:00+08:00,4499.18,4518.23,4497.39,4517.12
2026-06-02T13:00:00+08:00,4517.264,4528.25,4514.85,4517.02
2026-06-02T14:00:00+08:00,4516.99,4538.43,4516.55,4535.828
2026-06-02T15:00:00+08:00,4535.48,4541.538,4527.52,4534.939
2026-06-02T16:00:00+08:00,4534.84,4539.22,4525.56,4526.6
2026-06-02T17:00:00+08:00,4526.6,4535.79,4521.075,4529.878
2026-06-02T18:00:00+08:00,4529.833,4534.03,4524.34,4533.035
2026-06-02T19:00:00+08:00,4532.96,4534.75,4525.29,4527.47
2026-06-02T20:00:00+08:00,4527.55,4534.17,4513.285,4514.63
2026-06-02T21:00:00+08:00,4514.335,4524.84,4502.095,4502.52
2026-06-02T22:00:00+08:00,4502.54,4507.12,4490.07,4503.39
2026-06-02T23:00:00+08:00,4503.72,4509,4499.4,4502.29
2026-06-03T00:00:00+08:00,4502.117,4503.76,4486.125,4491.75
2026-06-03T01:00:00+08:00,4491.77,4493.1,4481.885,4484.554
2026-06-03T02:00:00+08:00,4484.544,4491.02,4478.49,4487.49
2026-06-03T03:00:00+08:00,4487.19,4490.4,4483.115,4488.064
2026-06-03T04:00:00+08:00,4487.98,4491.51,4485.93,4491.51
2026-06-03T06:00:00+08:00,4489.358,4493.39,4483.755,4484.43
2026-06-03T07:00:00+08:00,4484.55,4488.798,4461.58,4474
2026-06-03T08:00:00+08:00,4474.31,4496.733,4473.33,4485.875
2026-06-03T09:00:00+08:00,4486.089,4487.624,4462.978,4475.684
2026-06-03T10:00:00+08:00,4475.53,4485.094,4472.39,4481.775
2026-06-03T11:00:00+08:00,4481.81,4487.584,4481.49,4484.12
2026-06-03T12:00:00+08:00,4484.34,4488.18,4467.83,4469.364
2026-06-03T13:00:00+08:00,4469.433,4474.22,4456.298,4457.06
2026-06-03T14:00:00+08:00,4456.728,4470.953,4454.94,4462.56
2026-06-03T15:00:00+08:00,4462.81,4472.25,4452.55,4453.204
2026-06-03T16:00:00+08:00,4453.165,4459.29,4440.015,4443.925
2026-06-03T17:00:00+08:00,4444.003,4459.04,4438.59,4443.02
2026-06-03T18:00:00+08:00,4443.034,4467.46,4440.75,4458.84
2026-06-03T19:00:00+08:00,4458.78,4468.09,4458.18,4462.368
2026-06-03T20:00:00+08:00,4462.32,4467.21,4447.9,4460.2
2026-06-03T21:00:00+08:00,4460.354,4465.994,4425.98,4445.734
2026-06-03T22:00:00+08:00,4445.764,4459.62,4442.02,4456.985
2026-06-03T23:00:00+08:00,4457,4458.44,4436.29,4442.07
2026-06-04T00:00:00+08:00,4442.07,4444.09,4433.4,4441.67
2026-06-04T01:00:00+08:00,4441.695,4448.4,4435.21,4438.73
2026-06-04T02:00:00+08:00,4438.74,4442.924,4434.735,4442.089
2026-06-04T03:00:00+08:00,4442.075,4452.28,4441.125,4443.638
2026-06-04T04:00:00+08:00,4443.845,4445.325,4429.86,4434.495
2026-06-04T06:00:00+08:00,4434.92,4453.01,4423.31,4448.34
2026-06-04T07:00:00+08:00,4448.28,4464.714,4444.675,4456.89
2026-06-04T08:00:00+08:00,4457.254,4465.34,4443.775,4448.18
2026-06-04T09:00:00+08:00,4448.24,4473.7,4442.9,4465.564
2026-06-04T10:00:00+08:00,4465.804,4476.721,4455.23,4474.94
2026-06-04T11:00:00+08:00,4474.94,4477.29,4457.905,4463.42
2026-06-04T12:00:00+08:00,4463.8,4484.36,4461.97,4480.66
2026-06-04T13:00:00+08:00,4480.935,4482.44,4466.595,4469.125
2026-06-04T14:00:00+08:00,4468.98,4477.22,4462.66,4467.61
2026-06-04T15:00:00+08:00,4467.43,4470.82,4459.37,4461.53
2026-06-04T16:00:00+08:00,4461.673,4469.53,4458.22,4463.08
2026-06-04T17:00:00+08:00,4463.338,4475.7,4460.795,4470.155
2026-06-04T18:00:00+08:00,4470.19,4473.85,4463.92,4473.609
2026-06-04T19:00:00+08:00,4473.58,4514.7,4468.395,4511.395
2026-06-04T20:00:00+08:00,4511.468,4513.92,4490.915,4504.144
2026-06-04T21:00:00+08:00,4504.169,4515.43,4495.07,4495.655
2026-06-04T22:00:00+08:00,4495.75,4499.91,4456.96,4465.76
2026-06-04T23:00:00+08:00,4465.774,4479.14,4463.455,4477.06
2026-06-05T00:00:00+08:00,4477.21,4485.22,4475.15,4482.59
2026-06-05T01:00:00+08:00,4482.724,4482.83,4473.835,4478.16
2026-06-05T02:00:00+08:00,4478.05,4481.19,4472.52,4477.935
2026-06-05T03:00:00+08:00,4478.12,4483.49,4475.84,4480.625
2026-06-05T04:00:00+08:00,4480.6,4481.76,4473.72,4474.315
2026-06-05T06:00:00+08:00,4475.957,4481.46,4468.44,4469.33
2026-06-05T07:00:00+08:00,4469.574,4474.13,4460.17,4461.624
2026-06-05T08:00:00+08:00,4461.43,4466.98,4450.2,4459.284
2026-06-05T09:00:00+08:00,4459.09,4469.97,4443.79,4446.785
2026-06-05T10:00:00+08:00,4446.655,4454.974,4438.04,4440.63
2026-06-05T11:00:00+08:00,4440.355,4443.891,4434.88,4442.17
2026-06-05T12:00:00+08:00,4442.344,4446.56,4437.21,4444.913
2026-06-05T13:00:00+08:00,4444.969,4450.104,4438.43,4439.82
2026-06-05T14:00:00+08:00,4439.95,4456.49,4428.42,4452.64
2026-06-05T15:00:00+08:00,4452.754,4467.52,4451.55,4460.69
2026-06-05T16:00:00+08:00,4460.898,4468.32,4458.48,4462.744
2026-06-05T17:00:00+08:00,4462.728,4469.41,4458.59,4464.858
2026-06-05T18:00:00+08:00,4464.76,4468.14,4461.56,4466.65
2026-06-05T19:00:00+08:00,4466.884,4475.349,4458.31,4470.11
2026-06-05T20:00:00+08:00,4470.2,4475.85,4404.45,4406.074
2026-06-05T21:00:00+08:00,4406.094,4421.065,4365.24,4365.66
2026-06-05T22:00:00+08:00,4365.68,4379.39,4344.37,4369.555
2026-06-05T23:00:00+08:00,4369.4,4372.65,4333.58,4335.52
2026-06-06T00:00:00+08:00,4335.48,4345,4323.15,4344.51
2026-06-06T01:00:00+08:00,4344.43,4347.355,4335.38,4341.715
2026-06-06T02:00:00+08:00,4341.69,4342.12,4315.045,4322.27
2026-06-06T03:00:00+08:00,4322.38,4325.12,4313.76,4318.78
2026-06-06T04:00:00+08:00,4318.69,4331.16,4311.09,4328.81
2026-06-08T06:00:00+08:00,4330.21,4338.235,4309.33,4316.5
2026-06-08T07:00:00+08:00,4317.268,4346.97,4316.61,4343.77
2026-06-08T08:00:00+08:00,4343.985,4353.5,4339.41,4342.259
2026-06-08T09:00:00+08:00,4342.235,4345.89,4299.61,4325.615
2026-06-08T10:00:00+08:00,4325.585,4330.91,4306.96,4310.14
2026-06-08T11:00:00+08:00,4310.7,4317.34,4303.13,4316.875
2026-06-08T12:00:00+08:00,4316.62,4321.82,4307.22,4312.29
2026-06-08T13:00:00+08:00,4312.49,4316.22,4268.02,4292.01
2026-06-08T14:00:00+08:00,4291.995,4311.43,4291.5,4300.32
2026-06-08T15:00:00+08:00,4299.966,4316.97,4294.04,4294.47
2026-06-08T16:00:00+08:00,4294.46,4297.135,4285.06,4288.775
2026-06-08T17:00:00+08:00,4288.794,4302.05,4272.88,4294.28
2026-06-08T18:00:00+08:00,4293.94,4305.735,4285.75,4301.86
2026-06-08T19:00:00+08:00,4301.998,4333.28,4296.74,4330.88
2026-06-08T20:00:00+08:00,4331.24,4339.375,4319.98,4332.995
2026-06-08T21:00:00+08:00,4333.03,4346.7,4320.88,4326.72
2026-06-08T22:00:00+08:00,4326.739,4331.58,4314.56,4330.73
2026-06-08T23:00:00+08:00,4330.955,4345.77,4322.19,4341.74
2026-06-09T00:00:00+08:00,4341.779,4346.4,4337.62,4340.564
2026-06-09T01:00:00+08:00,4340.55,4342.58,4331.71,4338.85
2026-06-09T02:00:00+08:00,4339.155,4346.02,4332.84,4334.76
2026-06-09T03:00:00+08:00,4334.67,4338.25,4323.09,4326.55
2026-06-09T04:00:00+08:00,4326.57,4330.57,4324.06,4329.45
2026-06-09T06:00:00+08:00,4331.185,4333.77,4322.05,4327.765
2026-06-09T07:00:00+08:00,4327.794,4328.97,4312.48,4317.85
2026-06-09T08:00:00+08:00,4317.69,4323.86,4314.76,4319.806
2026-06-09T09:00:00+08:00,4319.42,4338.84,4318.27,4336.373
2026-06-09T10:00:00+08:00,4336.5,4341.04,4327.65,4336.07
2026-06-09T11:00:00+08:00,4336.03,4342.34,4331.09,4336.38
2026-06-09T12:00:00+08:00,4336.27,4339.49,4323.67,4331.82
2026-06-09T13:00:00+08:00,4331.89,4351.519,4330.44,4343.405
2026-06-09T14:00:00+08:00,4342.99,4348.905,4329.88,4330.639
2026-06-09T15:00:00+08:00,4330.61,4334.8,4322.03,4326.43
2026-06-09T16:00:00+08:00,4326.505,4336.87,4320.93,4326.25
2026-06-09T17:00:00+08:00,4326.56,4336.14,4323.69,4331.96
2026-06-09T18:00:00+08:00,4331.85,4340.88,4325.18,4339.1
2026-06-09T19:00:00+08:00,4338.92,4343.8,4335.46,4339.783
2026-06-09T20:00:00+08:00,4339.825,4344.3,4334.54,4341.315
2026-06-09T21:00:00+08:00,4341.324,4363.54,4324.96,4328.89
2026-06-09T22:00:00+08:00,4328.93,4336.055,4278.18,4300.36
2026-06-09T23:00:00+08:00,4300.535,4302.163,4262.75,4272.353
2026-06-10T00:00:00+08:00,4272.377,4281.2,4236.28,4252.134
2026-06-10T01:00:00+08:00,4252.12,4268.18,4251.04,4262.99
2026-06-10T02:00:00+08:00,4263,4274.33,4259.26,4269.75
2026-06-10T03:00:00+08:00,4269.906,4271.77,4249.77,4258.605
2026-06-10T04:00:00+08:00,4258.605,4262.17,4255.45,4260.07
2026-06-10T06:00:00+08:00,4253,4257.49,4231.82,4237.216
2026-06-10T07:00:00+08:00,4237.206,4247.34,4209.92,4221.896
2026-06-10T08:00:00+08:00,4221.955,4228.4,4198.69,4218.068
2026-06-10T09:00:00+08:00,4218.152,4218.908,4183.59,4188.57
2026-06-10T10:00:00+08:00,4188.656,4192.61,4172.96,4173.8
2026-06-10T11:00:00+08:00,4174.24,4186.57,4172.62,4185.04
2026-06-10T12:00:00+08:00,4184.93,4187.32,4171.97,4174.718
2026-06-10T13:00:00+08:00,4174.767,4209.16,4173.19,4204.96
2026-06-10T14:00:00+08:00,4205.105,4221.996,4201.53,4203.49
2026-06-10T15:00:00+08:00,4203.947,4208.07,4181.19,4186.01
2026-06-10T16:00:00+08:00,4185.99,4187.43,4161.12,4168.98
2026-06-10T17:00:00+08:00,4168.95,4179.65,4162.87,4168.625
2026-06-10T18:00:00+08:00,4168.53,4178.72,4155.52,4174.46
2026-06-10T19:00:00+08:00,4174.47,4176.13,4145.38,4147.606
2026-06-10T20:00:00+08:00,4147.591,4173.98,4130.46,4146.885
2026-06-10T21:00:00+08:00,4146.81,4186.3,4132.74,4179.5
2026-06-10T22:00:00+08:00,4179.54,4181.34,4117.66,4124.81
2026-06-10T23:00:00+08:00,4124.85,4136.98,4106.46,4128.48
2026-06-11T00:00:00+08:00,4128.766,4135.02,4115.6,4121.936
2026-06-11T01:00:00+08:00,4121.957,4135.09,4100.5,4111.4
2026-06-11T02:00:00+08:00,4111.81,4120.6,4096.72,4101.53
2026-06-11T03:00:00+08:00,4101.48,4102.09,4081.47,4082.721
2026-06-11T04:00:00+08:00,4082.687,4083.15,4066.49,4071.815
2026-06-11T06:00:00+08:00,4072.293,4073.198,4035.6,4046.2
2026-06-11T07:00:00+08:00,4045.68,4064.757,4023.1,4046.97
2026-06-11T08:00:00+08:00,4046.98,4078.18,4035.41,4075.668
2026-06-11T09:00:00+08:00,4075.44,4118.14,4065.94,4101.87
2026-06-11T10:00:00+08:00,4101.86,4102.68,4051.88,4067.64
2026-06-11T11:00:00+08:00,4067.64,4078.6,4056.45,4072.78
2026-06-11T12:00:00+08:00,4072.77,4085.9,4069.68,4082.667
2026-06-11T13:00:00+08:00,4082.667,4106.31,4072.12,4094.19
2026-06-11T14:00:00+08:00,4093.88,4097.67,4075.76,4094.797
2026-06-11T15:00:00+08:00,4094.797,4110.68,4091.42,4105.03
2026-06-11T16:00:00+08:00,4105.05,4112.67,4084.13,4084.47
2026-06-11T17:00:00+08:00,4084.477,4096.45,4077.17,4091.64
2026-06-11T18:00:00+08:00,4091.58,4094.56,4086.25,4089.77
2026-06-11T19:00:00+08:00,4089.75,4095.97,4079.41,4080.25
2026-06-11T20:00:00+08:00,4080.33,4087.24,4057.24,4082.04
2026-06-11T21:00:00+08:00,4081.917,4092.65,4066.87,4083.17
2026-06-11T22:00:00+08:00,4083.18,4085.55,4052.56,4073.35
2026-06-11T23:00:00+08:00,4073.437,4095.44,4070.1,4088.42
2026-06-12T00:00:00+08:00,4088.94,4107.59,4077.7,4079.98
2026-06-12T01:00:00+08:00,4080.197,4170.09,4071.73,4151.69
2026-06-12T02:00:00+08:00,4151.787,4171.79,4131.08,4161.82
2026-06-12T03:00:00+08:00,4161.68,4220.18,4161.62,4208.896
2026-06-12T04:00:00+08:00,4208.89,4218.63,4207.67,4212.31
2026-06-12T06:00:00+08:00,4209.03,4246.566,4204.7,4243.06
2026-06-12T07:00:00+08:00,4242.73,4245.97,4213.71,4219.739
2026-06-12T08:00:00+08:00,4219.97,4230.495,4200.34,4208.295
2026-06-12T09:00:00+08:00,4208.25,4210.965,4171.06,4186.736
2026-06-12T10:00:00+08:00,4186.55,4200.12,4182.36,4191.48
2026-06-12T11:00:00+08:00,4191.547,4204.94,4189.21,4197.12
2026-06-12T12:00:00+08:00,4196.94,4201.01,4189.07,4189.845
2026-06-12T13:00:00+08:00,4189.81,4193.06,4170.4,4173.23
2026-06-12T14:00:00+08:00,4173.23,4185.68,4171.94,4184
2026-06-12T15:00:00+08:00,4184.26,4194.26,4169.88,4194.221
2026-06-12T16:00:00+08:00,4194,4226.01,4191.6,4219.586
2026-06-12T17:00:00+08:00,4219.61,4228.096,4217.09,4221.851
2026-06-12T18:00:00+08:00,4221.85,4225.66,4202.46,4210.876
2026-06-12T19:00:00+08:00,4210.89,4215.39,4197.16,4206.885
2026-06-12T20:00:00+08:00,4206.91,4215.44,4188.22,4191.726
2026-06-12T21:00:00+08:00,4191.74,4210.21,4182.51,4186.103
2026-06-12T22:00:00+08:00,4186.24,4208.475,4176.93,4203.69
2026-06-12T23:00:00+08:00,4203.945,4235.59,4199.8,4211.69
2026-06-13T00:00:00+08:00,4211.31,4233.29,4207.7,4216.035
2026-06-13T01:00:00+08:00,4216,4226.74,4213.6,4221.286
2026-06-13T02:00:00+08:00,4221.18,4235.51,4214.02,4216.32
2026-06-13T03:00:00+08:00,4215.531,4220.06,4201.61,4210.636
2026-06-13T04:00:00+08:00,4210.616,4219.426,4209.06,4218.97
2026-06-15T06:00:00+08:00,4269.138,4308.971,4260.917,4285.566
2026-06-15T07:00:00+08:00,4284.94,4295.15,4280.68,4293.995
2026-06-15T08:00:00+08:00,4294.18,4308.26,4291.18,4292.58
2026-06-15T09:00:00+08:00,4292.61,4319.64,4285.1,4316.43
2026-06-15T10:00:00+08:00,4316.75,4335.56,4315.65,4329.5
2026-06-15T11:00:00+08:00,4329.5,4331.31,4320.79,4324.95
2026-06-15T12:00:00+08:00,4324.95,4330.25,4320.46,4328.17
2026-06-15T13:00:00+08:00,4328.175,4333.08,4307.06,4309.953
2026-06-15T14:00:00+08:00,4310.075,4313.42,4300.53,4307.68
2026-06-15T15:00:00+08:00,4308.08,4325.33,4304.96,4323.09
2026-06-15T16:00:00+08:00,4323.21,4345.4,4321.37,4334.23
2026-06-15T17:00:00+08:00,4334.14,4343.3,4333.89,4336.565
2026-06-15T18:00:00+08:00,4336.624,4341.5,4335.03,4337.77
2026-06-15T19:00:00+08:00,4338.073,4347.57,4331.66,4335.2
2026-06-15T20:00:00+08:00,4335.21,4349.46,4324.37,4348.993
2026-06-15T21:00:00+08:00,4349,4368.8,4341.09,4355.26
2026-06-15T22:00:00+08:00,4355.52,4369.45,4353.66,4356.745
2026-06-15T23:00:00+08:00,4356.66,4360.84,4349.24,4356.175
2026-06-16T00:00:00+08:00,4356.06,4358.73,4334.32,4339.239
2026-06-16T01:00:00+08:00,4339.177,4339.38,4320.43,4324.705
2026-06-16T02:00:00+08:00,4324.725,4328.11,4318.01,4325.585
2026-06-16T03:00:00+08:00,4325.69,4326.74,4316.31,4320.7
2026-06-16T04:00:00+08:00,4320.71,4322.15,4305.76,4309.68
2026-06-16T06:00:00+08:00,4309.62,4315.445,4305.21,4311.45
2026-06-16T07:00:00+08:00,4311.97,4319.29,4310.98,4315.42
2026-06-16T08:00:00+08:00,4315.599,4320.83,4306.43,4319.013
2026-06-16T09:00:00+08:00,4319.21,4325.97,4311.83,4313.526
2026-06-16T10:00:00+08:00,4313.36,4320.89,4307.36,4318.646
2026-06-16T11:00:00+08:00,4318.65,4333.17,4315.01,4330.37
2026-06-16T12:00:00+08:00,4330.36,4332.14,4320.98,4322.23
2026-06-16T13:00:00+08:00,4322.2,4330.84,4314.08,4315.83
2026-06-16T14:00:00+08:00,4315.61,4324.42,4313.07,4323.863
2026-06-16T15:00:00+08:00,4323.845,4335.63,4322.22,4335.03
2026-06-16T16:00:00+08:00,4334.79,4348.02,4332.43,4346.93
2026-06-16T17:00:00+08:00,4346.8,4348.355,4338.06,4345.22
2026-06-16T18:00:00+08:00,4345.205,4349,4341.88,4348.52
2026-06-16T19:00:00+08:00,4348.885,4349.393,4334.95,4340.66
2026-06-16T20:00:00+08:00,4340.92,4355.08,4337.01,4354.56
2026-06-16T21:00:00+08:00,4354.625,4354.95,4331.24,4331.745
2026-06-16T22:00:00+08:00,4331.44,4338.723,4312.93,4324.11
2026-06-16T23:00:00+08:00,4324.025,4343.51,4320.8,4335.205
2026-06-17T00:00:00+08:00,4335.215,4347.05,4334.63,4340.54
2026-06-17T01:00:00+08:00,4340.59,4343.9,4325.07,4340.22
2026-06-17T02:00:00+08:00,4340.22,4342.8,4335.9,4338.55
2026-06-17T03:00:00+08:00,4338.29,4342.97,4330.39,4334.17
2026-06-17T04:00:00+08:00,4334.115,4334.945,4329.12,4331.18
2026-06-17T06:00:00+08:00,4330.61,4336.11,4328.3,4334.9
2026-06-17T07:00:00+08:00,4334.9,4338.413,4328.98,4330.39
2026-06-17T08:00:00+08:00,4330.865,4341.86,4328,4337.006
2026-06-17T09:00:00+08:00,4337.083,4349.762,4333.88,4340.54
2026-06-17T10:00:00+08:00,4340.9,4344.66,4329.44,4331.615
2026-06-17T11:00:00+08:00,4331.625,4334.15,4328.3,4332.27
2026-06-17T12:00:00+08:00,4332.1,4334.16,4317.25,4326.66
2026-06-17T13:00:00+08:00,4326.705,4334.29,4320.74,4326.525
2026-06-17T14:00:00+08:00,4326.52,4331.87,4320.32,4331.64
2026-06-17T15:00:00+08:00,4331.645,4332.93,4324.5,4325.13
2026-06-17T16:00:00+08:00,4325.163,4327.92,4316.88,4324.721
2026-06-17T17:00:00+08:00,4324.64,4335.72,4320.95,4329.475
2026-06-17T18:00:00+08:00,4329.45,4335.2,4326.48,4331.14
2026-06-17T19:00:00+08:00,4331.25,4331.92,4320.67,4323.02
2026-06-17T20:00:00+08:00,4323.01,4335.471,4319.54,4333.559
2026-06-17T21:00:00+08:00,4333.37,4345.24,4323.87,4339.6
2026-06-17T22:00:00+08:00,4339.6,4364.08,4330.37,4344.45
2026-06-17T23:00:00+08:00,4344.28,4365.11,4343.69,4363.505
2026-06-18T00:00:00+08:00,4363.523,4366.48,4354.9,4359.433
2026-06-18T01:00:00+08:00,4359.408,4382.45,4355.16,4379.52
2026-06-18T02:00:00+08:00,4379.42,4379.965,4269.38,4285.946
2026-06-18T03:00:00+08:00,4286.117,4295.56,4218.42,4235.88
2026-06-18T04:00:00+08:00,4235.583,4269.855,4234.45,4256.43
2026-06-18T06:00:00+08:00,4252.47,4271.392,4252.47,4266.735
2026-06-18T07:00:00+08:00,4266.8,4284.08,4263.75,4277.81
2026-06-18T08:00:00+08:00,4277.923,4315.39,4276.15,4308.19
2026-06-18T09:00:00+08:00,4308.24,4328.59,4306.21,4317.47
2026-06-18T10:00:00+08:00,4317.89,4330.01,4309.97,4310.53
2026-06-18T11:00:00+08:00,4310.838,4322.693,4308.72,4320
2026-06-18T12:00:00+08:00,4319.81,4324.03,4309.43,4315.943
2026-06-18T13:00:00+08:00,4316.03,4324.815,4300.97,4308.066
2026-06-18T14:00:00+08:00,4308.03,4310.05,4295.89,4306.23
2026-06-18T15:00:00+08:00,4306.486,4309.56,4287.2,4288.64
2026-06-18T16:00:00+08:00,4288.598,4293.05,4265.29,4266.67
2026-06-18T17:00:00+08:00,4266.67,4273.35,4259.34,4268.546
2026-06-18T18:00:00+08:00,4268.74,4272.89,4254.55,4255.5
2026-06-18T19:00:00+08:00,4255.555,4255.81,4239.57,4241.69
2026-06-18T20:00:00+08:00,4242.006,4269.2,4240.16,4246.46
2026-06-18T21:00:00+08:00,4246.33,4276.69,4244.79,4256.496
2026-06-18T22:00:00+08:00,4256.596,4257.95,4236.68,4252.296
2026-06-18T23:00:00+08:00,4252.29,4254.816,4222.83,4226.69
2026-06-19T00:00:00+08:00,4226.645,4233.4,4213.26,4219.42
2026-06-19T01:00:00+08:00,4219.34,4233.13,4218.2,4230.316
2026-06-19T02:00:00+08:00,4230.19,4233.27,4217.94,4218.196
2026-06-19T03:00:00+08:00,4218.226,4219.15,4201.14,4216.81
2026-06-19T04:00:00+08:00,4217.006,4219.728,4207.08,4219.485
2026-06-19T06:00:00+08:00,4210.07,4213.436,4202.09,4206.97
2026-06-19T07:00:00+08:00,4207.373,4208.39,4186.3,4188.35
2026-06-19T08:00:00+08:00,4188.37,4198.17,4183.85,4190.26
2026-06-19T09:00:00+08:00,4190.371,4194.6,4183.61,4184.847
2026-06-19T10:00:00+08:00,4184.847,4186.34,4171.47,4176.23
2026-06-19T11:00:00+08:00,4176.23,4177.34,4145.68,4153.39
2026-06-19T12:00:00+08:00,4153.607,4155.26,4124.64,4125.61
2026-06-19T13:00:00+08:00,4125.73,4141.74,4121.43,4139.69
2026-06-19T14:00:00+08:00,4139.646,4150.55,4132.32,4147.591
2026-06-19T15:00:00+08:00,4147.598,4163.31,4147.15,4157.89
2026-06-19T16:00:00+08:00,4157.76,4178.73,4154.99,4168.97
2026-06-19T17:00:00+08:00,4168.86,4171.03,4160.62,4162.75
2026-06-19T18:00:00+08:00,4162.887,4163.107,4147.82,4149.43
2026-06-19T19:00:00+08:00,4149.753,4155.02,4141.56,4152.52
2026-06-19T20:00:00+08:00,4152.61,4180.18,4147.13,4179.016
2026-06-19T21:00:00+08:00,4178.92,4182.96,4150.17,4151.476
2026-06-19T22:00:00+08:00,4151.39,4154.63,4142.29,4149.27
2026-06-19T23:00:00+08:00,4149.22,4154.027,4147.26,4151.39
2026-06-20T00:00:00+08:00,4151.043,4158.2,4143.7,4155.57
2026-06-22T06:00:00+08:00,4144.68,4159.771,4139.06,4156.22
2026-06-22T07:00:00+08:00,4155.83,4164.78,4136.07,4140.207
2026-06-22T08:00:00+08:00,4140.175,4201.07,4139.6,4200.01
2026-06-22T09:00:00+08:00,4200.733,4221.13,4189.21,4190.843
2026-06-22T10:00:00+08:00,4190.946,4200.32,4183.15,4188.474
2026-06-22T11:00:00+08:00,4188.38,4189.987,4170.28,4171.31
2026-06-22T12:00:00+08:00,4171.64,4182.28,4170.28,4181.46
2026-06-22T13:00:00+08:00,4181.71,4198.59,4178.99,4193.61
2026-06-22T14:00:00+08:00,4193.6,4207.37,4190.81,4197.71
2026-06-22T15:00:00+08:00,4197.595,4201.85,4188.48,4190.387
2026-06-22T16:00:00+08:00,4190.363,4197.74,4188.51,4197.326
2026-06-22T17:00:00+08:00,4197.39,4210.2,4195.67,4208.26
2026-06-22T18:00:00+08:00,4208.26,4214.24,4203.36,4204.69
2026-06-22T19:00:00+08:00,4204.66,4215.26,4201.17,4207.385
2026-06-22T20:00:00+08:00,4207.4,4211.76,4192.01,4193.307
2026-06-22T21:00:00+08:00,4193.04,4205.82,4182.55,4199.783
2026-06-22T22:00:00+08:00,4199.806,4210.95,4186.22,4198.26
2026-06-22T23:00:00+08:00,4198.04,4201.36,4169.46,4182.836
2026-06-23T00:00:00+08:00,4182.856,4193.26,4174,4189.796
2026-06-23T01:00:00+08:00,4189.855,4192,4176.81,4182.898
2026-06-23T02:00:00+08:00,4183.15,4192.89,4182.3,4191.17
2026-06-23T03:00:00+08:00,4191.18,4193.47,4184.03,4190.56
2026-06-23T04:00:00+08:00,4190.51,4193.75,4188.173,4189.67
2026-06-23T06:00:00+08:00,4186.22,4194.62,4186.22,4189.57
2026-06-23T07:00:00+08:00,4189.873,4195.33,4186.28,4187.38
2026-06-23T08:00:00+08:00,4187.39,4194.77,4177.95,4193.226
2026-06-23T09:00:00+08:00,4193.17,4198.44,4149.66,4161.11
2026-06-23T10:00:00+08:00,4161.24,4163.455,4146.12,4146.85
2026-06-23T11:00:00+08:00,4146.896,4149.72,4130.38,4143.69
2026-06-23T12:00:00+08:00,4144.011,4147.03,4114.22,4117.99
2026-06-23T13:00:00+08:00,4118.087,4137.48,4114.93,4121.16
2026-06-23T14:00:00+08:00,4121.146,4127.03,4110.04,4114.381
2026-06-23T15:00:00+08:00,4114.3,4124.83,4096.34,4098.84
2026-06-23T16:00:00+08:00,4098.39,4111.01,4090.5,4105.227
2026-06-23T17:00:00+08:00,4105.298,4122.27,4103.79,4122.25
2026-06-23T18:00:00+08:00,4122.217,4133.26,4119.35,4119.76
2026-06-23T19:00:00+08:00,4119.69,4132.06,4117.16,4123.256
2026-06-23T20:00:00+08:00,4123.26,4127.41,4111.34,4113.44
2026-06-23T21:00:00+08:00,4113.16,4140.54,4104.92,4135.5
2026-06-23T22:00:00+08:00,4135.641,4145.12,4122.36,4130.1
2026-06-23T23:00:00+08:00,4130.05,4141.625,4123.11,4138.37
2026-06-24T00:00:00+08:00,4139.26,4144.51,4131.36,4133.91
2026-06-24T01:00:00+08:00,4134.41,4139.83,4127.42,4127.966
2026-06-24T02:00:00+08:00,4128.59,4131.69,4112.62,4117.68
2026-06-24T03:00:00+08:00,4117.65,4126.03,4111.2,4111.711
2026-06-24T04:00:00+08:00,4111.58,4123.6,4106.82,4111.12
2026-06-24T06:00:00+08:00,4114.3,4117.52,4096.53,4103.83
2026-06-24T07:00:00+08:00,4104.294,4104.42,4080.39,4099.187
2026-06-24T08:00:00+08:00,4099.09,4112.03,4093.27,4097.34
2026-06-24T09:00:00+08:00,4097.06,4102.28,4068.07,4088.81
2026-06-24T10:00:00+08:00,4089.04,4095.98,4051.76,4060.96
2026-06-24T11:00:00+08:00,4060.71,4070.78,4049.91,4062.62
2026-06-24T12:00:00+08:00,4062.728,4067.31,4054.58,4064.41
2026-06-24T13:00:00+08:00,4064.429,4086.252,4060.4,4075.81
2026-06-24T14:00:00+08:00,4075.91,4097.6,4075.44,4086.98
2026-06-24T15:00:00+08:00,4087.081,4090.797,4073.33,4074.73
2026-06-24T16:00:00+08:00,4074.723,4087.67,4072.82,4076.16
2026-06-24T17:00:00+08:00,4076.212,4079.19,4064.01,4064.5
2026-06-24T18:00:00+08:00,4064.5,4067.23,4054.41,4055.34
2026-06-24T19:00:00+08:00,4055.63,4058.64,4037.24,4046.608
2026-06-24T20:00:00+08:00,4046.37,4048.777,3987.26,3987.788
2026-06-24T21:00:00+08:00,3987.6,4042.26,3964.24,4038.29
2026-06-24T22:00:00+08:00,4037.94,4041.18,4002.72,4007.82
2026-06-24T23:00:00+08:00,4007.972,4017.18,3997.04,4002.4
2026-06-25T00:00:00+08:00,4002.505,4022.6,3995.31,4006.56
2026-06-25T01:00:00+08:00,4006.645,4011.28,3972.42,3972.65
2026-06-25T02:00:00+08:00,3972.66,3994.28,3958.81,3981.51
2026-06-25T03:00:00+08:00,3981.298,3990.91,3973.23,3987.9
2026-06-25T04:00:00+08:00,3987.968,4003.07,3984.38,3998.65
2026-06-25T06:00:00+08:00,3995.08,4008.93,3992.37,3996.228
2026-06-25T07:00:00+08:00,3995.81,4018.7,3990.4,4012.4
2026-06-25T08:00:00+08:00,4012.43,4016.49,3978.11,3991.468
2026-06-25T09:00:00+08:00,3991.215,4006.04,3972.27,3976.7
2026-06-25T10:00:00+08:00,3976.688,3991.19,3962.09,3983.066
2026-06-25T11:00:00+08:00,3982.948,4001.21,3965.65,3995.57
2026-06-25T12:00:00+08:00,3995.405,3997.68,3983.23,3995.96
2026-06-25T13:00:00+08:00,3996.008,4000.03,3979.97,3986.11
2026-06-25T14:00:00+08:00,3986.55,3989.41,3973.71,3977.278
2026-06-25T15:00:00+08:00,3977.48,3989.87,3971.17,3987.87
2026-06-25T16:00:00+08:00,3987.878,4002.13,3983.97,3989.113
2026-06-25T17:00:00+08:00,3988.9,3997.7,3985.85,3988.22
2026-06-25T18:00:00+08:00,3988.19,3989.44,3981.14,3984.262
2026-06-25T19:00:00+08:00,3984.14,3987.88,3973.34,3979.998
2026-06-25T20:00:00+08:00,3980.008,4019.39,3978.63,4012.23
2026-06-25T21:00:00+08:00,4012.33,4034.08,4000.43,4002.322
2026-06-25T22:00:00+08:00,4002.322,4028.81,3998.6,4012.037
2026-06-25T23:00:00+08:00,4011.69,4042.77,4004.7,4040.971
2026-06-26T00:00:00+08:00,4040.7,4044.07,4023.53,4028.76
2026-06-26T01:00:00+08:00,4028.745,4036.8,4026.49,4034.71
2026-06-26T02:00:00+08:00,4034.578,4044.29,4025.85,4034.727
2026-06-26T03:00:00+08:00,4034.748,4043.79,4021.59,4026.618
2026-06-26T04:00:00+08:00,4026.68,4034.968,4023.8,4026.175
2026-06-26T06:00:00+08:00,4011.65,4036.63,4011.65,4026.195
2026-06-26T07:00:00+08:00,4026.02,4030.43,4012.13,4014.552
2026-06-26T08:00:00+08:00,4014.53,4024.579,4010.9,4020.248
2026-06-26T09:00:00+08:00,4020.22,4029.76,4013.9,4020.855
2026-06-26T10:00:00+08:00,4020.87,4023.34,3982.53,3990.59
2026-06-26T11:00:00+08:00,3990.698,4006.6,3986.12,4004.21
2026-06-26T12:00:00+08:00,4004.2,4015.5,3998.23,4011.22
2026-06-26T13:00:00+08:00,4011.28,4021.64,4005.31,4007.998
2026-06-26T14:00:00+08:00,4008.01,4033.23,4006.47,4032.02
2026-06-26T15:00:00+08:00,4032.02,4039.789,4026.4,4030.49
2026-06-26T16:00:00+08:00,4030.62,4037.85,4025.56,4031.02
2026-06-26T17:00:00+08:00,4030.873,4054.24,4029.33,4047.12
2026-06-26T18:00:00+08:00,4047.17,4055.03,4042.05,4054.76
2026-06-26T19:00:00+08:00,4054.58,4055.65,4042.41,4045.85
2026-06-26T20:00:00+08:00,4045.57,4061.73,4035.43,4058.968
2026-06-26T21:00:00+08:00,4058.988,4078.03,4043.04,4073.38
2026-06-26T22:00:00+08:00,4072.93,4093.16,4066.93,4080.42
2026-06-26T23:00:00+08:00,4080.43,4096.73,4074.95,4090.44
2026-06-27T00:00:00+08:00,4090.551,4093.63,4081.86,4085.017
2026-06-27T01:00:00+08:00,4084.79,4088.23,4073.25,4074.35
2026-06-27T02:00:00+08:00,4074.65,4078.87,4066.71,4067.29
2026-06-27T03:00:00+08:00,4067.277,4074.7,4064.21,4071.59
2026-06-27T04:00:00+08:00,4071.577,4090.767,4064.14,4088.87
2026-06-29T06:00:00+08:00,4086.469,4088.44,4052.58,4066.36
2026-06-29T07:00:00+08:00,4066.315,4070.8,4051.3,4062.657
2026-06-29T08:00:00+08:00,4062.77,4074.24,4047.67,4069.547
2026-06-29T09:00:00+08:00,4069.507,4074.6,4053.03,4061.31
2026-06-29T10:00:00+08:00,4060.69,4071.83,4057.67,4066.38
2026-06-29T11:00:00+08:00,4066.39,4075.81,4064.39,4068.908
2026-06-29T12:00:00+08:00,4068.41,4069.48,4048.91,4052.237
2026-06-29T13:00:00+08:00,4051.84,4057.5,4038.62,4054.35
2026-06-29T14:00:00+08:00,4054.377,4065,4053.09,4062.227
2026-06-29T15:00:00+08:00,4062.295,4068.56,4055.73,4061.499
2026-06-29T16:00:00+08:00,4061.608,4066.69,4043.24,4046.999
2026-06-29T17:00:00+08:00,4047.1,4055.29,4024.37,4031.32
2026-06-29T18:00:00+08:00,4031.5,4039.75,4027.2,4036.768
2026-06-29T19:00:00+08:00,4036.75,4042.34,4027.1,4039.188
2026-06-29T20:00:00+08:00,4039.09,4052.57,4037.36,4043.46
2026-06-29T21:00:00+08:00,4043.64,4051.8,4027.94,4032.268
2026-06-29T22:00:00+08:00,4032.05,4035.61,3999.896,4025.597
2026-06-29T23:00:00+08:00,4025.568,4030.44,4016.5,4026.917
2026-06-30T00:00:00+08:00,4026.93,4028.77,4018.45,4023.88
2026-06-30T01:00:00+08:00,4023.37,4032.17,4019.06,4020.93
2026-06-30T02:00:00+08:00,4020.89,4025.37,4011.62,4013.29
2026-06-30T03:00:00+08:00,4013.328,4019.68,4005.11,4015.85
2026-06-30T04:00:00+08:00,4015.797,4018.03,4012.45,4015.62
2026-06-30T06:00:00+08:00,4017.68,4022.301,4009.15,4014.008
2026-06-30T07:00:00+08:00,4014.16,4022.47,4012.98,4014.35
2026-06-30T08:00:00+08:00,4014.9,4015.16,3979.64,3986.93
2026-06-30T09:00:00+08:00,3987.51,3987.56,3942.43,3969.35
2026-06-30T10:00:00+08:00,3969.36,3973.34,3951.89,3962.82
2026-06-30T11:00:00+08:00,3962.31,3971.25,3959.68,3969.758
2026-06-30T12:00:00+08:00,3969.3,3998.17,3967.69,3985.47
2026-06-30T13:00:00+08:00,3985.468,3991.03,3974.93,3977.87
2026-06-30T14:00:00+08:00,3977.89,4034.18,3977.47,4029.54
2026-06-30T15:00:00+08:00,4029.69,4034.81,4023.56,4032.08
2026-06-30T16:00:00+08:00,4032.189,4037.64,4013.3,4015.47
2026-06-30T17:00:00+08:00,4015.37,4023.972,4012.12,4023.972
2026-06-30T18:00:00+08:00,4023.915,4031.34,4021.31,4029.818
2026-06-30T19:00:00+08:00,4029.72,4037.35,4025.12,4033.795
2026-06-30T20:00:00+08:00,4033.828,4034.51,4008.33,4009.65
2026-06-30T21:00:00+08:00,4009.918,4033.46,4009.14,4029.628
2026-06-30T22:00:00+08:00,4029.46,4063.42,4024.51,4037.22
2026-06-30T23:00:00+08:00,4037.285,4039.48,4021.91,4029.32
2026-07-01T00:00:00+08:00,4029.318,4033.918,4025.67,4026.09
2026-07-01T01:00:00+08:00,4026.09,4032.24,4020.57,4030.52
2026-07-01T02:00:00+08:00,4030.64,4033.85,4028.05,4028.51
2026-07-01T03:00:00+08:00,4028.56,4029.52,4014.42,4016.1
2026-07-01T04:00:00+08:00,4015.77,4021.11,4005.95,4007.418
2026-07-01T06:00:00+08:00,4011.62,4018.16,4010.09,4012.74
2026-07-01T07:00:00+08:00,4013.068,4018.46,4005.14,4005.6
2026-07-01T08:00:00+08:00,4005.698,4009.9,3992.8,3996.76
2026-07-01T09:00:00+08:00,3996.77,3999.88,3973.47,3977.38
2026-07-01T10:00:00+08:00,3977.742,3986.17,3969.69,3979.202
2026-07-01T11:00:00+08:00,3979.202,3987.06,3976.46,3980.49
2026-07-01T12:00:00+08:00,3980.33,3982.822,3972.17,3976.32
2026-07-01T13:00:00+08:00,3976.27,3978.94,3969.6,3973.992
2026-07-01T14:00:00+08:00,3973.66,3977.56,3962.71,3971.798
2026-07-01T15:00:00+08:00,3971.52,3978.41,3959.84,3975.96
2026-07-01T16:00:00+08:00,3976.008,3984.52,3969.08,3974.05
2026-07-01T17:00:00+08:00,3974.485,3986.13,3972.4,3984.428
2026-07-01T18:00:00+08:00,3984.405,3998.83,3981.09,3998.338
2026-07-01T19:00:00+08:00,3998.33,4035.54,3997.73,4030.405
2026-07-01T20:00:00+08:00,4030.405,4034.04,4019.32,4022.761
2026-07-01T21:00:00+08:00,4022.45,4108.12,4012.65,4089.607
2026-07-01T22:00:00+08:00,4089.32,4115.675,4082.62,4093.38
2026-07-01T23:00:00+08:00,4093.437,4094.66,4076.37,4081.147
2026-07-02T00:00:00+08:00,4081.157,4088.56,4070.09,4070.78
2026-07-02T01:00:00+08:00,4071.128,4073.74,4066.98,4068.13
2026-07-02T02:00:00+08:00,4068.168,4071.03,4057.47,4062.117
2026-07-02T03:00:00+08:00,4062.3,4068.38,4034.07,4038.62
2026-07-02T04:00:00+08:00,4039.3,4039.82,4028.05,4031.19
2026-07-02T06:00:00+08:00,4035.2,4045.21,4032.82,4044.56
2026-07-02T07:00:00+08:00,4044.981,4045.15,4032.94,4035.057
2026-07-02T08:00:00+08:00,4035.052,4052.65,4030.29,4051.57
2026-07-02T09:00:00+08:00,4051.1,4068.54,4044.78,4050.115
2026-07-02T10:00:00+08:00,4049.97,4061.04,4040.97,4056.995
2026-07-02T11:00:00+08:00,4056.92,4074.15,4055.12,4069.71
2026-07-02T12:00:00+08:00,4069.94,4072.97,4060.4,4060.66
2026-07-02T13:00:00+08:00,4060.717,4067.77,4052.91,4065.925
2026-07-02T14:00:00+08:00,4066.09,4079.83,4065.71,4073.137
2026-07-02T15:00:00+08:00,4073.158,4075.59,4060.41,4064.58
2026-07-02T16:00:00+08:00,4064.612,4080.22,4061.04,4076.077
2026-07-02T17:00:00+08:00,4076.17,4076.99,4063.66,4065.257
2026-07-02T18:00:00+08:00,4065.232,4068.75,4061.34,4066.17
2026-07-02T19:00:00+08:00,4066.281,4072.38,4057.12,4065.15
2026-07-02T20:00:00+08:00,4065.201,4140.4,4060.95,4117.31
2026-07-02T21:00:00+08:00,4117.57,4144.15,4109.07,4136.796
2026-07-02T22:00:00+08:00,4136.81,4138.34,4113.83,4128.48
2026-07-02T23:00:00+08:00,4128.42,4131.56,4114.54,4128.44
2026-07-03T00:00:00+08:00,4128.367,4130.55,4099.94,4117.93
2026-07-03T01:00:00+08:00,4118.08,4120.37,4105.58,4106.747
2026-07-03T02:00:00+08:00,4106.77,4127,4105.68,4122.69
2026-07-03T03:00:00+08:00,4122.61,4124.62,4107.87,4121.08
2026-07-03T04:00:00+08:00,4121.257,4125.63,4115.96,4122.34
2026-07-03T06:00:00+08:00,4122.752,4128.041,4122.04,4124.38
2026-07-03T07:00:00+08:00,4124.39,4133.95,4120.74,4126.117
2026-07-03T08:00:00+08:00,4126.15,4151.08,4122.34,4146.95
2026-07-03T09:00:00+08:00,4146.68,4195.65,4146.33,4182.226
2026-07-03T10:00:00+08:00,4182.33,4186.87,4176.11,4183.53
2026-07-03T11:00:00+08:00,4183.47,4184.67,4174.95,4175.83
2026-07-03T12:00:00+08:00,4175.74,4182.95,4172.93,4178.79
2026-07-03T13:00:00+08:00,4178.45,4181.92,4168.78,4171.075
2026-07-03T14:00:00+08:00,4171.123,4174.5,4159.94,4172.933
2026-07-03T15:00:00+08:00,4173,4181.77,4168.88,4177.013
2026-07-03T16:00:00+08:00,4177.31,4186.61,4176.57,4180.97
2026-07-03T17:00:00+08:00,4180.99,4181.84,4168.16,4171.918
2026-07-03T18:00:00+08:00,4171.98,4181.14,4170.51,4177.06
2026-07-03T19:00:00+08:00,4176.92,4186.43,4175.31,4181.02
2026-07-03T20:00:00+08:00,4181.04,4183.27,4171.91,4176.787
2026-07-03T21:00:00+08:00,4176.76,4179.34,4163.22,4164.676
2026-07-03T22:00:00+08:00,4164.676,4171.27,4155.1,4169.755
2026-07-03T23:00:00+08:00,4169.75,4174.36,4164.11,4164.87
2026-07-04T00:00:00+08:00,4164.821,4176.336,4162.49,4174.76
2026-07-06T06:00:00+08:00,4173.153,4191.54,4172.69,4188.256
2026-07-06T07:00:00+08:00,4187.89,4202.1,4176.99,4183.12
2026-07-06T08:00:00+08:00,4183.12,4189.03,4169.6,4179.8
2026-07-06T09:00:00+08:00,4179.796,4203.21,4172.03,4185.996
2026-07-06T10:00:00+08:00,4185.953,4187.82,4168.07,4174.096
2026-07-06T11:00:00+08:00,4173.94,4176.41,4160.67,4164.88
2026-07-06T12:00:00+08:00,4165.185,4166.72,4157.18,4159.34
2026-07-06T13:00:00+08:00,4159.53,4161.07,4144.41,4147.82
2026-07-06T14:00:00+08:00,4147.951,4159.59,4145.29,4150.301
2026-07-06T15:00:00+08:00,4150.315,4166.35,4146.84,4164.47
2026-07-06T16:00:00+08:00,4164.27,4166.14,4146.89,4150.357
2026-07-06T17:00:00+08:00,4150.436,4151.207,4136.18,4142.94
2026-07-06T18:00:00+08:00,4143.18,4156.24,4141.81,4154.887
2026-07-06T19:00:00+08:00,4154.836,4159.64,4151.19,4155.1
2026-07-06T20:00:00+08:00,4155.18,4158.54,4131.12,4139.567
2026-07-06T21:00:00+08:00,4139.29,4150.56,4136.306,4140.403
2026-07-06T22:00:00+08:00,4141.06,4147.32,4127.96,4138.07
2026-07-06T23:00:00+08:00,4138.06,4152,4137.27,4148.213
2026-07-07T00:00:00+08:00,4148.31,4156.28,4139.97,4154.895
2026-07-07T01:00:00+08:00,4154.83,4162.19,4150.02,4161.2
2026-07-07T02:00:00+08:00,4161.08,4167.57,4155.16,4163.827
2026-07-07T03:00:00+08:00,4163.74,4165.48,4158.67,4163.736
2026-07-07T04:00:00+08:00,4163.727,4165.47,4160.5,4164.47
2026-07-07T06:00:00+08:00,4166.558,4168.56,4163.17,4164.136
2026-07-07T07:00:00+08:00,4163.89,4165.72,4156.53,4157.316
2026-07-07T08:00:00+08:00,4157.04,4162.81,4144.83,4145.9
2026-07-07T09:00:00+08:00,4146.017,4148.07,4125.32,4141.9
2026-07-07T10:00:00+08:00,4141.82,4145.71,4130.87,4136.64
2026-07-07T11:00:00+08:00,4136.18,4140.06,4123.97,4130.72
2026-07-07T12:00:00+08:00,4131.03,4141.36,4125.55,4126.66
2026-07-07T13:00:00+08:00,4126.55,4131.4,4116.31,4123.787
2026-07-07T14:00:00+08:00,4123.76,4133.04,4121.16,4130.377
2026-07-07T15:00:00+08:00,4130.37,4133.55,4124.1,4124.8
2026-07-07T16:00:00+08:00,4124.68,4139.41,4121.58,4125.959
2026-07-07T17:00:00+08:00,4125.986,4133.82,4119.63,4130.93
2026-07-07T18:00:00+08:00,4131.176,4138.92,4130.88,4135.635
2026-07-07T19:00:00+08:00,4135.79,4158.2,4131.59,4156.77
2026-07-07T20:00:00+08:00,4156.693,4175.21,4154.27,4172.1
2026-07-07T21:00:00+08:00,4172.23,4180.46,4155.71,4158.556
2026-07-07T22:00:00+08:00,4158.6,4163.74,4143.41,4154.07
2026-07-07T23:00:00+08:00,4154.206,4155.71,4135.5,4138.86
2026-07-08T00:00:00+08:00,4138.996,4147.32,4136.8,4145.06
2026-07-08T01:00:00+08:00,4145,4148.27,4140.24,4144.55
2026-07-08T02:00:00+08:00,4144.521,4145.26,4124.72,4126.931
2026-07-08T03:00:00+08:00,4126.931,4127.82,4091.88,4114.11
2026-07-08T04:00:00+08:00,4114.08,4115.86,4103.1,4105.505
2026-07-08T06:00:00+08:00,4107.695,4107.695,4093.36,4097.94
2026-07-08T07:00:00+08:00,4098.26,4107.97,4095.54,4098.497
2026-07-08T08:00:00+08:00,4098.517,4126.78,4096.68,4111.359
2026-07-08T09:00:00+08:00,4111.59,4118.02,4096.03,4111.005
2026-07-08T10:00:00+08:00,4111.06,4124.99,4105.54,4114.418
2026-07-08T11:00:00+08:00,4114.59,4131.25,4114.35,4123.24
2026-07-08T12:00:00+08:00,4123.355,4128.94,4120.24,4125.17
2026-07-08T13:00:00+08:00,4125.135,4134.02,4121.045,4127.84
2026-07-08T14:00:00+08:00,4127.805,4133.68,4121.94,4123.5
2026-07-08T15:00:00+08:00,4123.651,4127.35,4114.5,4121.041
2026-07-08T16:00:00+08:00,4121.041,4121.43,4051.98,4056.728
2026-07-08T17:00:00+08:00,4056.687,4061.067,4041.3,4043.22
2026-07-08T18:00:00+08:00,4043.29,4058.56,4040.35,4052.97
2026-07-08T19:00:00+08:00,4052.929,4072.72,4041.18,4061.99
2026-07-08T20:00:00+08:00,4062.148,4086.54,4058.41,4072.08
2026-07-08T21:00:00+08:00,4072.07,4083.14,4065.02,4070.715
2026-07-08T22:00:00+08:00,4070.812,4076.01,4033.39,4040.9
2026-07-08T23:00:00+08:00,4040.909,4043.89,4021.52,4034.217
2026-07-09T00:00:00+08:00,4034.295,4064.82,4033,4063.69
2026-07-09T01:00:00+08:00,4063.64,4076.48,4059.32,4065.608
2026-07-09T02:00:00+08:00,4065.608,4091.59,4063.16,4083.93
2026-07-09T03:00:00+08:00,4084.16,4091.36,4078.05,4079.65
2026-07-09T04:00:00+08:00,4079.977,4083.59,4071.19,4074.57
2026-07-09T06:00:00+08:00,4077.65,4079.91,4071.68,4076.365
2026-07-09T07:00:00+08:00,4076.12,4077.79,4071.36,4076.035
2026-07-09T08:00:00+08:00,4075.79,4089.8,4069.97,4074.15
2026-07-09T09:00:00+08:00,4073.867,4078.78,4061.93,4072.88
2026-07-09T10:00:00+08:00,4072.82,4082.76,4064.17,4064.977
2026-07-09T11:00:00+08:00,4065.01,4067.7,4053.87,4064.088
2026-07-09T12:00:00+08:00,4064.03,4064.62,4056.15,4064.272
2026-07-09T13:00:00+08:00,4064.295,4084.23,4063.44,4082.03
2026-07-09T14:00:00+08:00,4081.927,4108.17,4081.16,4107.805
2026-07-09T15:00:00+08:00,4107.906,4111.22,4101.27,4107.907
2026-07-09T16:00:00+08:00,4108.04,4117.8,4105.02,4108.275
2026-07-09T17:00:00+08:00,4108.285,4112.4,4102.88,4106.21
2026-07-09T18:00:00+08:00,4106.271,4110.18,4093.47,4099.05
2026-07-09T19:00:00+08:00,4099.03,4110.59,4097.64,4108.64
2026-07-09T20:00:00+08:00,4108.67,4122.6,4104.8,4107.65
2026-07-09T21:00:00+08:00,4107.705,4129.61,4106.55,4121.825
2026-07-09T22:00:00+08:00,4121.897,4136.6,4114.04,4127.67
2026-07-09T23:00:00+08:00,4127.717,4132.73,4124.61,4127.007
2026-07-10T00:00:00+08:00,4126.99,4138.09,4125.38,4127.967
2026-07-10T01:00:00+08:00,4127.975,4138.04,4124.79,4136.2
2026-07-10T02:00:00+08:00,4136.19,4136.35,4121.315,4124.355
2026-07-10T03:00:00+08:00,4124.35,4126.98,4118.56,4122.31
2026-07-10T04:00:00+08:00,4122.437,4125.65,4120.21,4123.435
2026-07-10T06:00:00+08:00,4124.432,4127.667,4121.01,4121.79
2026-07-10T07:00:00+08:00,4121.43,4125.1,4120.49,4123.367
2026-07-10T08:00:00+08:00,4123.324,4128.327,4113.84,4126.07
2026-07-10T09:00:00+08:00,4126.287,4131.09,4108.35,4116.71
2026-07-10T10:00:00+08:00,4116.72,4129.087,4115.74,4127.67
2026-07-10T11:00:00+08:00,4127.727,4134.84,4118.96,4120.18
2026-07-10T12:00:00+08:00,4120.18,4121.088,4111.8,4115.18
2026-07-10T13:00:00+08:00,4114.91,4117.18,4107.87,4116.78
2026-07-10T14:00:00+08:00,4116.87,4120.2,4110.71,4111.673
2026-07-10T15:00:00+08:00,4111.47,4115.387,4104.13,4108.94
2026-07-10T16:00:00+08:00,4108.887,4109.58,4094.47,4097.793
2026-07-10T17:00:00+08:00,4097.66,4105.5,4094.16,4104.296
2026-07-10T18:00:00+08:00,4104.2,4112.73,4103.91,4104.4
2026-07-10T19:00:00+08:00,4104.681,4108.18,4095.93,4102.284
2026-07-10T20:00:00+08:00,4102.28,4117.74,4097.32,4100.658
2026-07-10T21:00:00+08:00,4100.646,4106.73,4085.31,4099.897
2026-07-10T22:00:00+08:00,4099.69,4109.04,4071.86,4092.45
2026-07-10T23:00:00+08:00,4092.76,4113.48,4090.93,4112.886
2026-07-11T00:00:00+08:00,4112.71,4115.46,4104.12,4104.59
2026-07-11T01:00:00+08:00,4104.373,4106.93,4100.21,4100.81
2026-07-11T02:00:00+08:00,4100.666,4105.66,4097.76,4101.16
2026-07-11T03:00:00+08:00,4101.13,4109.09,4097.42,4108.337
2026-07-11T04:00:00+08:00,4108.427,4120.98,4107.83,4120.378