time,open,high,low,close
2024-04-16T06:00:00+08:00,2382.416,2392.16,2379.183,2383.76
2024-04-16T10:00:00+08:00,2383.606,2389.35,2379.385,2386.213
2024-04-16T14:00:00+08:00,2386.6,2388.15,2362.844,2372.28
2024-04-16T18:00:00+08:00,2372.185,2379.261,2365.128,2366.181
2024-04-16T22:00:00+08:00,2366.23,2398.22,2363.435,2384.651
2024-04-17T02:00:00+08:00,2384.651,2396.38,2378.275,2382.616
2024-04-17T06:00:00+08:00,2382.111,2386.95,2380.615,2384.6
2024-04-17T10:00:00+08:00,2384.61,2386.2,2373.9,2377.541
2024-04-17T14:00:00+08:00,2377.535,2394.32,2372.4,2392.12
2024-04-17T18:00:00+08:00,2392.09,2395.11,2378.1,2393.25
2024-04-17T22:00:00+08:00,2393.28,2395.54,2360.86,2372.096
2024-04-18T02:00:00+08:00,2371.56,2379.1,2354.31,2360.395
2024-04-18T06:00:00+08:00,2361.271,2372.08,2360.64,2367.221
2024-04-18T10:00:00+08:00,2367.153,2377.12,2366.4,2376.711
2024-04-18T14:00:00+08:00,2376.74,2380.96,2374.7,2379.561
2024-04-18T18:00:00+08:00,2379.425,2392.801,2375.295,2379.576
2024-04-18T22:00:00+08:00,2379.545,2389.31,2369.2,2384.771
2024-04-19T02:00:00+08:00,2384.771,2385.12,2376.5,2379.036
2024-04-19T06:00:00+08:00,2378.641,2417.889,2373.4,2409.255
2024-04-19T10:00:00+08:00,2409.31,2414.84,2379.195,2381.29
2024-04-19T14:00:00+08:00,2381.291,2393.89,2377.875,2381.03
2024-04-19T18:00:00+08:00,2381.02,2386.81,2372.7,2378.553
2024-04-19T22:00:00+08:00,2378.575,2401.93,2378.3,2393.515
2024-04-20T02:00:00+08:00,2393.561,2398.21,2386.2,2390.295
2024-04-22T06:00:00+08:00,2391.77,2391.77,2375.6,2378.03
2024-04-22T10:00:00+08:00,2378.06,2378.1,2360.751,2365.425
2024-04-22T14:00:00+08:00,2365.481,2366.99,2351.265,2361.26
2024-04-22T18:00:00+08:00,2361.105,2361.44,2330.965,2338.46
2024-04-22T22:00:00+08:00,2338.501,2343.771,2328.7,2329.953
2024-04-23T02:00:00+08:00,2329.991,2332,2324.555,2326.385
2024-04-23T06:00:00+08:00,2327.871,2334.43,2295.408,2298.791
2024-04-23T10:00:00+08:00,2298.38,2314.84,2298.1,2308.232
2024-04-23T14:00:00+08:00,2308.33,2311.23,2291.265,2295.555
2024-04-23T18:00:00+08:00,2295.602,2330.761,2295.1,2329.53
2024-04-23T22:00:00+08:00,2329.584,2332.09,2314.345,2326.195
2024-04-24T02:00:00+08:00,2326.251,2329.711,2321,2321.535
2024-04-24T06:00:00+08:00,2322.271,2324.351,2315.94,2318.242
2024-04-24T10:00:00+08:00,2318.185,2330.081,2315.6,2328.733
2024-04-24T14:00:00+08:00,2328.82,2331.291,2311.635,2315.022
2024-04-24T18:00:00+08:00,2314.99,2326.04,2311.8,2321.29
2024-04-24T22:00:00+08:00,2321.211,2337.31,2316.6,2324.6
2024-04-25T02:00:00+08:00,2324.42,2325.05,2313.4,2315.715
2024-04-25T06:00:00+08:00,2314.711,2320.72,2314.565,2319.182
2024-04-25T10:00:00+08:00,2319.133,2322.06,2304.898,2319.453
2024-04-25T14:00:00+08:00,2319.453,2328.88,2317.665,2324.93
2024-04-25T18:00:00+08:00,2324.873,2334.7,2312.73,2318.765
2024-04-25T22:00:00+08:00,2318.853,2344.89,2316.865,2332.095
2024-04-26T02:00:00+08:00,2332.131,2336.46,2330.4,2331.735
2024-04-26T06:00:00+08:00,2332.471,2334.27,2326,2332.11
2024-04-26T10:00:00+08:00,2332.101,2338.57,2331.053,2337.8
2024-04-26T14:00:00+08:00,2337.82,2352.55,2337.285,2349.35
2024-04-26T18:00:00+08:00,2349.215,2351.62,2336.7,2341.32
2024-04-26T22:00:00+08:00,2341.315,2345.33,2328.605,2338.451
2024-04-27T02:00:00+08:00,2338.55,2341.43,2335.81,2337.245
2024-04-29T06:00:00+08:00,2335.437,2337.91,2319.857,2331.08
2024-04-29T10:00:00+08:00,2330.95,2336.55,2323.5,2330.385
2024-04-29T14:00:00+08:00,2330.431,2344.34,2327.2,2343.161
2024-04-29T18:00:00+08:00,2343.181,2344.13,2325.455,2334.021
2024-04-29T22:00:00+08:00,2333.955,2346.76,2332.3,2342.19
2024-04-30T02:00:00+08:00,2342.151,2343.84,2332.8,2335.085
2024-04-30T06:00:00+08:00,2335.402,2336.29,2331.4,2334.02
2024-04-30T10:00:00+08:00,2333.937,2334.49,2321.3,2323.001
2024-04-30T14:00:00+08:00,2322.91,2323.511,2310.5,2314.83
2024-04-30T18:00:00+08:00,2314.822,2317.99,2302.6,2307.74
2024-04-30T22:00:00+08:00,2307.43,2310.75,2291.3,2295.905
2024-05-01T02:00:00+08:00,2295.911,2297.55,2284.8,2285.395
2024-05-01T06:00:00+08:00,2285.811,2293.262,2285.575,2287.96
2024-05-01T10:00:00+08:00,2287.875,2288.68,2281.3,2287.351
2024-05-01T14:00:00+08:00,2287.52,2293.122,2283.1,2291.93
2024-05-01T18:00:00+08:00,2291.851,2303.51,2288.7,2302.942
2024-05-01T22:00:00+08:00,2302.97,2310.5,2297.325,2299.445
2024-05-02T02:00:00+08:00,2299.38,2328.29,2295.17,2318.315
2024-05-02T06:00:00+08:00,2319.742,2326.45,2317.89,2324.19
2024-05-02T10:00:00+08:00,2324.09,2325.59,2312.878,2314.925
2024-05-02T14:00:00+08:00,2314.922,2319.12,2298.4,2301.832
2024-05-02T18:00:00+08:00,2301.755,2304.49,2285.358,2291.54
2024-05-02T22:00:00+08:00,2291.422,2308.47,2287.575,2308.05
2024-05-03T02:00:00+08:00,2307.908,2309.39,2300.4,2303.305
2024-05-03T06:00:00+08:00,2303.242,2306.41,2300.1,2302.591
2024-05-03T10:00:00+08:00,2302.62,2308.76,2299.5,2305.99
2024-05-03T14:00:00+08:00,2305.918,2306.4,2297.5,2301.6
2024-05-03T18:00:00+08:00,2301.491,2320.67,2277.08,2289.7
2024-05-03T22:00:00+08:00,2289.947,2303.18,2283.014,2302.05
2024-05-04T02:00:00+08:00,2301.971,2303.4,2295.6,2301.175
2024-05-06T06:00:00+08:00,2304.071,2309.11,2291.6,2308.32
2024-05-06T10:00:00+08:00,2308.304,2315.36,2307.4,2313.335
2024-05-06T14:00:00+08:00,2313.45,2324.23,2311.3,2321.025
2024-05-06T18:00:00+08:00,2321.064,2332.2,2314.4,2327.844
2024-05-06T22:00:00+08:00,2327.745,2330.63,2317.565,2324.585
2024-05-07T02:00:00+08:00,2324.64,2328.87,2323.1,2323.535
2024-05-07T06:00:00+08:00,2325.797,2329.93,2321.9,2322.713
2024-05-07T10:00:00+08:00,2322.76,2325.12,2319.3,2321.53
2024-05-07T14:00:00+08:00,2321.435,2322.02,2311.608,2313.711
2024-05-07T18:00:00+08:00,2313.711,2323.76,2309.7,2318.53
2024-05-07T22:00:00+08:00,2318.482,2322.48,2310.7,2314.24
2024-05-08T02:00:00+08:00,2314.197,2315.62,2311.5,2313.795
2024-05-08T06:00:00+08:00,2313.832,2316.85,2306.7,2307.79
2024-05-08T10:00:00+08:00,2307.67,2321.39,2307,2317.67
2024-05-08T14:00:00+08:00,2317.68,2318.91,2303.555,2310.722
2024-05-08T18:00:00+08:00,2310.742,2319.01,2306.685,2309.94
2024-05-08T22:00:00+08:00,2309.882,2321.14,2308.8,2313.802
2024-05-09T02:00:00+08:00,2313.784,2313.85,2307.5,2308.077
2024-05-09T06:00:00+08:00,2308.942,2312.27,2307.5,2309.88
2024-05-09T10:00:00+08:00,2309.88,2319.8,2307.7,2316.515
2024-05-09T14:00:00+08:00,2316.553,2317.06,2306.3,2307.505
2024-05-09T18:00:00+08:00,2307.64,2329.37,2307,2324.351
2024-05-09T22:00:00+08:00,2324.293,2338.801,2323.175,2334.76
2024-05-10T02:00:00+08:00,2334.733,2347.26,2333.5,2345.985
2024-05-10T06:00:00+08:00,2346.561,2355.81,2343.37,2350.33
2024-05-10T10:00:00+08:00,2350.31,2358.82,2346.8,2357.14
2024-05-10T14:00:00+08:00,2357.121,2375.33,2355.94,2372.493
2024-05-10T18:00:00+08:00,2372.46,2378.45,2359.9,2367.351
2024-05-10T22:00:00+08:00,2367.351,2373.02,2356.1,2369.551
2024-05-11T02:00:00+08:00,2369.551,2370.96,2359.3,2360.175
2024-05-13T06:00:00+08:00,2362.801,2364.52,2354.5,2359.12
2024-05-13T10:00:00+08:00,2359.104,2359.84,2351.078,2352.64
2024-05-13T14:00:00+08:00,2352.508,2354.46,2338.7,2340.16
2024-05-13T18:00:00+08:00,2340.085,2349.88,2338.3,2344.031
2024-05-13T22:00:00+08:00,2344.031,2346,2331.985,2335.831
2024-05-14T02:00:00+08:00,2335.831,2338.45,2334.8,2336.545
2024-05-14T06:00:00+08:00,2335.731,2342.11,2334.5,2341.92
2024-05-14T10:00:00+08:00,2341.97,2345.881,2339.6,2344.681
2024-05-14T14:00:00+08:00,2344.671,2348.22,2335.7,2345.831
2024-05-14T18:00:00+08:00,2345.698,2355.12,2336.395,2353.784
2024-05-14T22:00:00+08:00,2353.733,2357.01,2346.1,2355.851
2024-05-15T02:00:00+08:00,2355.798,2359.72,2354.7,2357.827
2024-05-15T06:00:00+08:00,2357.038,2359.05,2354.5,2357.381
2024-05-15T10:00:00+08:00,2357.39,2360.97,2355.5,2358.5
2024-05-15T14:00:00+08:00,2358.365,2374.3,2356.5,2369.153
2024-05-15T18:00:00+08:00,2369.25,2378.91,2351.735,2357.96
2024-05-15T22:00:00+08:00,2358.055,2390.25,2353.65,2389.22
2024-05-16T02:00:00+08:00,2389.22,2389.41,2383.2,2385.806
2024-05-16T06:00:00+08:00,2385.45,2397.39,2384.28,2391.55
2024-05-16T10:00:00+08:00,2391.55,2394.48,2386.2,2390.153
2024-05-16T14:00:00+08:00,2390.153,2391.4,2383.3,2385.4
2024-05-16T18:00:00+08:00,2385.323,2386.62,2371.565,2375.13
2024-05-16T22:00:00+08:00,2375.14,2383.801,2370.7,2381.46
2024-05-17T02:00:00+08:00,2381.363,2382.02,2375.6,2376.464
2024-05-17T06:00:00+08:00,2376.741,2379.69,2375.998,2378.018
2024-05-17T10:00:00+08:00,2378.091,2382.38,2373.6,2381.31
2024-05-17T14:00:00+08:00,2381.238,2387.84,2380.5,2382.473
2024-05-17T18:00:00+08:00,2382.395,2405.14,2381.4,2401.6
2024-05-17T22:00:00+08:00,2401.59,2419.101,2398.625,2414.22
2024-05-18T02:00:00+08:00,2414.17,2422.709,2411.4,2414.525
2024-05-20T06:00:00+08:00,2414.5,2440.62,2414.5,2434.61
2024-05-20T10:00:00+08:00,2434.61,2450.1,2428.6,2449.44
2024-05-20T14:00:00+08:00,2449.49,2449.73,2431.7,2441.585
2024-05-20T18:00:00+08:00,2441.67,2443.06,2407.145,2420.12
2024-05-20T22:00:00+08:00,2419.995,2436.76,2414.635,2435.278
2024-05-21T02:00:00+08:00,2435.248,2437.37,2422.9,2425.785
2024-05-21T06:00:00+08:00,2427.076,2433.1,2419.478,2420.44
2024-05-21T10:00:00+08:00,2420.38,2422.69,2406.121,2416.46
2024-05-21T14:00:00+08:00,2416.4,2422.19,2408.484,2416.25
2024-05-21T18:00:00+08:00,2416.34,2431.52,2414.7,2427.689
2024-05-21T22:00:00+08:00,2427.645,2433.9,2417.87,2419.9
2024-05-22T02:00:00+08:00,2419.869,2425.26,2417.2,2420.365
2024-05-22T06:00:00+08:00,2421.11,2423.4,2418.8,2421.814
2024-05-22T10:00:00+08:00,2421.96,2426.56,2411.214,2417.03
2024-05-22T14:00:00+08:00,2417.2,2418.5,2410.2,2417.145
2024-05-22T18:00:00+08:00,2417.21,2419.381,2404.648,2411.71
2024-05-22T22:00:00+08:00,2411.73,2411.75,2381.8,2388.206
2024-05-23T02:00:00+08:00,2388.265,2390.73,2374.5,2378.506
2024-05-23T06:00:00+08:00,2380.711,2383.7,2366.3,2372.98
2024-05-23T10:00:00+08:00,2373.02,2375.7,2358.185,2359.851
2024-05-23T14:00:00+08:00,2359.821,2367.22,2354.7,2364.05
2024-05-23T18:00:00+08:00,2364.004,2369.96,2350.4,2358.69
2024-05-23T22:00:00+08:00,2358.475,2363.891,2331.6,2332.078
2024-05-24T02:00:00+08:00,2332.141,2336.411,2326.848,2328.375
2024-05-24T06:00:00+08:00,2328.321,2335.2,2326.4,2333.815
2024-05-24T10:00:00+08:00,2333.831,2339.29,2325.2,2338.411
2024-05-24T14:00:00+08:00,2338.421,2343.26,2335.065,2337.561
2024-05-24T18:00:00+08:00,2337.553,2347.43,2335.588,2337.13
2024-05-24T22:00:00+08:00,2337.13,2343.18,2331.5,2332.6
2024-05-25T02:00:00+08:00,2332.59,2336.75,2331.5,2333.405
2024-05-27T06:00:00+08:00,2334.871,2340.75,2332.125,2339.67
2024-05-27T10:00:00+08:00,2339.544,2347.6,2338.4,2343.72
2024-05-27T14:00:00+08:00,2343.711,2346.22,2337.7,2343.181
2024-05-27T18:00:00+08:00,2343.27,2357.03,2342.26,2354.768
2024-05-27T22:00:00+08:00,2354.881,2358.55,2351.7,2354.875
2024-05-28T02:00:00+08:00,2354.889,2355.17,2350.38,2351.041
2024-05-28T06:00:00+08:00,2351.451,2356.4,2348.9,2354.741
2024-05-28T10:00:00+08:00,2354.731,2355.91,2349.2,2350.37
2024-05-28T14:00:00+08:00,2350.325,2350.51,2339.9,2343.85
2024-05-28T18:00:00+08:00,2343.84,2364.12,2343,2354.935
2024-05-28T22:00:00+08:00,2354.94,2362.22,2347.5,2356.88
2024-05-29T02:00:00+08:00,2356.821,2361.36,2352.4,2361.126
2024-05-29T06:00:00+08:00,2360.281,2362.73,2355.3,2356.44
2024-05-29T10:00:00+08:00,2356.371,2361.38,2354,2356.691
2024-05-29T14:00:00+08:00,2356.691,2356.82,2340.6,2345.625
2024-05-29T18:00:00+08:00,2345.706,2347.4,2334.438,2345.601
2024-05-29T22:00:00+08:00,2345.66,2346.49,2335.6,2343.49
2024-05-30T02:00:00+08:00,2343.528,2344.33,2335.7,2337.427
2024-05-30T06:00:00+08:00,2337.901,2339.88,2332.5,2334.09
2024-05-30T10:00:00+08:00,2334.09,2337.12,2322.458,2324.884
2024-05-30T14:00:00+08:00,2324.873,2338.01,2323.8,2333.075
2024-05-30T18:00:00+08:00,2333.075,2348.61,2330.3,2348.47
2024-05-30T22:00:00+08:00,2348.385,2351.82,2340.5,2344.338
2024-05-31T02:00:00+08:00,2344.338,2344.56,2339.795,2342.875
2024-05-31T06:00:00+08:00,2342.981,2347.68,2341.7,2346.53
2024-05-31T10:00:00+08:00,2346.541,2347.74,2336.7,2342.37
2024-05-31T14:00:00+08:00,2342.38,2347.06,2339.5,2342.13
2024-05-31T18:00:00+08:00,2342.091,2359.74,2341.2,2348.025
2024-05-31T22:00:00+08:00,2348.2,2349.08,2323.7,2325.931
2024-06-01T02:00:00+08:00,2325.911,2330.57,2320.1,2326.886
2024-06-03T06:00:00+08:00,2328.298,2331.05,2323,2330.78
2024-06-03T10:00:00+08:00,2330.8,2330.97,2315.215,2320.085
2024-06-03T14:00:00+08:00,2320.16,2328.85,2314.4,2327.711
2024-06-03T18:00:00+08:00,2327.73,2336.74,2325.4,2333.391
2024-06-03T22:00:00+08:00,2333.261,2354.77,2332.53,2348.371
2024-06-04T02:00:00+08:00,2348.344,2351.1,2344.3,2350.405
2024-06-04T06:00:00+08:00,2350.64,2352.81,2343.068,2347.011
2024-06-04T10:00:00+08:00,2347.011,2349.9,2343.7,2347.72
2024-06-04T14:00:00+08:00,2347.611,2351.8,2326.615,2329.861
2024-06-04T18:00:00+08:00,2329.861,2337.98,2321.9,2324.38
2024-06-04T22:00:00+08:00,2324.175,2332.47,2315.508,2328.86
2024-06-05T02:00:00+08:00,2328.635,2329.82,2325.6,2326.691
2024-06-05T06:00:00+08:00,2325.918,2330.87,2325.6,2330.46
2024-06-05T10:00:00+08:00,2330.317,2341.68,2329.6,2337.36
2024-06-05T14:00:00+08:00,2337.35,2338.45,2327.945,2332.213
2024-06-05T18:00:00+08:00,2332.195,2345.94,2329.348,2343.81
2024-06-05T22:00:00+08:00,2344.748,2357.34,2333.9,2355.051
2024-06-06T02:00:00+08:00,2355.15,2356.75,2352.3,2354.975
2024-06-06T06:00:00+08:00,2355.098,2373.33,2354.1,2367.324
2024-06-06T10:00:00+08:00,2367.411,2374.96,2364.7,2367.72
2024-06-06T14:00:00+08:00,2367.73,2368.344,2358.1,2361.52
2024-06-06T18:00:00+08:00,2361.435,2367.08,2353.305,2360.51
2024-06-06T22:00:00+08:00,2360.395,2378.47,2358.378,2373.15
2024-06-07T02:00:00+08:00,2373.14,2376.225,2368.7,2375.375
2024-06-07T06:00:00+08:00,2374.968,2380.03,2369.8,2371.001
2024-06-07T10:00:00+08:00,2370.915,2387.71,2369.1,2375.98
2024-06-07T14:00:00+08:00,2375.849,2379.32,2337.2,2339.225
2024-06-07T18:00:00+08:00,2339.33,2339.36,2304.8,2309.402
2024-06-07T22:00:00+08:00,2309.402,2321.111,2302.948,2305.362
2024-06-08T02:00:00+08:00,2305.47,2307.16,2286.5,2293.415
2024-06-10T06:00:00+08:00,2293.59,2300.09,2288.755,2297.65
2024-06-10T10:00:00+08:00,2297.495,2301.42,2291.9,2295.67
2024-06-10T14:00:00+08:00,2295.631,2297.57,2287.3,2295.33
2024-06-10T18:00:00+08:00,2295.302,2308.74,2294.7,2305.55
2024-06-10T22:00:00+08:00,2305.551,2313.82,2301.1,2311.902
2024-06-11T02:00:00+08:00,2311.88,2312.25,2308.1,2310.645
2024-06-11T06:00:00+08:00,2310.78,2312.47,2301.4,2302.82
2024-06-11T10:00:00+08:00,2302.811,2304.432,2297.2,2299.52
2024-06-11T14:00:00+08:00,2299.52,2307.76,2298.3,2306.25
2024-06-11T18:00:00+08:00,2306.245,2319.93,2304.9,2314.488
2024-06-11T22:00:00+08:00,2314.485,2317.83,2305.5,2312.675
2024-06-12T02:00:00+08:00,2312.711,2316.96,2311.9,2316.515
2024-06-12T06:00:00+08:00,2316.41,2317.63,2310.5,2314.258
2024-06-12T10:00:00+08:00,2314.4,2316.74,2310.584,2314.94
2024-06-12T14:00:00+08:00,2314.905,2317.77,2310.5,2313.938
2024-06-12T18:00:00+08:00,2314.022,2341.69,2311.465,2329.735
2024-06-12T22:00:00+08:00,2329.811,2339.58,2319.955,2334.378
2024-06-13T02:00:00+08:00,2335.111,2335.181,2315.5,2324.675
2024-06-13T06:00:00+08:00,2324.305,2325.66,2307.985,2312.565
2024-06-13T10:00:00+08:00,2312.533,2316.35,2308.7,2311.604
2024-06-13T14:00:00+08:00,2311.525,2318.6,2311,2315.46
2024-06-13T18:00:00+08:00,2315.45,2326.71,2303.82,2310.69
2024-06-13T22:00:00+08:00,2310.78,2317.1,2295.395,2301.411
2024-06-14T02:00:00+08:00,2301.422,2304.99,2299.7,2303.905
2024-06-14T06:00:00+08:00,2303.71,2307.18,2301.1,2305.922
2024-06-14T10:00:00+08:00,2305.898,2311.59,2303.2,2309.9
2024-06-14T14:00:00+08:00,2309.89,2322.75,2307.1,2322.58
2024-06-14T18:00:00+08:00,2322.504,2336.64,2320.5,2330.261
2024-06-14T22:00:00+08:00,2330.165,2335.59,2323.8,2334.14
2024-06-15T02:00:00+08:00,2334.013,2335.49,2330.5,2332.184
2024-06-17T06:00:00+08:00,2331.098,2332.85,2322.5,2326.28
2024-06-17T10:00:00+08:00,2326.25,2326.28,2317.4,2318.562
2024-06-17T14:00:00+08:00,2318.505,2322.66,2315.3,2319.965
2024-06-17T18:00:00+08:00,2320.051,2326.32,2316.5,2320.9
2024-06-17T22:00:00+08:00,2320.902,2327.64,2309.6,2316.618
2024-06-18T02:00:00+08:00,2316.77,2320.76,2315.8,2318.875
2024-06-18T06:00:00+08:00,2318.098,2325.54,2318.098,2322.49
2024-06-18T10:00:00+08:00,2322.471,2325.681,2319.2,2322.151
2024-06-18T14:00:00+08:00,2322.085,2322.76,2310.4,2311.14
2024-06-18T18:00:00+08:00,2311.07,2327.8,2306.4,2326.608
2024-06-18T22:00:00+08:00,2326.604,2333.14,2318.6,2329.76
2024-06-19T02:00:00+08:00,2329.67,2331.52,2327.1,2329.165
2024-06-19T06:00:00+08:00,2328.657,2331,2326.3,2330.12
2024-06-19T10:00:00+08:00,2330.15,2331.78,2326.6,2329.168
2024-06-19T14:00:00+08:00,2329.193,2335.01,2327.3,2328.08
2024-06-19T18:00:00+08:00,2328.14,2332.95,2325.1,2328.093
2024-06-19T22:00:00+08:00,2328.091,2331.37,2323.671,2329.97
2024-06-20T02:00:00+08:00,2329.971,2330.1,2327.425,2328.061
2024-06-20T06:00:00+08:00,2327.87,2338.99,2327,2336.198
2024-06-20T10:00:00+08:00,2336.3,2344.861,2332,2340.181
2024-06-20T14:00:00+08:00,2340.2,2345.7,2331.4,2334.561
2024-06-20T18:00:00+08:00,2334.518,2349.56,2331.9,2349.271
2024-06-20T22:00:00+08:00,2349.27,2365.53,2348.805,2357.225
2024-06-21T02:00:00+08:00,2357.44,2361.1,2356.9,2359.695
2024-06-21T06:00:00+08:00,2359.298,2364.84,2356.6,2359.59
2024-06-21T10:00:00+08:00,2359.54,2365.6,2357.7,2364.51
2024-06-21T14:00:00+08:00,2364.51,2368.17,2354.6,2363.98
2024-06-21T18:00:00+08:00,2363.881,2368.74,2334.665,2340.45
2024-06-21T22:00:00+08:00,2340.46,2340.601,2316.588,2319.253
2024-06-22T02:00:00+08:00,2319.253,2323.321,2316.6,2321.755
2024-06-24T06:00:00+08:00,2322.78,2326.37,2317.3,2323.56
2024-06-24T10:00:00+08:00,2323.57,2327.27,2319.3,2324.998
2024-06-24T14:00:00+08:00,2325.044,2332.82,2320.625,2325.07
2024-06-24T18:00:00+08:00,2325.07,2333.95,2323,2328.004
2024-06-24T22:00:00+08:00,2328.04,2333.71,2326.5,2331.915
2024-06-25T02:00:00+08:00,2332,2334.67,2330.7,2333.695
2024-06-25T06:00:00+08:00,2333.4,2334.52,2322.8,2325.765
2024-06-25T10:00:00+08:00,2325.765,2330.16,2322.5,2324.95
2024-06-25T14:00:00+08:00,2324.991,2333.97,2322.6,2333.004
2024-06-25T18:00:00+08:00,2333.11,2337.12,2320.1,2325.47
2024-06-25T22:00:00+08:00,2325.465,2328.19,2315.405,2319.073
2024-06-26T02:00:00+08:00,2319.073,2320.69,2316.7,2319.235
2024-06-26T06:00:00+08:00,2319.58,2323.9,2310.4,2312.778
2024-06-26T10:00:00+08:00,2312.87,2321.65,2311.5,2312.061
2024-06-26T14:00:00+08:00,2312.02,2318.43,2309.3,2316.33
2024-06-26T18:00:00+08:00,2316.311,2317.84,2293.464,2296.28
2024-06-26T22:00:00+08:00,2296.344,2304.19,2295.242,2301.94
2024-06-27T02:00:00+08:00,2301.851,2302.08,2296.7,2298.035
2024-06-27T06:00:00+08:00,2298.098,2300.19,2296.5,2297.8
2024-06-27T10:00:00+08:00,2297.76,2301.12,2296.718,2297.482
2024-06-27T14:00:00+08:00,2297.491,2313.8,2296.2,2312.498
2024-06-27T18:00:00+08:00,2312.5,2325.82,2311.9,2323.3
2024-06-27T22:00:00+08:00,2323.28,2330.93,2322.545,2325.728
2024-06-28T02:00:00+08:00,2325.84,2328.5,2322.3,2327.621
2024-06-28T06:00:00+08:00,2327.108,2328.8,2318.8,2320.188
2024-06-28T10:00:00+08:00,2320.242,2327.03,2319.4,2325.608
2024-06-28T14:00:00+08:00,2325.615,2331.96,2324.5,2330.225
2024-06-28T18:00:00+08:00,2330.34,2339.79,2326.4,2330.293
2024-06-28T22:00:00+08:00,2330.24,2333.72,2322.4,2326.773
2024-06-29T02:00:00+08:00,2326.768,2328.46,2322.6,2326.275
2024-07-01T06:00:00+08:00,2326.32,2328.58,2321.7,2327.78
2024-07-01T10:00:00+08:00,2327.78,2327.89,2318.1,2321.75
2024-07-01T14:00:00+08:00,2321.77,2329.51,2321.193,2327.39
2024-07-01T18:00:00+08:00,2327.371,2338.55,2325,2326.921
2024-07-01T22:00:00+08:00,2326.915,2334.27,2318.8,2329.191
2024-07-02T02:00:00+08:00,2329.27,2332.4,2326.6,2331.485
2024-07-02T06:00:00+08:00,2330.848,2334.27,2330.8,2333.953
2024-07-02T10:00:00+08:00,2333.981,2334.36,2324.6,2329.93
2024-07-02T14:00:00+08:00,2329.778,2332.47,2322.9,2324.735
2024-07-02T18:00:00+08:00,2324.79,2336.8,2318.945,2333.83
2024-07-02T22:00:00+08:00,2334.37,2335.458,2320.8,2324.598
2024-07-03T02:00:00+08:00,2324.608,2331.38,2324.2,2329.335
2024-07-03T06:00:00+08:00,2329.098,2332.19,2328,2329.09
2024-07-03T10:00:00+08:00,2329.02,2335.8,2326.6,2333.208
2024-07-03T14:00:00+08:00,2333.261,2347.55,2332.5,2346.28
2024-07-03T18:00:00+08:00,2346.201,2358.71,2342.3,2355.05
2024-07-03T22:00:00+08:00,2354.97,2365.13,2353.5,2356.92
2024-07-04T02:00:00+08:00,2356.6,2358.18,2353.3,2355.765
2024-07-04T06:00:00+08:00,2356.88,2362.53,2354.78,2361.785
2024-07-04T10:00:00+08:00,2361.86,2362.22,2355.2,2356.79
2024-07-04T14:00:00+08:00,2356.841,2359.621,2350.364,2357.66
2024-07-04T18:00:00+08:00,2357.66,2360.4,2356,2359.74
2024-07-04T22:00:00+08:00,2359.68,2361.87,2355.31,2356.231
2024-07-05T02:00:00+08:00,2356.231,2357.33,2355.7,2356.52
2024-07-05T06:00:00+08:00,2356.72,2360.32,2354.115,2358.32
2024-07-05T10:00:00+08:00,2358.32,2365.05,2357.8,2364.616
2024-07-05T14:00:00+08:00,2364.626,2368.06,2361.7,2362.4
2024-07-05T18:00:00+08:00,2362.328,2385.201,2347.79,2383.065
2024-07-05T22:00:00+08:00,2383.25,2389.9,2374.275,2385.781
2024-07-06T02:00:00+08:00,2385.81,2392.91,2384.7,2390.705
2024-07-08T06:00:00+08:00,2386.37,2391.12,2383.9,2386.355
2024-07-08T10:00:00+08:00,2386.34,2387.121,2380.535,2382.658
2024-07-08T14:00:00+08:00,2382.84,2384.23,2367.9,2370.15
2024-07-08T18:00:00+08:00,2370.19,2377.5,2369.2,2375.501
2024-07-08T22:00:00+08:00,2375.395,2379.53,2350.7,2357.065
2024-07-09T02:00:00+08:00,2357.22,2359.86,2354.5,2358.625
2024-07-09T06:00:00+08:00,2358.338,2365.31,2358.1,2363.275
2024-07-09T10:00:00+08:00,2363.35,2368.75,2360.2,2364.47
2024-07-09T14:00:00+08:00,2364.47,2365.51,2357.8,2364.246
2024-07-09T18:00:00+08:00,2364.241,2368.48,2355.8,2367.73
2024-07-09T22:00:00+08:00,2367.681,2371.49,2349.1,2361.755
2024-07-10T02:00:00+08:00,2361.811,2365.64,2360.9,2363.745
2024-07-10T06:00:00+08:00,2363.09,2369.85,2362.091,2368.151
2024-07-10T10:00:00+08:00,2368.151,2370.39,2366,2368.36
2024-07-10T14:00:00+08:00,2368.284,2375.01,2366.8,2371.94
2024-07-10T18:00:00+08:00,2371.735,2386.72,2371.5,2383.19
2024-07-10T22:00:00+08:00,2383.28,2385.13,2370.305,2372.953
2024-07-11T02:00:00+08:00,2372.913,2373.56,2369.6,2370.995
2024-07-11T06:00:00+08:00,2371.04,2376.29,2370.235,2375.95
2024-07-11T10:00:00+08:00,2375.85,2382.99,2373.3,2382.43
2024-07-11T14:00:00+08:00,2382.52,2384.61,2378.1,2383.908
2024-07-11T18:00:00+08:00,2384.05,2413,2377.695,2406.62
2024-07-11T22:00:00+08:00,2406.508,2424.55,2404.258,2413.575
2024-07-12T02:00:00+08:00,2413.64,2418.69,2412.6,2414.755
2024-07-12T06:00:00+08:00,2415.57,2416.27,2406.945,2407.821
2024-07-12T10:00:00+08:00,2407.89,2411.01,2405,2407.915
2024-07-12T14:00:00+08:00,2407.97,2408.31,2399.9,2404.805
2024-07-12T18:00:00+08:00,2404.831,2405.64,2391.1,2403.58
2024-07-12T22:00:00+08:00,2403.58,2418.26,2403.325,2417.84
2024-07-13T02:00:00+08:00,2417.79,2418.02,2410.576,2410.78
2024-07-15T06:00:00+08:00,2412.31,2415.12,2404.6,2409.913
2024-07-15T10:00:00+08:00,2409.905,2413.98,2407.6,2408.13
2024-07-15T14:00:00+08:00,2408.1,2412.61,2400.9,2410.69
2024-07-15T18:00:00+08:00,2410.69,2420.85,2410.593,2418.975
2024-07-15T22:00:00+08:00,2419.09,2439.753,2418,2421.44
2024-07-16T02:00:00+08:00,2421.361,2424.82,2419.4,2421.99
2024-07-16T06:00:00+08:00,2422.2,2427.75,2419.5,2427.085
2024-07-16T10:00:00+08:00,2427.3,2432.79,2424.8,2431.92
2024-07-16T14:00:00+08:00,2431.9,2443.381,2427.995,2442.46
2024-07-16T18:00:00+08:00,2442.43,2447.95,2429.285,2442.633
2024-07-16T22:00:00+08:00,2442.633,2466.32,2440.3,2464.62
2024-07-17T02:00:00+08:00,2464.598,2469.74,2462.2,2468.355
2024-07-17T06:00:00+08:00,2468.14,2481.25,2465.9,2479.372
2024-07-17T10:00:00+08:00,2479.363,2482.35,2463.878,2465.56
2024-07-17T14:00:00+08:00,2465.4,2478.88,2461.7,2475.005
2024-07-17T18:00:00+08:00,2474.98,2483.45,2466.3,2482.903
2024-07-17T22:00:00+08:00,2482.92,2483.76,2451.7,2452.55
2024-07-18T02:00:00+08:00,2452.465,2460.42,2451.3,2458.645
2024-07-18T06:00:00+08:00,2458.06,2464.12,2457,2462.49
2024-07-18T10:00:00+08:00,2462.41,2469.92,2459.9,2466.828
2024-07-18T14:00:00+08:00,2466.89,2474.89,2464.3,2465.61
2024-07-18T18:00:00+08:00,2465.68,2468.82,2457.495,2465.08
2024-07-18T22:00:00+08:00,2465.08,2469.87,2451.5,2456.28
2024-07-19T02:00:00+08:00,2456.21,2456.52,2439.9,2444.81
2024-07-19T06:00:00+08:00,2444.22,2447.47,2420.315,2425.985
2024-07-19T10:00:00+08:00,2426.09,2429.54,2420.7,2423.39
2024-07-19T14:00:00+08:00,2423.261,2423.97,2412.748,2416.061
2024-07-19T18:00:00+08:00,2416.14,2416.35,2393.6,2403.82
2024-07-19T22:00:00+08:00,2403.79,2408.4,2395.3,2399.121
2024-07-20T02:00:00+08:00,2399.15,2401.37,2396.6,2400.38
2024-07-22T06:00:00+08:00,2401.3,2412.22,2399.82,2406.43
2024-07-22T10:00:00+08:00,2406.43,2409.55,2402.6,2402.92
2024-07-22T14:00:00+08:00,2402.941,2405.72,2398.7,2404.38
2024-07-22T18:00:00+08:00,2404.35,2408.4,2388.7,2392.701
2024-07-22T22:00:00+08:00,2392.701,2396.37,2383.7,2394.03
2024-07-23T02:00:00+08:00,2394.03,2400.1,2392.1,2396.045
2024-07-23T06:00:00+08:00,2396.03,2403.97,2394.4,2401.12
2024-07-23T10:00:00+08:00,2401.03,2402.42,2390.4,2392.541
2024-07-23T14:00:00+08:00,2392.435,2408.1,2387.9,2406.84
2024-07-23T18:00:00+08:00,2406.821,2412.02,2399.1,2401.921
2024-07-23T22:00:00+08:00,2401.9,2408.23,2399.5,2404.95
2024-07-24T02:00:00+08:00,2404.848,2410,2403.4,2409.2
2024-07-24T06:00:00+08:00,2408.87,2412.21,2404.7,2408.21
2024-07-24T10:00:00+08:00,2408.078,2418.39,2406.8,2415.985
2024-07-24T14:00:00+08:00,2416.13,2419.19,2409.6,2413.41
2024-07-24T18:00:00+08:00,2413.338,2426.701,2410.1,2421.641
2024-07-24T22:00:00+08:00,2421.595,2432.01,2407.895,2409.17
2024-07-25T02:00:00+08:00,2409.098,2409.44,2396.3,2397.015
2024-07-25T06:00:00+08:00,2397.18,2401.18,2370.451,2376.301
2024-07-25T10:00:00+08:00,2376.44,2380.72,2366.625,2376.33
2024-07-25T14:00:00+08:00,2376.3,2378.74,2365.6,2373.565
2024-07-25T18:00:00+08:00,2373.7,2382.55,2361.965,2364.98
2024-07-25T22:00:00+08:00,2364.94,2368.49,2352.8,2356.101
2024-07-26T02:00:00+08:00,2356.13,2365.32,2353.8,2364.175
2024-07-26T06:00:00+08:00,2363.95,2373.99,2355.6,2373.401
2024-07-26T10:00:00+08:00,2373.6,2379.39,2368,2374.26
2024-07-26T14:00:00+08:00,2374.161,2374.52,2364.8,2373.78
2024-07-26T18:00:00+08:00,2373.693,2383.2,2369.9,2381.626
2024-07-26T22:00:00+08:00,2381.6,2390.81,2379.878,2383.44
2024-07-27T02:00:00+08:00,2383.35,2388.77,2382.4,2386.89
2024-07-29T06:00:00+08:00,2387.52,2403.11,2385.45,2392.81
2024-07-29T10:00:00+08:00,2392.655,2396.297,2390.065,2392.68
2024-07-29T14:00:00+08:00,2392.73,2395.47,2386.7,2392.67
2024-07-29T18:00:00+08:00,2392.669,2396.73,2385.2,2391.86
2024-07-29T22:00:00+08:00,2391.77,2394.09,2369.4,2378.28
2024-07-30T02:00:00+08:00,2378.26,2385.46,2376.4,2383.7
2024-07-30T06:00:00+08:00,2383.44,2384.93,2376.1,2379.7
2024-07-30T10:00:00+08:00,2379.638,2389.87,2378.3,2388.74
2024-07-30T14:00:00+08:00,2388.645,2392.03,2387.3,2389.11
2024-07-30T18:00:00+08:00,2389.11,2397.77,2385.3,2394.18
2024-07-30T22:00:00+08:00,2394.2,2410.95,2383.1,2405.72
2024-07-31T02:00:00+08:00,2405.72,2412.82,2403.4,2410.375
2024-07-31T06:00:00+08:00,2410.27,2412.26,2403.6,2408.928
2024-07-31T10:00:00+08:00,2409.041,2422.14,2403.7,2417.77
2024-07-31T14:00:00+08:00,2417.821,2425.49,2415.2,2420.933
2024-07-31T18:00:00+08:00,2420.933,2427.61,2417,2426.28
2024-07-31T22:00:00+08:00,2426.24,2429.04,2418.8,2426.36
2024-08-01T02:00:00+08:00,2425.631,2450.92,2421.336,2447.06
2024-08-01T06:00:00+08:00,2447.93,2458.36,2443.8,2451.31
2024-08-01T10:00:00+08:00,2451.42,2451.42,2437.1,2446.808
2024-08-01T14:00:00+08:00,2446.91,2448.86,2430,2432.901
2024-08-01T18:00:00+08:00,2433.03,2457.38,2431.6,2453.55
2024-08-01T22:00:00+08:00,2453.405,2462.29,2435.5,2439.41
2024-08-02T02:00:00+08:00,2439.215,2447.51,2434.5,2446.065
2024-08-02T06:00:00+08:00,2445.98,2452.35,2434.815,2447.06
2024-08-02T10:00:00+08:00,2447.16,2466.86,2446.555,2466.65
2024-08-02T14:00:00+08:00,2466.645,2468.47,2459.9,2463.785
2024-08-02T18:00:00+08:00,2463.86,2477.66,2455.635,2469.72
2024-08-02T22:00:00+08:00,2469.86,2474.37,2410.664,2427.675
2024-08-03T02:00:00+08:00,2427.675,2443.815,2425.5,2443.05
2024-08-05T06:00:00+08:00,2443.73,2447.57,2413.868,2439.52
2024-08-05T10:00:00+08:00,2439.361,2458.845,2432.268,2438.11
2024-08-05T14:00:00+08:00,2437.865,2445.52,2419,2424.121
2024-08-05T18:00:00+08:00,2424.078,2425.68,2364.164,2393.028
2024-08-05T22:00:00+08:00,2393.57,2412.23,2386.8,2404.906
2024-08-06T02:00:00+08:00,2404.906,2413.08,2403.6,2410.17
2024-08-06T06:00:00+08:00,2409.37,2418.33,2404,2412.265
2024-08-06T10:00:00+08:00,2412.38,2413.241,2398.038,2398.741
2024-08-06T14:00:00+08:00,2398.69,2415.57,2394.6,2413.285
2024-08-06T18:00:00+08:00,2413.35,2416.31,2388.7,2395.661
2024-08-06T22:00:00+08:00,2395.661,2403.12,2381.3,2391.815
2024-08-07T02:00:00+08:00,2391.9,2396.01,2386,2390.24
2024-08-07T06:00:00+08:00,2389.98,2392.76,2378.868,2384.03
2024-08-07T10:00:00+08:00,2383.915,2396.17,2380.6,2391.35
2024-08-07T14:00:00+08:00,2391.341,2397.64,2387.7,2394.201
2024-08-07T18:00:00+08:00,2394.201,2407.08,2392.9,2400.07
2024-08-07T22:00:00+08:00,2399.925,2403.42,2389.3,2389.738
2024-08-08T02:00:00+08:00,2389.79,2391.7,2381.5,2382.7
2024-08-08T06:00:00+08:00,2382.84,2391.36,2380.7,2386.83
2024-08-08T10:00:00+08:00,2386.696,2396.42,2386,2395.095
2024-08-08T14:00:00+08:00,2395.26,2400.74,2392.2,2396.27
2024-08-08T18:00:00+08:00,2396.125,2415.5,2396.125,2414.14
2024-08-08T22:00:00+08:00,2414.015,2424.88,2409,2423.54
2024-08-09T02:00:00+08:00,2423.415,2427.65,2421.3,2427.065
2024-08-09T06:00:00+08:00,2426.85,2428.06,2419.8,2427.31
2024-08-09T10:00:00+08:00,2427.23,2428.91,2416.7,2417.041
2024-08-09T14:00:00+08:00,2417.05,2427.03,2416.6,2423.415
2024-08-09T18:00:00+08:00,2423.51,2433.17,2420.97,2426.68
2024-08-09T22:00:00+08:00,2426.57,2437.07,2425,2430.569
2024-08-10T02:00:00+08:00,2430.6,2431.12,2426.9,2430.925
2024-08-12T06:00:00+08:00,2430.298,2433.42,2424.4,2426.01
2024-08-12T10:00:00+08:00,2425.913,2435.17,2423.5,2434.503
2024-08-12T14:00:00+08:00,2434.65,2445.1,2433.3,2442.68
2024-08-12T18:00:00+08:00,2442.68,2457.54,2439.3,2454.2
2024-08-12T22:00:00+08:00,2454.2,2468.71,2444.28,2467.02
2024-08-13T02:00:00+08:00,2467.085,2473.22,2466,2472.385
2024-08-13T06:00:00+08:00,2471.93,2476.97,2460.74,2466.35
2024-08-13T10:00:00+08:00,2466.292,2467.7,2458.1,2462.71
2024-08-13T14:00:00+08:00,2462.71,2466.2,2458.5,2460.69
2024-08-13T18:00:00+08:00,2460.568,2475.68,2458.818,2472.88
2024-08-13T22:00:00+08:00,2472.92,2473.26,2464.105,2467.68
2024-08-14T02:00:00+08:00,2467.568,2468.97,2461.9,2464.855
2024-08-14T06:00:00+08:00,2464.8,2472.6,2462.8,2465.41
2024-08-14T10:00:00+08:00,2465.43,2465.7,2455.1,2461.91
2024-08-14T14:00:00+08:00,2461.985,2478.67,2460,2472.8
2024-08-14T18:00:00+08:00,2472.755,2479.94,2449,2457.54
2024-08-14T22:00:00+08:00,2457.49,2458.31,2437.972,2441.53
2024-08-15T02:00:00+08:00,2441.501,2448.42,2440.4,2447.625
2024-08-15T06:00:00+08:00,2446.958,2454.27,2446,2450.61
2024-08-15T10:00:00+08:00,2450.64,2455.45,2449.4,2453.725
2024-08-15T14:00:00+08:00,2453.9,2458.84,2452.1,2456.703
2024-08-15T18:00:00+08:00,2456.72,2470.03,2431.7,2444.43
2024-08-15T22:00:00+08:00,2444.48,2459.93,2444.3,2455.42
2024-08-16T02:00:00+08:00,2455.39,2461.66,2453.5,2456.545
2024-08-16T06:00:00+08:00,2456.51,2460.09,2453.8,2457.18
2024-08-16T10:00:00+08:00,2457.26,2457.7,2450.2,2455.61
2024-08-16T14:00:00+08:00,2455.61,2464.55,2450.8,2463.3
2024-08-16T18:00:00+08:00,2463.263,2500.2,2462.5,2494.48
2024-08-16T22:00:00+08:00,2494.52,2500.13,2477.315,2499.672
2024-08-17T02:00:00+08:00,2499.68,2509.72,2497.8,2506.844
2024-08-19T06:00:00+08:00,2508.298,2510.17,2494.7,2498.19
2024-08-19T10:00:00+08:00,2498.12,2505.82,2495.8,2501.06
2024-08-19T14:00:00+08:00,2501.06,2507.15,2499.1,2499.97
2024-08-19T18:00:00+08:00,2499.828,2500.1,2485.515,2494.683
2024-08-19T22:00:00+08:00,2494.672,2507.48,2493.812,2503.12
2024-08-20T02:00:00+08:00,2503.1,2505.85,2502.3,2503.885
2024-08-20T06:00:00+08:00,2503.28,2508.23,2500.86,2501.92
2024-08-20T10:00:00+08:00,2501.87,2503.69,2498.5,2499.5
2024-08-20T14:00:00+08:00,2499.52,2525.23,2497,2521.57
2024-08-20T18:00:00+08:00,2521.59,2531.67,2519.815,2529.869
2024-08-20T22:00:00+08:00,2529.842,2530.5,2500.36,2510.6
2024-08-21T02:00:00+08:00,2510.458,2516.91,2509.2,2513.615
2024-08-21T06:00:00+08:00,2512.968,2517.069,2510.6,2516.82
2024-08-21T10:00:00+08:00,2516.81,2519.89,2512.8,2515.19
2024-08-21T14:00:00+08:00,2515.23,2519.57,2504.4,2505.603
2024-08-21T18:00:00+08:00,2505.572,2513.69,2497.815,2503.03
2024-08-21T22:00:00+08:00,2502.89,2511.36,2493.698,2509.245
2024-08-22T02:00:00+08:00,2509.27,2519.11,2508.89,2512.055
2024-08-22T06:00:00+08:00,2511.698,2514.66,2506.7,2507.59
2024-08-22T10:00:00+08:00,2507.56,2508.67,2499.2,2505.463
2024-08-22T14:00:00+08:00,2505.463,2510.63,2500.9,2507.283
2024-08-22T18:00:00+08:00,2507.27,2509.13,2482.898,2487.625
2024-08-22T22:00:00+08:00,2487.635,2487.97,2470.6,2482.21
2024-08-23T02:00:00+08:00,2482.24,2484.92,2478.2,2484.465
2024-08-23T06:00:00+08:00,2484.19,2492.26,2483.9,2490.83
2024-08-23T10:00:00+08:00,2490.732,2495.81,2486.4,2491.96
2024-08-23T14:00:00+08:00,2491.768,2501.84,2490.3,2498.93
2024-08-23T18:00:00+08:00,2498.785,2503.89,2494.315,2498.48
2024-08-23T22:00:00+08:00,2498.41,2518.33,2497.09,2510.86
2024-08-24T02:00:00+08:00,2510.87,2512.78,2507.6,2512.235
2024-08-26T06:00:00+08:00,2510.88,2516.909,2510.105,2513.26
2024-08-26T10:00:00+08:00,2513.26,2515.32,2508.3,2510.48
2024-08-26T14:00:00+08:00,2510.48,2525.76,2509.4,2524.922
2024-08-26T18:00:00+08:00,2525.07,2526.82,2515.1,2515.725
2024-08-26T22:00:00+08:00,2515.84,2523.34,2510.548,2518.07
2024-08-27T02:00:00+08:00,2518.03,2520.97,2515.1,2517.835
2024-08-27T06:00:00+08:00,2518.34,2520.59,2508.1,2509.75
2024-08-27T10:00:00+08:00,2509.63,2513.79,2505.5,2513.64
2024-08-27T14:00:00+08:00,2513.52,2517.55,2503.1,2508.86
2024-08-27T18:00:00+08:00,2508.86,2515.09,2503.325,2512.313
2024-08-27T22:00:00+08:00,2512.55,2521.7,2507.648,2520.009
2024-08-28T02:00:00+08:00,2520.05,2525.95,2518.34,2524.355
2024-08-28T06:00:00+08:00,2524.56,2529.02,2516.5,2517.15
2024-08-28T10:00:00+08:00,2517.089,2518.52,2505.335,2505.75
2024-08-28T14:00:00+08:00,2505.76,2511.39,2503.212,2510.043
2024-08-28T18:00:00+08:00,2510.17,2510.67,2493.5,2506.56
2024-08-28T22:00:00+08:00,2506.458,2510.24,2496.1,2505.298
2024-08-29T02:00:00+08:00,2505.3,2509.6,2502.4,2504.315
2024-08-29T06:00:00+08:00,2503.858,2515.29,2503.838,2513.18
2024-08-29T10:00:00+08:00,2513.13,2519.93,2511.3,2518.78
2024-08-29T14:00:00+08:00,2518.81,2524.41,2514.7,2522.795
2024-08-29T18:00:00+08:00,2522.88,2524.4,2503.515,2516.672
2024-08-29T22:00:00+08:00,2516.652,2528.66,2514.2,2525.88
2024-08-30T02:00:00+08:00,2525.768,2526.36,2520.3,2521.085
2024-08-30T06:00:00+08:00,2520.504,2521.749,2514.2,2515.989
2024-08-30T10:00:00+08:00,2515.989,2517.89,2511.9,2513.809
2024-08-30T14:00:00+08:00,2513.809,2526.86,2512.7,2524.085
2024-08-30T18:00:00+08:00,2524.14,2524.79,2512.735,2515.329
2024-08-30T22:00:00+08:00,2515.309,2518.42,2494.048,2499.53
2024-08-31T02:00:00+08:00,2499.57,2504.74,2497.9,2502.925
2024-09-02T06:00:00+08:00,2502.44,2504.94,2496.4,2497.835
2024-09-02T10:00:00+08:00,2497.835,2499.4,2489.915,2496.53
2024-09-02T14:00:00+08:00,2496.51,2507.27,2495.6,2498.93
2024-09-02T18:00:00+08:00,2498.805,2503.21,2496.7,2499.808
2024-09-02T22:00:00+08:00,2499.93,2502.48,2497.3,2499.36
2024-09-03T02:00:00+08:00,2499.36,2500.21,2498.655,2499.323
2024-09-03T06:00:00+08:00,2499.098,2500.05,2489.534,2493.69
2024-09-03T10:00:00+08:00,2493.78,2496.97,2492.1,2494.95
2024-09-03T14:00:00+08:00,2495.01,2506.29,2492.3,2500.88
2024-09-03T18:00:00+08:00,2500.838,2502.2,2475.375,2479.732
2024-09-03T22:00:00+08:00,2479.732,2492.04,2473.245,2489.42
2024-09-04T02:00:00+08:00,2489.47,2494.41,2486.7,2492.665
2024-09-04T06:00:00+08:00,2492.275,2495,2491,2493.39
2024-09-04T10:00:00+08:00,2493.28,2496.9,2492.1,2493.11
2024-09-04T14:00:00+08:00,2493.16,2493.42,2471.5,2481.66
2024-09-04T18:00:00+08:00,2481.64,2491.25,2480.8,2485.3
2024-09-04T22:00:00+08:00,2485.085,2500.28,2484.33,2494.04
2024-09-05T02:00:00+08:00,2493.848,2496.92,2491.2,2495.285
2024-09-05T06:00:00+08:00,2494.845,2499.33,2493.36,2496.4
2024-09-05T10:00:00+08:00,2496.39,2502.32,2493.3,2501.97
2024-09-05T14:00:00+08:00,2501.95,2517.27,2500.6,2515.52
2024-09-05T18:00:00+08:00,2515.51,2523.504,2512,2514.605
2024-09-05T22:00:00+08:00,2514.689,2520.59,2503.805,2515.1
2024-09-06T02:00:00+08:00,2515.089,2516.87,2513.3,2516.475
2024-09-06T06:00:00+08:00,2516.324,2517.92,2513.1,2513.729
2024-09-06T10:00:00+08:00,2513.74,2521.84,2512.6,2520.01
2024-09-06T14:00:00+08:00,2519.914,2521.41,2515.2,2519.18
2024-09-06T18:00:00+08:00,2519.169,2529.16,2501.905,2509.228
2024-09-06T22:00:00+08:00,2509.77,2518.51,2484.8,2495.78
2024-09-07T02:00:00+08:00,2495.5,2497.87,2490.6,2497.035
2024-09-09T06:00:00+08:00,2497.075,2498.69,2493.54,2497.61
2024-09-09T10:00:00+08:00,2497.63,2500.45,2487.3,2487.8
2024-09-09T14:00:00+08:00,2487.84,2497.62,2485.3,2496.39
2024-09-09T18:00:00+08:00,2496.31,2505.28,2492.8,2499.69
2024-09-09T22:00:00+08:00,2499.74,2506.52,2493.1,2499.96
2024-09-10T02:00:00+08:00,2499.895,2507.23,2499,2506.115
2024-09-10T06:00:00+08:00,2506.18,2507.64,2502.5,2503.79
2024-09-10T10:00:00+08:00,2503.82,2504.95,2500.3,2503.695
2024-09-10T14:00:00+08:00,2503.85,2507.72,2499.8,2505.965
2024-09-10T18:00:00+08:00,2506,2515.35,2504,2506.87
2024-09-10T22:00:00+08:00,2506.72,2518.48,2500.7,2513.06
2024-09-11T02:00:00+08:00,2513.16,2517.53,2511.8,2516.24
2024-09-11T06:00:00+08:00,2516.2,2522.58,2514.5,2518.708
2024-09-11T10:00:00+08:00,2518.74,2522.49,2516.695,2521.23
2024-09-11T14:00:00+08:00,2521.31,2529.03,2520.4,2523.15
2024-09-11T18:00:00+08:00,2523.27,2524.21,2502.028,2509.62
2024-09-11T22:00:00+08:00,2509.68,2520.12,2500.825,2514.6
2024-09-12T02:00:00+08:00,2514.66,2516.36,2509.4,2511.555
2024-09-12T06:00:00+08:00,2511.42,2515.24,2510.7,2513.109
2024-09-12T10:00:00+08:00,2513.109,2519.75,2510.6,2519.38
2024-09-12T14:00:00+08:00,2519.45,2522.31,2514.2,2518.77
2024-09-12T18:00:00+08:00,2518.81,2551.69,2512.7,2545.41
2024-09-12T22:00:00+08:00,2545.41,2555.14,2541.695,2553.875
2024-09-13T02:00:00+08:00,2553.97,2560.12,2551.6,2558.485
2024-09-13T06:00:00+08:00,2558.364,2568.03,2556.3,2563.2
2024-09-13T10:00:00+08:00,2563.122,2570.41,2561.2,2566.55
2024-09-13T14:00:00+08:00,2566.55,2572.95,2563,2568.59
2024-09-13T18:00:00+08:00,2568.59,2583.39,2563.584,2577.7
2024-09-13T22:00:00+08:00,2577.52,2586.18,2572.978,2582.625
2024-09-14T02:00:00+08:00,2582.66,2584.03,2577.54,2577.615
2024-09-16T06:00:00+08:00,2578.96,2582.92,2577.384,2581.71
2024-09-16T10:00:00+08:00,2581.71,2589.46,2581.384,2588.7
2024-09-16T14:00:00+08:00,2588.689,2589.68,2579.325,2585.519
2024-09-16T18:00:00+08:00,2585.435,2589.34,2575.115,2588.2
2024-09-16T22:00:00+08:00,2588.15,2588.56,2575.945,2582.56
2024-09-17T02:00:00+08:00,2582.61,2583.448,2579.535,2582.235
2024-09-17T06:00:00+08:00,2581.994,2584.42,2578.228,2582.53
2024-09-17T10:00:00+08:00,2582.57,2586.29,2574.395,2579.349
2024-09-17T14:00:00+08:00,2579.299,2586.96,2571.615,2573.532
2024-09-17T18:00:00+08:00,2573.62,2581.7,2568.194,2573.625
2024-09-17T22:00:00+08:00,2573.69,2582.26,2560.71,2569.825
2024-09-18T02:00:00+08:00,2569.93,2571.67,2566.874,2569.155
2024-09-18T06:00:00+08:00,2568.554,2576.45,2568.554,2572.23
2024-09-18T10:00:00+08:00,2572.189,2576.44,2565.7,2567.68
2024-09-18T14:00:00+08:00,2567.72,2571.97,2566.545,2571.94
2024-09-18T18:00:00+08:00,2571.929,2580.73,2568.475,2571.93
2024-09-18T22:00:00+08:00,2571.73,2575.26,2566.62,2567.308
2024-09-19T02:00:00+08:00,2567.81,2600.14,2546.645,2558.664
2024-09-19T06:00:00+08:00,2558.424,2561.56,2551.005,2555.23
2024-09-19T10:00:00+08:00,2555.209,2574.59,2555.105,2574.52
2024-09-19T14:00:00+08:00,2574.6,2594.93,2573.785,2591.828
2024-09-19T18:00:00+08:00,2591.829,2591.88,2569.625,2575.1
2024-09-19T22:00:00+08:00,2575.31,2592.66,2571.595,2590.49
2024-09-20T02:00:00+08:00,2590.58,2590.79,2585.798,2586.645
2024-09-20T06:00:00+08:00,2586.124,2589.47,2584.654,2588.159
2024-09-20T10:00:00+08:00,2588.108,2595.199,2587.274,2594.58
2024-09-20T14:00:00+08:00,2594.469,2612.709,2594.175,2606.34
2024-09-20T18:00:00+08:00,2606.185,2619.36,2602.445,2606.629
2024-09-20T22:00:00+08:00,2606.8,2625.77,2604.625,2619.458
2024-09-21T02:00:00+08:00,2619.55,2623.38,2617.779,2621.504
2024-09-23T06:00:00+08:00,2620.474,2625.2,2615.945,2620.12
2024-09-23T10:00:00+08:00,2620.025,2631.36,2618.704,2629.915
2024-09-23T14:00:00+08:00,2629.915,2630.17,2613.685,2621.49
2024-09-23T18:00:00+08:00,2621.64,2634.31,2619.894,2631.795
2024-09-23T22:00:00+08:00,2631.94,2634.86,2625.665,2627.89
2024-09-24T02:00:00+08:00,2627.875,2628.8,2625.575,2628.405
2024-09-24T06:00:00+08:00,2627.883,2630.19,2623.685,2629.11
2024-09-24T10:00:00+08:00,2629,2640.13,2625.068,2625.4
2024-09-24T14:00:00+08:00,2625.4,2630.89,2622.475,2630.749
2024-09-24T18:00:00+08:00,2630.77,2637.31,2623.245,2635.35
2024-09-24T22:00:00+08:00,2635.274,2655.22,2634.388,2653.94
2024-09-25T02:00:00+08:00,2654.04,2664.34,2653.265,2656.804
2024-09-25T06:00:00+08:00,2657.024,2662.89,2655.345,2660
2024-09-25T10:00:00+08:00,2660.07,2670.539,2654.355,2657.131
2024-09-25T14:00:00+08:00,2657.131,2659.84,2651.215,2656.929
2024-09-25T18:00:00+08:00,2656.95,2666.13,2653.808,2664.48
2024-09-25T22:00:00+08:00,2664.168,2667.47,2649.632,2660.558
2024-09-26T02:00:00+08:00,2660.588,2661.72,2656.114,2656.954
2024-09-26T06:00:00+08:00,2656.243,2661.46,2655.268,2660.728
2024-09-26T10:00:00+08:00,2660.715,2663.484,2656.885,2661.439
2024-09-26T14:00:00+08:00,2661.4,2670.56,2657.855,2668.829
2024-09-26T18:00:00+08:00,2668.9,2685.579,2654.685,2660.85
2024-09-26T22:00:00+08:00,2660.89,2673.15,2659.375,2670.808
2024-09-27T02:00:00+08:00,2670.808,2677.86,2669.934,2671.964
2024-09-27T06:00:00+08:00,2671.353,2673.26,2666.075,2669.421
2024-09-27T10:00:00+08:00,2669.421,2674,2662.195,2664.76
2024-09-27T14:00:00+08:00,2664.88,2669.5,2658.198,2663.611
2024-09-27T18:00:00+08:00,2663.544,2674.29,2661.858,2665.84
2024-09-27T22:00:00+08:00,2666.325,2666.92,2643.02,2645.048
2024-09-28T02:00:00+08:00,2645.099,2660.008,2643.348,2657.955
2024-09-30T06:00:00+08:00,2658.163,2665.99,2647.268,2652.7
2024-09-30T10:00:00+08:00,2652.57,2659.38,2650.145,2657.691
2024-09-30T14:00:00+08:00,2657.83,2660.65,2648.215,2649.64
2024-09-30T18:00:00+08:00,2649.72,2650.1,2630.314,2635.618
2024-09-30T22:00:00+08:00,2635.683,2641.88,2628.614,2637.788
2024-10-01T02:00:00+08:00,2637.8,2638.36,2624.538,2634.204
2024-10-01T06:00:00+08:00,2633.954,2639.8,2631.85,2639.76
2024-10-01T10:00:00+08:00,2639.8,2644.36,2634.415,2642.962
2024-10-01T14:00:00+08:00,2643.08,2649.3,2641.605,2648.61
2024-10-01T18:00:00+08:00,2648.65,2671.843,2646.785,2667.12
2024-10-01T22:00:00+08:00,2667.908,2673.14,2653.778,2662.419
2024-10-02T02:00:00+08:00,2662.388,2664.99,2657.425,2663.005
2024-10-02T06:00:00+08:00,2662.623,2663.379,2656.155,2660.5
2024-10-02T10:00:00+08:00,2660.495,2661.53,2644.395,2647.888
2024-10-02T14:00:00+08:00,2648.05,2655.84,2647.085,2652.815
2024-10-02T18:00:00+08:00,2652.815,2660.87,2643.648,2659.42
2024-10-02T22:00:00+08:00,2659.439,2663.36,2640.954,2652.07
2024-10-03T02:00:00+08:00,2652.128,2659.82,2650.985,2658.345
2024-10-03T06:00:00+08:00,2658.083,2662.92,2654.845,2658.148
2024-10-03T10:00:00+08:00,2658.148,2658.67,2651.765,2653.28
2024-10-03T14:00:00+08:00,2653.29,2657.47,2640.895,2644.86
2024-10-03T18:00:00+08:00,2644.86,2654.248,2641.475,2647.398
2024-10-03T22:00:00+08:00,2646.74,2662.1,2637.26,2656.708
2024-10-04T02:00:00+08:00,2656.679,2659.72,2655.265,2655.715
2024-10-04T06:00:00+08:00,2655.474,2659.18,2654.14,2658.131
2024-10-04T10:00:00+08:00,2658.131,2667.83,2657.898,2667.278
2024-10-04T14:00:00+08:00,2667.43,2667.61,2656.755,2657.448
2024-10-04T18:00:00+08:00,2657.49,2662.57,2632,2651.82
2024-10-04T22:00:00+08:00,2651.82,2670.14,2641.755,2649.98
2024-10-05T02:00:00+08:00,2649.914,2653.848,2642.605,2653.545
2024-10-07T06:00:00+08:00,2650.88,2652.94,2643.708,2646.16
2024-10-07T10:00:00+08:00,2646.139,2648.71,2639.855,2640.639
2024-10-07T14:00:00+08:00,2640.659,2657.28,2639.605,2656.448
2024-10-07T18:00:00+08:00,2656.55,2659.63,2637.688,2642.75
2024-10-07T22:00:00+08:00,2642.728,2650.32,2638.995,2648
2024-10-08T02:00:00+08:00,2647.87,2648.11,2639.505,2642.625
2024-10-08T06:00:00+08:00,2642.043,2649.1,2637.758,2647.239
2024-10-08T10:00:00+08:00,2647.199,2648.24,2633.665,2644.885
2024-10-08T14:00:00+08:00,2645.01,2646.48,2628.425,2641.355
2024-10-08T18:00:00+08:00,2641.46,2653.04,2636.545,2639.67
2024-10-08T22:00:00+08:00,2639.58,2640.42,2604.575,2614.428
2024-10-09T02:00:00+08:00,2614.489,2624.01,2613.715,2621.385
2024-10-09T06:00:00+08:00,2620.45,2624.24,2618.248,2619.948
2024-10-09T10:00:00+08:00,2619.949,2624.33,2614.735,2619.708
2024-10-09T14:00:00+08:00,2619.699,2619.72,2608.974,2617.905
2024-10-09T18:00:00+08:00,2617.922,2622.44,2606.815,2609.64
2024-10-09T22:00:00+08:00,2609.542,2617.91,2605.185,2609.504
2024-10-10T02:00:00+08:00,2609.542,2611.06,2605.045,2607.465
2024-10-10T06:00:00+08:00,2606.828,2612.5,2605.785,2609.049
2024-10-10T10:00:00+08:00,2609.049,2616.89,2607.865,2613.168
2024-10-10T14:00:00+08:00,2613.239,2618.45,2610.125,2617.111
2024-10-10T18:00:00+08:00,2617.22,2627.98,2601.81,2626.578
2024-10-10T22:00:00+08:00,2626.64,2629.78,2616.365,2623.799
2024-10-11T02:00:00+08:00,2623.799,2631.51,2623.195,2629.595
2024-10-11T06:00:00+08:00,2629.414,2638.03,2627.995,2637.685
2024-10-11T10:00:00+08:00,2637.779,2646.07,2635.095,2644.78
2024-10-11T14:00:00+08:00,2644.74,2647.19,2636.025,2637.9
2024-10-11T18:00:00+08:00,2637.9,2653.38,2636.945,2649.518
2024-10-11T22:00:00+08:00,2649.728,2661.4,2646.284,2659.468
2024-10-12T02:00:00+08:00,2659.448,2659.55,2654.598,2656.835
2024-10-14T06:00:00+08:00,2656.298,2657.03,2643.375,2645.999
2024-10-14T10:00:00+08:00,2646.16,2660.73,2643.058,2659.02
2024-10-14T14:00:00+08:00,2659.01,2666.87,2656.625,2658.508
2024-10-14T18:00:00+08:00,2658.54,2661.21,2647.584,2655.335
2024-10-14T22:00:00+08:00,2655.38,2657.03,2643.835,2648.64
2024-10-15T02:00:00+08:00,2648.599,2653.35,2646.025,2648.424
2024-10-15T06:00:00+08:00,2647.443,2651.21,2646.8,2648.235
2024-10-15T10:00:00+08:00,2648.38,2652.77,2637.955,2641.88
2024-10-15T14:00:00+08:00,2641.9,2655.79,2641.245,2653.365
2024-10-15T18:00:00+08:00,2653.55,2657.443,2645.505,2648.599
2024-10-15T22:00:00+08:00,2648.514,2668.91,2647.675,2663.61
2024-10-16T02:00:00+08:00,2663.508,2666.47,2659.335,2662.345
2024-10-16T06:00:00+08:00,2662.703,2667.99,2658.558,2667.919
2024-10-16T10:00:00+08:00,2667.848,2670.59,2665.145,2669.315
2024-10-16T14:00:00+08:00,2669.53,2682.74,2666.908,2680.141
2024-10-16T18:00:00+08:00,2680.17,2685.41,2672.314,2674.894
2024-10-16T22:00:00+08:00,2674.905,2681.51,2666.645,2675.193
2024-10-17T02:00:00+08:00,2675.193,2676.67,2672.618,2673.435
2024-10-17T06:00:00+08:00,2674.373,2683.04,2672.973,2682.851
2024-10-17T10:00:00+08:00,2682.859,2684.9,2674.415,2683.375
2024-10-17T14:00:00+08:00,2683.479,2685.73,2676.794,2679.371
2024-10-17T18:00:00+08:00,2679.419,2690.14,2672.914,2688.76
2024-10-17T22:00:00+08:00,2688.66,2696.93,2683.795,2691.95
2024-10-18T02:00:00+08:00,2691.96,2693.16,2688.799,2692.675
2024-10-18T06:00:00+08:00,2691.833,2706.76,2690.21,2704.521
2024-10-18T10:00:00+08:00,2704.521,2714.08,2703.905,2711.45
2024-10-18T14:00:00+08:00,2711.291,2713.18,2701.615,2711.41
2024-10-18T18:00:00+08:00,2711.31,2717.06,2704.63,2713.571
2024-10-18T22:00:00+08:00,2713.571,2720.14,2712.014,2715.728
2024-10-19T02:00:00+08:00,2715.83,2722.54,2715.395,2721.105
2024-10-21T06:00:00+08:00,2720.098,2729.24,2719.29,2726.32
2024-10-21T10:00:00+08:00,2726.38,2732.82,2724.345,2724.748
2024-10-21T14:00:00+08:00,2724.768,2736.89,2723.465,2734.56
2024-10-21T18:00:00+08:00,2734.408,2740.57,2727.628,2739.48
2024-10-21T22:00:00+08:00,2739.45,2739.6,2716.775,2722.778
2024-10-22T02:00:00+08:00,2722.85,2723.18,2714.16,2719.124
2024-10-22T06:00:00+08:00,2719.462,2730.32,2718.74,2728.01
2024-10-22T10:00:00+08:00,2728.01,2735.97,2727.585,2730.398
2024-10-22T14:00:00+08:00,2730.398,2738.39,2729.465,2731.458
2024-10-22T18:00:00+08:00,2731.48,2742.03,2729.438,2736.377
2024-10-22T22:00:00+08:00,2736.32,2748.34,2733.585,2746.72
2024-10-23T02:00:00+08:00,2746.72,2748.85,2743.685,2748.525
2024-10-23T06:00:00+08:00,2747.833,2749,2737.835,2738.54
2024-10-23T10:00:00+08:00,2738.488,2753.23,2737.765,2751.508
2024-10-23T14:00:00+08:00,2751.478,2758.45,2747.955,2750.628
2024-10-23T18:00:00+08:00,2750.555,2752.94,2731.448,2737.3
2024-10-23T22:00:00+08:00,2737.3,2738.99,2708.628,2716.638
2024-10-24T02:00:00+08:00,2716.578,2718.25,2711.868,2715.014
2024-10-24T06:00:00+08:00,2715.642,2726.72,2714.75,2723.65
2024-10-24T10:00:00+08:00,2723.65,2729.789,2720.135,2728.825
2024-10-24T14:00:00+08:00,2728.91,2739.14,2728.225,2736.405
2024-10-24T18:00:00+08:00,2736.54,2743.27,2729.498,2733.688
2024-10-24T22:00:00+08:00,2733.66,2737.01,2722.378,2735.32
2024-10-25T02:00:00+08:00,2735.418,2737.78,2733.345,2735.875
2024-10-25T06:00:00+08:00,2735.053,2736.058,2729.665,2729.978
2024-10-25T10:00:00+08:00,2729.895,2730.24,2723.805,2728.59
2024-10-25T14:00:00+08:00,2728.488,2732.59,2716.885,2721.27
2024-10-25T18:00:00+08:00,2721.191,2732.48,2717.075,2727.648
2024-10-25T22:00:00+08:00,2727.8,2745.04,2727.505,2744.32
2024-10-26T02:00:00+08:00,2744.288,2747.77,2740.225,2746.625
2024-10-28T06:00:00+08:00,2736.18,2740.21,2724.575,2732.37
2024-10-28T10:00:00+08:00,2732.3,2738.8,2729.048,2738.44
2024-10-28T14:00:00+08:00,2738.41,2744.61,2728.255,2729.33
2024-10-28T18:00:00+08:00,2729.19,2743.44,2727.715,2740.825
2024-10-28T22:00:00+08:00,2740.96,2745.93,2738.775,2743.268
2024-10-29T02:00:00+08:00,2743.348,2743.49,2740.035,2742.055
2024-10-29T06:00:00+08:00,2741.673,2752.4,2739.605,2752.048
2024-10-29T10:00:00+08:00,2752.06,2757.73,2748.465,2749.878
2024-10-29T14:00:00+08:00,2749.93,2756.59,2746.225,2752.37
2024-10-29T18:00:00+08:00,2752.4,2764.016,2746.19,2760.82
2024-10-29T22:00:00+08:00,2760.59,2772.56,2760.17,2769.718
2024-10-30T02:00:00+08:00,2769.7,2774.79,2768.104,2774.425
2024-10-30T06:00:00+08:00,2774.38,2782.14,2772.735,2781.64
2024-10-30T10:00:00+08:00,2781.555,2784.92,2775.915,2783.12
2024-10-30T14:00:00+08:00,2782.998,2789.8,2779.475,2784.52
2024-10-30T18:00:00+08:00,2784.51,2787.51,2770.842,2777.55
2024-10-30T22:00:00+08:00,2777.507,2789.59,2771.825,2788.468
2024-10-31T02:00:00+08:00,2788.527,2790.03,2784.348,2787.04
2024-10-31T06:00:00+08:00,2787.79,2790.07,2783.49,2784.595
2024-10-31T10:00:00+08:00,2784.65,2788.99,2781.955,2785.06
2024-10-31T14:00:00+08:00,2785.16,2786.05,2776.875,2778.1
2024-10-31T18:00:00+08:00,2778.09,2782.61,2754.569,2755.39
2024-10-31T22:00:00+08:00,2755.338,2756.88,2731.415,2739.58
2024-11-01T02:00:00+08:00,2739.455,2749.77,2739.395,2743.49
2024-11-01T06:00:00+08:00,2743.6,2750.01,2743.265,2749.645
2024-11-01T10:00:00+08:00,2749.65,2755.19,2745.625,2754.96
2024-11-01T14:00:00+08:00,2754.878,2757.7,2747.055,2751.255
2024-11-01T18:00:00+08:00,2751.308,2762.23,2744.685,2756.078
2024-11-01T22:00:00+08:00,2755.458,2758.94,2734.99,2736.31
2024-11-02T02:00:00+08:00,2736.215,2738.04,2733.095,2735.895
2024-11-04T07:00:00+08:00,2733.47,2741.36,2729.88,2739.9
2024-11-04T11:00:00+08:00,2739.88,2743.77,2735.634,2741.308
2024-11-04T15:00:00+08:00,2741.338,2745.32,2731.765,2738.425
2024-11-04T19:00:00+08:00,2738.59,2748.18,2736.344,2743.42
2024-11-04T23:00:00+08:00,2743.055,2745.56,2731.638,2738.105
2024-11-05T03:00:00+08:00,2738.105,2739.66,2735.47,2736.225
2024-11-05T07:00:00+08:00,2736.133,2738.05,2724.638,2728.418
2024-11-05T11:00:00+08:00,2728.345,2738.85,2727.59,2737.681
2024-11-05T15:00:00+08:00,2737.81,2745.03,2731.958,2737.768
2024-11-05T19:00:00+08:00,2737.725,2749.96,2736.248,2746.52
2024-11-05T23:00:00+08:00,2746.582,2746.588,2732.908,2741.36
2024-11-06T03:00:00+08:00,2741.188,2744.92,2739.375,2743.694
2024-11-06T07:00:00+08:00,2743.29,2749.73,2732.608,2737.41
2024-11-06T11:00:00+08:00,2737.4,2743.634,2701.245,2706.825
2024-11-06T15:00:00+08:00,2706.978,2733.75,2703.96,2720.21
2024-11-06T19:00:00+08:00,2720.25,2722.9,2652.295,2659.75
2024-11-06T23:00:00+08:00,2659.808,2678.22,2657.365,2665.501
2024-11-07T03:00:00+08:00,2665.6,2668.53,2658.67,2658.895
2024-11-07T07:00:00+08:00,2660.06,2664.27,2643.134,2657.308
2024-11-07T11:00:00+08:00,2657.36,2661.21,2652.635,2657.05
2024-11-07T15:00:00+08:00,2656.96,2668.42,2656.045,2666.57
2024-11-07T19:00:00+08:00,2666.58,2694.968,2663.59,2691.773
2024-11-07T23:00:00+08:00,2691.88,2700.33,2690.015,2694.98
2024-11-08T03:00:00+08:00,2694.59,2710.61,2687.405,2705.995
2024-11-08T07:00:00+08:00,2705.788,2710.37,2694.945,2697.418
2024-11-08T11:00:00+08:00,2697.49,2700.49,2685.845,2686.319
2024-11-08T15:00:00+08:00,2686.38,2691.79,2680.215,2688.465
2024-11-08T19:00:00+08:00,2688.508,2704.018,2686.085,2691.395
2024-11-08T23:00:00+08:00,2691.491,2692.87,2682.785,2684.87
2024-11-09T03:00:00+08:00,2685.01,2688.63,2682.695,2684.035
2024-11-11T07:00:00+08:00,2684.353,2686.16,2666.375,2672
2024-11-11T11:00:00+08:00,2671.899,2674.3,2666.875,2673.13
2024-11-11T15:00:00+08:00,2673.28,2675.34,2660.915,2661.89
2024-11-11T19:00:00+08:00,2661.805,2667.01,2617.625,2622.38
2024-11-11T23:00:00+08:00,2622.325,2626.33,2610.515,2618.98
2024-11-12T03:00:00+08:00,2618.939,2626.21,2617.765,2619.375
2024-11-12T07:00:00+08:00,2618.574,2627.14,2618.414,2621.99
2024-11-12T11:00:00+08:00,2622,2623.74,2603.295,2607.909
2024-11-12T15:00:00+08:00,2607.909,2609.09,2589.508,2596.629
2024-11-12T19:00:00+08:00,2596.619,2617.04,2592.455,2610.4
2024-11-12T23:00:00+08:00,2610.35,2611.78,2592.305,2599.09
2024-11-13T03:00:00+08:00,2599.08,2601.43,2594.998,2597.895
2024-11-13T07:00:00+08:00,2598.044,2612.55,2597.35,2612.15
2024-11-13T11:00:00+08:00,2611.99,2613.28,2603.408,2605.43
2024-11-13T15:00:00+08:00,2605.329,2611.68,2600.894,2609.06
2024-11-13T19:00:00+08:00,2609.01,2618.84,2600.955,2602.042
2024-11-13T23:00:00+08:00,2602.042,2606.83,2577.545,2582.71
2024-11-14T03:00:00+08:00,2582.658,2584.91,2572.125,2572.195
2024-11-14T07:00:00+08:00,2574.264,2581.43,2558.785,2560.455
2024-11-14T11:00:00+08:00,2560.548,2565.28,2551.765,2554.98
2024-11-14T15:00:00+08:00,2555.03,2559.8,2536.664,2546.935
2024-11-14T19:00:00+08:00,2547.09,2565.94,2545.045,2559.555
2024-11-14T23:00:00+08:00,2559.622,2577.47,2558.425,2569.81
2024-11-15T03:00:00+08:00,2569.88,2576.93,2563.738,2564.145
2024-11-15T07:00:00+08:00,2563.898,2571.71,2562.914,2570.12
2024-11-15T11:00:00+08:00,2570.21,2571.2,2554.335,2561.47
2024-11-15T15:00:00+08:00,2561.47,2570.47,2559.235,2567.869
2024-11-15T19:00:00+08:00,2567.95,2575.75,2561.005,2572.809
2024-11-15T23:00:00+08:00,2572.705,2576.06,2559.39,2567.54
2024-11-16T03:00:00+08:00,2567.512,2568.06,2559.595,2562.715
2024-11-18T07:00:00+08:00,2566.794,2597.26,2562.44,2591.14
2024-11-18T11:00:00+08:00,2590.999,2593.17,2580.284,2585.909
2024-11-18T15:00:00+08:00,2585.865,2597.29,2581.545,2593.945
2024-11-18T19:00:00+08:00,2593.959,2610.22,2590.195,2608.07
2024-11-18T23:00:00+08:00,2608.029,2615.07,2605.755,2611.03
2024-11-19T03:00:00+08:00,2611.16,2612.62,2608.095,2611.605
2024-11-19T07:00:00+08:00,2611.654,2624.19,2610.205,2622.5
2024-11-19T11:00:00+08:00,2622.53,2626.68,2620.715,2625.009
2024-11-19T15:00:00+08:00,2625.06,2636.49,2617.625,2635.12
2024-11-19T19:00:00+08:00,2635.12,2639.44,2622.655,2623.35
2024-11-19T23:00:00+08:00,2623.49,2633.15,2620.9,2630.18
2024-11-20T03:00:00+08:00,2630.18,2634.61,2628.775,2632.105
2024-11-20T07:00:00+08:00,2631.603,2641.92,2631.3,2640.048
2024-11-20T11:00:00+08:00,2640.048,2641.27,2628.465,2629.55
2024-11-20T15:00:00+08:00,2629.53,2630.19,2618.705,2625.1
2024-11-20T19:00:00+08:00,2625.1,2646.38,2621.325,2643.17
2024-11-20T23:00:00+08:00,2643.045,2655.4,2640.715,2648.62
2024-11-21T03:00:00+08:00,2648.62,2653.15,2647.15,2650.145
2024-11-21T07:00:00+08:00,2649.814,2660.48,2648.37,2653.59
2024-11-21T11:00:00+08:00,2653.59,2662.25,2650.284,2661.215
2024-11-21T15:00:00+08:00,2661.4,2671.71,2659.905,2670
2024-11-21T19:00:00+08:00,2669.84,2673.54,2660.315,2664.921
2024-11-21T23:00:00+08:00,2664.654,2673.19,2661.158,2672.46
2024-11-22T03:00:00+08:00,2672.245,2673.49,2667.675,2669.37
2024-11-22T07:00:00+08:00,2668.993,2686.44,2667.915,2686.05
2024-11-22T11:00:00+08:00,2685.95,2693.26,2681.334,2692.811
2024-11-22T15:00:00+08:00,2692.97,2708.56,2690.364,2707.7
2024-11-22T19:00:00+08:00,2707.598,2710.15,2684.325,2694.324
2024-11-22T23:00:00+08:00,2694.68,2711.44,2694.185,2710.89
2024-11-23T03:00:00+08:00,2710.82,2716.18,2704.975,2715.805
2024-11-25T07:00:00+08:00,2714.85,2721.41,2690.762,2695.24
2024-11-25T11:00:00+08:00,2695.23,2697.41,2658.064,2666.94
2024-11-25T15:00:00+08:00,2666.93,2678.07,2663.665,2677.76
2024-11-25T19:00:00+08:00,2677.545,2688.75,2633.485,2641.279
2024-11-25T23:00:00+08:00,2641.33,2641.7,2615.455,2618.715
2024-11-26T03:00:00+08:00,2618.809,2628.75,2618.258,2624.645
2024-11-26T07:00:00+08:00,2624.64,2632.2,2605.085,2625.215
2024-11-26T11:00:00+08:00,2625.205,2631.45,2617.755,2622.05
2024-11-26T15:00:00+08:00,2622.09,2633.15,2610.668,2631.289
2024-11-26T19:00:00+08:00,2631.27,2641.93,2616.568,2622.54
2024-11-26T23:00:00+08:00,2622.228,2632.85,2619.414,2623.429
2024-11-27T03:00:00+08:00,2623.385,2633.57,2622.158,2632.785
2024-11-27T07:00:00+08:00,2632.19,2640.48,2626.935,2637.56
2024-11-27T11:00:00+08:00,2637.445,2647.99,2635.755,2647.685
2024-11-27T15:00:00+08:00,2647.719,2653.88,2645,2648.388
2024-11-27T19:00:00+08:00,2648.59,2658.2,2643.074,2651.008
2024-11-27T23:00:00+08:00,2651.14,2651.57,2635.155,2638.9
2024-11-28T03:00:00+08:00,2638.785,2639.41,2633.7,2635.785
2024-11-28T07:00:00+08:00,2636.43,2638.47,2620.815,2628.159
2024-11-28T11:00:00+08:00,2628.159,2639.58,2625.524,2636.82
2024-11-28T15:00:00+08:00,2636.665,2649.65,2634.405,2647.48
2024-11-28T19:00:00+08:00,2647.48,2649.49,2640.695,2641.155
2024-11-28T23:00:00+08:00,2641.229,2643.09,2636.165,2639.98
2024-11-29T03:00:00+08:00,2639.96,2640.07,2637.175,2637.74
2024-11-29T07:00:00+08:00,2637.51,2662.77,2633.925,2657.41
2024-11-29T11:00:00+08:00,2657.32,2666.34,2654.695,2665.25
2024-11-29T15:00:00+08:00,2665.108,2665.91,2654.378,2662.618
2024-11-29T19:00:00+08:00,2662.608,2664.99,2651.835,2653.344
2024-11-29T23:00:00+08:00,2653.49,2662.29,2650.495,2652.74
2024-11-30T03:00:00+08:00,2652.548,2653.09,2648.525,2650.33
2024-12-02T07:00:00+08:00,2654.21,2656.14,2622.765,2626.72
2024-12-02T11:00:00+08:00,2626.585,2631.11,2621.839,2625.94
2024-12-02T15:00:00+08:00,2625.91,2637.72,2625.135,2635.725
2024-12-02T19:00:00+08:00,2635.84,2651.8,2635.605,2645.575
2024-12-02T23:00:00+08:00,2645.575,2649.36,2633.425,2636.945
2024-12-03T03:00:00+08:00,2636.978,2644.31,2635.175,2638.555
2024-12-03T07:00:00+08:00,2638.66,2645.3,2633.965,2636.984
2024-12-03T11:00:00+08:00,2636.979,2650.04,2636.145,2646.73
2024-12-03T15:00:00+08:00,2646.89,2648.07,2639.115,2642.728
2024-12-03T19:00:00+08:00,2642.719,2655.62,2637.615,2646.408
2024-12-03T23:00:00+08:00,2646.64,2649.17,2635.115,2645.77
2024-12-04T03:00:00+08:00,2645.78,2646.29,2640.145,2643.225
2024-12-04T07:00:00+08:00,2642.93,2648.1,2637.575,2645.84
2024-12-04T11:00:00+08:00,2645.85,2651.45,2643.015,2649.125
2024-12-04T15:00:00+08:00,2649.24,2649.32,2636.515,2644.388
2024-12-04T19:00:00+08:00,2644.41,2653.45,2632.315,2649.08
2024-12-04T23:00:00+08:00,2649.268,2657.16,2646.885,2648.948
2024-12-05T03:00:00+08:00,2648.98,2655.48,2646.695,2649.325
2024-12-05T07:00:00+08:00,2649.014,2651.6,2645.125,2646.57
2024-12-05T11:00:00+08:00,2646.419,2655.56,2644.595,2646.785
2024-12-05T15:00:00+08:00,2646.824,2650.94,2641.755,2648.675
2024-12-05T19:00:00+08:00,2648.78,2654.53,2639.485,2640.33
2024-12-05T23:00:00+08:00,2640.34,2643.42,2623.385,2629.6
2024-12-06T03:00:00+08:00,2629.58,2632.43,2627.899,2631.665
2024-12-06T07:00:00+08:00,2631.283,2633.86,2612.585,2625.229
2024-12-06T11:00:00+08:00,2625.34,2644.58,2624.795,2639.34
2024-12-06T15:00:00+08:00,2639.37,2645.69,2633.395,2634.149
2024-12-06T19:00:00+08:00,2633.974,2643.56,2623.864,2635.375
2024-12-06T23:00:00+08:00,2635.37,2641.67,2632.355,2637.23
2024-12-07T03:00:00+08:00,2637.24,2637.47,2630.955,2632.664
2024-12-09T07:00:00+08:00,2645.414,2650.58,2627.45,2645.925
2024-12-09T11:00:00+08:00,2646.048,2646.65,2634.505,2643.675
2024-12-09T15:00:00+08:00,2643.76,2658.42,2642.905,2657.459
2024-12-09T19:00:00+08:00,2657.52,2675.3,2653.175,2673.975
2024-12-09T23:00:00+08:00,2674.15,2676.44,2661.555,2663.02
2024-12-10T03:00:00+08:00,2663.02,2663.31,2656.659,2659.354
2024-12-10T07:00:00+08:00,2660.653,2671.46,2657.805,2668.968
2024-12-10T11:00:00+08:00,2669.01,2673.85,2665.304,2669.855
2024-12-10T15:00:00+08:00,2670.04,2676.81,2661.064,2675.435
2024-12-10T19:00:00+08:00,2675.439,2691.89,2669.72,2688.8
2024-12-10T23:00:00+08:00,2688.819,2695.57,2684.385,2692.42
2024-12-11T03:00:00+08:00,2692.255,2694.53,2690.755,2693.554
2024-12-11T07:00:00+08:00,2694.082,2704.351,2692.96,2699.07
2024-12-11T11:00:00+08:00,2698.994,2702.21,2674.795,2696.508
2024-12-11T15:00:00+08:00,2696.281,2699.93,2685.724,2694.27
2024-12-11T19:00:00+08:00,2694.25,2706.93,2690.334,2706.44
2024-12-11T23:00:00+08:00,2706.41,2721.16,2705.334,2714.15
2024-12-12T03:00:00+08:00,2714.118,2720.17,2713.125,2717.395
2024-12-12T07:00:00+08:00,2717.66,2726.13,2699.67,2705.91
2024-12-12T11:00:00+08:00,2705.77,2718.68,2704.985,2718.57
2024-12-12T15:00:00+08:00,2718.34,2720.43,2709.328,2711.437
2024-12-12T19:00:00+08:00,2711.48,2713.56,2680.725,2686.394
2024-12-12T23:00:00+08:00,2686.61,2688.22,2675.055,2684.024
2024-12-13T03:00:00+08:00,2684.14,2686.89,2679.235,2680.625
2024-12-13T07:00:00+08:00,2680.393,2692.76,2678.675,2686.61
2024-12-13T11:00:00+08:00,2686.64,2691.32,2683.195,2689.67
2024-12-13T15:00:00+08:00,2689.67,2690.13,2664.924,2666.68
2024-12-13T19:00:00+08:00,2666.518,2672.98,2657.185,2660.19
2024-12-13T23:00:00+08:00,2660.09,2664.54,2651.905,2654.14
2024-12-14T03:00:00+08:00,2654.2,2655.23,2645.945,2647.385
2024-12-16T07:00:00+08:00,2649.603,2655.62,2643.374,2651.86
2024-12-16T11:00:00+08:00,2651.92,2655.59,2649.374,2653.563
2024-12-16T15:00:00+08:00,2653.505,2662.04,2651.525,2658.648
2024-12-16T19:00:00+08:00,2658.86,2664.37,2653.55,2654.71
2024-12-16T23:00:00+08:00,2654.685,2656.98,2648.5,2655.25
2024-12-17T03:00:00+08:00,2655.35,2655.79,2651.28,2652.7
2024-12-17T07:00:00+08:00,2652.303,2658.62,2651.059,2654.801
2024-12-17T11:00:00+08:00,2654.91,2656.14,2646.33,2648.87
2024-12-17T15:00:00+08:00,2648.87,2657.08,2637.944,2638.26
2024-12-17T19:00:00+08:00,2638.14,2646.87,2632.795,2636.69
2024-12-17T23:00:00+08:00,2636.659,2649.04,2635.784,2647.148
2024-12-18T03:00:00+08:00,2647.29,2648.22,2642.874,2645.575
2024-12-18T07:00:00+08:00,2645.314,2651.71,2644.634,2647.294
2024-12-18T11:00:00+08:00,2647.5,2649.49,2642.555,2646.608
2024-12-18T15:00:00+08:00,2646.64,2649.68,2641.945,2648.43
2024-12-18T19:00:00+08:00,2648.42,2649.43,2636.845,2638
2024-12-18T23:00:00+08:00,2637.95,2640.02,2633.02,2636.639
2024-12-19T03:00:00+08:00,2636.588,2637,2583.498,2584.574
2024-12-19T07:00:00+08:00,2585.194,2618.09,2582.264,2612.002
2024-12-19T11:00:00+08:00,2612.1,2614.15,2603.189,2612.795
2024-12-19T15:00:00+08:00,2613,2626.41,2611.705,2619.54
2024-12-19T19:00:00+08:00,2619.429,2621.95,2591.85,2592.518
2024-12-19T23:00:00+08:00,2592.56,2599.97,2586.815,2599.73
2024-12-20T03:00:00+08:00,2599.73,2601.09,2592.9,2593.585
2024-12-20T07:00:00+08:00,2593.53,2604.01,2589.475,2597.07
2024-12-20T11:00:00+08:00,2597.07,2605.37,2595.575,2604.615
2024-12-20T15:00:00+08:00,2604.75,2607.73,2602.154,2603.965
2024-12-20T19:00:00+08:00,2604.21,2618.32,2600,2617.32
2024-12-20T23:00:00+08:00,2617.269,2631.869,2616.145,2626.09
2024-12-21T03:00:00+08:00,2626.099,2629.38,2618.88,2622.435
2024-12-23T07:00:00+08:00,2619.74,2627.41,2613.15,2625.74
2024-12-23T11:00:00+08:00,2625.789,2633,2622.175,2631.6
2024-12-23T15:00:00+08:00,2631.6,2633.29,2618.775,2619.44
2024-12-23T19:00:00+08:00,2619.41,2620.13,2612.908,2615.402
2024-12-23T23:00:00+08:00,2615.49,2616.7,2608.055,2610.315
2024-12-24T03:00:00+08:00,2610.47,2613.76,2608.955,2611.635
2024-12-24T07:00:00+08:00,2612.963,2619.95,2612.35,2616.739
2024-12-24T11:00:00+08:00,2616.82,2621.41,2615.64,2619.01
2024-12-24T15:00:00+08:00,2618.99,2621.42,2612.995,2615.57
2024-12-24T19:00:00+08:00,2615.52,2617.28,2609.9,2610.705
2024-12-24T23:00:00+08:00,2610.85,2619.4,2609.935,2616.459
2024-12-26T07:00:00+08:00,2619.21,2628,2614.18,2627.445
2024-12-26T11:00:00+08:00,2627.53,2629.24,2624.47,2625.935
2024-12-26T15:00:00+08:00,2626.11,2629.69,2623.399,2628.515
2024-12-26T19:00:00+08:00,2628.69,2631.16,2621.598,2629.898
2024-12-26T23:00:00+08:00,2629.874,2639.14,2627.818,2634.645
2024-12-27T03:00:00+08:00,2634.78,2636.27,2632.484,2632.705
2024-12-27T07:00:00+08:00,2636.3,2636.61,2626.09,2632.685
2024-12-27T11:00:00+08:00,2632.87,2636.96,2631.148,2634.6
2024-12-27T15:00:00+08:00,2634.68,2638.31,2623.248,2626.609
2024-12-27T19:00:00+08:00,2626.485,2631.61,2611.285,2615.64
2024-12-27T23:00:00+08:00,2615.709,2620.21,2612.748,2618.49
2024-12-28T03:00:00+08:00,2618.49,2621.81,2612.448,2621.348
2024-12-30T07:00:00+08:00,2620.5,2626.79,2618.474,2623.92
2024-12-30T11:00:00+08:00,2623.648,2628.12,2618.108,2619.21
2024-12-30T15:00:00+08:00,2619.069,2620,2609.125,2610.459
2024-12-30T19:00:00+08:00,2610.432,2622.55,2605.325,2611.59
2024-12-30T23:00:00+08:00,2611.6,2611.69,2595.905,2606.049
2024-12-31T03:00:00+08:00,2606.06,2609.56,2603.495,2605.705
2024-12-31T07:00:00+08:00,2605.13,2611.66,2603.548,2606.985
2024-12-31T11:00:00+08:00,2607.15,2608.62,2602.475,2607.625
2024-12-31T15:00:00+08:00,2607.76,2617.76,2607.128,2611.76
2024-12-31T19:00:00+08:00,2611.76,2617.92,2605.195,2613.74
2024-12-31T23:00:00+08:00,2613.8,2627.53,2612.28,2624.79
2025-01-01T03:00:00+08:00,2624.81,2627.16,2621.86,2624.16
2025-01-02T07:00:00+08:00,2625.098,2636.51,2621.46,2634.67
2025-01-02T11:00:00+08:00,2634.68,2636.48,2630.858,2634.23
2025-01-02T15:00:00+08:00,2634.14,2646.33,2630.985,2642.76
2025-01-02T19:00:00+08:00,2642.71,2651.06,2635.865,2647.65
2025-01-02T23:00:00+08:00,2647.659,2660.52,2644.985,2655.39
2025-01-03T03:00:00+08:00,2655.39,2660.49,2653.648,2657.195
2025-01-03T07:00:00+08:00,2657.47,2664.03,2656.025,2662.56
2025-01-03T11:00:00+08:00,2662.335,2665.33,2655.79,2659.49
2025-01-03T15:00:00+08:00,2659.56,2659.59,2649.795,2657.595
2025-01-03T19:00:00+08:00,2657.73,2659.31,2643.355,2647.135
2025-01-03T23:00:00+08:00,2647.368,2648.33,2638.98,2641.91
2025-01-04T03:00:00+08:00,2641.79,2642.99,2636.514,2638.41
2025-01-06T07:00:00+08:00,2639.494,2647.41,2638.41,2644.54
2025-01-06T11:00:00+08:00,2644.55,2645.37,2630.025,2631.56
2025-01-06T15:00:00+08:00,2631.38,2635.76,2625.035,2633.77
2025-01-06T19:00:00+08:00,2633.79,2649.45,2614.365,2631.478
2025-01-06T23:00:00+08:00,2631.59,2641.32,2629.335,2634.56
2025-01-07T03:00:00+08:00,2634.6,2637.09,2632.785,2635.305
2025-01-07T07:00:00+08:00,2635.754,2641.21,2632.775,2638.335
2025-01-07T11:00:00+08:00,2638.41,2646.8,2636.855,2640.188
2025-01-07T15:00:00+08:00,2640.21,2644.84,2637.945,2643.91
2025-01-07T19:00:00+08:00,2643.91,2664.37,2641.885,2658.59
2025-01-07T23:00:00+08:00,2658.47,2658.479,2642,2649.139
2025-01-08T03:00:00+08:00,2648.95,2651.379,2646.808,2648.185
2025-01-08T07:00:00+08:00,2648.24,2651.56,2645.75,2648.93
2025-01-08T11:00:00+08:00,2648.71,2653.02,2645.095,2652.028
2025-01-08T15:00:00+08:00,2652.028,2655.16,2649.445,2653.14
2025-01-08T19:00:00+08:00,2652.86,2667.65,2645.37,2661.084
2025-01-08T23:00:00+08:00,2661.5,2670.07,2649.06,2653.308
2025-01-09T03:00:00+08:00,2652.545,2664.11,2651.77,2661.105
2025-01-09T07:00:00+08:00,2660.713,2663.31,2656.03,2658.829
2025-01-09T11:00:00+08:00,2658.79,2666.92,2655.21,2666.74
2025-01-09T15:00:00+08:00,2666.4,2668.55,2660.268,2667.388
2025-01-09T19:00:00+08:00,2667.4,2678.51,2665.04,2672.12
2025-01-09T23:00:00+08:00,2672.12,2675.41,2662.33,2671.34
2025-01-10T03:00:00+08:00,2671.21,2671.81,2668.25,2669.525
2025-01-10T07:00:00+08:00,2670.983,2674.77,2668.32,2673.388
2025-01-10T11:00:00+08:00,2673.28,2678.47,2671.385,2678.061
2025-01-10T15:00:00+08:00,2678.061,2682.72,2673.285,2680.69
2025-01-10T19:00:00+08:00,2680.95,2693.36,2663.205,2688.099
2025-01-10T23:00:00+08:00,2687.97,2697.91,2681.595,2686.88
2025-01-11T03:00:00+08:00,2687.183,2693.648,2683.73,2689.755
2025-01-13T07:00:00+08:00,2691.082,2693.37,2678.91,2688.1
2025-01-13T11:00:00+08:00,2688.55,2691.37,2682.95,2689.861
2025-01-13T15:00:00+08:00,2689.56,2690.44,2677.125,2679.4
2025-01-13T19:00:00+08:00,2679.23,2680.62,2663.14,2671.62
2025-01-13T23:00:00+08:00,2671.748,2672.93,2657.498,2658.858
2025-01-14T03:00:00+08:00,2659.28,2664.18,2656.615,2662.475
2025-01-14T07:00:00+08:00,2662.703,2672.18,2662.248,2670.4
2025-01-14T11:00:00+08:00,2670.4,2675.35,2667.155,2668.9
2025-01-14T15:00:00+08:00,2669.05,2674.439,2664.479,2666.495
2025-01-14T19:00:00+08:00,2666.65,2674.38,2659.645,2665.12
2025-01-14T23:00:00+08:00,2665.24,2674.02,2664.945,2672.31
2025-01-15T03:00:00+08:00,2672.31,2678.16,2671.669,2676.875
2025-01-15T07:00:00+08:00,2677.253,2679.439,2669.251,2673.328
2025-01-15T11:00:00+08:00,2673.41,2683.26,2672.108,2680.83
2025-01-15T15:00:00+08:00,2680.83,2689.063,2679.86,2688.288
2025-01-15T19:00:00+08:00,2688.36,2696.06,2678.005,2681.96
2025-01-15T23:00:00+08:00,2682.02,2695.03,2676.439,2694.09
2025-01-16T03:00:00+08:00,2694.09,2697.42,2692.319,2695.719
2025-01-16T07:00:00+08:00,2695.22,2702.15,2692.648,2697.33
2025-01-16T11:00:00+08:00,2697.34,2698.52,2689.725,2694.02
2025-01-16T15:00:00+08:00,2693.83,2708.53,2693.4,2707.605
2025-01-16T19:00:00+08:00,2707.63,2719.22,2699.69,2718.45
2025-01-16T23:00:00+08:00,2718.51,2724.744,2712.349,2715.17
2025-01-17T03:00:00+08:00,2715.158,2717.14,2712.06,2713.745
2025-01-17T07:00:00+08:00,2714.6,2717.12,2709.68,2715.94
2025-01-17T11:00:00+08:00,2715.82,2717.4,2710.349,2712.6
2025-01-17T15:00:00+08:00,2712.657,2714.59,2702.669,2703.99
2025-01-17T19:00:00+08:00,2704.01,2712.66,2702.555,2711.73
2025-01-17T23:00:00+08:00,2711.808,2717.3,2705.265,2705.568
2025-01-18T03:00:00+08:00,2705.63,2707.3,2698.445,2702.21
2025-01-20T07:00:00+08:00,2700.89,2704.85,2689.28,2697.35
2025-01-20T11:00:00+08:00,2697.315,2713.84,2697.285,2711.42
2025-01-20T15:00:00+08:00,2711.42,2711.91,2702.625,2708.341
2025-01-20T19:00:00+08:00,2708.215,2712.56,2700.69,2710.205
2025-01-20T23:00:00+08:00,2710.215,2711.218,2703.185,2710.555
2025-01-21T03:00:00+08:00,2710.45,2711.078,2705.601,2707.35
2025-01-21T07:00:00+08:00,2706.102,2725.75,2702.42,2724.74
2025-01-21T11:00:00+08:00,2724.72,2729.48,2720.948,2724.39
2025-01-21T15:00:00+08:00,2724.39,2732.9,2717.51,2719.801
2025-01-21T19:00:00+08:00,2719.82,2738.62,2716.345,2738.118
2025-01-21T23:00:00+08:00,2738.23,2746.04,2734.365,2744.54
2025-01-22T03:00:00+08:00,2744.578,2745.89,2739.875,2743.995
2025-01-22T07:00:00+08:00,2743.09,2749.994,2741.705,2748.815
2025-01-22T11:00:00+08:00,2748.96,2758.71,2745.425,2746.808
2025-01-22T15:00:00+08:00,2746.89,2763.39,2746.365,2760.02
2025-01-22T19:00:00+08:00,2759.9,2761.69,2750.148,2754.02
2025-01-22T23:00:00+08:00,2753.848,2760.34,2750.228,2757.808
2025-01-23T03:00:00+08:00,2757.718,2757.89,2754.625,2755.755
2025-01-23T07:00:00+08:00,2752.782,2756.62,2750.408,2752.66
2025-01-23T11:00:00+08:00,2752.568,2755.6,2749.385,2753.21
2025-01-23T15:00:00+08:00,2753.21,2754.83,2740.842,2751.278
2025-01-23T19:00:00+08:00,2751.253,2754.46,2735.665,2746.09
2025-01-23T23:00:00+08:00,2746.015,2758.94,2741.875,2755.82
2025-01-24T03:00:00+08:00,2755.685,2758.2,2751.078,2754.145
2025-01-24T07:00:00+08:00,2752.6,2775.3,2752.6,2774.145
2025-01-24T11:00:00+08:00,2774.282,2778.34,2770.365,2773.778
2025-01-24T15:00:00+08:00,2773.79,2777.91,2769.878,2775.67
2025-01-24T19:00:00+08:00,2775.67,2784.66,2773.595,2778.2
2025-01-24T23:00:00+08:00,2778.32,2785.98,2769.846,2773.39
2025-01-25T03:00:00+08:00,2773.39,2775.32,2770,2770
2025-01-27T07:00:00+08:00,2770.94,2772.6,2753.618,2756.26
2025-01-27T11:00:00+08:00,2756.035,2762.75,2750.565,2754.62
2025-01-27T15:00:00+08:00,2754.568,2771.1,2747.065,2767.892
2025-01-27T19:00:00+08:00,2767.902,2772.04,2744.915,2751.49
2025-01-27T23:00:00+08:00,2750.995,2751.49,2730.387,2736.958
2025-01-28T03:00:00+08:00,2736.825,2744.05,2736.585,2739.755
2025-01-28T07:00:00+08:00,2736.51,2745.3,2736.51,2739.215
2025-01-28T11:00:00+08:00,2739.215,2744.92,2737.675,2739.6
2025-01-28T15:00:00+08:00,2739.528,2745.19,2734.72,2743.18
2025-01-28T19:00:00+08:00,2743.18,2756.29,2740.995,2753.295
2025-01-28T23:00:00+08:00,2753.2,2763.5,2750.925,2762.08
2025-01-29T03:00:00+08:00,2762.08,2765.04,2761.065,2763.005
2025-01-29T07:00:00+08:00,2762.22,2766.3,2761.12,2764.26
2025-01-29T11:00:00+08:00,2764.178,2764.53,2759.025,2759.18
2025-01-29T15:00:00+08:00,2759.192,2766.13,2756.848,2758.26
2025-01-29T19:00:00+08:00,2758.038,2761.15,2752.095,2759.205
2025-01-29T23:00:00+08:00,2759.162,2759.66,2748,2750.71
2025-01-30T03:00:00+08:00,2750.213,2759.8,2744.78,2758.615
2025-01-30T07:00:00+08:00,2756.52,2762.61,2756.352,2760.36
2025-01-30T11:00:00+08:00,2760.34,2766.49,2758.475,2765.47
2025-01-30T15:00:00+08:00,2765.47,2779.17,2764.658,2778.3
2025-01-30T19:00:00+08:00,2778.2,2789.09,2776.025,2787.68
2025-01-30T23:00:00+08:00,2787.638,2798.55,2786.325,2795.07
2025-01-31T03:00:00+08:00,2794.805,2798.5,2790.12,2793.465
2025-01-31T07:00:00+08:00,2795.27,2799.86,2791.86,2796.12
2025-01-31T11:00:00+08:00,2796.25,2798.28,2791.905,2792.698
2025-01-31T15:00:00+08:00,2792.8,2801,2790.895,2794.29
2025-01-31T19:00:00+08:00,2794.14,2812.71,2792.225,2812.312
2025-01-31T23:00:00+08:00,2812.56,2817.21,2795.075,2799.06
2025-02-01T03:00:00+08:00,2798.878,2802.87,2793.965,2798.13
2025-02-03T07:00:00+08:00,2802.322,2809.59,2773.345,2778.18
2025-02-03T11:00:00+08:00,2777.935,2788.13,2771.885,2786.75
2025-02-03T15:00:00+08:00,2786.75,2800.86,2785.095,2798.09
2025-02-03T19:00:00+08:00,2798.018,2830.57,2797.705,2830.04
2025-02-03T23:00:00+08:00,2829.867,2830.45,2812.828,2821.06
2025-02-04T03:00:00+08:00,2821.09,2822.94,2812.275,2814.13
2025-02-04T07:00:00+08:00,2813.42,2824.65,2811.238,2821.16
2025-02-04T11:00:00+08:00,2821.16,2824.27,2810.648,2813.438
2025-02-04T15:00:00+08:00,2813.48,2821.89,2806.925,2814.78
2025-02-04T19:00:00+08:00,2814.787,2841.45,2813.125,2839.23
2025-02-04T23:00:00+08:00,2839.19,2845.48,2832.405,2842.657
2025-02-05T03:00:00+08:00,2842.657,2844.772,2840.695,2841.4
2025-02-05T07:00:00+08:00,2841.91,2854.06,2839.335,2850.805
2025-02-05T11:00:00+08:00,2851.14,2861.92,2849.595,2859.07
2025-02-05T15:00:00+08:00,2859.2,2877.04,2854.705,2867.727
2025-02-05T19:00:00+08:00,2867.81,2872.64,2858.315,2870.701
2025-02-05T23:00:00+08:00,2870.94,2882.39,2862.855,2865.647
2025-02-06T03:00:00+08:00,2865.475,2869.26,2859.891,2866.235
2025-02-06T07:00:00+08:00,2866.4,2873.3,2863.448,2870.72
2025-02-06T11:00:00+08:00,2870.49,2872.36,2858.231,2859.197
2025-02-06T15:00:00+08:00,2859.18,2861.841,2848.535,2859.21
2025-02-06T19:00:00+08:00,2859.055,2870.28,2840.915,2841.665
2025-02-06T23:00:00+08:00,2841.857,2854.77,2833.955,2852.63
2025-02-07T03:00:00+08:00,2852.617,2857.34,2850.155,2855.81
2025-02-07T07:00:00+08:00,2855.51,2869.25,2854.898,2868.717
2025-02-07T11:00:00+08:00,2868.81,2870.58,2858.845,2860.73
2025-02-07T15:00:00+08:00,2860.73,2870.74,2860.085,2867.52
2025-02-07T19:00:00+08:00,2867.457,2878.28,2852.085,2876.517
2025-02-07T23:00:00+08:00,2876.55,2886.83,2853.135,2861.37
2025-02-08T03:00:00+08:00,2861.11,2863.85,2858.695,2860.135
2025-02-10T07:00:00+08:00,2859.401,2876.56,2854.381,2873.81
2025-02-10T11:00:00+08:00,2873.83,2892.48,2871.235,2888.67
2025-02-10T15:00:00+08:00,2888.145,2906.25,2886.637,2902.195
2025-02-10T19:00:00+08:00,2902.44,2911.02,2896.265,2908.72
2025-02-10T23:00:00+08:00,2908.74,2911.85,2896.315,2905.12
2025-02-11T03:00:00+08:00,2905.1,2908.3,2902.325,2907.55
2025-02-11T07:00:00+08:00,2907.38,2942.71,2905.015,2918.789
2025-02-11T11:00:00+08:00,2918.448,2929.46,2911.095,2917.635
2025-02-11T15:00:00+08:00,2917.87,2918.34,2901.715,2902.74
2025-02-11T19:00:00+08:00,2902.74,2906.73,2881.635,2896.248
2025-02-11T23:00:00+08:00,2896.73,2908.67,2890.675,2905.595
2025-02-12T03:00:00+08:00,2905.9,2906.47,2893.855,2897.23
2025-02-12T07:00:00+08:00,2896.571,2900.761,2883.345,2892.49
2025-02-12T11:00:00+08:00,2892.386,2894.76,2883.47,2892.666
2025-02-12T15:00:00+08:00,2892.676,2895.82,2879.098,2882.717
2025-02-12T19:00:00+08:00,2882.74,2898.06,2863.685,2894.48
2025-02-12T23:00:00+08:00,2894.46,2909.19,2886.2,2901.06
2025-02-13T03:00:00+08:00,2901.106,2904.36,2893.385,2903.975
2025-02-13T07:00:00+08:00,2901.61,2909.13,2900.225,2908.81
2025-02-13T11:00:00+08:00,2908.77,2922.81,2907.166,2916.01
2025-02-13T15:00:00+08:00,2915.855,2920.69,2909.305,2917.977
2025-02-13T19:00:00+08:00,2917.98,2921.32,2905.548,2915.046
2025-02-13T23:00:00+08:00,2915.01,2925.33,2912.885,2923.805
2025-02-14T03:00:00+08:00,2924.03,2929.54,2923.698,2927.305
2025-02-14T07:00:00+08:00,2929.22,2933.81,2925.805,2927.4
2025-02-14T11:00:00+08:00,2927.25,2936.84,2922.915,2934.145
2025-02-14T15:00:00+08:00,2934.237,2940.02,2930.335,2935.81
2025-02-14T19:00:00+08:00,2935.92,2937.51,2914.105,2921.05
2025-02-14T23:00:00+08:00,2921.23,2921.806,2881.925,2883.787
2025-02-15T03:00:00+08:00,2883.78,2886.2,2876.805,2882.085
2025-02-17T07:00:00+08:00,2883.301,2899.86,2878.015,2899.21
2025-02-17T11:00:00+08:00,2899.2,2905.3,2888.155,2896.466
2025-02-17T15:00:00+08:00,2896.47,2906.44,2894.98,2902.74
2025-02-17T19:00:00+08:00,2902.74,2903.9,2895.328,2902.9
2025-02-17T23:00:00+08:00,2902.865,2904.2,2896.355,2898.045
2025-02-18T03:00:00+08:00,2898.186,2899.277,2896.625,2898.62
2025-02-18T07:00:00+08:00,2898.351,2905.15,2891.775,2903.06
2025-02-18T11:00:00+08:00,2903.05,2915.65,2902.605,2913.66
2025-02-18T15:00:00+08:00,2913.66,2915.306,2906.915,2911.28
2025-02-18T19:00:00+08:00,2911.26,2928.77,2909.525,2927.725
2025-02-18T23:00:00+08:00,2927.848,2933.77,2923.409,2933.25
2025-02-19T03:00:00+08:00,2933.206,2936.97,2931.698,2935.53
2025-02-19T07:00:00+08:00,2935.53,2939.67,2924,2929.14
2025-02-19T11:00:00+08:00,2929.221,2935.84,2924.665,2931.617
2025-02-19T15:00:00+08:00,2931.617,2946.99,2930.215,2944.83
2025-02-19T19:00:00+08:00,2944.83,2946.09,2930,2938.19
2025-02-19T23:00:00+08:00,2938.07,2939.26,2918.365,2924.85
2025-02-20T03:00:00+08:00,2924.84,2937.53,2922.728,2932.985
2025-02-20T07:00:00+08:00,2932.659,2942.349,2932.02,2940.75
2025-02-20T11:00:00+08:00,2940.96,2949.01,2939.125,2947.75
2025-02-20T15:00:00+08:00,2947.676,2954.944,2946.225,2952.199
2025-02-20T19:00:00+08:00,2952.21,2952.94,2923.945,2935
2025-02-20T23:00:00+08:00,2935.03,2946.99,2931.475,2941.655
2025-02-21T03:00:00+08:00,2941.77,2941.9,2933.165,2938.995
2025-02-21T07:00:00+08:00,2938.359,2949.81,2926.238,2939.14
2025-02-21T11:00:00+08:00,2939.16,2939.81,2923.955,2929.589
2025-02-21T15:00:00+08:00,2929.57,2933.08,2916.615,2930.58
2025-02-21T19:00:00+08:00,2930.49,2939.14,2926.675,2933.64
2025-02-21T23:00:00+08:00,2933.696,2942.85,2921.355,2941.79
2025-02-22T03:00:00+08:00,2941.79,2942.68,2931.92,2934.955
2025-02-24T07:00:00+08:00,2934.74,2940.97,2921.055,2940.81
2025-02-24T11:00:00+08:00,2940.61,2944.706,2935.115,2938.78
2025-02-24T15:00:00+08:00,2938.57,2948.8,2934.735,2938.34
2025-02-24T19:00:00+08:00,2938.251,2956.15,2934.445,2938.717
2025-02-24T23:00:00+08:00,2938.7,2947.996,2930.585,2947.3
2025-02-25T03:00:00+08:00,2947.3,2953.06,2946.625,2952.725
2025-02-25T07:00:00+08:00,2952.28,2953.58,2944.995,2948.445
2025-02-25T11:00:00+08:00,2948.616,2949.53,2933.305,2935.766
2025-02-25T15:00:00+08:00,2935.81,2942.42,2929.365,2937.51
2025-02-25T19:00:00+08:00,2937.445,2944.93,2923.805,2932.53
2025-02-25T23:00:00+08:00,2932.817,2935.08,2888.085,2909.46
2025-02-26T03:00:00+08:00,2909.46,2917.3,2905.605,2914.52
2025-02-26T07:00:00+08:00,2915.091,2930.106,2913.325,2921.08
2025-02-26T11:00:00+08:00,2921.08,2921.7,2906.525,2906.92
2025-02-26T15:00:00+08:00,2906.67,2919.02,2905.595,2912.64
2025-02-26T19:00:00+08:00,2912.64,2915.54,2890.588,2900.558
2025-02-26T23:00:00+08:00,2901.41,2916.69,2898.388,2914.88
2025-02-27T03:00:00+08:00,2914.85,2918.75,2911.875,2916.025
2025-02-27T07:00:00+08:00,2916.03,2920.697,2904.125,2906.61
2025-02-27T11:00:00+08:00,2906.6,2909.07,2888.295,2894.117
2025-02-27T15:00:00+08:00,2894.11,2896.73,2876.745,2892.23
2025-02-27T19:00:00+08:00,2892.23,2894.95,2867.565,2872.37
2025-02-27T23:00:00+08:00,2871.938,2887.43,2870.078,2887.248
2025-02-28T03:00:00+08:00,2887.257,2887.68,2871.125,2876.485
2025-02-28T07:00:00+08:00,2876.18,2885.13,2870.235,2873.27
2025-02-28T11:00:00+08:00,2873.36,2876.35,2856.785,2863.527
2025-02-28T15:00:00+08:00,2863.54,2865.22,2850.788,2862.76
2025-02-28T19:00:00+08:00,2862.76,2864.95,2833.248,2833.86
2025-02-28T23:00:00+08:00,2833.675,2853.99,2832.455,2844.998
2025-03-01T03:00:00+08:00,2845.26,2859.612,2843.765,2856.998
2025-03-03T07:00:00+08:00,2855.881,2876.905,2855.075,2868.177
2025-03-03T11:00:00+08:00,2868.18,2868.517,2859.055,2865.55
2025-03-03T15:00:00+08:00,2865.6,2873.63,2858.735,2871.81
2025-03-03T19:00:00+08:00,2871.81,2883.07,2868.465,2877.06
2025-03-03T23:00:00+08:00,2877.302,2893.07,2873.348,2889.92
2025-03-04T03:00:00+08:00,2889.92,2895.27,2878.115,2891.43
2025-03-04T07:00:00+08:00,2891.801,2893.71,2881.648,2885.43
2025-03-04T11:00:00+08:00,2885.43,2894.4,2884.155,2887.32
2025-03-04T15:00:00+08:00,2887.32,2921.3,2886.795,2914.68
2025-03-04T19:00:00+08:00,2914.71,2927.76,2903.068,2903.45
2025-03-04T23:00:00+08:00,2903.268,2916.35,2899.835,2911.28
2025-03-05T03:00:00+08:00,2911.28,2920.609,2910.985,2916.625
2025-03-05T07:00:00+08:00,2917.4,2918.34,2901.758,2904.25
2025-03-05T11:00:00+08:00,2904.41,2921.71,2903.085,2917.05
2025-03-05T15:00:00+08:00,2917,2922.54,2908.675,2913.3
2025-03-05T19:00:00+08:00,2913.3,2919.26,2894.145,2911.418
2025-03-05T23:00:00+08:00,2912.086,2929.87,2907.555,2917.36
2025-03-06T03:00:00+08:00,2917.44,2923.04,2915.975,2918.735
2025-03-06T07:00:00+08:00,2918.52,2926.6,2915.695,2925.53
2025-03-06T11:00:00+08:00,2925.59,2925.62,2914.385,2920.62
2025-03-06T15:00:00+08:00,2920.489,2922.56,2890.815,2899.29
2025-03-06T19:00:00+08:00,2899.29,2916.65,2898.395,2915.22
2025-03-06T23:00:00+08:00,2915.15,2922.81,2908.875,2916.23
2025-03-07T03:00:00+08:00,2916.23,2917.69,2908.105,2910.99
2025-03-07T07:00:00+08:00,2911.951,2913.57,2895.698,2907.977
2025-03-07T11:00:00+08:00,2907.977,2914.85,2903.765,2913.46
2025-03-07T15:00:00+08:00,2913.49,2923.03,2911.435,2917.98
2025-03-07T19:00:00+08:00,2917.99,2928.88,2903.575,2926.75
2025-03-07T23:00:00+08:00,2926.75,2930.383,2901.825,2906.56
2025-03-08T03:00:00+08:00,2906.365,2912.57,2904.32,2909.355
2025-03-10T06:00:00+08:00,2911.06,2918.32,2909.475,2912.08
2025-03-10T10:00:00+08:00,2912.089,2914.5,2906.689,2909.88
2025-03-10T14:00:00+08:00,2909.89,2915.51,2896.459,2911.16
2025-03-10T18:00:00+08:00,2911.26,2911.34,2895.425,2903.71
2025-03-10T22:00:00+08:00,2903.68,2910.57,2882.508,2886.131
2025-03-11T02:00:00+08:00,2885.99,2891.03,2880,2888.49
2025-03-11T06:00:00+08:00,2886.57,2890.98,2880,2890.58
2025-03-11T10:00:00+08:00,2890.58,2900.48,2889.675,2895.655
2025-03-11T14:00:00+08:00,2895.82,2912.52,2893.245,2911.68
2025-03-11T18:00:00+08:00,2911.77,2922.22,2906.665,2918.08
2025-03-11T22:00:00+08:00,2918.046,2920.87,2911.625,2917.555
2025-03-12T02:00:00+08:00,2917.549,2921.39,2914.925,2915.625
2025-03-12T06:00:00+08:00,2914.431,2919.66,2910.558,2914.88
2025-03-12T10:00:00+08:00,2914.88,2920,2911.898,2915.986
2025-03-12T14:00:00+08:00,2915.758,2925.34,2908.785,2914.69
2025-03-12T18:00:00+08:00,2914.578,2923.18,2905.755,2915.68
2025-03-12T22:00:00+08:00,2915.66,2940.5,2914.095,2935.965
2025-03-13T02:00:00+08:00,2936.14,2937.42,2930.655,2932.925
2025-03-13T06:00:00+08:00,2934.14,2941.46,2932.885,2937.797
2025-03-13T10:00:00+08:00,2937.82,2947.15,2937.285,2939.96
2025-03-13T14:00:00+08:00,2940.04,2948.86,2932.768,2947.74
2025-03-13T18:00:00+08:00,2947.78,2952.48,2938.738,2950.4
2025-03-13T22:00:00+08:00,2950.4,2985.29,2949.659,2979.389
2025-03-14T02:00:00+08:00,2979.42,2989.3,2978.855,2988.26
2025-03-14T06:00:00+08:00,2988.87,2990.23,2981.475,2987.81
2025-03-14T10:00:00+08:00,2987.81,2993.88,2981.609,2986.35
2025-03-14T14:00:00+08:00,2986.35,2999.55,2980.74,2998.78
2025-03-14T18:00:00+08:00,2998.78,3004.94,2983.098,2985.7
2025-03-14T22:00:00+08:00,2985.666,2993.46,2978.085,2986.58
2025-03-15T02:00:00+08:00,2986.65,2988.81,2981.625,2983.795
2025-03-17T06:00:00+08:00,2984.02,2994.12,2982.99,2990.79
2025-03-17T10:00:00+08:00,2990.79,2992.03,2981.975,2986.07
2025-03-17T14:00:00+08:00,2986.07,2996.93,2982.935,2995.73
2025-03-17T18:00:00+08:00,2995.495,3001.22,2984.535,2988.34
2025-03-17T22:00:00+08:00,2988.4,3000.6,2986.945,2997.735
2025-03-18T02:00:00+08:00,2997.91,3001.95,2996.505,3000.425
2025-03-18T06:00:00+08:00,3000.94,3008.44,2999.258,3005.73
2025-03-18T10:00:00+08:00,3005.608,3017.19,3002.615,3011.865
2025-03-18T14:00:00+08:00,3011.748,3028.47,3010.348,3020.22
2025-03-18T18:00:00+08:00,3020.22,3038.31,3019.405,3033.3
2025-03-18T22:00:00+08:00,3033.139,3036.94,3024.438,3032.65
2025-03-19T02:00:00+08:00,3032.65,3038.07,3032.195,3034.34
2025-03-19T06:00:00+08:00,3033.599,3035.08,3027.175,3029.345
2025-03-19T10:00:00+08:00,3029.51,3045.34,3028.805,3044.56
2025-03-19T14:00:00+08:00,3044.56,3044.75,3022.315,3030.5
2025-03-19T18:00:00+08:00,3030.5,3041.07,3027.388,3033.23
2025-03-19T22:00:00+08:00,3033.279,3038.4,3025.678,3030.82
2025-03-20T02:00:00+08:00,3030.545,3052.1,3028.96,3046.76
2025-03-20T06:00:00+08:00,3048.88,3056.26,3046.685,3049.67
2025-03-20T10:00:00+08:00,3049.64,3057.51,3044.668,3046.91
2025-03-20T14:00:00+08:00,3046.905,3051.52,3038.475,3041.43
2025-03-20T18:00:00+08:00,3041.275,3042.31,3025.428,3032.215
2025-03-20T22:00:00+08:00,3032.205,3043.23,3030.408,3041.535
2025-03-21T02:00:00+08:00,3041.535,3046.16,3040.618,3044.45
2025-03-21T06:00:00+08:00,3043.97,3047.51,3035.675,3035.86
2025-03-21T10:00:00+08:00,3035.715,3037.02,3021.305,3028.05
2025-03-21T14:00:00+08:00,3028.005,3034.83,3026.905,3029.6
2025-03-21T18:00:00+08:00,3029.536,3038.14,3004.075,3006.6
2025-03-21T22:00:00+08:00,3006.57,3018.23,2999.268,3013.68
2025-03-22T02:00:00+08:00,3013.6,3024.13,3013.205,3022.79
2025-03-24T06:00:00+08:00,3020.35,3026.25,3016.895,3020.79
2025-03-24T10:00:00+08:00,3020.759,3024.53,3013.475,3022.09
2025-03-24T14:00:00+08:00,3021.976,3031.02,3017.125,3023.53
2025-03-24T18:00:00+08:00,3023.53,3033.32,3018.925,3022.425
2025-03-24T22:00:00+08:00,3022.576,3024.06,3005.726,3007.06
2025-03-25T02:00:00+08:00,3006.805,3014.59,3002.145,3011.435
2025-03-25T06:00:00+08:00,3010.93,3014.9,3008.855,3011.82
2025-03-25T10:00:00+08:00,3011.785,3021.056,3007.315,3018.37
2025-03-25T14:00:00+08:00,3018.279,3023.66,3010.218,3023.37
2025-03-25T18:00:00+08:00,3023.185,3030.73,3013.938,3027.985
2025-03-25T22:00:00+08:00,3028.645,3036.11,3017.768,3022.63
2025-03-26T02:00:00+08:00,3022.66,3023.03,3017.575,3019.82
2025-03-26T06:00:00+08:00,3019.01,3025.55,3016.208,3024.72
2025-03-26T10:00:00+08:00,3024.72,3027.11,3013.048,3022.65
2025-03-26T14:00:00+08:00,3022.61,3032.09,3017.265,3018.75
2025-03-26T18:00:00+08:00,3018.505,3030.41,3015.585,3016.69
2025-03-26T22:00:00+08:00,3016.645,3021.74,3012.125,3018.67
2025-03-27T02:00:00+08:00,3018.68,3021.85,3015.545,3019.08
2025-03-27T06:00:00+08:00,3018.339,3028.37,3017.298,3023.63
2025-03-27T10:00:00+08:00,3023.64,3038.65,3023.048,3029.72
2025-03-27T14:00:00+08:00,3029.648,3041.11,3026.535,3039.936
2025-03-27T18:00:00+08:00,3039.97,3055.96,3033.295,3040.73
2025-03-27T22:00:00+08:00,3040.73,3059.77,3040.355,3052.92
2025-03-28T02:00:00+08:00,3052.655,3057.87,3052.365,3055.515
2025-03-28T06:00:00+08:00,3056.379,3074.009,3053.875,3073.859
2025-03-28T10:00:00+08:00,3073.82,3082.055,3069.448,3077.648
2025-03-28T14:00:00+08:00,3077.95,3086.04,3065.798,3072.86
2025-03-28T18:00:00+08:00,3072.86,3084.16,3067.155,3083.04
2025-03-28T22:00:00+08:00,3083.228,3086.9,3067.115,3077.51
2025-03-29T02:00:00+08:00,3077.33,3086.238,3073.365,3084.33
2025-03-31T06:00:00+08:00,3082.259,3097.8,3076.485,3094.78
2025-03-31T10:00:00+08:00,3094.82,3119.925,3093.715,3116.52
2025-03-31T14:00:00+08:00,3116.448,3127.915,3111.735,3114.855
2025-03-31T18:00:00+08:00,3114.97,3126.704,3099.685,3113.198
2025-03-31T22:00:00+08:00,3113.335,3127.25,3110.715,3117.78
2025-04-01T02:00:00+08:00,3117.78,3124.81,3117.145,3122.97
2025-04-01T06:00:00+08:00,3122.298,3138.19,3119.828,3135.275
2025-04-01T10:00:00+08:00,3135.258,3149.03,3130.198,3132.01
2025-04-01T14:00:00+08:00,3131.92,3138.19,3123.919,3132.33
2025-04-01T18:00:00+08:00,3132.32,3139.06,3127.565,3133.84
2025-04-01T22:00:00+08:00,3133.515,3135.47,3100.665,3113.67
2025-04-02T02:00:00+08:00,3113.52,3120.65,3112.87,3113.645
2025-04-02T06:00:00+08:00,3113.249,3135.37,3107.455,3133.15
2025-04-02T10:00:00+08:00,3133.054,3135.74,3108.168,3117.97
2025-04-02T14:00:00+08:00,3117.995,3133.84,3112.01,3131.02
2025-04-02T18:00:00+08:00,3131.025,3132.17,3110,3121.898
2025-04-02T22:00:00+08:00,3122.09,3134.2,3119.105,3123.535
2025-04-03T02:00:00+08:00,3123.495,3144.23,3104.175,3135.389
2025-04-03T06:00:00+08:00,3139.049,3167.74,3121.809,3153.42
2025-04-03T10:00:00+08:00,3153.395,3155.33,3123.785,3131.735
2025-04-03T14:00:00+08:00,3131.735,3134.07,3116.175,3121.405
2025-04-03T18:00:00+08:00,3121.56,3123.08,3053.935,3085.595
2025-04-03T22:00:00+08:00,3085.455,3135.69,3085.455,3109.55
2025-04-04T02:00:00+08:00,3109.398,3119.99,3101.475,3114.585
2025-04-04T06:00:00+08:00,3113.998,3116.675,3105.815,3109.688
2025-04-04T10:00:00+08:00,3109.615,3112.95,3086.838,3108.598
2025-04-04T14:00:00+08:00,3108.69,3109.89,3078.255,3090.56
2025-04-04T18:00:00+08:00,3090.505,3136.83,3059.505,3061.558
2025-04-04T22:00:00+08:00,3061.89,3061.896,3015.335,3025.675
2025-04-05T02:00:00+08:00,3025.92,3041.01,3017.818,3037.998
2025-04-07T06:00:00+08:00,3014.09,3055.642,2969.92,3037.855
2025-04-07T10:00:00+08:00,3038.36,3055.7,3016.625,3031.91
2025-04-07T14:00:00+08:00,3031.81,3035.45,3013.095,3024.905
2025-04-07T18:00:00+08:00,3025.01,3046.085,3001.752,3015.248
2025-04-07T22:00:00+08:00,3015.396,3038.06,2956.125,2969.966
2025-04-08T02:00:00+08:00,2969.946,2986.05,2963.845,2982.975
2025-04-08T06:00:00+08:00,2980.8,3003.17,2978.366,2999.7
2025-04-08T10:00:00+08:00,2999.615,3008.23,2990.465,3005.58
2025-04-08T14:00:00+08:00,3005.419,3015.91,2994.715,3006.625
2025-04-08T18:00:00+08:00,3006.776,3022.696,3002.145,3010.314
2025-04-08T22:00:00+08:00,3010.248,3018.29,2974.565,2985.16
2025-04-09T02:00:00+08:00,2985.176,2992.36,2976.385,2982.465
2025-04-09T06:00:00+08:00,2982.16,3009.776,2969.605,3008.6
2025-04-09T10:00:00+08:00,3008.6,3020.516,2998.695,3015.119
2025-04-09T14:00:00+08:00,3015.47,3052.29,3014.545,3044.85
2025-04-09T18:00:00+08:00,3044.885,3077.915,3035.625,3075.26
2025-04-09T22:00:00+08:00,3075.26,3099.07,3050.315,3060.076
2025-04-10T02:00:00+08:00,3059.94,3099.72,3048.385,3082.245
2025-04-10T06:00:00+08:00,3081.92,3101.385,3070.935,3093.808
2025-04-10T10:00:00+08:00,3094.07,3132.59,3093.615,3122.44
2025-04-10T14:00:00+08:00,3122.26,3126.51,3103.165,3116.3
2025-04-10T18:00:00+08:00,3116.5,3136.655,3113.005,3117.1
2025-04-10T22:00:00+08:00,3116.915,3175.09,3116.635,3162.74
2025-04-11T02:00:00+08:00,3162.72,3176.4,3157.665,3175.025
2025-04-11T06:00:00+08:00,3175.798,3219.554,3174.455,3207.1
2025-04-11T10:00:00+08:00,3207.124,3220.123,3186.605,3195.844
2025-04-11T14:00:00+08:00,3195.82,3230.23,3189.695,3227.76
2025-04-11T18:00:00+08:00,3227.72,3244.3,3209.725,3223.315
2025-04-11T22:00:00+08:00,3223.984,3245.45,3219.395,3233.77
2025-04-12T02:00:00+08:00,3233.94,3239.154,3227.065,3236.68
2025-04-14T06:00:00+08:00,3230.897,3243.66,3209.205,3239.496
2025-04-14T10:00:00+08:00,3239.57,3245.73,3221.115,3234.095
2025-04-14T14:00:00+08:00,3234.457,3238.17,3216.125,3223.87
2025-04-14T18:00:00+08:00,3223.87,3227.78,3193.315,3204.813
2025-04-14T22:00:00+08:00,3204.73,3216.47,3194.995,3214.02
2025-04-15T02:00:00+08:00,3214.02,3214.83,3201.145,3210.255
2025-04-15T06:00:00+08:00,3209.468,3225.94,3209.468,3223.64
2025-04-15T10:00:00+08:00,3223.64,3232.72,3218.455,3224.59
2025-04-15T14:00:00+08:00,3224.6,3232.14,3217.095,3222.48
2025-04-15T18:00:00+08:00,3222.48,3226.97,3211.385,3212.97
2025-04-15T22:00:00+08:00,3213.034,3230.75,3212.825,3227.89
2025-04-16T02:00:00+08:00,3227.874,3233.75,3225.345,3229.855
2025-04-16T06:00:00+08:00,3231.028,3275.003,3229.53,3270.03
2025-04-16T10:00:00+08:00,3270.06,3291.84,3265.905,3289.68
2025-04-16T14:00:00+08:00,3289.515,3317.89,3285.795,3303.5
2025-04-16T18:00:00+08:00,3303.52,3316.47,3292.895,3311.59
2025-04-16T22:00:00+08:00,3311.61,3333.05,3305.115,3327.657
2025-04-17T02:00:00+08:00,3328.08,3343.185,3326.175,3342.705
2025-04-17T06:00:00+08:00,3340.03,3357.92,3320.515,3323.873
2025-04-17T10:00:00+08:00,3323.635,3345.54,3320.795,3329.075
2025-04-17T14:00:00+08:00,3329.35,3333.12,3312.485,3321.62
2025-04-17T18:00:00+08:00,3321.62,3342.346,3311.725,3315.202
2025-04-17T22:00:00+08:00,3315.2,3322.6,3283.345,3318.54
2025-04-18T02:00:00+08:00,3318.93,3328.763,3310.765,3326.83
2025-04-21T06:00:00+08:00,3333.33,3378.44,3327.985,3377.49
2025-04-21T10:00:00+08:00,3377.56,3385.903,3368.845,3385.256
2025-04-21T14:00:00+08:00,3385.41,3397.1,3381.575,3394.753
2025-04-21T18:00:00+08:00,3394.736,3426.83,3386.095,3420.39
2025-04-21T22:00:00+08:00,3420.39,3430.36,3405.825,3422.462
2025-04-22T02:00:00+08:00,3422.44,3430.67,3417.275,3423.77
2025-04-22T06:00:00+08:00,3422.42,3455,3411.225,3452.85
2025-04-22T10:00:00+08:00,3452.85,3495.57,3441.825,3494.28
2025-04-22T14:00:00+08:00,3494.28,3500.12,3442.775,3454.58
2025-04-22T18:00:00+08:00,3454.58,3468.28,3408.065,3418.67
2025-04-22T22:00:00+08:00,3418.842,3439.02,3371.855,3401.8
2025-04-23T02:00:00+08:00,3401.8,3402.51,3366.525,3380.075
2025-04-23T06:00:00+08:00,3354.243,3386.64,3312.625,3379.07
2025-04-23T10:00:00+08:00,3379.06,3379.913,3315.565,3318.725
2025-04-23T14:00:00+08:00,3319.054,3340.5,3291.165,3317.586
2025-04-23T18:00:00+08:00,3317.385,3339.12,3270.775,3277.47
2025-04-23T22:00:00+08:00,3277.403,3305.74,3259.485,3281.13
2025-04-24T02:00:00+08:00,3281.21,3297.25,3277.545,3287.825
2025-04-24T06:00:00+08:00,3287.62,3367.533,3287.537,3357.283
2025-04-24T10:00:00+08:00,3357.28,3363.44,3320.205,3323.72
2025-04-24T14:00:00+08:00,3323.723,3342.97,3314.005,3335.61
2025-04-24T18:00:00+08:00,3335.67,3344.69,3312.235,3315.41
2025-04-24T22:00:00+08:00,3315.41,3338.72,3306.245,3336.485
2025-04-25T02:00:00+08:00,3336.743,3349.956,3333.145,3348.585
2025-04-25T06:00:00+08:00,3348.836,3370.793,3341.45,3345.48
2025-04-25T10:00:00+08:00,3345.48,3354.223,3286.545,3294.52
2025-04-25T14:00:00+08:00,3294.285,3314.6,3287.225,3292.14
2025-04-25T18:00:00+08:00,3292.06,3306.43,3264.785,3281.17
2025-04-25T22:00:00+08:00,3281.154,3295.12,3270,3292.985
2025-04-26T02:00:00+08:00,3293.02,3319.527,3287.665,3318.76
2025-04-28T06:00:00+08:00,3318.76,3337.55,3278.695,3280.84
2025-04-28T10:00:00+08:00,3280.862,3300.997,3267.765,3295.07
2025-04-28T14:00:00+08:00,3295.047,3296.65,3274.255,3274.33
2025-04-28T18:00:00+08:00,3274.33,3302.3,3273.02,3293.114
2025-04-28T22:00:00+08:00,3293.03,3340.14,3293.03,3335.283
2025-04-29T02:00:00+08:00,3335.29,3353.04,3333.525,3343.505
2025-04-29T06:00:00+08:00,3343.807,3348.65,3322.525,3326.41
2025-04-29T10:00:00+08:00,3326.41,3333.89,3304.715,3310.21
2025-04-29T14:00:00+08:00,3310.22,3324.88,3308.395,3308.98
2025-04-29T18:00:00+08:00,3308.785,3321.25,3299.445,3306.095
2025-04-29T22:00:00+08:00,3306.694,3330.04,3299.325,3314.24
2025-04-30T02:00:00+08:00,3314.29,3325.02,3312.995,3316.705
2025-04-30T06:00:00+08:00,3313,3328.03,3307.415,3308.047
2025-04-30T10:00:00+08:00,3308.25,3314.68,3301.025,3309.27
2025-04-30T14:00:00+08:00,3309.165,3314.69,3274.795,3275.85
2025-04-30T18:00:00+08:00,3275.85,3319.85,3266.78,3309.151
2025-04-30T22:00:00+08:00,3309.2,3314.73,3292.515,3305.18
2025-05-01T02:00:00+08:00,3305.234,3307.82,3282.805,3288.255
2025-05-01T06:00:00+08:00,3287.93,3290.42,3234.25,3238.804
2025-05-01T10:00:00+08:00,3238.82,3251.67,3220.605,3238.04
2025-05-01T14:00:00+08:00,3238.04,3243.17,3215.495,3218.51
2025-05-01T18:00:00+08:00,3218.48,3233.274,3201.685,3224.53
2025-05-01T22:00:00+08:00,3224.53,3231.447,3204.665,3214.53
2025-05-02T02:00:00+08:00,3214.594,3239.66,3212.545,3238.375
2025-05-02T06:00:00+08:00,3238.837,3244.21,3227.115,3236.35
2025-05-02T10:00:00+08:00,3236.35,3258.7,3235.525,3251.74
2025-05-02T14:00:00+08:00,3251.635,3267.2,3246.125,3265.17
2025-05-02T18:00:00+08:00,3264.825,3269.27,3238.965,3250.43
2025-05-02T22:00:00+08:00,3250.005,3264.67,3222.395,3231.41
2025-05-03T02:00:00+08:00,3231.384,3241.504,3224.035,3239.71
2025-05-05T06:00:00+08:00,3239.788,3271.01,3236.745,3264.57
2025-05-05T10:00:00+08:00,3264.57,3272.4,3252.705,3259.62
2025-05-05T14:00:00+08:00,3259.66,3309.08,3256.545,3308.646
2025-05-05T18:00:00+08:00,3308.66,3322.59,3308.235,3315.024
2025-05-05T22:00:00+08:00,3315.02,3328.79,3305.285,3317.08
2025-05-06T02:00:00+08:00,3317.08,3337.59,3313.535,3332.85
2025-05-06T06:00:00+08:00,3335.907,3381.74,3322.865,3379.66
2025-05-06T10:00:00+08:00,3379.66,3387.09,3349.745,3362.11
2025-05-06T14:00:00+08:00,3361.96,3383.24,3358.385,3383.053
2025-05-06T18:00:00+08:00,3383.06,3397.72,3372.865,3391.742
2025-05-06T22:00:00+08:00,3391.722,3417.83,3378.015,3413.93
2025-05-07T02:00:00+08:00,3413.95,3434.95,3409.965,3431.105
2025-05-07T06:00:00+08:00,3438.55,3438.775,3359.735,3374.513
2025-05-07T10:00:00+08:00,3374.75,3393.92,3369.315,3387.78
2025-05-07T14:00:00+08:00,3387.826,3397.38,3369.475,3369.933
2025-05-07T18:00:00+08:00,3369.933,3398.14,3369.075,3394.273
2025-05-07T22:00:00+08:00,3394.273,3394.77,3375.435,3384.62
2025-05-08T02:00:00+08:00,3384.62,3398,3363.405,3363.975
2025-05-08T06:00:00+08:00,3366.28,3409.79,3363.035,3408.89
2025-05-08T10:00:00+08:00,3408.58,3414.706,3354.585,3355.31
2025-05-08T14:00:00+08:00,3355.31,3361.91,3319.835,3331.99
2025-05-08T18:00:00+08:00,3331.903,3369.46,3330.135,3355.95
2025-05-08T22:00:00+08:00,3355.95,3362.96,3297.375,3308.27
2025-05-09T02:00:00+08:00,3308.21,3311.08,3288.445,3305.515
2025-05-09T06:00:00+08:00,3304.95,3323.933,3286.415,3291.057
2025-05-09T10:00:00+08:00,3291.17,3330.24,3274.295,3320.995
2025-05-09T14:00:00+08:00,3321.266,3332.22,3315.025,3325.183
2025-05-09T18:00:00+08:00,3325.097,3340.4,3321.765,3330.683
2025-05-09T22:00:00+08:00,3330.67,3347.59,3320.115,3341.09
2025-05-10T02:00:00+08:00,3340.873,3343.11,3323.345,3323.345
2025-05-12T06:00:00+08:00,3297.576,3311.22,3258.535,3271.87
2025-05-12T10:00:00+08:00,3271.87,3284.76,3268.115,3276
2025-05-12T14:00:00+08:00,3276,3281.65,3212.785,3215.029
2025-05-12T18:00:00+08:00,3215.132,3248.654,3207.495,3240.85
2025-05-12T22:00:00+08:00,3240.72,3247.81,3220.925,3223.224
2025-05-13T02:00:00+08:00,3223.19,3238.88,3220.125,3235.58
2025-05-13T06:00:00+08:00,3234.75,3243.41,3215.535,3224.985
2025-05-13T10:00:00+08:00,3225.1,3260.63,3222.935,3256.54
2025-05-13T14:00:00+08:00,3256.43,3265.51,3247.105,3253.25
2025-05-13T18:00:00+08:00,3253.41,3258.62,3227.005,3227.4
2025-05-13T22:00:00+08:00,3227.424,3257.93,3225.145,3247.02
2025-05-14T02:00:00+08:00,3247.01,3254.75,3245.535,3249.48
2025-05-14T06:00:00+08:00,3249.528,3257.08,3236.835,3238.545
2025-05-14T10:00:00+08:00,3238.84,3241.46,3221.45,3233.6
2025-05-14T14:00:00+08:00,3233.62,3243.8,3223.995,3232.2
2025-05-14T18:00:00+08:00,3232.2,3239.25,3174.505,3191.49
2025-05-14T22:00:00+08:00,3191.33,3194.35,3173.465,3181.92
2025-05-15T02:00:00+08:00,3181.83,3183.27,3167.545,3176.915
2025-05-15T06:00:00+08:00,3177.46,3192.73,3170.845,3172.4
2025-05-15T10:00:00+08:00,3172.3,3175.51,3122.935,3128.98
2025-05-15T14:00:00+08:00,3128.85,3171.64,3120.205,3164.835
2025-05-15T18:00:00+08:00,3165.2,3199.79,3163.745,3192.195
2025-05-15T22:00:00+08:00,3192.195,3229.25,3190.135,3221.13
2025-05-16T02:00:00+08:00,3221.13,3240.55,3219.545,3239.625
2025-05-16T06:00:00+08:00,3239.55,3252.05,3214.475,3222.24
2025-05-16T10:00:00+08:00,3221.905,3227.58,3206.255,3218.54
2025-05-16T14:00:00+08:00,3218.59,3231.27,3195.035,3209.19
2025-05-16T18:00:00+08:00,3208.895,3211.03,3153.475,3180.77
2025-05-16T22:00:00+08:00,3180.77,3192.13,3165.595,3189.37
2025-05-17T02:00:00+08:00,3189.43,3205.45,3184.495,3202.465
2025-05-19T06:00:00+08:00,3209.876,3249.83,3204.876,3218.38
2025-05-19T10:00:00+08:00,3218.38,3230.54,3206.305,3223.778
2025-05-19T14:00:00+08:00,3223.96,3247.7,3219.915,3241.886
2025-05-19T18:00:00+08:00,3241.94,3248.59,3224.475,3229.98
2025-05-19T22:00:00+08:00,3229.825,3239.9,3216.905,3226.38
2025-05-20T02:00:00+08:00,3226.38,3235.88,3225.035,3229.205
2025-05-20T06:00:00+08:00,3229.11,3232.72,3213.795,3221.12
2025-05-20T10:00:00+08:00,3221.18,3223.09,3204.205,3213.854
2025-05-20T14:00:00+08:00,3213.85,3239.38,3207.665,3236.3
2025-05-20T18:00:00+08:00,3236.3,3261.8,3231.575,3261.18
2025-05-20T22:00:00+08:00,3261.015,3287.89,3260.095,3286.39
2025-05-21T02:00:00+08:00,3286.41,3295.72,3283.925,3289.29
2025-05-21T06:00:00+08:00,3290.32,3314.57,3285.105,3294.055
2025-05-21T10:00:00+08:00,3294.56,3319.64,3288.995,3316.005
2025-05-21T14:00:00+08:00,3316.53,3320.61,3303.725,3313.63
2025-05-21T18:00:00+08:00,3313.51,3318.31,3290.56,3303.455
2025-05-21T22:00:00+08:00,3303.486,3316.38,3295.045,3316.36
2025-05-22T02:00:00+08:00,3316.35,3324.91,3311.698,3314.675
2025-05-22T06:00:00+08:00,3316.62,3342.96,3314.227,3337.99
2025-05-22T10:00:00+08:00,3337.993,3345.4,3326.048,3332.35
2025-05-22T14:00:00+08:00,3332.105,3335.65,3303.935,3304.69
2025-05-22T18:00:00+08:00,3304.69,3315.84,3282.785,3287.155
2025-05-22T22:00:00+08:00,3287.175,3304.87,3278.789,3296.63
2025-05-23T02:00:00+08:00,3296.398,3298.93,3288.915,3294.425
2025-05-23T06:00:00+08:00,3294.48,3308.89,3286.765,3305.05
2025-05-23T10:00:00+08:00,3305.024,3325.68,3290.598,3323.83
2025-05-23T14:00:00+08:00,3323.84,3334.41,3322.295,3328.64
2025-05-23T18:00:00+08:00,3328.8,3364.68,3323.215,3340.18
2025-05-23T22:00:00+08:00,3340.222,3365.93,3336.248,3362.65
2025-05-24T02:00:00+08:00,3362.65,3365.9,3355.293,3357.519
2025-05-26T06:00:00+08:00,3356.1,3356.316,3331.198,3344.87
2025-05-26T10:00:00+08:00,3344.91,3356.83,3343.005,3347.39
2025-05-26T14:00:00+08:00,3347.4,3347.6,3323.298,3328.59
2025-05-26T18:00:00+08:00,3328.59,3338.99,3326.048,3338.32
2025-05-26T22:00:00+08:00,3338.39,3343.65,3335.285,3341.32
2025-05-27T02:00:00+08:00,3341.18,3343.16,3340.648,3342.19
2025-05-27T06:00:00+08:00,3342.467,3350.03,3331.495,3335.773
2025-05-27T10:00:00+08:00,3335.803,3347.29,3315.678,3323.198
2025-05-27T14:00:00+08:00,3323.353,3328.43,3292.265,3296.45
2025-05-27T18:00:00+08:00,3296.205,3304.95,3287.548,3295.15
2025-05-27T22:00:00+08:00,3295.094,3304.36,3284.398,3301.29
2025-05-28T02:00:00+08:00,3301.32,3308.09,3298.925,3300.455
2025-05-28T06:00:00+08:00,3300.267,3315.76,3297.085,3301.81
2025-05-28T10:00:00+08:00,3301.77,3313.83,3291.398,3307.24
2025-05-28T14:00:00+08:00,3307.22,3325.51,3298.078,3324.05
2025-05-28T18:00:00+08:00,3324.12,3324.71,3297.175,3305.143
2025-05-28T22:00:00+08:00,3305.12,3309.03,3288.355,3296.5
2025-05-29T02:00:00+08:00,3296.47,3303.08,3276.108,3286.715
2025-05-29T06:00:00+08:00,3287.967,3295.16,3245.198,3263.437
2025-05-29T10:00:00+08:00,3263.53,3280.15,3260.618,3272.42
2025-05-29T14:00:00+08:00,3272.46,3289.39,3267.815,3282.05
2025-05-29T18:00:00+08:00,3282.054,3322.11,3281.655,3312.526
2025-05-29T22:00:00+08:00,3312.55,3331.11,3304.498,3324.18
2025-05-30T02:00:00+08:00,3324.18,3325.773,3314.965,3317.775
2025-05-30T06:00:00+08:00,3317.917,3322.7,3307.848,3309.843
2025-05-30T10:00:00+08:00,3309.93,3312.27,3289.898,3303.66
2025-05-30T14:00:00+08:00,3303.694,3304.214,3287.148,3295.47
2025-05-30T18:00:00+08:00,3295.47,3308.37,3274.898,3276.62
2025-05-30T22:00:00+08:00,3276.642,3295.76,3271.095,3290.89
2025-05-31T02:00:00+08:00,3291.02,3295.79,3288.35,3288.64
2025-06-02T06:00:00+08:00,3298.37,3316.69,3295.208,3303.6
2025-06-02T10:00:00+08:00,3303.6,3325.74,3302.955,3323.448
2025-06-02T14:00:00+08:00,3323.63,3359.067,3323.465,3348.35
2025-06-02T18:00:00+08:00,3348.26,3376.31,3344.298,3370.75
2025-06-02T22:00:00+08:00,3370.77,3379.3,3367.415,3374.205
2025-06-03T02:00:00+08:00,3374.36,3382.89,3370.548,3381.165
2025-06-03T06:00:00+08:00,3381.38,3392.1,3362.995,3372.6
2025-06-03T10:00:00+08:00,3372.6,3378.1,3355.91,3365.05
2025-06-03T14:00:00+08:00,3365.05,3367.29,3350.82,3356.84
2025-06-03T18:00:00+08:00,3356.86,3363.19,3340.565,3345.71
2025-06-03T22:00:00+08:00,3345.425,3354.61,3332.575,3353.113
2025-06-04T02:00:00+08:00,3353.15,3355.49,3350.145,3352.885
2025-06-04T06:00:00+08:00,3352.67,3372.34,3346.195,3370.85
2025-06-04T10:00:00+08:00,3370.813,3372.63,3347.745,3351.06
2025-06-04T14:00:00+08:00,3350.97,3365.28,3348.735,3362.98
2025-06-04T18:00:00+08:00,3362.98,3363.99,3343.448,3352.763
2025-06-04T22:00:00+08:00,3352.91,3384.72,3350.615,3379.14
2025-06-05T02:00:00+08:00,3379.006,3382.18,3370.505,3372.445
2025-06-05T06:00:00+08:00,3373.95,3384.15,3370.308,3373.82
2025-06-05T10:00:00+08:00,3373.743,3377.46,3360.925,3364.233
2025-06-05T14:00:00+08:00,3364.23,3391.34,3363.615,3389.53
2025-06-05T18:00:00+08:00,3389.53,3403.44,3370.835,3378.103
2025-06-05T22:00:00+08:00,3378.05,3383.27,3339.048,3353.98
2025-06-06T02:00:00+08:00,3353.89,3361.34,3350.245,3352.285
2025-06-06T06:00:00+08:00,3353.61,3368.55,3352.735,3363.645
2025-06-06T10:00:00+08:00,3363.71,3375.64,3359.21,3366.053
2025-06-06T14:00:00+08:00,3365.98,3367.81,3352.615,3356.525
2025-06-06T18:00:00+08:00,3356.643,3364.35,3342.155,3342.895
2025-06-06T22:00:00+08:00,3343.15,3345.09,3316.065,3323.64
2025-06-07T02:00:00+08:00,3323.58,3324.04,3306.915,3309.25
2025-06-09T06:00:00+08:00,3310.98,3321.13,3294.815,3295.94
2025-06-09T10:00:00+08:00,3295.794,3316.6,3293.198,3314.61
2025-06-09T14:00:00+08:00,3314.58,3328.6,3312.27,3318.546
2025-06-09T18:00:00+08:00,3318.54,3322.48,3310.525,3319.35
2025-06-09T22:00:00+08:00,3319.24,3338.2,3315.925,3333.89
2025-06-10T02:00:00+08:00,3333.49,3337.17,3324.735,3325.215
2025-06-10T06:00:00+08:00,3324.97,3327.9,3302.675,3306.166
2025-06-10T10:00:00+08:00,3306.21,3319.27,3301.698,3317.48
2025-06-10T14:00:00+08:00,3317.463,3334.94,3315.245,3329.713
2025-06-10T18:00:00+08:00,3329.73,3349.17,3328.015,3343.54
2025-06-10T22:00:00+08:00,3343.573,3343.77,3319.755,3324.8
2025-06-11T02:00:00+08:00,3324.7,3334.58,3319.215,3323.255
2025-06-11T06:00:00+08:00,3323.217,3337.49,3315.245,3328.345
2025-06-11T10:00:00+08:00,3328.48,3343.17,3326.835,3339.56
2025-06-11T14:00:00+08:00,3339.68,3348.54,3331.005,3333.673
2025-06-11T18:00:00+08:00,3333.673,3360.7,3325.755,3329.846
2025-06-11T22:00:00+08:00,3329.88,3342.88,3319.32,3324.27
2025-06-12T02:00:00+08:00,3324.27,3355.623,3323.63,3355.005
2025-06-12T06:00:00+08:00,3357.47,3376.88,3354.9,3370.97
2025-06-12T10:00:00+08:00,3370.92,3377.87,3367.448,3374.42
2025-06-12T14:00:00+08:00,3374.42,3375.67,3338.385,3365.48
2025-06-12T18:00:00+08:00,3365.39,3398.98,3362.255,3391.848
2025-06-12T22:00:00+08:00,3392,3393.18,3377.635,3382.563
2025-06-13T02:00:00+08:00,3382.62,3389.43,3381.578,3385.625
2025-06-13T06:00:00+08:00,3386.056,3433.31,3379.378,3427.65
2025-06-13T10:00:00+08:00,3427.602,3444.49,3417.898,3426.05
2025-06-13T14:00:00+08:00,3426.05,3428.67,3407.755,3424.276
2025-06-13T18:00:00+08:00,3424.273,3446.79,3411.395,3436.89
2025-06-13T22:00:00+08:00,3436.682,3439.99,3419.055,3430.31
2025-06-14T02:00:00+08:00,3430.31,3439.53,3428.535,3431.855
2025-06-16T06:00:00+08:00,3451.475,3452.5,3418.78,3441.256
2025-06-16T10:00:00+08:00,3441.47,3446.42,3417.555,3421.54
2025-06-16T14:00:00+08:00,3421.54,3421.65,3409.165,3411.973
2025-06-16T18:00:00+08:00,3411.98,3422.67,3382.525,3387.78
2025-06-16T22:00:00+08:00,3387.79,3405.84,3387.005,3392.573
2025-06-17T02:00:00+08:00,3392.6,3394.05,3382.665,3383.485
2025-06-17T06:00:00+08:00,3384.16,3403.37,3383.666,3393.562
2025-06-17T10:00:00+08:00,3393.67,3400.45,3373.235,3392.466
2025-06-17T14:00:00+08:00,3392.5,3392.62,3375.445,3385.68
2025-06-17T18:00:00+08:00,3385.6,3400.24,3383.305,3390.365
2025-06-17T22:00:00+08:00,3390.582,3392.06,3365.835,3390.3
2025-06-18T02:00:00+08:00,3390.33,3392.57,3382.218,3387.385
2025-06-18T06:00:00+08:00,3389.23,3396.34,3378.515,3378.775
2025-06-18T10:00:00+08:00,3378.933,3400.04,3370.345,3386.355
2025-06-18T14:00:00+08:00,3386.402,3388.45,3375.248,3377.946
2025-06-18T18:00:00+08:00,3378.13,3396.84,3375.435,3392.36
2025-06-18T22:00:00+08:00,3392.173,3394.72,3373.545,3385.14
2025-06-19T02:00:00+08:00,3384.708,3395.82,3362.355,3368.845
2025-06-19T06:00:00+08:00,3370.216,3388.02,3367.24,3374.813
2025-06-19T10:00:00+08:00,3374.84,3379.52,3359.948,3364.56
2025-06-19T14:00:00+08:00,3364.56,3373.66,3347.265,3370.24
2025-06-19T18:00:00+08:00,3370.27,3379.07,3361.265,3369.64
2025-06-19T22:00:00+08:00,3369.44,3375.43,3361.348,3368.4
2025-06-20T02:00:00+08:00,3368.19,3371.51,3366.51,3370.506
2025-06-20T06:00:00+08:00,3369.65,3370.82,3355.898,3356.38
2025-06-20T10:00:00+08:00,3356.266,3360.59,3342.435,3344.66
2025-06-20T14:00:00+08:00,3344.66,3359.25,3340.175,3355.055
2025-06-20T18:00:00+08:00,3355.31,3373.84,3341.715,3370.22
2025-06-20T22:00:00+08:00,3370.1,3374.51,3365.018,3367.35
2025-06-21T02:00:00+08:00,3367.253,3370.69,3364.455,3368.005
2025-06-23T06:00:00+08:00,3373.642,3398.35,3351.765,3355.133
2025-06-23T10:00:00+08:00,3355.32,3366.48,3346.675,3356.673
2025-06-23T14:00:00+08:00,3356.74,3369.06,3351.465,3366.47
2025-06-23T18:00:00+08:00,3366.47,3387.84,3355.695,3380.59
2025-06-23T22:00:00+08:00,3380.095,3393.56,3369.395,3382.36
2025-06-24T02:00:00+08:00,3382.36,3387.65,3366.788,3367.955
2025-06-24T06:00:00+08:00,3367.34,3369.81,3332.865,3347.75
2025-06-24T10:00:00+08:00,3347.66,3357.85,3326.375,3332.04
2025-06-24T14:00:00+08:00,3331.845,3333.17,3315.855,3318.401
2025-06-24T18:00:00+08:00,3318.415,3328.94,3295.098,3302.11
2025-06-24T22:00:00+08:00,3301.625,3321.23,3298.425,3317.98
2025-06-25T02:00:00+08:00,3317.98,3325.28,3315.395,3322.625
2025-06-25T06:00:00+08:00,3323.28,3334.86,3320.655,3334.66
2025-06-25T10:00:00+08:00,3334.535,3335.2,3325.605,3331.58
2025-06-25T14:00:00+08:00,3331.56,3337.11,3321.348,3325.29
2025-06-25T18:00:00+08:00,3325.29,3329.53,3311.705,3314.43
2025-06-25T22:00:00+08:00,3314.188,3335.4,3311.948,3327.963
2025-06-26T02:00:00+08:00,3328,3336.09,3326.035,3332.095
2025-06-26T06:00:00+08:00,3332.97,3340.19,3328.998,3330.123
2025-06-26T10:00:00+08:00,3330.16,3343.24,3328.998,3334.23
2025-06-26T14:00:00+08:00,3334.05,3350.34,3330.755,3340.597
2025-06-26T18:00:00+08:00,3340.592,3344.18,3309.695,3319.847
2025-06-26T22:00:00+08:00,3319.847,3336.47,3311.705,3332.653
2025-06-27T02:00:00+08:00,3332.478,3334.89,3327.373,3327.705
2025-06-27T06:00:00+08:00,3327.57,3328.22,3312.998,3316.195
2025-06-27T10:00:00+08:00,3316.434,3320.43,3288.998,3297.13
2025-06-27T14:00:00+08:00,3297.074,3300.01,3281.698,3282.587
2025-06-27T18:00:00+08:00,3282.603,3290.99,3255.485,3274.25
2025-06-27T22:00:00+08:00,3274.38,3282.78,3263.405,3277.33
2025-06-28T02:00:00+08:00,3277.33,3278.37,3268.185,3273.335
2025-06-30T06:00:00+08:00,3272.51,3281.67,3246.55,3273.834
2025-06-30T10:00:00+08:00,3273.97,3291.41,3273.503,3289.02
2025-06-30T14:00:00+08:00,3289.02,3296.85,3277.245,3287.82
2025-06-30T18:00:00+08:00,3287.783,3289,3274.405,3284.77
2025-06-30T22:00:00+08:00,3284.657,3298.53,3278.978,3294.06
2025-07-01T02:00:00+08:00,3293.98,3309.54,3292.563,3302.29
2025-07-01T06:00:00+08:00,3302.92,3321.02,3301.958,3317.72
2025-07-01T10:00:00+08:00,3317.548,3332.31,3314.148,3328.86
2025-07-01T14:00:00+08:00,3328.62,3348.14,3324.798,3345.72
2025-07-01T18:00:00+08:00,3345.585,3358.02,3344.145,3351.67
2025-07-01T22:00:00+08:00,3351.345,3354.45,3336.785,3339.64
2025-07-02T02:00:00+08:00,3339.64,3340.34,3336.658,3337.535
2025-07-02T06:00:00+08:00,3339.11,3345.12,3330.665,3332.113
2025-07-02T10:00:00+08:00,3331.948,3343.93,3328.208,3338.66
2025-07-02T14:00:00+08:00,3338.71,3342.34,3327.275,3341.6
2025-07-02T18:00:00+08:00,3341.6,3351.2,3334.735,3337.35
2025-07-02T22:00:00+08:00,3337.185,3350.6,3333.635,3349.469
2025-07-03T02:00:00+08:00,3349.78,3360.11,3348.345,3357.205
2025-07-03T06:00:00+08:00,3357.68,3365.7,3341.648,3345.837
2025-07-03T10:00:00+08:00,3345.99,3360.46,3345.248,3359.23
2025-07-03T14:00:00+08:00,3359.39,3363.72,3343.698,3345.65
2025-07-03T18:00:00+08:00,3345.65,3355.5,3311.215,3331.806
2025-07-03T22:00:00+08:00,3331.727,3334.91,3322.845,3329.033
2025-07-04T02:00:00+08:00,3329.1,3330.26,3325.155,3326.085
2025-07-04T06:00:00+08:00,3325.42,3334.44,3323.345,3330.16
2025-07-04T10:00:00+08:00,3330.33,3342.28,3325.885,3339.298
2025-07-04T14:00:00+08:00,3339.47,3345.09,3332.805,3334.58
2025-07-04T18:00:00+08:00,3334.45,3338.23,3331.189,3333.743
2025-07-04T22:00:00+08:00,3333.83,3337.47,3330.529,3337.06
2025-07-07T06:00:00+08:00,3334.267,3343.04,3306.475,3316.51
2025-07-07T10:00:00+08:00,3316.53,3317.88,3305.005,3313.3
2025-07-07T14:00:00+08:00,3313.254,3315.25,3300.435,3308.93
2025-07-07T18:00:00+08:00,3308.93,3317.07,3296.195,3316.41
2025-07-07T22:00:00+08:00,3316.396,3335.85,3313.005,3331.96
2025-07-08T02:00:00+08:00,3331.923,3340.42,3328.198,3336.38
2025-07-08T06:00:00+08:00,3338.28,3345.78,3329.328,3334.68
2025-07-08T10:00:00+08:00,3334.683,3338.09,3327.115,3334.01
2025-07-08T14:00:00+08:00,3333.99,3339.45,3320.985,3321.983
2025-07-08T18:00:00+08:00,3322.13,3329.88,3314.619,3315.154
2025-07-08T22:00:00+08:00,3315.17,3315.88,3286.81,3306.36
2025-07-09T02:00:00+08:00,3306.283,3308.32,3299.135,3300.77
2025-07-09T06:00:00+08:00,3301.52,3307.94,3296.965,3301.783
2025-07-09T10:00:00+08:00,3301.81,3302.92,3284.638,3289.403
2025-07-09T14:00:00+08:00,3289.215,3296.03,3282.425,3289.107
2025-07-09T18:00:00+08:00,3289.102,3305.31,3283.005,3300.24
2025-07-09T22:00:00+08:00,3300.1,3314.68,3299.618,3309.46
2025-07-10T02:00:00+08:00,3309.46,3316.9,3307.575,3313.02
2025-07-10T06:00:00+08:00,3312.82,3326.39,3312.545,3322.134
2025-07-10T10:00:00+08:00,3322.17,3325.07,3314.62,3321.09
2025-07-10T14:00:00+08:00,3321.09,3330.3,3319.698,3326.54
2025-07-10T18:00:00+08:00,3326.413,3330.32,3311.675,3312.79
2025-07-10T22:00:00+08:00,3312.79,3321.75,3309.905,3317.34
2025-07-11T02:00:00+08:00,3317.325,3326.01,3316.205,3323.34
2025-07-11T06:00:00+08:00,3323.247,3336.09,3321.585,3329.506
2025-07-11T10:00:00+08:00,3329.335,3341.62,3326.975,3334.14
2025-07-11T14:00:00+08:00,3334.11,3344.03,3330.835,3339.41
2025-07-11T18:00:00+08:00,3339.393,3359.2,3339.105,3351.94
2025-07-11T22:00:00+08:00,3351.83,3368.75,3348.965,3353.185
2025-07-12T02:00:00+08:00,3353.29,3359.85,3353.165,3354.75
2025-07-14T06:00:00+08:00,3355.8,3374.02,3355.8,3358.58
2025-07-14T10:00:00+08:00,3358.553,3361.72,3353.435,3357.56
2025-07-14T14:00:00+08:00,3357.593,3374.96,3356.305,3370.16
2025-07-14T18:00:00+08:00,3370.093,3374.68,3346.985,3355.115
2025-07-14T22:00:00+08:00,3355.213,3356.32,3340.755,3351.01
2025-07-15T02:00:00+08:00,3351.01,3351.2,3341.105,3342.785
2025-07-15T06:00:00+08:00,3342.817,3350.7,3341.125,3346.5
2025-07-15T10:00:00+08:00,3346.5,3365.23,3345.535,3362.093
2025-07-15T14:00:00+08:00,3362.09,3365.65,3356.345,3363.42
2025-07-15T18:00:00+08:00,3363.31,3366.38,3334.169,3346.5
2025-07-15T22:00:00+08:00,3346.51,3352.2,3320.055,3328.11
2025-07-16T02:00:00+08:00,3328.11,3332.02,3323.065,3323.29
2025-07-16T06:00:00+08:00,3323.63,3335.04,3323.505,3330.85
2025-07-16T10:00:00+08:00,3331.05,3339.95,3324.865,3337.848
2025-07-16T14:00:00+08:00,3337.98,3343.08,3335.835,3339.95
2025-07-16T18:00:00+08:00,3339.893,3340.93,3321.819,3326.8
2025-07-16T22:00:00+08:00,3326.8,3377.48,3319.499,3354.73
2025-07-17T02:00:00+08:00,3354.76,3357.48,3345.798,3345.985
2025-07-17T06:00:00+08:00,3347.41,3352.25,3336.995,3344.013
2025-07-17T10:00:00+08:00,3344.02,3344.83,3335.695,3339.45
2025-07-17T14:00:00+08:00,3339.36,3339.92,3324.495,3325.55
2025-07-17T18:00:00+08:00,3325.415,3331.22,3309.575,3318.95
2025-07-17T22:00:00+08:00,3318.897,3341.12,3318.035,3337.43
2025-07-18T02:00:00+08:00,3337.42,3340.89,3335.479,3338.33
2025-07-18T06:00:00+08:00,3338.63,3343.983,3335.078,3337.8
2025-07-18T10:00:00+08:00,3337.58,3344.14,3333.165,3333.37
2025-07-18T14:00:00+08:00,3333.335,3354.92,3331.645,3352.3
2025-07-18T18:00:00+08:00,3352.3,3361.27,3347.625,3355.41
2025-07-18T22:00:00+08:00,3355.43,3359.12,3350.345,3352.16
2025-07-19T02:00:00+08:00,3352.16,3353.4,3347.495,3349.655
2025-07-21T06:00:00+08:00,3349.316,3358.73,3337.887,3356.43
2025-07-21T10:00:00+08:00,3356.43,3369.82,3350.398,3366.6
2025-07-21T14:00:00+08:00,3366.588,3370.87,3362.595,3365.98
2025-07-21T18:00:00+08:00,3365.98,3395.27,3362.665,3388.405
2025-07-21T22:00:00+08:00,3388.526,3401.46,3385.645,3393.24
2025-07-22T02:00:00+08:00,3393.38,3399.85,3392.865,3396.48
2025-07-22T06:00:00+08:00,3396.766,3402.71,3384.945,3385.92
2025-07-22T10:00:00+08:00,3385.802,3393.64,3384.498,3385.45
2025-07-22T14:00:00+08:00,3385.56,3390.59,3383.115,3386.053
2025-07-22T18:00:00+08:00,3386.12,3420.28,3385.655,3412.32
2025-07-22T22:00:00+08:00,3412.148,3433.49,3404.365,3429.29
2025-07-23T02:00:00+08:00,3429.41,3432.85,3427.448,3430.855
2025-07-23T06:00:00+08:00,3431.766,3438.92,3420.625,3420.996
2025-07-23T10:00:00+08:00,3421.002,3428.74,3416.165,3420.31
2025-07-23T14:00:00+08:00,3420.31,3433.83,3419.255,3431.073
2025-07-23T18:00:00+08:00,3431.05,3431.42,3405.268,3413.36
2025-07-23T22:00:00+08:00,3413.36,3419.9,3381.215,3393.17
2025-07-24T02:00:00+08:00,3393.182,3396.05,3385.765,3386.615
2025-07-24T06:00:00+08:00,3388.316,3393.42,3383.855,3387.63
2025-07-24T10:00:00+08:00,3387.55,3389.06,3374.215,3379.16
2025-07-24T14:00:00+08:00,3379.15,3379.71,3361.815,3363.67
2025-07-24T18:00:00+08:00,3363.61,3372.2,3351.168,3366.8
2025-07-24T22:00:00+08:00,3366.72,3377.45,3365.529,3369.94
2025-07-25T02:00:00+08:00,3369.94,3373.43,3367.105,3367.905
2025-07-25T06:00:00+08:00,3368.916,3373.44,3364.94,3371.18
2025-07-25T10:00:00+08:00,3370.38,3371.2,3355.085,3358.7
2025-07-25T14:00:00+08:00,3358.64,3360.15,3342.845,3345.81
2025-07-25T18:00:00+08:00,3345.8,3348.09,3336.165,3343.83
2025-07-25T22:00:00+08:00,3343.748,3344.843,3324.805,3335.89
2025-07-26T02:00:00+08:00,3335.89,3340.34,3335.56,3336.22
2025-07-28T06:00:00+08:00,3317.107,3338.77,3311.617,3331.93
2025-07-28T10:00:00+08:00,3331.94,3344.21,3330.435,3343.39
2025-07-28T14:00:00+08:00,3343.28,3345.35,3332.065,3337.77
2025-07-28T18:00:00+08:00,3337.84,3338.84,3301.505,3302.163
2025-07-28T22:00:00+08:00,3302.206,3317.3,3301.465,3310.72
2025-07-29T02:00:00+08:00,3310.723,3318.91,3310.075,3314.18
2025-07-29T06:00:00+08:00,3313.695,3320.96,3307.815,3318.88
2025-07-29T10:00:00+08:00,3318.88,3320.34,3308.815,3319.894
2025-07-29T14:00:00+08:00,3319.89,3329.98,3311.105,3324.406
2025-07-29T18:00:00+08:00,3324.52,3326.42,3312.518,3316.817
2025-07-29T22:00:00+08:00,3317.63,3334.12,3311.675,3328.25
2025-07-30T02:00:00+08:00,3328.25,3330.87,3322.418,3326.05
2025-07-30T06:00:00+08:00,3327.017,3333.696,3321.655,3323.19
2025-07-30T10:00:00+08:00,3323.313,3332.36,3323.075,3324.9
2025-07-30T14:00:00+08:00,3324.9,3334.08,3322.798,3331.2
2025-07-30T18:00:00+08:00,3331.005,3333.01,3298.199,3302.97
2025-07-30T22:00:00+08:00,3303.07,3308.41,3288.415,3300.687
2025-07-31T02:00:00+08:00,3300.452,3304.84,3267.937,3275.05
2025-07-31T06:00:00+08:00,3275.817,3293.934,3273.505,3293.757
2025-07-31T10:00:00+08:00,3293.774,3301.63,3290.255,3299.65
2025-07-31T14:00:00+08:00,3299.65,3314.85,3297.775,3306.61
2025-07-31T18:00:00+08:00,3306.62,3311.12,3293.555,3301.35
2025-07-31T22:00:00+08:00,3301.35,3303.14,3289.475,3294.93
2025-08-01T02:00:00+08:00,3294.99,3297.12,3289.25,3289.71
2025-08-01T06:00:00+08:00,3289.82,3295.13,3281.27,3283.67
2025-08-01T10:00:00+08:00,3283.67,3300.37,3283.115,3296.6
2025-08-01T14:00:00+08:00,3296.6,3297.555,3284.998,3294.327
2025-08-01T18:00:00+08:00,3294.327,3354.693,3293.075,3342.05
2025-08-01T22:00:00+08:00,3342.05,3355.22,3340.298,3348.13
2025-08-02T02:00:00+08:00,3348.015,3363.57,3345.748,3362.64
2025-08-04T06:00:00+08:00,3362.226,3369.085,3344.748,3352.243
2025-08-04T10:00:00+08:00,3352.16,3362.21,3350.015,3357.47
2025-08-04T14:00:00+08:00,3357.47,3362.62,3351.498,3357.9
2025-08-04T18:00:00+08:00,3357.9,3385.45,3352.655,3383.32
2025-08-04T22:00:00+08:00,3383.113,3384.66,3370.379,3373.95
2025-08-05T02:00:00+08:00,3373.95,3377.17,3372.595,3372.595
2025-08-05T06:00:00+08:00,3372.356,3382.44,3372.356,3378.956
2025-08-05T10:00:00+08:00,3378.96,3381.38,3367.498,3373.93
2025-08-05T14:00:00+08:00,3373.93,3375.493,3358.705,3359.61
2025-08-05T18:00:00+08:00,3359.61,3379.7,3349.639,3373.145
2025-08-05T22:00:00+08:00,3373.64,3390.46,3370.305,3380.15
2025-08-06T02:00:00+08:00,3380.043,3381.41,3377.945,3380.51
2025-08-06T06:00:00+08:00,3380.266,3385.42,3372.948,3376.03
2025-08-06T10:00:00+08:00,3375.99,3378.34,3370.505,3374.24
2025-08-06T14:00:00+08:00,3374.28,3378.64,3358.015,3358.813
2025-08-06T18:00:00+08:00,3358.92,3373.62,3358.055,3371.66
2025-08-06T22:00:00+08:00,3371.63,3380.02,3369.315,3374.445
2025-08-07T02:00:00+08:00,3374.53,3374.62,3366.92,3368.425
2025-08-07T06:00:00+08:00,3369.866,3382.52,3364.895,3382.29
2025-08-07T10:00:00+08:00,3382.29,3384.22,3371.493,3375.556
2025-08-07T14:00:00+08:00,3375.47,3397.52,3371.935,3376.703
2025-08-07T18:00:00+08:00,3376.61,3393.84,3371.545,3384.675
2025-08-07T22:00:00+08:00,3384.902,3393.09,3374.675,3392.21
2025-08-08T02:00:00+08:00,3392.21,3401.908,3386.975,3396.715
2025-08-08T06:00:00+08:00,3400.056,3409.04,3380.839,3383.43
2025-08-08T10:00:00+08:00,3383.43,3399.39,3382.789,3392.36
2025-08-08T14:00:00+08:00,3392.21,3404.25,3388.358,3400.496
2025-08-08T18:00:00+08:00,3400.415,3401.922,3380.035,3400.17
2025-08-08T22:00:00+08:00,3399.625,3401.22,3376.696,3380.973
2025-08-09T02:00:00+08:00,3377.906,3404.52,3374.29,3398.579
2025-08-11T06:00:00+08:00,3398.75,3405.21,3367.205,3377.542
2025-08-11T10:00:00+08:00,3377.58,3380.27,3369.345,3377.29
2025-08-11T14:00:00+08:00,3377.09,3377.31,3352.685,3353.133
2025-08-11T18:00:00+08:00,3353.015,3363.93,3344.175,3358.462
2025-08-11T22:00:00+08:00,3358.61,3359.43,3340.808,3357.59
2025-08-12T02:00:00+08:00,3357.59,3358.76,3341.145,3341.145
2025-08-12T06:00:00+08:00,3342.187,3357.49,3341.75,3349.73
2025-08-12T10:00:00+08:00,3349.72,3355.76,3347.925,3354.298
2025-08-12T14:00:00+08:00,3354.54,3358.17,3341.885,3345.48
2025-08-12T18:00:00+08:00,3345.44,3358.06,3335.915,3345.63
2025-08-12T22:00:00+08:00,3345.443,3359.23,3330.898,3349.03
2025-08-13T02:00:00+08:00,3349.03,3350.81,3345.405,3347.775
2025-08-13T06:00:00+08:00,3347.507,3353.69,3342.439,3350.85
2025-08-13T10:00:00+08:00,3350.85,3354.41,3345.398,3349.166
2025-08-13T14:00:00+08:00,3349.163,3366.63,3348.698,3364.73
2025-08-13T18:00:00+08:00,3364.563,3367.14,3353.889,3365.003
2025-08-13T22:00:00+08:00,3365.023,3370.77,3352.565,3353.643
2025-08-14T02:00:00+08:00,3353.67,3358.89,3349.755,3355.155
2025-08-14T06:00:00+08:00,3357.267,3374.79,3355.62,3367.38
2025-08-14T10:00:00+08:00,3367.38,3369.36,3355.265,3358.89
2025-08-14T14:00:00+08:00,3358.86,3366.5,3341.278,3356.55
2025-08-14T18:00:00+08:00,3356.446,3359.09,3341.788,3343.935
2025-08-14T22:00:00+08:00,3343.997,3346.59,3329.645,3337.82
2025-08-15T02:00:00+08:00,3337.73,3341.04,3334.315,3334.905
2025-08-15T06:00:00+08:00,3335.687,3340.27,3331.945,3339.563
2025-08-15T10:00:00+08:00,3339.563,3348.73,3336.465,3343.79
2025-08-15T14:00:00+08:00,3343.773,3348.28,3338.155,3342.75
2025-08-15T18:00:00+08:00,3342.66,3345.98,3332.705,3334.876
2025-08-15T22:00:00+08:00,3334.876,3345.13,3334.425,3336.013
2025-08-16T02:00:00+08:00,3336.073,3339.76,3333.79,3335.205
2025-08-18T06:00:00+08:00,3335.067,3347.38,3323.335,3346.833
2025-08-18T10:00:00+08:00,3346.77,3358.43,3342.125,3349.69
2025-08-18T14:00:00+08:00,3349.64,3355.67,3344.248,3348.073
2025-08-18T18:00:00+08:00,3347.958,3351.43,3335.435,3336.8
2025-08-18T22:00:00+08:00,3336.75,3338.72,3331.545,3333.653
2025-08-19T02:00:00+08:00,3333.515,3334.34,3330.085,3331.815
2025-08-19T06:00:00+08:00,3331.916,3339.19,3325.67,3332.89
2025-08-19T10:00:00+08:00,3332.98,3341.6,3329.305,3335.97
2025-08-19T14:00:00+08:00,3336.083,3341.83,3334.285,3339.23
2025-08-19T18:00:00+08:00,3339.31,3345.35,3325.5,3333.94
2025-08-19T22:00:00+08:00,3333.695,3337.076,3314.73,3317.48
2025-08-20T02:00:00+08:00,3317.64,3320.18,3314.82,3316.035
2025-08-20T06:00:00+08:00,3315.407,3317.82,3311.255,3315.266
2025-08-20T10:00:00+08:00,3315.27,3323.95,3312.195,3323.37
2025-08-20T14:00:00+08:00,3323.393,3327.61,3320.748,3326.06
2025-08-20T18:00:00+08:00,3326.06,3348.43,3323.625,3344.698
2025-08-20T22:00:00+08:00,3344.716,3350.3,3338.705,3346.69
2025-08-21T02:00:00+08:00,3346.713,3349.36,3343.829,3347.335
2025-08-21T06:00:00+08:00,3349.256,3352.12,3340.555,3342.69
2025-08-21T10:00:00+08:00,3342.74,3345.07,3336.875,3338.68
2025-08-21T14:00:00+08:00,3338.75,3342.18,3334.008,3340.65
2025-08-21T18:00:00+08:00,3340.7,3347.563,3324.948,3339.22
2025-08-21T22:00:00+08:00,3338.925,3348.15,3336.805,3337.12
2025-08-22T02:00:00+08:00,3336.99,3341.95,3336.425,3338.275
2025-08-22T06:00:00+08:00,3339.327,3340.553,3333.398,3333.95
2025-08-22T10:00:00+08:00,3334.073,3336.28,3327.015,3330.073
2025-08-22T14:00:00+08:00,3330.05,3335.07,3325.165,3330.1
2025-08-22T18:00:00+08:00,3330.11,3336.29,3321.045,3333.757
2025-08-22T22:00:00+08:00,3333.68,3378.8,3333.605,3374.136
2025-08-23T02:00:00+08:00,3374.16,3375.08,3368.648,3371.235
2025-08-25T06:00:00+08:00,3371.43,3372.103,3360.448,3362.85
2025-08-25T10:00:00+08:00,3362.77,3368.11,3359.495,3364.56
2025-08-25T14:00:00+08:00,3364.562,3369.87,3361.825,3367.333
2025-08-25T18:00:00+08:00,3367.21,3371.53,3361.905,3370.505
2025-08-25T22:00:00+08:00,3370.47,3376.29,3368.93,3371.016
2025-08-26T02:00:00+08:00,3370.855,3373.32,3364.08,3365.605
2025-08-26T06:00:00+08:00,3365.216,3386.51,3351.16,3376.85
2025-08-26T10:00:00+08:00,3376.686,3379.09,3369.548,3376.54
2025-08-26T14:00:00+08:00,3376.52,3379.87,3366.985,3371.745
2025-08-26T18:00:00+08:00,3372.006,3380.353,3367.045,3375.39
2025-08-26T22:00:00+08:00,3375.64,3389.4,3370.115,3381.63
2025-08-27T02:00:00+08:00,3381.646,3393.66,3380.115,3393.465
2025-08-27T06:00:00+08:00,3393.396,3394.32,3383.145,3386.2
2025-08-27T10:00:00+08:00,3386.213,3387.106,3373.695,3377.13
2025-08-27T14:00:00+08:00,3377.146,3385.44,3373.665,3378.06
2025-08-27T18:00:00+08:00,3378.06,3384.84,3373.62,3377.81
2025-08-27T22:00:00+08:00,3377.85,3398.82,3375.97,3394.965
2025-08-28T02:00:00+08:00,3395.04,3398.06,3392.03,3396.495
2025-08-28T06:00:00+08:00,3398.816,3399.29,3385.245,3385.91
2025-08-28T10:00:00+08:00,3385.91,3392.48,3384.39,3389.24
2025-08-28T14:00:00+08:00,3389.26,3401.68,3388.645,3399.133
2025-08-28T18:00:00+08:00,3399.16,3410.56,3393.555,3407.32
2025-08-28T22:00:00+08:00,3407.241,3418.78,3403.948,3417.84
2025-08-29T02:00:00+08:00,3417.87,3423.25,3415.595,3415.795
2025-08-29T06:00:00+08:00,3417.065,3419.22,3407.695,3409.86
2025-08-29T10:00:00+08:00,3409.946,3414.03,3406.805,3410.06
2025-08-29T14:00:00+08:00,3410.313,3414.86,3406.215,3407.34
2025-08-29T18:00:00+08:00,3407.373,3429.132,3404.185,3428.425
2025-08-29T22:00:00+08:00,3428.32,3450.25,3428.32,3443.75
2025-08-30T02:00:00+08:00,3443.55,3454.06,3440.81,3446.805
2025-09-01T06:00:00+08:00,3450.2,3459.29,3436.548,3457.256
2025-09-01T10:00:00+08:00,3456.855,3486.16,3454.695,3477.06
2025-09-01T14:00:00+08:00,3477.092,3489.852,3467.085,3469.36
2025-09-01T18:00:00+08:00,3469.37,3479.14,3465.905,3475.23
2025-09-01T22:00:00+08:00,3475.21,3481.27,3472.145,3477.892
2025-09-02T02:00:00+08:00,3477.81,3478.01,3475.71,3476.01
2025-09-02T06:00:00+08:00,3477.415,3508.69,3473.878,3497.49
2025-09-02T10:00:00+08:00,3497.46,3500.685,3489.63,3492.91
2025-09-02T14:00:00+08:00,3492.9,3495.776,3469.805,3476.736
2025-09-02T18:00:00+08:00,3476.445,3494.18,3474.135,3489.64
2025-09-02T22:00:00+08:00,3489.14,3530.35,3488.51,3529.27
2025-09-03T02:00:00+08:00,3529.27,3540.1,3524.975,3532.405
2025-09-03T06:00:00+08:00,3534.09,3546.919,3525.848,3538.775
2025-09-03T10:00:00+08:00,3538.74,3545.885,3526.508,3529.91
2025-09-03T14:00:00+08:00,3529.83,3541.9,3529.015,3534.26
2025-09-03T18:00:00+08:00,3534.261,3561.47,3532.065,3553.63
2025-09-03T22:00:00+08:00,3553.61,3575.905,3551.255,3574.37
2025-09-04T02:00:00+08:00,3574.36,3578.375,3558.475,3558.475
2025-09-04T06:00:00+08:00,3559.754,3564.13,3543.098,3546.21
2025-09-04T10:00:00+08:00,3545.93,3550.581,3510.425,3527.301
2025-09-04T14:00:00+08:00,3527.3,3545.63,3523.91,3538.73
2025-09-04T18:00:00+08:00,3538.65,3558.82,3536.198,3546.97
2025-09-04T22:00:00+08:00,3546.97,3556.33,3534.548,3542.83
2025-09-05T02:00:00+08:00,3542.89,3551.18,3542.55,3544.645
2025-09-05T06:00:00+08:00,3547.074,3556.58,3539.715,3552.32
2025-09-05T10:00:00+08:00,3552.455,3561.081,3545.515,3557.525
2025-09-05T14:00:00+08:00,3557.56,3558.07,3544.635,3552.32
2025-09-05T18:00:00+08:00,3552.32,3595.27,3547.67,3594.12
2025-09-05T22:00:00+08:00,3594.404,3600.18,3572.395,3596.44
2025-09-06T02:00:00+08:00,3596.41,3597.27,3585.605,3585.615
2025-09-08T06:00:00+08:00,3586,3597.104,3577.614,3589.45
2025-09-08T10:00:00+08:00,3589.45,3594.4,3579.365,3591.2
2025-09-08T14:00:00+08:00,3591.07,3617.22,3589.305,3613.8
2025-09-08T18:00:00+08:00,3613.8,3636.97,3612.398,3633.35
2025-09-08T22:00:00+08:00,3633.205,3646.46,3628.635,3633.35
2025-09-09T02:00:00+08:00,3633.371,3638.03,3631.765,3635.495
2025-09-09T06:00:00+08:00,3635.864,3647.444,3627.8,3646.35
2025-09-09T10:00:00+08:00,3646.34,3659.38,3642.345,3655.244
2025-09-09T14:00:00+08:00,3654.98,3656.69,3636.375,3653.51
2025-09-09T18:00:00+08:00,3653.54,3668.31,3643.515,3666.044
2025-09-09T22:00:00+08:00,3666.034,3674.78,3626.665,3642.695
2025-09-10T02:00:00+08:00,3642.77,3645.13,3624.165,3624.165
2025-09-10T06:00:00+08:00,3624.104,3640.79,3618.473,3630.415
2025-09-10T10:00:00+08:00,3630.48,3645.39,3629.745,3642.97
2025-09-10T14:00:00+08:00,3642.91,3656.06,3640.405,3655.18
2025-09-10T18:00:00+08:00,3654.94,3657.58,3640.008,3651.2
2025-09-10T22:00:00+08:00,3651.2,3655.48,3638.318,3647.38
2025-09-11T02:00:00+08:00,3647.37,3649.75,3635.065,3639.805
2025-09-11T06:00:00+08:00,3641.814,3649.13,3637.645,3640.831
2025-09-11T10:00:00+08:00,3640.831,3643.47,3623.225,3625.13
2025-09-11T14:00:00+08:00,3625.03,3638.09,3613.945,3621.9
2025-09-11T18:00:00+08:00,3621.81,3643.97,3612.72,3630.221
2025-09-11T22:00:00+08:00,3630.221,3642.33,3625.695,3634.944
2025-09-12T02:00:00+08:00,3635.01,3637.95,3630.225,3633.535
2025-09-12T06:00:00+08:00,3633.264,3647.504,3630.295,3646.34
2025-09-12T10:00:00+08:00,3646.34,3656.68,3644.62,3652.944
2025-09-12T14:00:00+08:00,3653.06,3654.08,3637.375,3646.455
2025-09-12T18:00:00+08:00,3646.215,3652.67,3637.848,3650.44
2025-09-12T22:00:00+08:00,3650.005,3654.31,3641.525,3649.17
2025-09-13T02:00:00+08:00,3648.66,3649.84,3640.775,3642.635
2025-09-15T06:00:00+08:00,3642.814,3646.51,3626.148,3634.275
2025-09-15T10:00:00+08:00,3634.41,3646.81,3634.145,3643.59
2025-09-15T14:00:00+08:00,3643.555,3645.95,3633.469,3641.255
2025-09-15T18:00:00+08:00,3641.255,3664.28,3636.598,3657.144
2025-09-15T22:00:00+08:00,3657.08,3685.524,3653.675,3681.621
2025-09-16T02:00:00+08:00,3681.621,3682.95,3675.675,3678.885
2025-09-16T06:00:00+08:00,3679.963,3689.56,3675.835,3679.08
2025-09-16T10:00:00+08:00,3679.24,3685.43,3674.455,3682.71
2025-09-16T14:00:00+08:00,3682.61,3698.864,3681.398,3698.12
2025-09-16T18:00:00+08:00,3698.2,3699.44,3684.965,3695.639
2025-09-16T22:00:00+08:00,3695.66,3703.13,3678.58,3687.66
2025-09-17T02:00:00+08:00,3687.66,3693.78,3686.285,3689.365
2025-09-17T06:00:00+08:00,3689.563,3695.36,3675.92,3679.46
2025-09-17T10:00:00+08:00,3679.118,3685.91,3674.1,3679.111
2025-09-17T14:00:00+08:00,3679.11,3680.08,3662.245,3667.8
2025-09-17T18:00:00+08:00,3667.82,3682.68,3659.99,3678.71
2025-09-17T22:00:00+08:00,3678.84,3688.6,3676.585,3686.544
2025-09-18T02:00:00+08:00,3686.45,3707.47,3645.765,3659.295
2025-09-18T06:00:00+08:00,3658.463,3672.02,3651.565,3657.12
2025-09-18T10:00:00+08:00,3656.98,3666.04,3649.088,3651.51
2025-09-18T14:00:00+08:00,3651.491,3673.07,3633.485,3671.634
2025-09-18T18:00:00+08:00,3671.82,3672.6,3627.465,3642.12
2025-09-18T22:00:00+08:00,3642.12,3647.28,3634.125,3643.52
2025-09-19T02:00:00+08:00,3643.45,3647.32,3640.235,3643.845
2025-09-19T06:00:00+08:00,3644.273,3651.21,3631.938,3639.78
2025-09-19T10:00:00+08:00,3639.65,3661.23,3638.615,3652.34
2025-09-19T14:00:00+08:00,3652.43,3658.84,3643.025,3658.54
2025-09-19T18:00:00+08:00,3658.494,3664.44,3643.495,3663.46
2025-09-19T22:00:00+08:00,3663.35,3679.52,3656.155,3678.66
2025-09-20T02:00:00+08:00,3678.614,3685.77,3677.768,3684.489
2025-09-22T06:00:00+08:00,3684.863,3696.77,3683.28,3689.28
2025-09-22T10:00:00+08:00,3689.175,3700.27,3685.235,3696.97
2025-09-22T14:00:00+08:00,3697.021,3726.702,3695.325,3723.21
2025-09-22T18:00:00+08:00,3722.985,3728.4,3711.898,3722.27
2025-09-22T22:00:00+08:00,3722.21,3747.32,3716.525,3746.64
2025-09-23T02:00:00+08:00,3746.543,3748.88,3742.225,3745.845
2025-09-23T06:00:00+08:00,3745.77,3759.16,3737.728,3754.57
2025-09-23T10:00:00+08:00,3754.57,3758.79,3736.455,3753.06
2025-09-23T14:00:00+08:00,3753.16,3791.08,3748.725,3784.79
2025-09-23T18:00:00+08:00,3784.799,3788.84,3773.725,3783.778
2025-09-23T22:00:00+08:00,3783.498,3785.76,3764.805,3777.18
2025-09-24T02:00:00+08:00,3777.243,3781.56,3751.805,3762.985
2025-09-24T06:00:00+08:00,3765.882,3771.8,3754.66,3756.53
2025-09-24T10:00:00+08:00,3756.52,3777.01,3750.29,3774.85
2025-09-24T14:00:00+08:00,3774.89,3779.41,3762.9,3768.298
2025-09-24T18:00:00+08:00,3768.459,3772.92,3758.825,3761.23
2025-09-24T22:00:00+08:00,3761.21,3765.09,3732.015,3733.09
2025-09-25T02:00:00+08:00,3733.015,3737.37,3717.348,3735.805
2025-09-25T06:00:00+08:00,3735.563,3751.47,3732.705,3735.75
2025-09-25T10:00:00+08:00,3735.99,3742.39,3729.365,3738.503
2025-09-25T14:00:00+08:00,3738.58,3761.602,3737.295,3756.93
2025-09-25T18:00:00+08:00,3756.95,3760.9,3721.89,3733.563
2025-09-25T22:00:00+08:00,3733.6,3744.33,3723.49,3741.769
2025-09-26T02:00:00+08:00,3741.71,3758.28,3736.43,3748.405
2025-09-26T06:00:00+08:00,3748.071,3753.29,3737.565,3738.915
2025-09-26T10:00:00+08:00,3738.98,3749.66,3734.275,3741.92
2025-09-26T14:00:00+08:00,3741.974,3755.24,3739.01,3751.49
2025-09-26T18:00:00+08:00,3751.45,3766.31,3742.755,3761.365
2025-09-26T22:00:00+08:00,3761.64,3783.85,3761.005,3782.89
2025-09-27T02:00:00+08:00,3782.899,3783.27,3758.78,3759.825
2025-09-29T06:00:00+08:00,3759.192,3788.74,3754.462,3778.65
2025-09-29T10:00:00+08:00,3778.603,3814.57,3777.455,3813.47
2025-09-29T14:00:00+08:00,3813.47,3819.81,3804.688,3807.46
2025-09-29T18:00:00+08:00,3807.46,3831.39,3806.255,3821.369
2025-09-29T22:00:00+08:00,3821.33,3833.61,3816.169,3828.859
2025-09-30T02:00:00+08:00,3828.9,3834.12,3822.375,3832.935
2025-09-30T06:00:00+08:00,3833.502,3850.793,3825.37,3847.95
2025-09-30T10:00:00+08:00,3847.95,3870.423,3842.345,3869.57
2025-09-30T14:00:00+08:00,3869.59,3871.73,3792.875,3798.74
2025-09-30T18:00:00+08:00,3798.515,3830.01,3797.945,3824
2025-09-30T22:00:00+08:00,3824.05,3854.435,3819.955,3843.92
2025-10-01T02:00:00+08:00,3843.92,3860.92,3839.498,3857.825
2025-10-01T06:00:00+08:00,3859.031,3869.01,3854.3,3868.86
2025-10-01T10:00:00+08:00,3868.86,3875.46,3855.385,3863.295
2025-10-01T14:00:00+08:00,3863.46,3895.33,3853.055,3888.625
2025-10-01T18:00:00+08:00,3888.76,3891.19,3863.475,3872.79
2025-10-01T22:00:00+08:00,3872.89,3878.71,3856.315,3860.759
2025-10-02T02:00:00+08:00,3860.759,3871.13,3854.885,3865.415
2025-10-02T06:00:00+08:00,3865.1,3870.91,3852.635,3864.929
2025-10-02T10:00:00+08:00,3864.893,3871.28,3861.315,3867.75
2025-10-02T14:00:00+08:00,3867.65,3879.729,3861.518,3879.102
2025-10-02T18:00:00+08:00,3879.07,3897,3873.24,3875.11
2025-10-02T22:00:00+08:00,3875.17,3876.69,3819.095,3844.229
2025-10-03T02:00:00+08:00,3844.14,3859.48,3843.225,3855.545
2025-10-03T06:00:00+08:00,3855.971,3863.74,3847.175,3858.35
2025-10-03T10:00:00+08:00,3858.43,3859.16,3837.785,3855.088
2025-10-03T14:00:00+08:00,3855.098,3865.643,3850.725,3864.11
2025-10-03T18:00:00+08:00,3864.249,3890.788,3854.548,3882.65
2025-10-03T22:00:00+08:00,3882.11,3891.64,3866.115,3881.72
2025-10-04T02:00:00+08:00,3881.91,3889.4,3879.785,3886.825
2025-10-06T06:00:00+08:00,3887.271,3920.77,3883.248,3917.929
2025-10-06T10:00:00+08:00,3917.962,3945.092,3917.43,3932.429
2025-10-06T14:00:00+08:00,3932.53,3949.55,3922.235,3942.11
2025-10-06T18:00:00+08:00,3942.125,3947.13,3926.4,3944.485
2025-10-06T22:00:00+08:00,3944.589,3970.06,3940.02,3957.9
2025-10-07T02:00:00+08:00,3957.858,3964.93,3955.675,3959.015
2025-10-07T06:00:00+08:00,3959.33,3977.45,3955.585,3958.1
2025-10-07T10:00:00+08:00,3957.93,3977.04,3957.08,3964.59
2025-10-07T14:00:00+08:00,3964.77,3966.29,3940.685,3955.07
2025-10-07T18:00:00+08:00,3955.07,3985.66,3953.895,3979.142
2025-10-07T22:00:00+08:00,3979.12,3991.07,3961.555,3980.83
2025-10-08T02:00:00+08:00,3980.87,3986.47,3973.895,3984.595
2025-10-08T06:00:00+08:00,3984.46,4000.71,3982.748,4000.01
2025-10-08T10:00:00+08:00,4000.63,4037.16,3995.395,4029.116
2025-10-08T14:00:00+08:00,4029.117,4049.61,4021.048,4049.21
2025-10-08T18:00:00+08:00,4049.21,4049.64,4026.055,4038.218
2025-10-08T22:00:00+08:00,4037.905,4059.31,4035.415,4051.19
2025-10-09T02:00:00+08:00,4051.257,4054.73,4031.8,4040.745
2025-10-09T06:00:00+08:00,4040.42,4046.4,4001.025,4019.67
2025-10-09T10:00:00+08:00,4019.67,4043.692,4002.3,4039.75
2025-10-09T14:00:00+08:00,4039.648,4042.02,4022.365,4037.337
2025-10-09T18:00:00+08:00,4037.377,4058.01,4016.725,4017.17
2025-10-09T22:00:00+08:00,4017.192,4029.281,3943.788,3950.342
2025-10-10T02:00:00+08:00,3950.21,3982.14,3948.68,3976.275
2025-10-10T06:00:00+08:00,3974.59,3994.34,3957.955,3973.32
2025-10-10T10:00:00+08:00,3973.33,3986.742,3946.59,3974.78
2025-10-10T14:00:00+08:00,3974.617,4006.709,3952.24,3995.63
2025-10-10T18:00:00+08:00,3995.63,4000.1,3975.175,3979.945
2025-10-10T22:00:00+08:00,3980.65,4022.901,3970.39,3989.47
2025-10-11T02:00:00+08:00,3989.79,4021.49,3983.95,4017.845
2025-10-13T06:00:00+08:00,4000.069,4060.05,3994.569,4053.1
2025-10-13T10:00:00+08:00,4052.94,4078.09,4041.125,4063.5
2025-10-13T14:00:00+08:00,4063.597,4079.85,4059.398,4077.36
2025-10-13T18:00:00+08:00,4077.36,4095.64,4070.855,4094.06
2025-10-13T22:00:00+08:00,4093.951,4117.02,4090.475,4103.63
2025-10-14T02:00:00+08:00,4103.637,4112.671,4090.46,4110.015
2025-10-14T06:00:00+08:00,4110.628,4149.89,4106.365,4137.07
2025-10-14T10:00:00+08:00,4137.06,4179.748,4110.26,4120.585
2025-10-14T14:00:00+08:00,4120.81,4145.162,4089.805,4127.44
2025-10-14T18:00:00+08:00,4127.506,4144.35,4097.598,4123.97
2025-10-14T22:00:00+08:00,4124.107,4155.21,4120.915,4148.28
2025-10-15T02:00:00+08:00,4148.09,4152.62,4134.05,4141.535
2025-10-15T06:00:00+08:00,4142.588,4186.8,4140.065,4181.636
2025-10-15T10:00:00+08:00,4181.53,4193.69,4166.698,4185.87
2025-10-15T14:00:00+08:00,4185.58,4218.13,4164.16,4192.496
2025-10-15T18:00:00+08:00,4192.55,4206.25,4175.779,4192.03
2025-10-15T22:00:00+08:00,4192.056,4212.43,4179.1,4197.648
2025-10-16T02:00:00+08:00,4197.7,4213.72,4194.828,4206.575
2025-10-16T06:00:00+08:00,4209.167,4232.89,4199,4229.998
2025-10-16T10:00:00+08:00,4230.11,4242.08,4203.175,4204.79
2025-10-16T14:00:00+08:00,4204.77,4241.95,4203.315,4239.515
2025-10-16T18:00:00+08:00,4239.51,4258.706,4227.185,4246.246
2025-10-16T22:00:00+08:00,4246.12,4298.72,4245.01,4293.83
2025-10-17T02:00:00+08:00,4293.77,4330.66,4272.955,4327.215
2025-10-17T06:00:00+08:00,4326.48,4380.79,4278.298,4314
2025-10-17T10:00:00+08:00,4313.92,4378.65,4311.668,4365.485
2025-10-17T14:00:00+08:00,4365.345,4369.592,4308.83,4340.185
2025-10-17T18:00:00+08:00,4340.185,4342.19,4257.74,4273.77
2025-10-17T22:00:00+08:00,4273.545,4274.669,4185.425,4221.09
2025-10-18T02:00:00+08:00,4220.648,4253.04,4212.23,4251.448
2025-10-20T06:00:00+08:00,4252.667,4274.8,4218.32,4262.04
2025-10-20T10:00:00+08:00,4262.41,4271.18,4239.17,4239.25
2025-10-20T14:00:00+08:00,4239.55,4266.23,4221.005,4260.74
2025-10-20T18:00:00+08:00,4260.67,4327.215,4245.435,4300.505
2025-10-20T22:00:00+08:00,4300.76,4355.53,4292.56,4347.359
2025-10-21T02:00:00+08:00,4347.298,4381.484,4344.335,4355.685
2025-10-21T06:00:00+08:00,4355.666,4375.49,4332.45,4350.85
2025-10-21T10:00:00+08:00,4350.835,4355.43,4316.9,4323.27
2025-10-21T14:00:00+08:00,4323.19,4344.225,4244.085,4264.98
2025-10-21T18:00:00+08:00,4265.134,4272.45,4167.239,4173.815
2025-10-21T22:00:00+08:00,4174.1,4188.69,4080.87,4111.22
2025-10-22T02:00:00+08:00,4111.01,4130.91,4100.21,4124.355
2025-10-22T06:00:00+08:00,4122.868,4132.76,4002.89,4086.39
2025-10-22T10:00:00+08:00,4087.147,4147,4086.48,4134.95
2025-10-22T14:00:00+08:00,4134.729,4161.32,4051.909,4069.54
2025-10-22T18:00:00+08:00,4069.53,4090.77,4014.45,4075.83
2025-10-22T22:00:00+08:00,4075.71,4078.42,4010.795,4070.2
2025-10-23T02:00:00+08:00,4070.05,4113.531,4066.415,4098.055
2025-10-23T06:00:00+08:00,4097.94,4116.33,4065.63,4073.21
2025-10-23T10:00:00+08:00,4072.91,4110.44,4071.535,4110.107
2025-10-23T14:00:00+08:00,4109.93,4137.916,4091.565,4124.307
2025-10-23T18:00:00+08:00,4124.441,4150.99,4099.965,4144.78
2025-10-23T22:00:00+08:00,4144.78,4154.79,4124.655,4137.4
2025-10-24T02:00:00+08:00,4137.77,4143.51,4107.19,4125.185
2025-10-24T06:00:00+08:00,4127.459,4144.36,4105.675,4118.62
2025-10-24T10:00:00+08:00,4118.44,4123.61,4102.305,4104.47
2025-10-24T14:00:00+08:00,4104.43,4104.846,4047.21,4060.7
2025-10-24T18:00:00+08:00,4060.67,4122.24,4043.6,4106.099
2025-10-24T22:00:00+08:00,4105.979,4139.01,4101.725,4107.42
2025-10-25T02:00:00+08:00,4107.66,4117.446,4096.21,4111.555
2025-10-27T06:00:00+08:00,4094.8,4109.08,4057.845,4081.77
2025-10-27T10:00:00+08:00,4081.77,4084.54,4053.505,4079.397
2025-10-27T14:00:00+08:00,4079.39,4084.85,4023.59,4039.75
2025-10-27T18:00:00+08:00,4039.76,4050.28,4013.055,4022.097
2025-10-27T22:00:00+08:00,4021.748,4023.377,3971.068,4006.37
2025-10-28T02:00:00+08:00,4006.255,4010.148,3978.788,3982.18
2025-10-28T06:00:00+08:00,3983.45,4019.72,3972.445,4011.14
2025-10-28T10:00:00+08:00,4010.91,4013.93,3958.88,3966.492
2025-10-28T14:00:00+08:00,3966.48,3968.54,3886.199,3904.69
2025-10-28T18:00:00+08:00,3904.65,3940.4,3899.748,3938.445
2025-10-28T22:00:00+08:00,3938.425,3970.42,3934.675,3962.348
2025-10-29T02:00:00+08:00,3962.29,3964.2,3944.935,3951.945
2025-10-29T06:00:00+08:00,3952.59,3982.293,3914.725,3973.56
2025-10-29T10:00:00+08:00,3973.53,3974.3,3943.605,3962.39
2025-10-29T14:00:00+08:00,3962.15,4029.65,3959.49,4023.89
2025-10-29T18:00:00+08:00,4023.88,4030.23,4002.085,4012.401
2025-10-29T22:00:00+08:00,4012.46,4022.61,3985.495,3994.27
2025-10-30T02:00:00+08:00,3994.542,4007.492,3927.58,3929.655
2025-10-30T06:00:00+08:00,3928.77,3966.482,3915.11,3947.66
2025-10-30T10:00:00+08:00,3947.5,3982.59,3915.065,3963.752
2025-10-30T14:00:00+08:00,3963.62,4011.875,3955.645,3998.94
2025-10-30T18:00:00+08:00,3998.76,4000.98,3959.955,3995.277
2025-10-30T22:00:00+08:00,3995.277,4018.05,3986.515,4004.488
2025-10-31T02:00:00+08:00,4004.195,4027.23,3999.885,4024.305
2025-10-31T06:00:00+08:00,4024.429,4046.252,4010.87,4018.68
2025-10-31T10:00:00+08:00,4018.83,4019.18,3988.765,4004.9
2025-10-31T14:00:00+08:00,4005.008,4026.808,3998.49,4008.292
2025-10-31T18:00:00+08:00,4008.36,4036.24,4001.435,4016.155
2025-10-31T22:00:00+08:00,4016.47,4027.27,3971.965,3997.482
2025-11-01T02:00:00+08:00,3997.345,4010.002,3990.918,4001.505
2025-11-03T07:00:00+08:00,3989.41,4006.62,3962.27,4003.81
2025-11-03T11:00:00+08:00,4003.93,4018.568,3997.479,4017.46
2025-11-03T15:00:00+08:00,4017.45,4028.05,3992.87,3998.7
2025-11-03T19:00:00+08:00,3998.7,4026.18,3994.098,4022.61
2025-11-03T23:00:00+08:00,4022.637,4030.532,3994.989,4006.4
2025-11-04T03:00:00+08:00,4006.338,4015.01,3995.075,4001.065
2025-11-04T07:00:00+08:00,4001.15,4005.94,3975.435,3986.475
2025-11-04T11:00:00+08:00,3986.678,3999.34,3966.395,3985.06
2025-11-04T15:00:00+08:00,3984.98,4000.67,3982.05,3993.97
2025-11-04T19:00:00+08:00,3993.97,4000.16,3928.42,3956.992
2025-11-04T23:00:00+08:00,3956.85,3975.7,3931.73,3937.86
2025-11-05T03:00:00+08:00,3937.86,3944.28,3930.15,3931.95
2025-11-05T07:00:00+08:00,3931.63,3951.08,3929.49,3948.365
2025-11-05T11:00:00+08:00,3948.28,3978.63,3947.312,3966.42
2025-11-05T15:00:00+08:00,3966.208,3987.11,3955.825,3964.48
2025-11-05T19:00:00+08:00,3964.378,3985.608,3957.195,3973.548
2025-11-05T23:00:00+08:00,3973.47,3990.4,3963.53,3982.87
2025-11-06T03:00:00+08:00,3982.88,3990.61,3977.758,3979.755
2025-11-06T07:00:00+08:00,3980.69,3985.19,3964.35,3983.35
2025-11-06T11:00:00+08:00,3983.28,3992.83,3979.295,3991.425
2025-11-06T15:00:00+08:00,3991.5,4016.852,3990.915,4008.16
2025-11-06T19:00:00+08:00,4008.16,4019.57,3988.805,3993.25
2025-11-06T23:00:00+08:00,3993.28,3993.752,3965.425,3987.54
2025-11-07T03:00:00+08:00,3987.758,3995.23,3976.455,3976.91
2025-11-07T07:00:00+08:00,3977.03,4003.29,3973.74,3995.37
2025-11-07T11:00:00+08:00,3995.362,4008.51,3985.18,4006.67
2025-11-07T15:00:00+08:00,4006.678,4014.26,4002.545,4007.9
2025-11-07T19:00:00+08:00,4007.94,4011.92,3984.06,3992.55
2025-11-07T23:00:00+08:00,3993.27,4027.38,3983.8,4005.48
2025-11-08T03:00:00+08:00,4005.42,4009.06,3994.245,4000.289
2025-11-10T07:00:00+08:00,3998.91,4053.28,3997.198,4047.91
2025-11-10T11:00:00+08:00,4048.12,4078.42,4044.685,4074.875
2025-11-10T15:00:00+08:00,4075.03,4086.38,4071.265,4080.88
2025-11-10T19:00:00+08:00,4080.88,4106.01,4074.07,4083.477
2025-11-10T23:00:00+08:00,4083.467,4115.83,4077.595,4110.087
2025-11-11T03:00:00+08:00,4109.795,4116.511,4106.425,4115.605
2025-11-11T07:00:00+08:00,4115.028,4141.12,4113.03,4137.72
2025-11-11T11:00:00+08:00,4137.74,4148.966,4124.37,4129.81
2025-11-11T15:00:00+08:00,4129.725,4145.98,4124.76,4141.79
2025-11-11T19:00:00+08:00,4141.71,4146.691,4119.655,4124.971
2025-11-11T23:00:00+08:00,4124.765,4126.151,4096.64,4113.78
2025-11-12T03:00:00+08:00,4113.777,4131.93,4111.845,4125.475
2025-11-12T07:00:00+08:00,4127.019,4145.55,4118.47,4123.865
2025-11-12T11:00:00+08:00,4123.977,4125.48,4098.41,4118.371
2025-11-12T15:00:00+08:00,4118.19,4133.581,4111.94,4127.545
2025-11-12T19:00:00+08:00,4127.565,4140.1,4122.495,4136.57
2025-11-12T23:00:00+08:00,4136.65,4211.656,4134.408,4206.6
2025-11-13T03:00:00+08:00,4206.659,4210.14,4190.305,4194.605
2025-11-13T07:00:00+08:00,4195.02,4209.35,4179.625,4189.86
2025-11-13T11:00:00+08:00,4190.096,4219.4,4189.795,4210.23
2025-11-13T15:00:00+08:00,4210.33,4240.105,4208.145,4225.44
2025-11-13T19:00:00+08:00,4225.493,4245.22,4184.27,4195.43
2025-11-13T23:00:00+08:00,4195.43,4210.98,4144.965,4157.87
2025-11-14T03:00:00+08:00,4157.94,4181.38,4145.49,4170.865
2025-11-14T07:00:00+08:00,4170.138,4210.33,4169.098,4206.94
2025-11-14T11:00:00+08:00,4207.056,4211.31,4169.34,4175.16
2025-11-14T15:00:00+08:00,4175.196,4186.98,4158.685,4167.91
2025-11-14T19:00:00+08:00,4167.936,4169.9,4031.82,4082.527
2025-11-14T23:00:00+08:00,4082.505,4111.25,4067.965,4098.05
2025-11-15T03:00:00+08:00,4098.26,4100.09,4075.19,4082.159
2025-11-17T07:00:00+08:00,4084.65,4109.72,4070.85,4081.458
2025-11-17T11:00:00+08:00,4081.622,4088.08,4049.44,4065.74
2025-11-17T15:00:00+08:00,4066.037,4096.07,4064.84,4070.23
2025-11-17T19:00:00+08:00,4070,4092.38,4060.435,4076.19
2025-11-17T23:00:00+08:00,4076.248,4081.012,4051.92,4062.34
2025-11-18T03:00:00+08:00,4062.62,4065.12,4006.59,4044.505
2025-11-18T07:00:00+08:00,4045.33,4055.32,4015.085,4017.645
2025-11-18T11:00:00+08:00,4017.45,4026.38,4004.41,4009
2025-11-18T15:00:00+08:00,4008.665,4050.43,3997.658,4044.12
2025-11-18T19:00:00+08:00,4044.029,4081.977,4028.99,4065.74
2025-11-18T23:00:00+08:00,4065.74,4075.792,4040.145,4072.48
2025-11-19T03:00:00+08:00,4072.596,4082.41,4064.735,4066.605
2025-11-19T07:00:00+08:00,4067.27,4080.67,4055.248,4075.5
2025-11-19T11:00:00+08:00,4075.657,4098.61,4064.29,4090.88
2025-11-19T15:00:00+08:00,4091.07,4119.06,4078.125,4109.131
2025-11-19T19:00:00+08:00,4108.87,4129.07,4100.615,4127.95
2025-11-19T23:00:00+08:00,4127.907,4132.81,4055.385,4087.2
2025-11-20T03:00:00+08:00,4087.031,4087.24,4065.425,4077.025
2025-11-20T07:00:00+08:00,4077.629,4110.227,4039.457,4066.77
2025-11-20T11:00:00+08:00,4066.901,4085.57,4058.285,4068.21
2025-11-20T15:00:00+08:00,4068.32,4076.741,4038.605,4059.96
2025-11-20T19:00:00+08:00,4059.837,4107.84,4050.755,4092.675
2025-11-20T23:00:00+08:00,4093.27,4098.92,4043.348,4060.57
2025-11-21T03:00:00+08:00,4060.537,4087.19,4058.699,4076.615
2025-11-21T07:00:00+08:00,4075.329,4089.05,4056.225,4057.18
2025-11-21T11:00:00+08:00,4057.222,4064.76,4028.965,4032.76
2025-11-21T15:00:00+08:00,4032.73,4063.432,4022.075,4036.815
2025-11-21T19:00:00+08:00,4037.308,4083.97,4030.71,4071.85
2025-11-21T23:00:00+08:00,4071.025,4101.167,4054.86,4082.801
2025-11-22T03:00:00+08:00,4082.74,4092.33,4054.35,4064.279
2025-11-24T07:00:00+08:00,4064.59,4077.65,4040.375,4043.32
2025-11-24T11:00:00+08:00,4043.57,4061.21,4039.89,4053.35
2025-11-24T15:00:00+08:00,4053.35,4077.315,4051.15,4063.83
2025-11-24T19:00:00+08:00,4063.86,4086.04,4062.885,4081.33
2025-11-24T23:00:00+08:00,4081.11,4125.8,4080.985,4120.43
2025-11-25T03:00:00+08:00,4120.36,4139.993,4113.725,4134.719
2025-11-25T07:00:00+08:00,4134.23,4155.916,4122.265,4150.205
2025-11-25T11:00:00+08:00,4150.728,4152.107,4138.365,4141.516
2025-11-25T15:00:00+08:00,4141.19,4146.02,4109.415,4131.211
2025-11-25T19:00:00+08:00,4131.34,4150.81,4110.685,4125.33
2025-11-25T23:00:00+08:00,4125.025,4159.47,4117.645,4134.416
2025-11-26T03:00:00+08:00,4134.296,4140.391,4127.15,4131.89
2025-11-26T07:00:00+08:00,4131.668,4166.687,4129.44,4161.54
2025-11-26T11:00:00+08:00,4161.26,4169.376,4146.42,4150.1
2025-11-26T15:00:00+08:00,4149.77,4168.54,4148.91,4159.856
2025-11-26T19:00:00+08:00,4159.79,4173.34,4139.95,4142.206
2025-11-26T23:00:00+08:00,4142.32,4171.69,4136.345,4164.6
2025-11-27T03:00:00+08:00,4164.87,4169.9,4161.165,4162.565
2025-11-27T07:00:00+08:00,4163.58,4168.62,4144.31,4145.606
2025-11-27T11:00:00+08:00,4145.561,4159.187,4142.425,4157.32
2025-11-27T15:00:00+08:00,4157.305,4167.3,4148.165,4156.52
2025-11-27T19:00:00+08:00,4156.52,4162.44,4148.895,4153.311
2025-11-27T23:00:00+08:00,4153.23,4161.787,4151.235,4158.96
2025-11-28T03:00:00+08:00,4158.96,4160.41,4156.31,4157.33
2025-11-28T07:00:00+08:00,4157.748,4193.2,4156.88,4189.45
2025-11-28T11:00:00+08:00,4189.416,4192.79,4148.474,4187.302
2025-11-28T15:00:00+08:00,4187.46,4187.88,4147.707,4163.62
2025-11-28T19:00:00+08:00,4163.947,4209.32,4162.57,4197.97
2025-11-28T23:00:00+08:00,4198.071,4226.796,4185.415,4220.21
2025-11-29T03:00:00+08:00,4220.21,4221.84,4216.05,4219.38
2025-12-01T07:00:00+08:00,4222.287,4256.55,4204.77,4242.88
2025-12-01T11:00:00+08:00,4242.89,4246.96,4215.15,4237.03
2025-12-01T15:00:00+08:00,4237.04,4262.32,4231.45,4255.67
2025-12-01T19:00:00+08:00,4255.29,4264.56,4219.345,4239.84
2025-12-01T23:00:00+08:00,4239.726,4245.04,4219.425,4240.07
2025-12-02T03:00:00+08:00,4240.28,4243.79,4229.089,4231.255
2025-12-02T07:00:00+08:00,4231.47,4236,4198.02,4221.431
2025-12-02T11:00:00+08:00,4221.39,4226.416,4202.985,4212.84
2025-12-02T15:00:00+08:00,4212.84,4219.52,4180.895,4185.84
2025-12-02T19:00:00+08:00,4185.49,4230.72,4184.735,4218.815
2025-12-02T23:00:00+08:00,4218.88,4219.72,4163.458,4190.83
2025-12-03T03:00:00+08:00,4190.61,4212.4,4190.61,4205.695
2025-12-03T07:00:00+08:00,4207.788,4228.88,4202.098,4226.5
2025-12-03T11:00:00+08:00,4226.636,4227.55,4203.155,4208.08
2025-12-03T15:00:00+08:00,4208.23,4210.39,4194.33,4200.5
2025-12-03T19:00:00+08:00,4200.566,4241.73,4196.86,4212.636
2025-12-03T23:00:00+08:00,4212.58,4229.4,4194.945,4196.725
2025-12-04T03:00:00+08:00,4196.79,4212.84,4196.705,4202.93
2025-12-04T07:00:00+08:00,4202.42,4216.811,4198.72,4200.365
2025-12-04T11:00:00+08:00,4200.36,4201.6,4174.73,4190.14
2025-12-04T15:00:00+08:00,4190.14,4202.666,4183.315,4197.26
2025-12-04T19:00:00+08:00,4197.26,4213.316,4185.155,4201.29
2025-12-04T23:00:00+08:00,4201.291,4219.91,4191.215,4208.03
2025-12-05T03:00:00+08:00,4207.821,4210.45,4199.41,4207.86
2025-12-05T07:00:00+08:00,4208.16,4210.43,4194.465,4207.58
2025-12-05T11:00:00+08:00,4207.19,4229.28,4201.445,4224.476
2025-12-05T15:00:00+08:00,4224.456,4230.82,4215.735,4222.87
2025-12-05T19:00:00+08:00,4222.69,4245.529,4219.835,4241.77
2025-12-05T23:00:00+08:00,4241.69,4259.6,4198.395,4208.81
2025-12-06T03:00:00+08:00,4208.81,4210.89,4191.79,4197.405
2025-12-08T07:00:00+08:00,4198.23,4212.43,4192.76,4208.36
2025-12-08T11:00:00+08:00,4208.215,4219.1,4204.435,4216.87
2025-12-08T15:00:00+08:00,4217.03,4217.45,4200.856,4203.49
2025-12-08T19:00:00+08:00,4203.47,4215.52,4195.36,4196.49
2025-12-08T23:00:00+08:00,4196.52,4197.886,4175.998,4187.296
2025-12-09T03:00:00+08:00,4187.296,4195.59,4184.035,4189.885
2025-12-09T07:00:00+08:00,4190.108,4197.32,4185.785,4189.771
2025-12-09T11:00:00+08:00,4189.665,4198.82,4169.845,4182.09
2025-12-09T15:00:00+08:00,4181.755,4212.94,4175.615,4203.78
2025-12-09T19:00:00+08:00,4203.84,4210.38,4189.229,4204.876
2025-12-09T23:00:00+08:00,4204.876,4221.4,4189.78,4208.895
2025-12-10T03:00:00+08:00,4208.88,4216.03,4206.47,4206.59
2025-12-10T07:00:00+08:00,4207.588,4218.78,4206.648,4216.866
2025-12-10T11:00:00+08:00,4216.83,4217.17,4200.82,4207.176
2025-12-10T15:00:00+08:00,4207.38,4209.33,4187.525,4193.196
2025-12-10T19:00:00+08:00,4193.216,4206.99,4191.095,4192.44
2025-12-10T23:00:00+08:00,4192.285,4205.12,4188.645,4194.61
2025-12-11T03:00:00+08:00,4194.54,4238.7,4181.565,4227.645
2025-12-11T07:00:00+08:00,4228.737,4247.68,4220.225,4222.06
2025-12-11T11:00:00+08:00,4222.226,4224.99,4203.9,4214.43
2025-12-11T15:00:00+08:00,4214.44,4225.98,4210.195,4216.856
2025-12-11T19:00:00+08:00,4216.846,4244.55,4205.01,4230.19
2025-12-11T23:00:00+08:00,4230.04,4285.98,4225.975,4268.09
2025-12-12T03:00:00+08:00,4268.12,4283.79,4262.305,4279.1
2025-12-12T07:00:00+08:00,4280.457,4283.48,4264.148,4270.38
2025-12-12T11:00:00+08:00,4270.4,4283.28,4265.805,4282.72
2025-12-12T15:00:00+08:00,4282.86,4330.96,4281.135,4329.85
2025-12-12T19:00:00+08:00,4329.77,4353.57,4321.165,4346.538
2025-12-12T23:00:00+08:00,4346.94,4351.56,4256.845,4294.84
2025-12-13T03:00:00+08:00,4294.88,4304.16,4288.39,4299.285
2025-12-15T07:00:00+08:00,4299.87,4329.29,4293.907,4326.3
2025-12-15T11:00:00+08:00,4326.37,4347.31,4318.98,4342.96
2025-12-15T15:00:00+08:00,4343.53,4350.42,4333.21,4339.66
2025-12-15T19:00:00+08:00,4339.625,4348.31,4317.175,4323.579
2025-12-15T23:00:00+08:00,4323.368,4327.87,4285.055,4312.93
2025-12-16T03:00:00+08:00,4312.935,4317.81,4299.31,4303.995
2025-12-16T07:00:00+08:00,4305.11,4317.89,4286.32,4289.55
2025-12-16T11:00:00+08:00,4289.475,4294.46,4271.125,4289.166
2025-12-16T15:00:00+08:00,4289.166,4289.91,4274.428,4277.33
2025-12-16T19:00:00+08:00,4277.31,4332.26,4273.585,4324.44
2025-12-16T23:00:00+08:00,4324.395,4335.13,4290.94,4311.45
2025-12-17T03:00:00+08:00,4311.19,4316.04,4296.82,4302.84
2025-12-17T07:00:00+08:00,4302.18,4327.77,4300.848,4314.175
2025-12-17T11:00:00+08:00,4314.22,4342.52,4312.348,4328.79
2025-12-17T15:00:00+08:00,4328.615,4328.82,4306.305,4317.64
2025-12-17T19:00:00+08:00,4317.52,4345.95,4314.725,4338.155
2025-12-17T23:00:00+08:00,4338.4,4349.5,4319.985,4335.959
2025-12-18T03:00:00+08:00,4336.03,4346.38,4330.095,4337.335
2025-12-18T07:00:00+08:00,4337.97,4343.18,4324.205,4333.215
2025-12-18T11:00:00+08:00,4333.21,4337.44,4328.27,4333.675
2025-12-18T15:00:00+08:00,4333.77,4337.89,4320.485,4325.06
2025-12-18T19:00:00+08:00,4325.155,4342.99,4308.285,4328.27
2025-12-18T23:00:00+08:00,4328.46,4375.17,4321.4,4331.535
2025-12-19T03:00:00+08:00,4331.519,4338.27,4322.525,4332.07
2025-12-19T07:00:00+08:00,4332.51,4336.93,4308.82,4316.79
2025-12-19T11:00:00+08:00,4316.59,4329.54,4312.485,4326.279
2025-12-19T15:00:00+08:00,4326.16,4333.64,4320.81,4327.86
2025-12-19T19:00:00+08:00,4327.85,4337.92,4319.52,4332.09
2025-12-19T23:00:00+08:00,4332.459,4356.59,4331.68,4348.639
2025-12-20T03:00:00+08:00,4348.5,4350.66,4336.275,4338.669
2025-12-23T11:00:00+08:00,4482.51,4485.58,4469.265,4481.5
2025-12-23T15:00:00+08:00,4481.51,4493.23,4477.945,4484.318
2025-12-23T19:00:00+08:00,4484.34,4497.394,4441.138,4446.23
2025-12-23T23:00:00+08:00,4446.344,4485.06,4429.975,4484.235
2025-12-24T03:00:00+08:00,4484.38,4499.89,4483.215,4485.28
2025-12-24T07:00:00+08:00,4483.98,4525.83,4474.035,4477.61
2025-12-24T11:00:00+08:00,4477.275,4501.48,4467.99,4493.569
2025-12-24T15:00:00+08:00,4493.62,4499.91,4477.805,4489.03
2025-12-24T19:00:00+08:00,4489.334,4496.1,4460.07,4464.81
2025-12-24T23:00:00+08:00,4464.68,4487.83,4447.895,4479.4
2025-12-26T07:00:00+08:00,4479.39,4531.284,4475.494,4508.684
2025-12-26T11:00:00+08:00,4508.68,4519.54,4497.175,4511.86
2025-12-26T15:00:00+08:00,4511.14,4523.722,4506.97,4514.49
2025-12-26T19:00:00+08:00,4514.23,4533.513,4502.505,4521.05
2025-12-26T23:00:00+08:00,4521.044,4549.96,4509.625,4530.893
2025-12-27T03:00:00+08:00,4530.69,4535.74,4519.625,4532.505
2025-12-29T07:00:00+08:00,4532.41,4550.52,4471.498,4512.055
2025-12-29T11:00:00+08:00,4512.59,4520.8,4470.76,4475.26
2025-12-29T15:00:00+08:00,4475.26,4488.5,4444.735,4460.909
2025-12-29T19:00:00+08:00,4460.84,4467.74,4355.89,4360.32
2025-12-29T23:00:00+08:00,4360.6,4360.665,4301.788,4331.225
2025-12-30T03:00:00+08:00,4331.098,4344.594,4325.545,4332.29
2025-12-30T07:00:00+08:00,4331.71,4365.03,4322.6,4362.69
2025-12-30T11:00:00+08:00,4362.649,4380.28,4355.92,4364.36
2025-12-30T15:00:00+08:00,4364.275,4391.64,4349.81,4384.6
2025-12-30T19:00:00+08:00,4384.6,4404.41,4355.335,4365.965
2025-12-30T23:00:00+08:00,4366.225,4381.93,4354.585,4364.058
2025-12-31T03:00:00+08:00,4364.259,4368.05,4334.39,4338.029
2025-12-31T07:00:00+08:00,4338.34,4373.499,4328.65,4348.525
2025-12-31T11:00:00+08:00,4348.58,4359.985,4273.78,4327.985
2025-12-31T15:00:00+08:00,4327.71,4337.35,4302.998,4306.325
2025-12-31T19:00:00+08:00,4306.44,4353.37,4302.598,4346
2025-12-31T23:00:00+08:00,4345.48,4346.408,4315.365,4319.63
2026-01-01T03:00:00+08:00,4319.641,4324.7,4304.1,4317.949
2026-01-02T07:00:00+08:00,4318.27,4363.27,4318.27,4362.935
2026-01-02T11:00:00+08:00,4362.46,4381.74,4361.7,4374.66
2026-01-02T15:00:00+08:00,4374.53,4398.6,4371.635,4396.165
2026-01-02T19:00:00+08:00,4396.36,4402.354,4347.635,4353.38
2026-01-02T23:00:00+08:00,4353.12,4357.02,4309.42,4315.04
2026-01-03T03:00:00+08:00,4314.955,4333.98,4314.9,4331.575
2026-01-05T07:00:00+08:00,4332.19,4421.56,4332.19,4405.43
2026-01-05T11:00:00+08:00,4405.47,4426.49,4396.9,4420.205
2026-01-05T15:00:00+08:00,4420.25,4439.9,4416.43,4436.289
2026-01-05T19:00:00+08:00,4436.22,4442.785,4395.92,4436.55
2026-01-05T23:00:00+08:00,4436.82,4455.743,4431.71,4448.28
2026-01-06T03:00:00+08:00,4448.385,4449.382,4434.57,4446.77
2026-01-06T07:00:00+08:00,4449.09,4461.18,4427.725,4454.89
2026-01-06T11:00:00+08:00,4454.64,4474.22,4449.198,4465.49
2026-01-06T15:00:00+08:00,4465.81,4475.81,4442.095,4451.61
2026-01-06T19:00:00+08:00,4451.32,4489.8,4448.285,4486.945
2026-01-06T23:00:00+08:00,4487.038,4494.26,4462.955,4488.488
2026-01-07T03:00:00+08:00,4488.25,4497.324,4477.11,4495.14
2026-01-07T07:00:00+08:00,4494.59,4500.64,4459.49,4474.68
2026-01-07T11:00:00+08:00,4474.65,4480.314,4441.17,4443.72
2026-01-07T15:00:00+08:00,4444.15,4474.93,4441.35,4464.16
2026-01-07T19:00:00+08:00,4464.43,4464.89,4427.505,4445.312
2026-01-07T23:00:00+08:00,4444.41,4468.4,4423.135,4452.02
2026-01-08T03:00:00+08:00,4451.97,4461.69,4445.105,4456.07
2026-01-08T07:00:00+08:00,4456.24,4466.47,4433.09,4440.87
2026-01-08T11:00:00+08:00,4441.29,4446.48,4415.215,4433.25
2026-01-08T15:00:00+08:00,4433.25,4439.81,4419.438,4433.31
2026-01-08T19:00:00+08:00,4433.01,4439.56,4407.44,4433
2026-01-08T23:00:00+08:00,4432.99,4465.418,4427.58,4449.37
2026-01-09T03:00:00+08:00,4449.634,4479.64,4444.41,4477.555
2026-01-09T07:00:00+08:00,4478.83,4483.99,4452.58,4469.42
2026-01-09T11:00:00+08:00,4469.42,4477.444,4457.985,4473.83
2026-01-09T15:00:00+08:00,4474.04,4477.6,4463.905,4472.35
2026-01-09T19:00:00+08:00,4472.46,4498.089,4458.7,4493.71
2026-01-09T23:00:00+08:00,4494.662,4517.23,4481.615,4496.23
2026-01-10T03:00:00+08:00,4496.05,4511.284,4492.42,4509.015
2026-01-12T07:00:00+08:00,4508.98,4601.38,4508.98,4577.493
2026-01-12T11:00:00+08:00,4577.43,4584.94,4563.118,4578.438
2026-01-12T15:00:00+08:00,4578.26,4599.4,4574.45,4594.1
2026-01-12T19:00:00+08:00,4594.357,4620.34,4578.145,4602.13
2026-01-12T23:00:00+08:00,4602.12,4630.24,4600.215,4610.75
2026-01-13T03:00:00+08:00,4610.847,4619.01,4588.95,4598.545
2026-01-13T07:00:00+08:00,4597.2,4608.13,4575.275,4594.09
2026-01-13T11:00:00+08:00,4594.127,4602.11,4573.325,4581.28
2026-01-13T15:00:00+08:00,4581.215,4597.05,4577.18,4586.23
2026-01-13T19:00:00+08:00,4586.23,4634.58,4577.615,4629.83
2026-01-13T23:00:00+08:00,4629.15,4630.25,4580.835,4594.168
2026-01-14T03:00:00+08:00,4593.84,4599.05,4569.185,4585.655
2026-01-14T07:00:00+08:00,4586,4623.77,4586,4620.32
2026-01-14T11:00:00+08:00,4620.443,4639.723,4613.095,4637.103
2026-01-14T15:00:00+08:00,4637.25,4639.65,4621.265,4632.93
2026-01-14T19:00:00+08:00,4632.93,4641.853,4606.45,4617.607
2026-01-14T23:00:00+08:00,4617.56,4637.35,4599.15,4635.025
2026-01-15T03:00:00+08:00,4635.032,4643,4617.66,4628.14
2026-01-15T07:00:00+08:00,4626.82,4632.743,4583.21,4602.83
2026-01-15T11:00:00+08:00,4602.827,4611.988,4580.815,4609.85
2026-01-15T15:00:00+08:00,4610.123,4620.67,4597.63,4619.803
2026-01-15T19:00:00+08:00,4619.59,4623.043,4581.82,4611.04
2026-01-15T23:00:00+08:00,4610.72,4624.969,4600.975,4617.24
2026-01-16T03:00:00+08:00,4617.44,4621.593,4600.399,4615.52
2026-01-16T07:00:00+08:00,4615.93,4621.15,4590.94,4594.83
2026-01-16T11:00:00+08:00,4594.83,4616.097,4592.53,4598.127
2026-01-16T15:00:00+08:00,4598.02,4612.13,4596.515,4599.99
2026-01-16T19:00:00+08:00,4600.1,4616.139,4582.105,4607.917
2026-01-16T23:00:00+08:00,4607.74,4620.423,4536.35,4582.588
2026-01-17T03:00:00+08:00,4582.53,4598.313,4580.335,4595.515
2026-01-19T07:00:00+08:00,4595.86,4690.88,4595.86,4662.15
2026-01-19T11:00:00+08:00,4662.38,4679.13,4657.845,4677.877
2026-01-19T15:00:00+08:00,4677.86,4678.62,4660.948,4663.5
2026-01-19T19:00:00+08:00,4663.63,4673.786,4659.41,4666.42
2026-01-19T23:00:00+08:00,4666.42,4680.3,4663.995,4676.33
2026-01-20T03:00:00+08:00,4676.6,4676.746,4666.848,4670.8
2026-01-20T07:00:00+08:00,4670.24,4676.823,4659.14,4668.425
2026-01-20T11:00:00+08:00,4668.606,4717.182,4665.735,4712.49
2026-01-20T15:00:00+08:00,4712.18,4737.346,4711.14,4726.496
2026-01-20T19:00:00+08:00,4726.33,4751.22,4715.075,4740.835
2026-01-20T23:00:00+08:00,4741.235,4766.23,4722.028,4759.335
2026-01-21T03:00:00+08:00,4759.15,4766.2,4747.048,4762.975
2026-01-21T07:00:00+08:00,4762.97,4844.241,4757.38,4836.56
2026-01-21T11:00:00+08:00,4836.604,4888.43,4826.73,4847.41
2026-01-21T15:00:00+08:00,4847.16,4877.15,4832.27,4862.041
2026-01-21T19:00:00+08:00,4862.384,4880.91,4839.115,4851.545
2026-01-21T23:00:00+08:00,4851.91,4868.87,4802.22,4850.18
2026-01-22T03:00:00+08:00,4850.136,4854.03,4755.345,4832.97
2026-01-22T07:00:00+08:00,4831.25,4836.77,4771.79,4788.94
2026-01-22T11:00:00+08:00,4788.825,4829.195,4783.87,4826.401
2026-01-22T15:00:00+08:00,4826.33,4839.353,4813.605,4828.914
2026-01-22T19:00:00+08:00,4828.75,4847.81,4810.41,4835.12
2026-01-22T23:00:00+08:00,4835.01,4919.87,4826.36,4915.95
2026-01-23T03:00:00+08:00,4915.78,4940.685,4905.66,4938.14
2026-01-23T07:00:00+08:00,4936.498,4967.37,4929.945,4955.47
2026-01-23T11:00:00+08:00,4955.42,4967.31,4937.59,4953.32
2026-01-23T15:00:00+08:00,4953.54,4959.57,4899.36,4929.781
2026-01-23T19:00:00+08:00,4929.61,4956.85,4911.625,4942.43
2026-01-23T23:00:00+08:00,4943.104,4988.22,4937.85,4966.31
2026-01-24T03:00:00+08:00,4966.603,4990.17,4966.505,4983.785
2026-01-26T07:00:00+08:00,4988.17,5093.19,4988.17,5080.67
2026-01-26T11:00:00+08:00,5080.69,5111.17,5051.89,5077.7
2026-01-26T15:00:00+08:00,5077.81,5098.41,5073.39,5091.33
2026-01-26T19:00:00+08:00,5091.515,5096.92,5054.2,5096.09
2026-01-26T23:00:00+08:00,5096.09,5105.06,5057.39,5068.95
2026-01-27T03:00:00+08:00,5068.685,5069.6,4989.59,5009.88
2026-01-27T07:00:00+08:00,5011.7,5079.83,5011.5,5072.38
2026-01-27T11:00:00+08:00,5072.34,5093.944,5056.98,5085.48
2026-01-27T15:00:00+08:00,5085.65,5100.79,5072.79,5085.92
2026-01-27T19:00:00+08:00,5086.29,5092.849,5045.9,5054.644
2026-01-27T23:00:00+08:00,5054.664,5103.089,5047.35,5087.99
2026-01-28T03:00:00+08:00,5087.84,5190.4,5080.72,5180.23
2026-01-28T07:00:00+08:00,5178.8,5234.71,5156.57,5231.78
2026-01-28T11:00:00+08:00,5231.858,5271.5,5224.01,5269.69
2026-01-28T15:00:00+08:00,5269.758,5311.58,5262.35,5269.92
2026-01-28T19:00:00+08:00,5269.96,5289.45,5237.96,5285.958
2026-01-28T23:00:00+08:00,5286.008,5325.94,5235.4,5283.367
2026-01-29T03:00:00+08:00,5282.853,5419.118,5268.75,5415.26
2026-01-29T07:00:00+08:00,5420.57,5598.75,5418.598,5535.71
2026-01-29T11:00:00+08:00,5535.71,5595.43,5507.37,5561.736
2026-01-29T15:00:00+08:00,5561.775,5574.996,5472.965,5483.4
2026-01-29T19:00:00+08:00,5483.4,5550.04,5470.545,5496.74
2026-01-29T23:00:00+08:00,5497.017,5497.017,5097.36,5338.81
2026-01-30T03:00:00+08:00,5338.8,5426.53,5282.335,5379.35
2026-01-30T07:00:00+08:00,5384.71,5451.01,5111.96,5224.649
2026-01-30T11:00:00+08:00,5224.24,5241.59,5145.095,5155.76
2026-01-30T15:00:00+08:00,5155.76,5186.33,4941.61,5119.534
2026-01-30T19:00:00+08:00,5119.35,5145.73,4991.73,5033.57
2026-01-30T23:00:00+08:00,5033.2,5074.214,4682.552,4879.9
2026-01-31T03:00:00+08:00,4880.57,4948.276,4809.131,4895.118
2026-02-02T07:00:00+08:00,4783.51,4884.784,4583.077,4710.62
2026-02-02T11:00:00+08:00,4710.615,4730.17,4402.06,4502.974
2026-02-02T15:00:00+08:00,4503.304,4733.795,4485.159,4705.444
2026-02-02T19:00:00+08:00,4705.455,4812.52,4668.549,4718.94
2026-02-02T23:00:00+08:00,4718.875,4745.482,4595.81,4657.395
2026-02-03T03:00:00+08:00,4657.34,4713.01,4630.77,4659.342
2026-02-03T07:00:00+08:00,4669.08,4856.373,4666.083,4782.84
2026-02-03T11:00:00+08:00,4783.52,4893.9,4751.13,4880.76
2026-02-03T15:00:00+08:00,4881.323,4949.99,4871.28,4902.36
2026-02-03T19:00:00+08:00,4901.965,4951.11,4883.4,4916.52
2026-02-03T23:00:00+08:00,4917.13,4993.84,4884.625,4907.8
2026-02-04T03:00:00+08:00,4908.401,4963.965,4879.77,4946.04
2026-02-04T07:00:00+08:00,4946.67,5065.589,4908.91,5039.865
2026-02-04T11:00:00+08:00,5039.999,5090.289,5035.675,5076.39
2026-02-04T15:00:00+08:00,5075.6,5091.95,5041.23,5048.52
2026-02-04T19:00:00+08:00,5048.52,5063.457,4966.22,4985.65
2026-02-04T23:00:00+08:00,4985.99,5007.87,4849.873,4927.33
2026-02-05T03:00:00+08:00,4927.32,4970.8,4914.08,4964.83
2026-02-05T07:00:00+08:00,4965.98,5023.72,4804.22,4811.611
2026-02-05T11:00:00+08:00,4811.581,4934.061,4788.74,4920.334
2026-02-05T15:00:00+08:00,4920.254,4943.729,4847.14,4876.971
2026-02-05T19:00:00+08:00,4877.001,4894.406,4801.388,4845.915
2026-02-05T23:00:00+08:00,4845.748,4906.7,4799.95,4857.99
2026-02-06T03:00:00+08:00,4857.25,4865.201,4758.98,4776.48
2026-02-06T07:00:00+08:00,4782.49,4846.34,4654.355,4816.586
2026-02-06T11:00:00+08:00,4815.995,4903.211,4800.288,4846.68
2026-02-06T15:00:00+08:00,4846.46,4882.32,4828.575,4878.491
2026-02-06T19:00:00+08:00,4877.7,4949.749,4863.22,4947.99
2026-02-06T23:00:00+08:00,4948.39,4971.39,4921.52,4962.245
2026-02-07T03:00:00+08:00,4962.55,4968.93,4936.04,4967.27
2026-02-09T07:00:00+08:00,4983.54,5047.104,4964.35,5006.89
2026-02-09T11:00:00+08:00,5006.92,5045.7,5005.305,5030.73
2026-02-09T15:00:00+08:00,5031.376,5040.994,4981.77,4990.63
2026-02-09T19:00:00+08:00,4990.63,5040.74,4988.23,5037.91
2026-02-09T23:00:00+08:00,5037.998,5081.21,5023.23,5062.634
2026-02-10T03:00:00+08:00,5062.62,5086.53,5048.169,5059.15
2026-02-10T07:00:00+08:00,5058.76,5076.16,4987.31,5037.875
2026-02-10T11:00:00+08:00,5037.76,5045.506,5010.72,5024.36
2026-02-10T15:00:00+08:00,5024.64,5063.254,5018.125,5046.78
2026-02-10T19:00:00+08:00,5046.78,5078.67,5019.1,5039
2026-02-10T23:00:00+08:00,5039.509,5048.03,4998.56,5013.131
2026-02-11T03:00:00+08:00,5012.775,5045.7,5008.34,5023.88
2026-02-11T07:00:00+08:00,5026.17,5057.68,5023.92,5055.376
2026-02-11T11:00:00+08:00,5055.431,5064.624,5043.16,5063.94
2026-02-11T15:00:00+08:00,5063.97,5101.23,5045.12,5093.221
2026-02-11T19:00:00+08:00,5093.231,5119.159,5018.48,5058.998
2026-02-11T23:00:00+08:00,5059.41,5098.88,5038.63,5082.331
2026-02-12T03:00:00+08:00,5082.35,5094.33,5069.4,5083.77
2026-02-12T07:00:00+08:00,5086.07,5100.21,5044.34,5065.57
2026-02-12T11:00:00+08:00,5065.88,5078.31,5046.54,5059.65
2026-02-12T15:00:00+08:00,5059.18,5080.745,5051.11,5061.62
2026-02-12T19:00:00+08:00,5061.62,5083.74,5039.09,5044.445
2026-02-12T23:00:00+08:00,5044.434,5074.83,4877.75,4935.55
2026-02-13T03:00:00+08:00,4935.52,4958.16,4910.46,4921.63
2026-02-13T07:00:00+08:00,4923.07,4991.649,4886.15,4988.105
2026-02-13T11:00:00+08:00,4988.13,4997.367,4944.28,4966.74
2026-02-13T15:00:00+08:00,4967.17,4989.53,4946.74,4950.08
2026-02-13T19:00:00+08:00,4949.953,5011.34,4933.495,4995.52
2026-02-13T23:00:00+08:00,4995.185,5035.537,4973.36,5031.13
2026-02-14T03:00:00+08:00,5031.121,5046.261,5020.99,5042.2
2026-02-16T07:00:00+08:00,5032.57,5053.11,4991.72,4994.56
2026-02-16T11:00:00+08:00,4994.67,5003.06,4964.05,4994.87
2026-02-16T15:00:00+08:00,4994.39,5017.22,4988.745,5005.67
2026-02-16T19:00:00+08:00,5005.67,5008.17,4981.41,4988.24
2026-02-16T23:00:00+08:00,4988.37,4997.79,4968.63,4994.685
2026-02-17T03:00:00+08:00,4994.522,4996.33,4990.05,4993.51
2026-02-17T07:00:00+08:00,4995.6,5000.85,4922.45,4966.39
2026-02-17T11:00:00+08:00,4966.39,4970.159,4857.96,4910.23
2026-02-17T15:00:00+08:00,4910.301,4939.37,4903.595,4912.74
2026-02-17T19:00:00+08:00,4912.74,4944.351,4841.37,4863.599
2026-02-17T23:00:00+08:00,4863.764,4910.76,4848.32,4898.92
2026-02-18T03:00:00+08:00,4898.904,4901.19,4872.77,4878.69
2026-02-18T07:00:00+08:00,4878.7,4907.29,4853.53,4905.22
2026-02-18T11:00:00+08:00,4905.254,4940.67,4903.66,4930.8
2026-02-18T15:00:00+08:00,4930.35,4942.3,4909.11,4914.4
2026-02-18T19:00:00+08:00,4914.41,4994.36,4906.01,4991.29
2026-02-18T23:00:00+08:00,4991.778,5010.9,4980.2,4986.538
2026-02-19T03:00:00+08:00,4987.29,4995.45,4972.55,4975.715
2026-02-19T07:00:00+08:00,4975.63,4988.75,4959.89,4968.3
2026-02-19T11:00:00+08:00,4967.61,5020.149,4965.76,5018.28
2026-02-19T15:00:00+08:00,5017.81,5022.043,4981.138,4993.273
2026-02-19T19:00:00+08:00,4992.88,5010.56,4962.638,5005.58
2026-02-19T23:00:00+08:00,5005.653,5022.28,4974.88,4981.63
2026-02-20T03:00:00+08:00,4981.5,5004.231,4977.98,4999.38
2026-02-20T07:00:00+08:00,4998.47,5014.745,4984.89,4996.08
2026-02-20T11:00:00+08:00,4995.53,5030.01,4981.2,5020.573
2026-02-20T15:00:00+08:00,5020.563,5042.64,5004.665,5034.653
2026-02-20T19:00:00+08:00,5034.653,5060.68,5006.54,5054.493
2026-02-20T23:00:00+08:00,5054.045,5076.45,4989.025,5071.22
2026-02-21T03:00:00+08:00,5071.174,5108.53,5068.43,5108.36
2026-02-23T07:00:00+08:00,5108.14,5176.588,5097.72,5173.51
2026-02-23T11:00:00+08:00,5173.51,5176.079,5144.68,5145.679
2026-02-23T15:00:00+08:00,5145.35,5163.47,5121.818,5162.705
2026-02-23T19:00:00+08:00,5162.819,5200.57,5141.14,5192.265
2026-02-23T23:00:00+08:00,5192.29,5219.08,5175.34,5209.52
2026-02-24T03:00:00+08:00,5209.22,5237.84,5206.28,5225.66
2026-02-24T07:00:00+08:00,5226.53,5249.872,5144.65,5189.86
2026-02-24T11:00:00+08:00,5189.87,5191.76,5155.01,5173.45
2026-02-24T15:00:00+08:00,5173.45,5183.85,5162.845,5172.45
2026-02-24T19:00:00+08:00,5172.76,5178.51,5092.54,5128.56
2026-02-24T23:00:00+08:00,5128.511,5170.133,5117.66,5160.039
2026-02-25T03:00:00+08:00,5159.68,5173.18,5138.52,5142.43
2026-02-25T07:00:00+08:00,5143.03,5193.833,5120.409,5180.13
2026-02-25T11:00:00+08:00,5180.599,5210.56,5172.1,5194.27
2026-02-25T15:00:00+08:00,5194.65,5197.202,5169.69,5174.68
2026-02-25T19:00:00+08:00,5175.02,5193.4,5154.75,5191.24
2026-02-25T23:00:00+08:00,5191.24,5217.7,5171.758,5201.964
2026-02-26T03:00:00+08:00,5201.56,5208.404,5144.958,5164.31
2026-02-26T07:00:00+08:00,5160.5,5198.4,5154.8,5184.095
2026-02-26T11:00:00+08:00,5184.23,5205.472,5182.63,5193.28
2026-02-26T15:00:00+08:00,5193.17,5194.82,5165.458,5171.32
2026-02-26T19:00:00+08:00,5171.31,5187.81,5139.26,5164.64
2026-02-26T23:00:00+08:00,5164.815,5192.92,5129.495,5180.315
2026-02-27T03:00:00+08:00,5180.37,5201.08,5179.258,5181.65
2026-02-27T07:00:00+08:00,5184.16,5199.66,5166.43,5183.38
2026-02-27T11:00:00+08:00,5183.345,5200.47,5180.52,5185.27
2026-02-27T15:00:00+08:00,5185.7,5189.728,5168.13,5177.415
2026-02-27T19:00:00+08:00,5177.57,5240.54,5172.21,5223.71
2026-02-27T23:00:00+08:00,5223.71,5257.8,5214.28,5245.358
2026-02-28T03:00:00+08:00,5244.9,5281.327,5239.7,5278.607
2026-03-02T07:00:00+08:00,5281.53,5393.41,5281.33,5346.04
2026-03-02T11:00:00+08:00,5346.457,5389.857,5340.51,5387.368
2026-03-02T15:00:00+08:00,5387.235,5419.32,5378.45,5389.233
2026-03-02T19:00:00+08:00,5388.87,5416.86,5305.49,5333.468
2026-03-02T23:00:00+08:00,5333.68,5349.07,5260.03,5315.55
2026-03-03T03:00:00+08:00,5315.429,5346.43,5313.575,5321.92
2026-03-03T07:00:00+08:00,5323.15,5379.867,5322.55,5366.31
2026-03-03T11:00:00+08:00,5366.792,5375.674,5278.598,5310.06
2026-03-03T15:00:00+08:00,5310.51,5336,5225.866,5248.285
2026-03-03T19:00:00+08:00,5247.93,5264.16,5015.67,5037.948
2026-03-03T23:00:00+08:00,5038.39,5138.33,4995.475,5136.004
2026-03-04T03:00:00+08:00,5136.004,5149.02,5082.78,5088.33
2026-03-04T07:00:00+08:00,5101.22,5190.784,5083.21,5156.22
2026-03-04T11:00:00+08:00,5156.296,5181.03,5119.728,5159.87
2026-03-04T15:00:00+08:00,5160.704,5202.61,5147.238,5189.844
2026-03-04T19:00:00+08:00,5189.82,5206.138,5138.22,5146.518
2026-03-04T23:00:00+08:00,5146.373,5167.12,5108.678,5133.52
2026-03-05T03:00:00+08:00,5133.727,5146.774,5122.93,5140.94
2026-03-05T07:00:00+08:00,5134.86,5192.54,5134.86,5191.94
2026-03-05T11:00:00+08:00,5191.944,5194.953,5119.995,5167.47
2026-03-05T15:00:00+08:00,5167.504,5180.71,5137.2,5164.22
2026-03-05T19:00:00+08:00,5164.48,5171.622,5082.195,5102.259
2026-03-05T23:00:00+08:00,5102.1,5120.04,5050.638,5069.24
2026-03-06T03:00:00+08:00,5068.64,5094.8,5055.235,5084.69
2026-03-06T07:00:00+08:00,5086.76,5143.84,5065.44,5126.38
2026-03-06T11:00:00+08:00,5126.299,5141.57,5108.69,5115.829
2026-03-06T15:00:00+08:00,5115.606,5123.12,5075.32,5090.971
2026-03-06T19:00:00+08:00,5090.04,5132.36,5062.01,5130.424
2026-03-06T23:00:00+08:00,5130.486,5171.58,5125.6,5160.89
2026-03-07T03:00:00+08:00,5161.08,5177.059,5149.155,5171.798
2026-03-09T06:00:00+08:00,5180.27,5197.868,5013.96,5069.85
2026-03-09T10:00:00+08:00,5070.075,5140.42,5054.84,5124.21
2026-03-09T14:00:00+08:00,5124.17,5134.07,5086.71,5105.23
2026-03-09T18:00:00+08:00,5105.39,5112.33,5066.6,5073.921
2026-03-09T22:00:00+08:00,5073.931,5116.08,5060.139,5095.73
2026-03-10T02:00:00+08:00,5095.75,5148.1,5092.135,5138.785
2026-03-10T06:00:00+08:00,5139.49,5186.252,5116.94,5184.08
2026-03-10T10:00:00+08:00,5184.254,5186.944,5153.84,5177.735
2026-03-10T14:00:00+08:00,5177.86,5195.244,5157.94,5182.584
2026-03-10T18:00:00+08:00,5182.574,5228.75,5156.05,5204.885
2026-03-10T22:00:00+08:00,5205.59,5238.623,5184.75,5227.525
2026-03-11T02:00:00+08:00,5227.6,5228.01,5160.367,5190.61
2026-03-11T06:00:00+08:00,5187.03,5223.22,5181.91,5208.185
2026-03-11T10:00:00+08:00,5208.564,5220.533,5190.22,5199.445
2026-03-11T14:00:00+08:00,5199.544,5210.77,5175.09,5187.79
2026-03-11T18:00:00+08:00,5187.76,5197.14,5148.81,5176.38
2026-03-11T22:00:00+08:00,5176.894,5196.37,5154.165,5169.66
2026-03-12T02:00:00+08:00,5169.73,5183.73,5168.74,5176.27
2026-03-12T06:00:00+08:00,5176.15,5183.768,5124.94,5168.63
2026-03-12T10:00:00+08:00,5168.43,5175.2,5136.65,5154.365
2026-03-12T14:00:00+08:00,5154.56,5190.485,5146.69,5188.383
2026-03-12T18:00:00+08:00,5188.21,5191.77,5145.68,5151.224
2026-03-12T22:00:00+08:00,5151.124,5163.67,5102.23,5105.295
2026-03-13T02:00:00+08:00,5105.251,5112.595,5054.24,5080.07
2026-03-13T06:00:00+08:00,5080.27,5124.485,5071.815,5124.05
2026-03-13T10:00:00+08:00,5123.97,5128.43,5097.59,5103.175
2026-03-13T14:00:00+08:00,5102.38,5107.86,5060.98,5089.22
2026-03-13T18:00:00+08:00,5089.529,5121.86,5079.46,5101.677
2026-03-13T22:00:00+08:00,5101.8,5107.99,5018.7,5046.29
2026-03-14T02:00:00+08:00,5046.289,5051.705,5009.32,5018.098
2026-03-16T06:00:00+08:00,5004.25,5030.964,4966.12,5015.874
2026-03-16T10:00:00+08:00,5015.705,5026.31,4997.39,5016.92
2026-03-16T14:00:00+08:00,5017.33,5036.02,4972.175,4975.428
2026-03-16T18:00:00+08:00,4975.287,5034.46,4969.82,5029.76
2026-03-16T22:00:00+08:00,5029.5,5038.112,4973.63,4991.23
2026-03-17T02:00:00+08:00,4991.22,5021.74,4989.78,5004.535
2026-03-17T06:00:00+08:00,5007.73,5027.885,4994.37,5027.72
2026-03-17T10:00:00+08:00,5027.765,5044.53,5019.59,5020.66
2026-03-17T14:00:00+08:00,5020.475,5029.72,5004.685,5010.56
2026-03-17T18:00:00+08:00,5010.575,5031.54,4991.71,5016.641
2026-03-17T22:00:00+08:00,5016.66,5020.51,4973.23,5002.405
2026-03-18T02:00:00+08:00,5002.46,5009.02,4996.06,5006.505
2026-03-18T06:00:00+08:00,5005.96,5016.01,4990.78,4998.345
2026-03-18T10:00:00+08:00,4998.19,5007.07,4981.425,4997.56
2026-03-18T14:00:00+08:00,4997.05,5016.41,4977.14,4992.075
2026-03-18T18:00:00+08:00,4991.95,4992.21,4833.78,4878.09
2026-03-18T22:00:00+08:00,4878.322,4899.001,4856.2,4890.64
2026-03-19T02:00:00+08:00,4889.535,4899.328,4806.59,4818.77
2026-03-19T06:00:00+08:00,4828.6,4867.186,4803.845,4849.927
2026-03-19T10:00:00+08:00,4849.957,4866.08,4826.56,4827.43
2026-03-19T14:00:00+08:00,4827.447,4842.265,4686.33,4698.896
2026-03-19T18:00:00+08:00,4698.94,4719.892,4502.01,4621.323
2026-03-19T22:00:00+08:00,4621.373,4649.063,4565.56,4616.01
2026-03-20T02:00:00+08:00,4615.749,4663.263,4595.835,4649.41
2026-03-20T06:00:00+08:00,4654.13,4699.34,4633.46,4677.2
2026-03-20T10:00:00+08:00,4677.31,4736.48,4669.54,4688.35
2026-03-20T14:00:00+08:00,4688.41,4734.796,4659.32,4667.557
2026-03-20T18:00:00+08:00,4666.96,4695.6,4612.27,4616.3
2026-03-20T22:00:00+08:00,4616.462,4622.61,4540.09,4572.55
2026-03-21T02:00:00+08:00,4573.37,4578.41,4477.11,4491.67
2026-03-23T06:00:00+08:00,4468.254,4536.37,4318.825,4387.38
2026-03-23T10:00:00+08:00,4387.42,4422.065,4301.698,4310.295
2026-03-23T14:00:00+08:00,4310.285,4310.69,4098.275,4253.576
2026-03-23T18:00:00+08:00,4253.245,4492.53,4240.65,4453.93
2026-03-23T22:00:00+08:00,4453.975,4512.85,4350.54,4425.7
2026-03-24T02:00:00+08:00,4426.294,4467.28,4382.42,4407.35
2026-03-24T06:00:00+08:00,4417.14,4448.41,4307.46,4322.01
2026-03-24T10:00:00+08:00,4322.04,4379.433,4305.32,4347.17
2026-03-24T14:00:00+08:00,4347.3,4433.22,4342,4426.354
2026-03-24T18:00:00+08:00,4426.4,4442.1,4350.995,4381.461
2026-03-24T22:00:00+08:00,4381.481,4433.805,4371.64,4388.425
2026-03-25T02:00:00+08:00,4388.514,4484.24,4383.545,4472.02
2026-03-25T06:00:00+08:00,4469.42,4601.042,4455.258,4594.934
2026-03-25T10:00:00+08:00,4594.802,4602.631,4548.898,4555.57
2026-03-25T14:00:00+08:00,4554.88,4567.741,4527.21,4551.82
2026-03-25T18:00:00+08:00,4551.911,4585.71,4520.87,4544.54
2026-03-25T22:00:00+08:00,4544.681,4579.358,4524.64,4550.525
2026-03-26T02:00:00+08:00,4550.94,4568.96,4486.42,4505.31
2026-03-26T06:00:00+08:00,4525.85,4544.42,4488.24,4535.675
2026-03-26T10:00:00+08:00,4535.45,4535.93,4438.32,4439.19
2026-03-26T14:00:00+08:00,4439.025,4463.842,4412.11,4423.67
2026-03-26T18:00:00+08:00,4423.68,4460.86,4416.08,4452.72
2026-03-26T22:00:00+08:00,4451.96,4479.524,4366.2,4381.46
2026-03-27T02:00:00+08:00,4381.493,4420.82,4350.52,4381.91
2026-03-27T06:00:00+08:00,4377.86,4420.589,4369.6,4417.414
2026-03-27T10:00:00+08:00,4417.045,4475.225,4416.7,4453.65
2026-03-27T14:00:00+08:00,4454.65,4472.9,4420.25,4428.85
2026-03-27T18:00:00+08:00,4428.78,4445.28,4403.85,4432.21
2026-03-27T22:00:00+08:00,4431.12,4555.51,4430.095,4486.708
2026-03-28T02:00:00+08:00,4486.589,4528.693,4486.145,4493.118
2026-03-30T06:00:00+08:00,4497.74,4515.315,4417.665,4469.38
2026-03-30T10:00:00+08:00,4469.404,4528.55,4458.39,4522.383
2026-03-30T14:00:00+08:00,4522.383,4550.76,4515.43,4532.32
2026-03-30T18:00:00+08:00,4532.344,4580.78,4516.12,4523.323
2026-03-30T22:00:00+08:00,4523.333,4556.76,4511.015,4514.99
2026-03-31T02:00:00+08:00,4515.099,4523.31,4492.7,4513.97
2026-03-31T06:00:00+08:00,4512.544,4619.504,4481.89,4604.685
2026-03-31T10:00:00+08:00,4604.72,4607.45,4547.09,4568.85
2026-03-31T14:00:00+08:00,4568.873,4575.39,4543.065,4555.17
2026-03-31T18:00:00+08:00,4555.543,4609.78,4529.115,4607.36
2026-03-31T22:00:00+08:00,4607.6,4667.48,4594.52,4654.735
2026-04-01T02:00:00+08:00,4654.62,4687.34,4652.92,4668.88
2026-04-01T06:00:00+08:00,4671.423,4724.26,4661.6,4692.58
2026-04-01T10:00:00+08:00,4692.71,4703.51,4666.44,4684.11
2026-04-01T14:00:00+08:00,4684.27,4747.63,4682.27,4722.935
2026-04-01T18:00:00+08:00,4722.78,4763.129,4714.92,4738.29
2026-04-01T22:00:00+08:00,4737.912,4793.135,4723.49,4774.275
2026-04-02T02:00:00+08:00,4774.018,4778.25,4741.62,4758.67
2026-04-02T06:00:00+08:00,4758.5,4800.46,4649.67,4696.672
2026-04-02T10:00:00+08:00,4696.68,4704.18,4585.28,4593.825
2026-04-02T14:00:00+08:00,4594.15,4651.215,4553.158,4621.21
2026-04-02T18:00:00+08:00,4621.73,4651.48,4580.34,4646.236
2026-04-02T22:00:00+08:00,4645.595,4699.985,4631.131,4648.77
2026-04-03T02:00:00+08:00,4648.8,4681.86,4647.07,4676.86
2026-04-06T06:00:00+08:00,4648.41,4671.79,4600.05,4625.87
2026-04-06T10:00:00+08:00,4625.88,4678.96,4622.87,4652.12
2026-04-06T14:00:00+08:00,4652.7,4706.75,4642.995,4693.24
2026-04-06T18:00:00+08:00,4693.26,4697.67,4659.41,4679.4
2026-04-06T22:00:00+08:00,4680.06,4697.82,4645.318,4653.46
2026-04-07T02:00:00+08:00,4653.345,4666.678,4644.9,4649.22
2026-04-07T06:00:00+08:00,4658.85,4664.546,4615.81,4626.25
2026-04-07T10:00:00+08:00,4626.14,4664.27,4619.24,4642.46
2026-04-07T14:00:00+08:00,4642.8,4694.54,4636.465,4671
2026-04-07T18:00:00+08:00,4670.91,4680.663,4628.17,4644.02
2026-04-07T22:00:00+08:00,4643.655,4686.64,4606.79,4675.852
2026-04-08T02:00:00+08:00,4675.51,4718.742,4657.06,4701.4
2026-04-08T06:00:00+08:00,4721.83,4857.55,4712.645,4809.91
2026-04-08T10:00:00+08:00,4810.151,4843.836,4789.58,4827.35
2026-04-08T14:00:00+08:00,4827.526,4839.885,4775.728,4783.24
2026-04-08T18:00:00+08:00,4783.02,4807.25,4767.62,4777.66
2026-04-08T22:00:00+08:00,4777.645,4792.097,4731.07,4733.745
2026-04-09T02:00:00+08:00,4734.062,4744.58,4699.235,4719.5
2026-04-09T06:00:00+08:00,4719.9,4734.62,4698.05,4727.35
2026-04-09T10:00:00+08:00,4727.28,4732.96,4704.79,4713.278
2026-04-09T14:00:00+08:00,4713.04,4733.54,4702.87,4729.32
2026-04-09T18:00:00+08:00,4729.192,4777.3,4723.46,4764.351
2026-04-09T22:00:00+08:00,4764.35,4801.25,4746.95,4797.94
2026-04-10T02:00:00+08:00,4797.95,4798.15,4760.505,4763.53
2026-04-10T06:00:00+08:00,4769.35,4780.371,4750.23,4764.502
2026-04-10T10:00:00+08:00,4764.335,4770.84,4737.39,4765.9
2026-04-10T14:00:00+08:00,4765.93,4765.98,4730.205,4751.567
2026-04-10T18:00:00+08:00,4751.502,4782.315,4742.095,4774.405
2026-04-10T22:00:00+08:00,4775.02,4795.1,4747.07,4760.25
2026-04-11T02:00:00+08:00,4760.288,4773.29,4740.44,4746.898
2026-04-13T06:00:00+08:00,4683.18,4728.089,4638.01,4721.239
2026-04-13T10:00:00+08:00,4721.219,4730.82,4708.23,4729.27
2026-04-13T14:00:00+08:00,4729.298,4740.03,4710.22,4714.545
2026-04-13T18:00:00+08:00,4714.572,4744.638,4703.165,4730.263
2026-04-13T22:00:00+08:00,4730.492,4750.14,4699.91,4729.98
2026-04-14T02:00:00+08:00,4729.56,4747.53,4722.66,4742.6
2026-04-14T06:00:00+08:00,4744.6,4776.85,4742.3,4764.856
2026-04-14T10:00:00+08:00,4765.15,4777.19,4757.6,4760.027
2026-04-14T14:00:00+08:00,4760.027,4796.552,4759.36,4777.86
2026-04-14T18:00:00+08:00,4777.85,4803.612,4751.285,4794.21
2026-04-14T22:00:00+08:00,4794.37,4841.703,4790.89,4834.845
2026-04-15T02:00:00+08:00,4834.955,4846.35,4830.49,4842.59
2026-04-15T06:00:00+08:00,4839.371,4871.52,4826.6,4847.03
2026-04-15T10:00:00+08:00,4846.72,4853.46,4812.09,4819.535
2026-04-15T14:00:00+08:00,4819.54,4825.007,4785.89,4797.95
2026-04-15T18:00:00+08:00,4798.128,4830.18,4789.915,4828.847
2026-04-15T22:00:00+08:00,4828.847,4830.65,4786.71,4792.577
2026-04-16T02:00:00+08:00,4792.315,4803.56,4787.19,4797.693
2026-04-16T06:00:00+08:00,4790.142,4837.7,4789.65,4817.82
2026-04-16T10:00:00+08:00,4817.6,4838.41,4811.89,4821.17
2026-04-16T14:00:00+08:00,4821.211,4830.97,4806.128,4812.95
2026-04-16T18:00:00+08:00,4812.655,4824.07,4784.42,4794.68
2026-04-16T22:00:00+08:00,4794.802,4813.03,4772.35,4789.118
2026-04-17T02:00:00+08:00,4789.145,4798.63,4785.27,4787.431
2026-04-17T06:00:00+08:00,4791.488,4801.31,4767.05,4789.26
2026-04-17T10:00:00+08:00,4789.422,4806.26,4783.71,4794.26
2026-04-17T14:00:00+08:00,4793.78,4800.966,4778.37,4790.302
2026-04-17T18:00:00+08:00,4790.28,4890.967,4781.92,4880.281
2026-04-17T22:00:00+08:00,4879.96,4885.64,4853.07,4862.378
2026-04-18T02:00:00+08:00,4862.26,4868.12,4826.968,4837.49
2026-04-20T06:00:00+08:00,4792.17,4814.39,4736.39,4807.36
2026-04-20T10:00:00+08:00,4807.821,4809.177,4779.15,4790.78
2026-04-20T14:00:00+08:00,4790.812,4805.82,4783.16,4791.637
2026-04-20T18:00:00+08:00,4791.511,4826.46,4786.315,4817.87
2026-04-20T22:00:00+08:00,4817.545,4827.63,4791.7,4806.55
2026-04-21T02:00:00+08:00,4806.515,4822.465,4806.47,4822.293
2026-04-21T06:00:00+08:00,4822.8,4833.231,4805.25,4810.33
2026-04-21T10:00:00+08:00,4810.112,4810.49,4782.785,4784.03
2026-04-21T14:00:00+08:00,4784.15,4793,4772.395,4783.345
2026-04-21T18:00:00+08:00,4783.82,4798.1,4760.65,4778.825
2026-04-21T22:00:00+08:00,4779.031,4782.55,4696.36,4710.38
2026-04-22T02:00:00+08:00,4710.81,4721.625,4667.68,4721.483
2026-04-22T06:00:00+08:00,4720.792,4755.73,4714.86,4752.07
2026-04-22T10:00:00+08:00,4752.112,4772.13,4749.728,4767.42
2026-04-22T14:00:00+08:00,4767.41,4772.307,4751.51,4755.109
2026-04-22T18:00:00+08:00,4755.07,4761.12,4736.02,4753
2026-04-22T22:00:00+08:00,4752.735,4757.51,4723.57,4736.97
2026-04-23T02:00:00+08:00,4737.09,4750.03,4729.56,4739.57
2026-04-23T06:00:00+08:00,4756.35,4756.36,4693.638,4723.16
2026-04-23T10:00:00+08:00,4723.045,4724.73,4692.078,4713.485
2026-04-23T14:00:00+08:00,4713.36,4724.881,4694.45,4697.18
2026-04-23T18:00:00+08:00,4697.51,4743.148,4683.93,4724.315
2026-04-23T22:00:00+08:00,4724.18,4741.14,4663.58,4709.16
2026-04-24T02:00:00+08:00,4709.242,4722.3,4686.36,4692.42
2026-04-24T06:00:00+08:00,4702.58,4711.1,4686.39,4698.91
2026-04-24T10:00:00+08:00,4699.41,4700.74,4657.485,4685.92
2026-04-24T14:00:00+08:00,4686.32,4697.52,4666.32,4681.95
2026-04-24T18:00:00+08:00,4682.01,4718.12,4674.27,4711.52
2026-04-24T22:00:00+08:00,4712.01,4740.32,4706.59,4723.245
2026-04-25T02:00:00+08:00,4723.27,4726.06,4704.66,4708.62
2026-04-27T06:00:00+08:00,4721.28,4721.29,4671.58,4702.56
2026-04-27T10:00:00+08:00,4702.415,4730.19,4695.76,4709.44
2026-04-27T14:00:00+08:00,4709.94,4718.43,4699.155,4703.51
2026-04-27T18:00:00+08:00,4703.37,4712.77,4688.825,4696.083
2026-04-27T22:00:00+08:00,4696.04,4696.83,4666.62,4682.015
2026-04-28T02:00:00+08:00,4682.123,4685.6,4676.42,4682.138
2026-04-28T06:00:00+08:00,4685.59,4701.28,4668.92,4670.57
2026-04-28T10:00:00+08:00,4670.345,4679.88,4623.52,4632.15
2026-04-28T14:00:00+08:00,4632.15,4642.98,4604.5,4604.775
2026-04-28T18:00:00+08:00,4604.69,4616.5,4554.35,4580.293
2026-04-28T22:00:00+08:00,4580.41,4601.551,4556.58,4594.703
2026-04-29T02:00:00+08:00,4594.73,4600.93,4590.72,4594.97
2026-04-29T06:00:00+08:00,4600.27,4610.447,4575.56,4584.68
2026-04-29T10:00:00+08:00,4584.763,4607.78,4584.19,4590.925
2026-04-29T14:00:00+08:00,4590.77,4598.74,4551.23,4555.67
2026-04-29T18:00:00+08:00,4555.575,4576.62,4509.875,4521.76
2026-04-29T22:00:00+08:00,4521.485,4565.03,4517.53,4547.34
2026-04-30T02:00:00+08:00,4547.32,4553.57,4517.59,4547.803
2026-04-30T06:00:00+08:00,4544.09,4582.59,4538.52,4579.037
2026-04-30T10:00:00+08:00,4579.23,4582.05,4540.4,4562.405
2026-04-30T14:00:00+08:00,4562.538,4631.85,4559.79,4625.07
2026-04-30T18:00:00+08:00,4625.123,4646.95,4610.34,4610.76
2026-04-30T22:00:00+08:00,4610.933,4626.05,4605.158,4616.78
2026-05-01T02:00:00+08:00,4616.83,4627.68,4614.24,4618.228
2026-05-01T06:00:00+08:00,4616.55,4635.81,4613.31,4620.765
2026-05-01T10:00:00+08:00,4620.51,4636.13,4602.45,4604.92
2026-05-01T14:00:00+08:00,4604.82,4607.96,4559.93,4562.681
2026-05-01T18:00:00+08:00,4562.66,4629.02,4560.99,4625.44
2026-05-01T22:00:00+08:00,4625.383,4660.28,4618.77,4629.39
2026-05-02T02:00:00+08:00,4629.503,4630.743,4606.23,4614.22
2026-05-04T06:00:00+08:00,4632.83,4639.01,4592.1,4613.16
2026-05-04T10:00:00+08:00,4613,4618.68,4590.65,4599.04
2026-05-04T14:00:00+08:00,4598.983,4600.78,4572.1,4575.244
2026-05-04T18:00:00+08:00,4575.52,4579.34,4525.69,4563.875
2026-05-04T22:00:00+08:00,4563.97,4583.26,4499.92,4522.11
2026-05-05T02:00:00+08:00,4522.16,4527.24,4509.57,4521.43
2026-05-05T06:00:00+08:00,4524.92,4542.32,4513.25,4540.878
2026-05-05T10:00:00+08:00,4540.86,4551.82,4527.59,4545.24
2026-05-05T14:00:00+08:00,4545.688,4560.61,4533.43,4556.191
2026-05-05T18:00:00+08:00,4556.055,4584.92,4539.63,4579.02
2026-05-05T22:00:00+08:00,4578.765,4586.543,4552.96,4559.78
2026-05-06T02:00:00+08:00,4559.715,4565.84,4548.455,4555.608
2026-05-06T06:00:00+08:00,4560.42,4628.84,4545.55,4625.985
2026-05-06T10:00:00+08:00,4625.92,4663.83,4624.72,4662.61
2026-05-06T14:00:00+08:00,4662.87,4708.56,4656.59,4701.59
2026-05-06T18:00:00+08:00,4701.822,4723.085,4660.195,4702.028
2026-05-06T22:00:00+08:00,4702.132,4717.46,4678.25,4684.03
2026-05-07T02:00:00+08:00,4684.037,4700.182,4681.64,4691.035
2026-05-07T06:00:00+08:00,4693.64,4721.406,4684.73,4714.792
2026-05-07T10:00:00+08:00,4714.682,4718.605,4691.95,4700.987
2026-05-07T14:00:00+08:00,4701,4753.53,4700.71,4728.97
2026-05-07T18:00:00+08:00,4728.63,4758.26,4726.25,4746.322
2026-05-07T22:00:00+08:00,4746.22,4764.73,4686.89,4710.83
2026-05-08T02:00:00+08:00,4711.482,4719.2,4684.103,4685.145
2026-05-08T06:00:00+08:00,4683.82,4725.42,4672.74,4722.73
2026-05-08T10:00:00+08:00,4722.75,4732.85,4706.51,4727.492
2026-05-08T14:00:00+08:00,4727.44,4734.61,4696.46,4711.733
2026-05-08T18:00:00+08:00,4711.852,4747.972,4702.52,4747.8
2026-05-08T22:00:00+08:00,4747.8,4749.39,4701.65,4720.765
2026-05-09T02:00:00+08:00,4720.822,4729.07,4713.56,4713.56
2026-05-11T06:00:00+08:00,4686.15,4705.62,4669.68,4685.68
2026-05-11T10:00:00+08:00,4685.635,4700.18,4647.71,4652.213
2026-05-11T14:00:00+08:00,4652.203,4680.52,4648.8,4656.772
2026-05-11T18:00:00+08:00,4656.43,4748.61,4656.06,4736.27
2026-05-11T22:00:00+08:00,4736.1,4738.57,4707.715,4723.6
2026-05-12T02:00:00+08:00,4723.632,4738.62,4720.85,4735.593
2026-05-12T06:00:00+08:00,4733.82,4773.58,4719.99,4727.2
2026-05-12T10:00:00+08:00,4727.06,4733.94,4708.475,4714.41
2026-05-12T14:00:00+08:00,4714.15,4714.44,4686.529,4699.11
2026-05-12T18:00:00+08:00,4699.36,4711.62,4676.65,4679.25
2026-05-12T22:00:00+08:00,4679.308,4695.16,4637.96,4678.635
2026-05-13T02:00:00+08:00,4678.71,4719.32,4675.87,4714.39
2026-05-13T06:00:00+08:00,4713.08,4727.09,4700.845,4702.512
2026-05-13T10:00:00+08:00,4702.472,4707.66,4687.198,4704.017
2026-05-13T14:00:00+08:00,4703.95,4715.43,4685.6,4700.83
2026-05-13T18:00:00+08:00,4700.83,4710.63,4669.38,4679.31
2026-05-13T22:00:00+08:00,4679.115,4710.5,4672.52,4685.375
2026-05-14T02:00:00+08:00,4685.51,4694.21,4677.425,4683.675
2026-05-14T06:00:00+08:00,4689.402,4707.02,4683.15,4688.9
2026-05-14T10:00:00+08:00,4688.67,4712.76,4667.91,4689.72
2026-05-14T14:00:00+08:00,4689.883,4718.95,4685.66,4699.62
2026-05-14T18:00:00+08:00,4699.5,4710.18,4665.975,4679.5
2026-05-14T22:00:00+08:00,4679.315,4701.02,4669.955,4678.142
2026-05-15T02:00:00+08:00,4678.16,4678.405,4643.153,4649.518
2026-05-15T06:00:00+08:00,4653.8,4665.36,4606.92,4613.24
2026-05-15T10:00:00+08:00,4613.776,4623.48,4556.881,4558.828
2026-05-15T14:00:00+08:00,4558.828,4588.683,4531.7,4545.715
2026-05-15T18:00:00+08:00,4545.69,4572.58,4511.215,4533.315
2026-05-15T22:00:00+08:00,4533.353,4566.58,4525.155,4559.493
2026-05-16T02:00:00+08:00,4559.445,4563.07,4532.64,4539.39
2026-05-18T06:00:00+08:00,4531.02,4555.17,4480.01,4525.46
2026-05-18T10:00:00+08:00,4525.42,4552.17,4521.765,4530.938
2026-05-18T14:00:00+08:00,4530.38,4560.07,4529.18,4542.94
2026-05-18T18:00:00+08:00,4542.908,4585.03,4529.48,4575.56
2026-05-18T22:00:00+08:00,4575.485,4575.77,4531.575,4546.915
2026-05-19T02:00:00+08:00,4546.924,4566.98,4533.85,4566.403
2026-05-19T06:00:00+08:00,4566.28,4589.37,4553.96,4563.725
2026-05-19T10:00:00+08:00,4563.75,4563.88,4530.41,4540.64
2026-05-19T14:00:00+08:00,4540.64,4559.34,4533.12,4541.605
2026-05-19T18:00:00+08:00,4541.764,4548.03,4464.4,4503.48
2026-05-19T22:00:00+08:00,4503.595,4514.26,4484.11,4500.92
2026-05-20T02:00:00+08:00,4500.824,4503.72,4480.64,4481.9
2026-05-20T06:00:00+08:00,4498.27,4508.96,4455.625,4481.21
2026-05-20T10:00:00+08:00,4481.265,4487.11,4453,4472.94
2026-05-20T14:00:00+08:00,4472.6,4491.184,4461.05,4484.773
2026-05-20T18:00:00+08:00,4484.904,4506.18,4481.58,4482.98
2026-05-20T22:00:00+08:00,4483.009,4552.81,4466.73,4531.175
2026-05-21T02:00:00+08:00,4531.349,4550.37,4528.84,4543.09
2026-05-21T06:00:00+08:00,4538.86,4570.89,4534.03,4561.024
2026-05-21T10:00:00+08:00,4561.15,4564.94,4518.09,4527.97
2026-05-21T14:00:00+08:00,4527.968,4543.053,4511.52,4530.475
2026-05-21T18:00:00+08:00,4530.608,4535.57,4488.22,4513.025
2026-05-21T22:00:00+08:00,4513.191,4559.32,4496.37,4551.22
2026-05-22T02:00:00+08:00,4551.21,4556.16,4526.89,4542.115
2026-05-22T06:00:00+08:00,4542.748,4546,4520.64,4526.135
2026-05-22T10:00:00+08:00,4526.21,4534.37,4506.94,4511.16
2026-05-22T14:00:00+08:00,4511.244,4536.46,4509.625,4531.92
2026-05-22T18:00:00+08:00,4532.05,4536.84,4509.88,4513.255
2026-05-22T22:00:00+08:00,4513.245,4527.85,4491.578,4519.17
2026-05-23T02:00:00+08:00,4519.111,4520.21,4503.55,4508.93
2026-05-25T06:00:00+08:00,4531.86,4580.013,4518.32,4562.88
2026-05-25T10:00:00+08:00,4562.46,4570.26,4551.59,4553.271
2026-05-25T14:00:00+08:00,4553.338,4569.24,4550.08,4567.55
2026-05-25T18:00:00+08:00,4567.568,4577.04,4552.52,4563.07
2026-05-25T22:00:00+08:00,4563.1,4577.95,4561.95,4565.09
2026-05-26T02:00:00+08:00,4564.82,4571.525,4564.055,4570.824
2026-05-26T06:00:00+08:00,4569.051,4580.27,4527.395,4537.028
2026-05-26T10:00:00+08:00,4537.023,4545.46,4522.735,4527.13
2026-05-26T14:00:00+08:00,4527.045,4539.08,4511.69,4522.548
2026-05-26T18:00:00+08:00,4522.51,4540.579,4500.22,4513.77
2026-05-26T22:00:00+08:00,4514.045,4524.99,4489.685,4491.069
2026-05-27T02:00:00+08:00,4490.89,4511.028,4482.24,4506.34
2026-05-27T06:00:00+08:00,4510.15,4539.6,4495.5,4507.85
2026-05-27T10:00:00+08:00,4507.86,4517.28,4491.355,4497.44
2026-05-27T14:00:00+08:00,4497.54,4499.17,4475.46,4489.985
2026-05-27T18:00:00+08:00,4490.104,4490.65,4401.13,4427.272
2026-05-27T22:00:00+08:00,4427.324,4455.52,4425.785,4450.363
2026-05-28T02:00:00+08:00,4450.165,4458.838,4447.44,4455.28
2026-05-28T06:00:00+08:00,4456.25,4467.99,4406.51,4409.953
2026-05-28T10:00:00+08:00,4410.1,4412.77,4365.85,4387.6
2026-05-28T14:00:00+08:00,4387.698,4399.13,4373.685,4393.43
2026-05-28T18:00:00+08:00,4393.625,4439.12,4374.678,4429.77
2026-05-28T22:00:00+08:00,4429.995,4514.58,4420.49,4508.78
2026-05-29T02:00:00+08:00,4508.738,4516.65,4494.42,4495.745
2026-05-29T06:00:00+08:00,4497.82,4520.673,4488.62,4506.335
2026-05-29T10:00:00+08:00,4506.355,4515.88,4494.45,4514.784
2026-05-29T14:00:00+08:00,4514.745,4539.59,4509.59,4530.67
2026-05-29T18:00:00+08:00,4531.084,4543.33,4512.51,4536.55
2026-05-29T22:00:00+08:00,4536.53,4595.35,4525.068,4553.5
2026-05-30T02:00:00+08:00,4553.513,4561.77,4537.298,4537.87
2026-06-01T06:00:00+08:00,4540.3,4546.106,4517.555,4524.99
2026-06-01T10:00:00+08:00,4525.424,4535.44,4508.32,4518.04
2026-06-01T14:00:00+08:00,4518.11,4518.84,4488.8,4495.86
2026-06-01T18:00:00+08:00,4495.924,4513.05,4447.94,4449.635
2026-06-01T22:00:00+08:00,4450.05,4495.48,4447.22,4487.449
2026-06-02T02:00:00+08:00,4487.408,4490.29,4478.84,4483.89
2026-06-02T06:00:00+08:00,4484.691,4497.24,4462.55,4474.21
2026-06-02T10:00:00+08:00,4474.19,4528.25,4471.688,4517.02
2026-06-02T14:00:00+08:00,4516.99,4541.538,4516.55,4529.878
2026-06-02T18:00:00+08:00,4529.833,4534.75,4502.095,4502.52
2026-06-02T22:00:00+08:00,4502.54,4509,4481.885,4484.554
2026-06-03T02:00:00+08:00,4484.544,4491.51,4478.49,4491.51
2026-06-03T06:00:00+08:00,4489.358,4496.733,4461.58,4475.684
2026-06-03T10:00:00+08:00,4475.53,4488.18,4456.298,4457.06
2026-06-03T14:00:00+08:00,4456.728,4472.25,4438.59,4443.02
2026-06-03T18:00:00+08:00,4443.034,4468.09,4425.98,4445.734
2026-06-03T22:00:00+08:00,4445.764,4459.62,4433.4,4438.73
2026-06-04T02:00:00+08:00,4438.74,4452.28,4429.86,4434.495
2026-06-04T06:00:00+08:00,4434.92,4473.7,4423.31,4465.564
2026-06-04T10:00:00+08:00,4465.804,4484.36,4455.23,4469.125
2026-06-04T14:00:00+08:00,4468.98,4477.22,4458.22,4470.155
2026-06-04T18:00:00+08:00,4470.19,4515.43,4463.92,4495.655
2026-06-04T22:00:00+08:00,4495.75,4499.91,4456.96,4478.16
2026-06-05T02:00:00+08:00,4478.05,4483.49,4472.52,4474.315
2026-06-05T06:00:00+08:00,4475.957,4481.46,4443.79,4446.785
2026-06-05T10:00:00+08:00,4446.655,4454.974,4434.88,4439.82
2026-06-05T14:00:00+08:00,4439.95,4469.41,4428.42,4464.858
2026-06-05T18:00:00+08:00,4464.76,4475.85,4365.24,4365.66
2026-06-05T22:00:00+08:00,4365.68,4379.39,4323.15,4341.715
2026-06-06T02:00:00+08:00,4341.69,4342.12,4311.09,4328.81
2026-06-08T06:00:00+08:00,4330.21,4353.5,4299.61,4325.615
2026-06-08T10:00:00+08:00,4325.585,4330.91,4268.02,4292.01
2026-06-08T14:00:00+08:00,4291.995,4316.97,4272.88,4294.28
2026-06-08T18:00:00+08:00,4293.94,4346.7,4285.75,4326.72
2026-06-08T22:00:00+08:00,4326.739,4346.4,4314.56,4338.85
2026-06-09T02:00:00+08:00,4339.155,4346.02,4323.09,4329.45
2026-06-09T06:00:00+08:00,4331.185,4338.84,4312.48,4336.373
2026-06-09T10:00:00+08:00,4336.5,4351.519,4323.67,4343.405
2026-06-09T14:00:00+08:00,4342.99,4348.905,4320.93,4331.96
2026-06-09T18:00:00+08:00,4331.85,4363.54,4324.96,4328.89
2026-06-09T22:00:00+08:00,4328.93,4336.055,4236.28,4262.99
2026-06-10T02:00:00+08:00,4263,4274.33,4249.77,4260.07
2026-06-10T06:00:00+08:00,4253,4257.49,4183.59,4188.57
2026-06-10T10:00:00+08:00,4188.656,4209.16,4171.97,4204.96
2026-06-10T14:00:00+08:00,4205.105,4221.996,4161.12,4168.625
2026-06-10T18:00:00+08:00,4168.53,4186.3,4130.46,4179.5
2026-06-10T22:00:00+08:00,4179.54,4181.34,4100.5,4111.4
2026-06-11T02:00:00+08:00,4111.81,4120.6,4066.49,4071.815
2026-06-11T06:00:00+08:00,4072.293,4118.14,4023.1,4101.87
2026-06-11T10:00:00+08:00,4101.86,4106.31,4051.88,4094.19
2026-06-11T14:00:00+08:00,4093.88,4112.67,4075.76,4091.64
2026-06-11T18:00:00+08:00,4091.58,4095.97,4057.24,4083.17
2026-06-11T22:00:00+08:00,4083.18,4170.09,4052.56,4151.69
2026-06-12T02:00:00+08:00,4151.787,4220.18,4131.08,4212.31
2026-06-12T06:00:00+08:00,4209.03,4246.566,4171.06,4186.736
2026-06-12T10:00:00+08:00,4186.55,4204.94,4170.4,4173.23
2026-06-12T14:00:00+08:00,4173.23,4228.096,4169.88,4221.851
2026-06-12T18:00:00+08:00,4221.85,4225.66,4182.51,4186.103
2026-06-12T22:00:00+08:00,4186.24,4235.59,4176.93,4221.286
2026-06-13T02:00:00+08:00,4221.18,4235.51,4201.61,4218.97
2026-06-15T06:00:00+08:00,4269.138,4319.64,4260.917,4316.43
2026-06-15T10:00:00+08:00,4316.75,4335.56,4307.06,4309.953
2026-06-15T14:00:00+08:00,4310.075,4345.4,4300.53,4336.565
2026-06-15T18:00:00+08:00,4336.624,4368.8,4324.37,4355.26
2026-06-15T22:00:00+08:00,4355.52,4369.45,4320.43,4324.705
2026-06-16T02:00:00+08:00,4324.725,4328.11,4305.76,4309.68
2026-06-16T06:00:00+08:00,4309.62,4325.97,4305.21,4313.526
2026-06-16T10:00:00+08:00,4313.36,4333.17,4307.36,4315.83
2026-06-16T14:00:00+08:00,4315.61,4348.355,4313.07,4345.22
2026-06-16T18:00:00+08:00,4345.205,4355.08,4331.24,4331.745
2026-06-16T22:00:00+08:00,4331.44,4347.05,4312.93,4340.22
2026-06-17T02:00:00+08:00,4340.22,4342.97,4329.12,4331.18
2026-06-17T06:00:00+08:00,4330.61,4349.762,4328,4340.54
2026-06-17T10:00:00+08:00,4340.9,4344.66,4317.25,4326.525
2026-06-17T14:00:00+08:00,4326.52,4335.72,4316.88,4329.475
2026-06-17T18:00:00+08:00,4329.45,4345.24,4319.54,4339.6
2026-06-17T22:00:00+08:00,4339.6,4382.45,4330.37,4379.52
2026-06-18T02:00:00+08:00,4379.42,4379.965,4218.42,4256.43
2026-06-18T06:00:00+08:00,4252.47,4328.59,4252.47,4317.47
2026-06-18T10:00:00+08:00,4317.89,4330.01,4300.97,4308.066
2026-06-18T14:00:00+08:00,4308.03,4310.05,4259.34,4268.546
2026-06-18T18:00:00+08:00,4268.74,4276.69,4239.57,4256.496
2026-06-18T22:00:00+08:00,4256.596,4257.95,4213.26,4230.316
2026-06-19T02:00:00+08:00,4230.19,4233.27,4201.14,4219.485
2026-06-19T06:00:00+08:00,4210.07,4213.436,4183.61,4184.847
2026-06-19T10:00:00+08:00,4184.847,4186.34,4121.43,4139.69
2026-06-19T14:00:00+08:00,4139.646,4178.73,4132.32,4162.75
2026-06-19T18:00:00+08:00,4162.887,4182.96,4141.56,4151.476
2026-06-19T22:00:00+08:00,4151.39,4158.2,4142.29,4155.57
2026-06-22T06:00:00+08:00,4144.68,4221.13,4136.07,4190.843
2026-06-22T10:00:00+08:00,4190.946,4200.32,4170.28,4193.61
2026-06-22T14:00:00+08:00,4193.6,4210.2,4188.48,4208.26
2026-06-22T18:00:00+08:00,4208.26,4215.26,4182.55,4199.783
2026-06-22T22:00:00+08:00,4199.806,4210.95,4169.46,4182.898
2026-06-23T02:00:00+08:00,4183.15,4193.75,4182.3,4189.67
2026-06-23T06:00:00+08:00,4186.22,4198.44,4149.66,4161.11
2026-06-23T10:00:00+08:00,4161.24,4163.455,4114.22,4121.16
2026-06-23T14:00:00+08:00,4121.146,4127.03,4090.5,4122.25
2026-06-23T18:00:00+08:00,4122.217,4140.54,4104.92,4135.5
2026-06-23T22:00:00+08:00,4135.641,4145.12,4122.36,4127.966
2026-06-24T02:00:00+08:00,4128.59,4131.69,4106.82,4111.12
2026-06-24T06:00:00+08:00,4114.3,4117.52,4068.07,4088.81
2026-06-24T10:00:00+08:00,4089.04,4095.98,4049.91,4075.81
2026-06-24T14:00:00+08:00,4075.91,4097.6,4064.01,4064.5
2026-06-24T18:00:00+08:00,4064.5,4067.23,3964.24,4038.29
2026-06-24T22:00:00+08:00,4037.94,4041.18,3972.42,3972.65
2026-06-25T02:00:00+08:00,3972.66,4003.07,3958.81,3998.65
2026-06-25T06:00:00+08:00,3995.08,4018.7,3972.27,3976.7
2026-06-25T10:00:00+08:00,3976.688,4001.21,3962.09,3986.11
2026-06-25T14:00:00+08:00,3986.55,4002.13,3971.17,3988.22
2026-06-25T18:00:00+08:00,3988.19,4034.08,3973.34,4002.322
2026-06-25T22:00:00+08:00,4002.322,4044.07,3998.6,4034.71
2026-06-26T02:00:00+08:00,4034.578,4044.29,4021.59,4026.175
2026-06-26T06:00:00+08:00,4011.65,4036.63,4010.9,4020.855
2026-06-26T10:00:00+08:00,4020.87,4023.34,3982.53,4007.998
2026-06-26T14:00:00+08:00,4008.01,4054.24,4006.47,4047.12
2026-06-26T18:00:00+08:00,4047.17,4078.03,4035.43,4073.38
2026-06-26T22:00:00+08:00,4072.93,4096.73,4066.93,4074.35
2026-06-27T02:00:00+08:00,4074.65,4090.767,4064.14,4088.87
2026-06-29T06:00:00+08:00,4086.469,4088.44,4047.67,4061.31
2026-06-29T10:00:00+08:00,4060.69,4075.81,4038.62,4054.35
2026-06-29T14:00:00+08:00,4054.377,4068.56,4024.37,4031.32
2026-06-29T18:00:00+08:00,4031.5,4052.57,4027.1,4032.268
2026-06-29T22:00:00+08:00,4032.05,4035.61,3999.896,4020.93
2026-06-30T02:00:00+08:00,4020.89,4025.37,4005.11,4015.62
2026-06-30T06:00:00+08:00,4017.68,4022.47,3942.43,3969.35
2026-06-30T10:00:00+08:00,3969.36,3998.17,3951.89,3977.87
2026-06-30T14:00:00+08:00,3977.89,4037.64,3977.47,4023.972
2026-06-30T18:00:00+08:00,4023.915,4037.35,4008.33,4029.628
2026-06-30T22:00:00+08:00,4029.46,4063.42,4020.57,4030.52
2026-07-01T02:00:00+08:00,4030.64,4033.85,4005.95,4007.418
2026-07-01T06:00:00+08:00,4011.62,4018.46,3973.47,3977.38
2026-07-01T10:00:00+08:00,3977.742,3987.06,3969.6,3973.992
2026-07-01T14:00:00+08:00,3973.66,3986.13,3959.84,3984.428
2026-07-01T18:00:00+08:00,3984.405,4108.12,3981.09,4089.607
2026-07-01T22:00:00+08:00,4089.32,4115.675,4066.98,4068.13
2026-07-02T02:00:00+08:00,4068.168,4071.03,4028.05,4031.19
2026-07-02T06:00:00+08:00,4035.2,4068.54,4030.29,4050.115
2026-07-02T10:00:00+08:00,4049.97,4074.15,4040.97,4065.925
2026-07-02T14:00:00+08:00,4066.09,4080.22,4060.41,4065.257
2026-07-02T18:00:00+08:00,4065.232,4144.15,4057.12,4136.796
2026-07-02T22:00:00+08:00,4136.81,4138.34,4099.94,4106.747
2026-07-03T02:00:00+08:00,4106.77,4127,4105.68,4122.34
2026-07-03T06:00:00+08:00,4122.752,4195.65,4120.74,4182.226
2026-07-03T10:00:00+08:00,4182.33,4186.87,4168.78,4171.075
2026-07-03T14:00:00+08:00,4171.123,4186.61,4159.94,4171.918
2026-07-03T18:00:00+08:00,4171.98,4186.43,4163.22,4164.676
2026-07-03T22:00:00+08:00,4164.676,4176.336,4155.1,4174.76
2026-07-06T06:00:00+08:00,4173.153,4203.21,4169.6,4185.996
2026-07-06T10:00:00+08:00,4185.953,4187.82,4144.41,4147.82
2026-07-06T14:00:00+08:00,4147.951,4166.35,4136.18,4142.94
2026-07-06T18:00:00+08:00,4143.18,4159.64,4131.12,4140.403
2026-07-06T22:00:00+08:00,4141.06,4162.19,4127.96,4161.2
2026-07-07T02:00:00+08:00,4161.08,4167.57,4155.16,4164.47
2026-07-07T06:00:00+08:00,4166.558,4168.56,4125.32,4141.9
2026-07-07T10:00:00+08:00,4141.82,4145.71,4116.31,4123.787
2026-07-07T14:00:00+08:00,4123.76,4139.41,4119.63,4130.93
2026-07-07T18:00:00+08:00,4131.176,4180.46,4130.88,4158.556
2026-07-07T22:00:00+08:00,4158.6,4163.74,4135.5,4144.55
2026-07-08T02:00:00+08:00,4144.521,4145.26,4091.88,4105.505
2026-07-08T06:00:00+08:00,4107.695,4126.78,4093.36,4111.005
2026-07-08T10:00:00+08:00,4111.06,4134.02,4105.54,4127.84
2026-07-08T14:00:00+08:00,4127.805,4133.68,4041.3,4043.22
2026-07-08T18:00:00+08:00,4043.29,4086.54,4040.35,4070.715
2026-07-08T22:00:00+08:00,4070.812,4076.48,4021.52,4065.608
2026-07-09T02:00:00+08:00,4065.608,4091.59,4063.16,4074.57
2026-07-09T06:00:00+08:00,4077.65,4089.8,4061.93,4072.88
2026-07-09T10:00:00+08:00,4072.82,4084.23,4053.87,4082.03
2026-07-09T14:00:00+08:00,4081.927,4117.8,4081.16,4106.21
2026-07-09T18:00:00+08:00,4106.271,4129.61,4093.47,4121.825
2026-07-09T22:00:00+08:00,4121.897,4138.09,4114.04,4136.2
2026-07-10T02:00:00+08:00,4136.19,4136.35,4118.56,4123.435
2026-07-10T06:00:00+08:00,4124.432,4131.09,4108.35,4116.71
2026-07-10T10:00:00+08:00,4116.72,4134.84,4107.87,4116.78
2026-07-10T14:00:00+08:00,4116.87,4120.2,4094.16,4104.296
2026-07-10T18:00:00+08:00,4104.2,4117.74,4085.31,4099.897
2026-07-10T22:00:00+08:00,4099.69,4115.46,4071.86,4100.81
2026-07-11T02:00:00+08:00,4100.666,4120.98,4097.42,4120.378