time,open,high,low,close
2026-03-27T16:00:00+08:00,100.012,100.029,99.976,99.977
2026-03-27T16:30:00+08:00,99.979,100.007,99.955,99.983
2026-03-27T17:00:00+08:00,99.988,100.045,99.962,99.978
2026-03-27T17:30:00+08:00,99.981,100.025,99.956,100.012
2026-03-27T18:00:00+08:00,100.012,100.018,99.96,99.964
2026-03-27T18:30:00+08:00,99.968,100.07,99.959,100.064
2026-03-27T19:00:00+08:00,100.064,100.076,100.039,100.05
2026-03-27T19:30:00+08:00,100.051,100.118,100.04,100.103
2026-03-27T20:00:00+08:00,100.104,100.149,100.081,100.096
2026-03-27T20:30:00+08:00,100.094,100.132,100.045,100.066
2026-03-27T21:00:00+08:00,100.068,100.086,99.987,100.006
2026-03-27T21:30:00+08:00,100.006,100.047,99.93,100.005
2026-03-27T22:00:00+08:00,100.003,100.003,99.901,99.962
2026-03-27T22:30:00+08:00,99.964,99.98,99.931,99.965
2026-03-27T23:00:00+08:00,99.965,100.005,99.873,99.924
2026-03-27T23:30:00+08:00,99.926,100.076,99.837,100.07
2026-03-28T00:00:00+08:00,100.076,100.09,100.026,100.057
2026-03-28T00:30:00+08:00,100.059,100.115,100.042,100.089
2026-03-28T01:00:00+08:00,100.089,100.186,100.021,100.186
2026-03-28T01:30:00+08:00,100.187,100.206,100.143,100.163
2026-03-28T02:00:00+08:00,100.163,100.203,100.148,100.166
2026-03-28T02:30:00+08:00,100.167,100.171,100.116,100.15
2026-03-28T03:00:00+08:00,100.152,100.183,100.141,100.156
2026-03-28T03:30:00+08:00,100.161,100.179,100.109,100.117
2026-03-28T04:00:00+08:00,100.118,100.159,100.098,100.153
2026-03-28T04:30:00+08:00,100.155,100.193,100.145,100.193
2026-03-30T06:00:00+08:00,100.217,100.314,100.214,100.312
2026-03-30T06:30:00+08:00,100.314,100.342,100.301,100.334
2026-03-30T07:00:00+08:00,100.328,100.337,100.291,100.304
2026-03-30T07:30:00+08:00,100.309,100.342,100.297,100.309
2026-03-30T08:00:00+08:00,100.307,100.322,100.152,100.176
2026-03-30T08:30:00+08:00,100.178,100.2,100.136,100.172
2026-03-30T09:00:00+08:00,100.174,100.207,100.143,100.179
2026-03-30T09:30:00+08:00,100.183,100.204,100.16,100.19
2026-03-30T10:00:00+08:00,100.19,100.222,100.167,100.18
2026-03-30T10:30:00+08:00,100.179,100.18,100.111,100.142
2026-03-30T11:00:00+08:00,100.145,100.151,100.077,100.087
2026-03-30T11:30:00+08:00,100.088,100.112,100.084,100.098
2026-03-30T12:00:00+08:00,100.101,100.101,100.05,100.069
2026-03-30T12:30:00+08:00,100.071,100.113,100.066,100.109
2026-03-30T13:00:00+08:00,100.113,100.124,100.085,100.111
2026-03-30T13:30:00+08:00,100.113,100.132,100.067,100.086
2026-03-30T14:00:00+08:00,100.087,100.115,100.052,100.096
2026-03-30T14:30:00+08:00,100.098,100.133,100.059,100.125
2026-03-30T15:00:00+08:00,100.128,100.207,100.122,100.199
2026-03-30T15:30:00+08:00,100.201,100.261,100.192,100.241
2026-03-30T16:00:00+08:00,100.245,100.3,100.241,100.271
2026-03-30T16:30:00+08:00,100.274,100.28,100.238,100.266
2026-03-30T17:00:00+08:00,100.265,100.34,100.246,100.302
2026-03-30T17:30:00+08:00,100.306,100.33,100.245,100.252
2026-03-30T18:00:00+08:00,100.253,100.278,100.222,100.263
2026-03-30T18:30:00+08:00,100.264,100.292,100.243,100.285
2026-03-30T19:00:00+08:00,100.288,100.295,100.202,100.249
2026-03-30T19:30:00+08:00,100.253,100.315,100.233,100.311
2026-03-30T20:00:00+08:00,100.31,100.39,100.293,100.342
2026-03-30T20:30:00+08:00,100.347,100.352,100.285,100.316
2026-03-30T21:00:00+08:00,100.317,100.346,100.278,100.342
2026-03-30T21:30:00+08:00,100.344,100.494,100.329,100.483
2026-03-30T22:00:00+08:00,100.486,100.561,100.466,100.542
2026-03-30T22:30:00+08:00,100.547,100.551,100.437,100.462
2026-03-30T23:00:00+08:00,100.466,100.614,100.455,100.555
2026-03-30T23:30:00+08:00,100.557,100.568,100.488,100.526
2026-03-31T00:00:00+08:00,100.528,100.551,100.514,100.551
2026-03-31T00:30:00+08:00,100.553,100.577,100.489,100.493
2026-03-31T01:00:00+08:00,100.495,100.534,100.465,100.499
2026-03-31T01:30:00+08:00,100.502,100.531,100.46,100.522
2026-03-31T02:00:00+08:00,100.524,100.525,100.46,100.48
2026-03-31T02:30:00+08:00,100.479,100.514,100.459,100.508
2026-03-31T03:00:00+08:00,100.508,100.568,100.5,100.547
2026-03-31T03:30:00+08:00,100.546,100.548,100.513,100.522
2026-03-31T04:00:00+08:00,100.524,100.546,100.501,100.54
2026-03-31T04:30:00+08:00,100.538,100.545,100.505,100.509
2026-03-31T05:00:00+08:00,100.507,100.534,100.464,100.519
2026-03-31T05:30:00+08:00,100.518,100.521,100.475,100.509
2026-03-31T06:00:00+08:00,100.508,100.508,100.487,100.491
2026-03-31T07:30:00+08:00,100.585,100.585,100.558,100.568
2026-03-31T08:00:00+08:00,100.571,100.643,100.543,100.601
2026-03-31T08:30:00+08:00,100.604,100.629,100.426,100.435
2026-03-31T09:00:00+08:00,100.439,100.459,100.322,100.325
2026-03-31T09:30:00+08:00,100.328,100.408,100.304,100.405
2026-03-31T10:00:00+08:00,100.407,100.427,100.381,100.393
2026-03-31T10:30:00+08:00,100.398,100.423,100.369,100.396
2026-03-31T11:00:00+08:00,100.399,100.439,100.39,100.426
2026-03-31T11:30:00+08:00,100.423,100.476,100.415,100.453
2026-03-31T12:00:00+08:00,100.458,100.458,100.427,100.434
2026-03-31T12:30:00+08:00,100.432,100.455,100.419,100.451
2026-03-31T13:00:00+08:00,100.449,100.489,100.431,100.453
2026-03-31T13:30:00+08:00,100.453,100.485,100.42,100.474
2026-03-31T14:00:00+08:00,100.476,100.509,100.431,100.433
2026-03-31T14:30:00+08:00,100.438,100.504,100.433,100.451
2026-03-31T15:00:00+08:00,100.452,100.521,100.429,100.488
2026-03-31T15:30:00+08:00,100.491,100.491,100.438,100.441
2026-03-31T16:00:00+08:00,100.44,100.487,100.425,100.459
2026-03-31T16:30:00+08:00,100.46,100.466,100.388,100.453
2026-03-31T17:00:00+08:00,100.452,100.481,100.422,100.436
2026-03-31T17:30:00+08:00,100.438,100.481,100.433,100.462
2026-03-31T18:00:00+08:00,100.465,100.502,100.448,100.474
2026-03-31T18:30:00+08:00,100.477,100.549,100.465,100.538
2026-03-31T19:00:00+08:00,100.544,100.55,100.344,100.418
2026-03-31T19:30:00+08:00,100.421,100.436,100.289,100.29
2026-03-31T20:00:00+08:00,100.288,100.322,100.21,100.219
2026-03-31T20:30:00+08:00,100.22,100.225,100.166,100.216
2026-03-31T21:00:00+08:00,100.217,100.244,100.097,100.137
2026-03-31T21:30:00+08:00,100.137,100.166,100.008,100.011
2026-03-31T22:00:00+08:00,100.014,100.104,99.996,100.022
2026-03-31T22:30:00+08:00,100.025,100.239,99.973,100.181
2026-03-31T23:00:00+08:00,100.183,100.21,100.063,100.126
2026-03-31T23:30:00+08:00,100.129,100.236,100.127,100.206
2026-04-01T00:00:00+08:00,100.208,100.238,100.14,100.173
2026-04-01T00:30:00+08:00,100.173,100.178,99.886,100.004
2026-04-01T01:00:00+08:00,100.006,100.012,99.879,99.934
2026-04-01T01:30:00+08:00,99.939,99.999,99.868,99.995
2026-04-01T02:00:00+08:00,99.995,100,99.902,99.929
2026-04-01T02:30:00+08:00,99.927,99.992,99.923,99.96
2026-04-01T03:00:00+08:00,99.964,100.014,99.949,99.975
2026-04-01T03:30:00+08:00,99.976,99.976,99.838,99.847
2026-04-01T04:00:00+08:00,99.849,99.858,99.808,99.856
2026-04-01T04:30:00+08:00,99.857,99.89,99.855,99.885
2026-04-01T05:00:00+08:00,99.886,99.899,99.869,99.88
2026-04-01T05:30:00+08:00,99.881,99.889,99.863,99.863
2026-04-01T06:00:00+08:00,99.862,99.871,99.839,99.856
2026-04-01T07:30:00+08:00,99.785,99.794,99.727,99.731
2026-04-01T08:00:00+08:00,99.733,99.764,99.685,99.698
2026-04-01T08:30:00+08:00,99.7,99.754,99.689,99.73
2026-04-01T09:00:00+08:00,99.733,99.88,99.727,99.806
2026-04-01T09:30:00+08:00,99.808,99.883,99.792,99.825
2026-04-01T10:00:00+08:00,99.827,99.837,99.778,99.796
2026-04-01T10:30:00+08:00,99.801,99.816,99.747,99.77
2026-04-01T11:00:00+08:00,99.77,99.798,99.763,99.788
2026-04-01T11:30:00+08:00,99.789,99.852,99.788,99.838
2026-04-01T12:00:00+08:00,99.839,99.853,99.816,99.829
2026-04-01T12:30:00+08:00,99.827,99.841,99.79,99.795
2026-04-01T13:00:00+08:00,99.797,99.804,99.737,99.738
2026-04-01T13:30:00+08:00,99.737,99.75,99.691,99.748
2026-04-01T14:00:00+08:00,99.749,99.782,99.563,99.58
2026-04-01T14:30:00+08:00,99.581,99.63,99.527,99.533
2026-04-01T15:00:00+08:00,99.537,99.602,99.513,99.563
2026-04-01T15:30:00+08:00,99.568,99.663,99.497,99.651
2026-04-01T16:00:00+08:00,99.653,99.691,99.509,99.509
2026-04-01T16:30:00+08:00,99.506,99.526,99.414,99.516
2026-04-01T17:00:00+08:00,99.517,99.613,99.467,99.599
2026-04-01T17:30:00+08:00,99.601,99.626,99.522,99.535
2026-04-01T18:00:00+08:00,99.534,99.548,99.496,99.508
2026-04-01T18:30:00+08:00,99.51,99.519,99.453,99.487
2026-04-01T19:00:00+08:00,99.489,99.501,99.442,99.484
2026-04-01T19:30:00+08:00,99.482,99.487,99.393,99.408
2026-04-01T20:00:00+08:00,99.41,99.524,99.385,99.51
2026-04-01T20:30:00+08:00,99.515,99.528,99.322,99.463
2026-04-01T21:00:00+08:00,99.462,99.514,99.38,99.43
2026-04-01T21:30:00+08:00,99.426,99.437,99.32,99.424
2026-04-01T22:00:00+08:00,99.427,99.489,99.381,99.411
2026-04-01T22:30:00+08:00,99.408,99.46,99.312,99.335
2026-04-01T23:00:00+08:00,99.333,99.454,99.298,99.446
2026-04-01T23:30:00+08:00,99.451,99.463,99.368,99.392
2026-04-02T00:00:00+08:00,99.395,99.472,99.377,99.442
2026-04-02T00:30:00+08:00,99.442,99.462,99.341,99.341
2026-04-02T01:00:00+08:00,99.34,99.419,99.301,99.416
2026-04-02T01:30:00+08:00,99.419,99.527,99.413,99.521
2026-04-02T02:00:00+08:00,99.528,99.622,99.522,99.608
2026-04-02T02:30:00+08:00,99.613,99.659,99.574,99.651
2026-04-02T03:00:00+08:00,99.649,99.669,99.613,99.622
2026-04-02T03:30:00+08:00,99.62,99.639,99.59,99.619
2026-04-02T04:00:00+08:00,99.619,99.619,99.58,99.583
2026-04-02T04:30:00+08:00,99.581,99.581,99.546,99.564
2026-04-02T05:00:00+08:00,99.565,99.589,99.55,99.553
2026-04-02T05:30:00+08:00,99.551,99.588,99.547,99.552
2026-04-02T06:00:00+08:00,99.557,99.562,99.551,99.552
2026-04-02T07:30:00+08:00,99.539,99.563,99.538,99.56
2026-04-02T08:00:00+08:00,99.562,99.58,99.518,99.574
2026-04-02T08:30:00+08:00,99.575,99.579,99.484,99.503
2026-04-02T09:00:00+08:00,99.507,99.797,99.447,99.777
2026-04-02T09:30:00+08:00,99.781,99.926,99.781,99.884
2026-04-02T10:00:00+08:00,99.884,99.918,99.827,99.917
2026-04-02T10:30:00+08:00,99.919,99.96,99.909,99.937
2026-04-02T11:00:00+08:00,99.942,99.965,99.931,99.946
2026-04-02T11:30:00+08:00,99.95,100.012,99.924,99.992
2026-04-02T12:00:00+08:00,99.997,100.028,99.979,100.026
2026-04-02T12:30:00+08:00,100.028,100.052,100.014,100.016
2026-04-02T13:00:00+08:00,100.017,100.057,99.998,100.049
2026-04-02T13:30:00+08:00,100.052,100.114,100.027,100.113
2026-04-02T14:00:00+08:00,100.114,100.172,100.08,100.103
2026-04-02T14:30:00+08:00,100.104,100.116,100.029,100.04
2026-04-02T15:00:00+08:00,100.037,100.119,100.024,100.105
2026-04-02T15:30:00+08:00,100.108,100.172,100.071,100.074
2026-04-02T16:00:00+08:00,100.075,100.135,100.055,100.117
2026-04-02T16:30:00+08:00,100.117,100.157,100.097,100.146
2026-04-02T17:00:00+08:00,100.15,100.175,100.122,100.135
2026-04-02T17:30:00+08:00,100.14,100.151,100.088,100.128
2026-04-02T18:00:00+08:00,100.125,100.218,100.125,100.186
2026-04-02T18:30:00+08:00,100.186,100.24,100.18,100.234
2026-04-02T19:00:00+08:00,100.237,100.263,100.222,100.245
2026-04-02T19:30:00+08:00,100.246,100.249,100.173,100.184
2026-04-02T20:00:00+08:00,100.189,100.189,100.099,100.109
2026-04-02T20:30:00+08:00,100.11,100.141,100.082,100.13
2026-04-02T21:00:00+08:00,100.131,100.171,100.093,100.109
2026-04-02T21:30:00+08:00,100.114,100.162,100.066,100.071
2026-04-02T22:00:00+08:00,100.074,100.102,100.037,100.075
2026-04-02T22:30:00+08:00,100.078,100.105,99.855,99.917
2026-04-02T23:00:00+08:00,99.919,99.979,99.853,99.91
2026-04-02T23:30:00+08:00,99.914,99.965,99.884,99.941
2026-04-03T00:00:00+08:00,99.943,99.988,99.922,99.969
2026-04-03T00:30:00+08:00,99.969,99.985,99.924,99.984
2026-04-03T01:00:00+08:00,99.988,100.008,99.921,99.958
2026-04-03T01:30:00+08:00,99.962,100.025,99.958,100.013
2026-04-03T02:00:00+08:00,100.012,100.053,99.998,100.047
2026-04-03T02:30:00+08:00,100.048,100.062,100.003,100.028
2026-04-03T03:00:00+08:00,100.032,100.032,99.975,100.001
2026-04-03T03:30:00+08:00,100.002,100.054,99.995,100.05
2026-04-03T04:00:00+08:00,100.052,100.06,100.009,100.009
2026-04-03T04:30:00+08:00,100.011,100.026,100.006,100.015
2026-04-03T05:00:00+08:00,100.015,100.035,99.998,100
2026-04-03T05:30:00+08:00,100.003,100.017,99.988,99.992
2026-04-03T06:00:00+08:00,99.999,100.02,99.997,100.017
2026-04-03T07:30:00+08:00,99.986,99.99,99.981,99.984
2026-04-03T08:00:00+08:00,99.988,99.991,99.953,99.981
2026-04-03T08:30:00+08:00,99.983,100.013,99.963,100.009
2026-04-03T09:00:00+08:00,100.009,100.018,99.998,100.011
2026-04-03T09:30:00+08:00,100.014,100.048,100.009,100.041
2026-04-03T10:00:00+08:00,100.04,100.065,100.014,100.065
2026-04-03T10:30:00+08:00,100.065,100.065,100.028,100.036
2026-04-03T11:00:00+08:00,100.035,100.042,100.022,100.034
2026-04-03T11:30:00+08:00,100.037,100.05,100.023,100.027
2026-04-03T12:00:00+08:00,100.026,100.037,100.025,100.033
2026-04-03T12:30:00+08:00,100.035,100.046,100.027,100.045
2026-04-03T13:00:00+08:00,100.048,100.077,100.038,100.066
2026-04-03T13:30:00+08:00,100.067,100.071,100.012,100.015
2026-04-03T14:00:00+08:00,100.014,100.036,100.002,100.036
2026-04-03T14:30:00+08:00,100.034,100.04,99.99,100.002
2026-04-03T15:00:00+08:00,100.006,100.006,99.953,99.972
2026-04-03T15:30:00+08:00,99.972,99.983,99.953,99.978
2026-04-03T16:00:00+08:00,99.98,100.007,99.97,99.988
2026-04-03T16:30:00+08:00,99.99,99.991,99.963,99.977
2026-04-03T17:00:00+08:00,99.978,99.991,99.961,99.966
2026-04-03T17:30:00+08:00,99.968,99.998,99.964,99.981
2026-04-03T18:00:00+08:00,99.981,99.99,99.971,99.973
2026-04-03T18:30:00+08:00,99.979,99.998,99.946,99.976
2026-04-03T19:00:00+08:00,99.976,99.993,99.964,99.987
2026-04-03T19:30:00+08:00,99.985,99.999,99.968,99.978
2026-04-03T20:00:00+08:00,99.976,100.003,99.969,99.996
2026-04-03T20:30:00+08:00,99.998,100.16,99.992,100.09
2026-04-03T21:00:00+08:00,100.092,100.103,100.029,100.082
2026-04-03T21:30:00+08:00,100.087,100.107,100.046,100.052
2026-04-03T22:00:00+08:00,100.051,100.141,100.044,100.127
2026-04-03T22:30:00+08:00,100.13,100.166,100.116,100.164
2026-04-03T23:00:00+08:00,100.162,100.165,100.113,100.139
2026-04-03T23:30:00+08:00,100.14,100.18,100.133,100.165
2026-04-04T00:00:00+08:00,100.167,100.186,100.162,100.179
2026-04-04T00:30:00+08:00,100.179,100.186,100.167,100.186
2026-04-04T01:00:00+08:00,100.187,100.188,100.171,100.186
2026-04-04T01:30:00+08:00,100.187,100.192,100.171,100.179
2026-04-04T02:00:00+08:00,100.18,100.188,100.174,100.188
2026-04-04T02:30:00+08:00,100.186,100.221,100.185,100.217
2026-04-04T03:00:00+08:00,100.219,100.222,100.211,100.216
2026-04-04T03:30:00+08:00,100.217,100.223,100.215,100.221
2026-04-04T04:00:00+08:00,100.223,100.223,100.113,100.187
2026-04-04T04:30:00+08:00,100.189,100.214,100.171,100.185
2026-04-06T06:00:00+08:00,100.181,100.286,100.179,100.242
2026-04-06T06:30:00+08:00,100.243,100.26,100.203,100.217
2026-04-06T07:00:00+08:00,100.215,100.266,100.197,100.266
2026-04-06T07:30:00+08:00,100.267,100.269,100.243,100.262
2026-04-06T08:00:00+08:00,100.265,100.266,100.195,100.223
2026-04-06T08:30:00+08:00,100.222,100.248,100.203,100.238
2026-04-06T09:00:00+08:00,100.24,100.258,100.21,100.239
2026-04-06T09:30:00+08:00,100.237,100.275,100.235,100.272
2026-04-06T10:00:00+08:00,100.274,100.274,100.099,100.131
2026-04-06T10:30:00+08:00,100.13,100.155,100.121,100.151
2026-04-06T11:00:00+08:00,100.151,100.171,100.135,100.147
2026-04-06T11:30:00+08:00,100.149,100.181,100.144,100.168
2026-04-06T12:00:00+08:00,100.168,100.17,100.143,100.156
2026-04-06T12:30:00+08:00,100.159,100.16,100.117,100.127
2026-04-06T13:00:00+08:00,100.13,100.135,100.083,100.102
2026-04-06T13:30:00+08:00,100.104,100.124,100.1,100.116
2026-04-06T14:00:00+08:00,100.12,100.136,100.101,100.13
2026-04-06T14:30:00+08:00,100.129,100.145,100.04,100.071
2026-04-06T15:00:00+08:00,100.07,100.133,100.059,100.064
2026-04-06T15:30:00+08:00,100.067,100.067,99.794,99.828
2026-04-06T16:00:00+08:00,99.827,99.88,99.795,99.853
2026-04-06T16:30:00+08:00,99.856,99.891,99.823,99.881
2026-04-06T17:00:00+08:00,99.88,99.889,99.854,99.876
2026-04-06T17:30:00+08:00,99.876,99.938,99.844,99.915
2026-04-06T18:00:00+08:00,99.919,99.934,99.883,99.93
2026-04-06T18:30:00+08:00,99.934,99.988,99.906,99.928
2026-04-06T19:00:00+08:00,99.934,99.994,99.918,99.974
2026-04-06T19:30:00+08:00,99.977,99.981,99.935,99.954
2026-04-06T20:00:00+08:00,99.955,99.977,99.932,99.949
2026-04-06T20:30:00+08:00,99.946,99.95,99.87,99.885
2026-04-06T21:00:00+08:00,99.887,99.915,99.855,99.857
2026-04-06T21:30:00+08:00,99.859,99.873,99.833,99.847
2026-04-06T22:00:00+08:00,99.836,99.892,99.786,99.795
2026-04-06T22:30:00+08:00,99.798,99.98,99.757,99.976
2026-04-06T23:00:00+08:00,99.978,100.047,99.976,100.016
2026-04-06T23:30:00+08:00,100.017,100.041,99.977,99.982
2026-04-07T00:00:00+08:00,99.984,99.994,99.95,99.969
2026-04-07T00:30:00+08:00,99.971,99.996,99.951,99.978
2026-04-07T01:00:00+08:00,99.982,100.07,99.977,99.998
2026-04-07T01:30:00+08:00,100,100.026,99.963,100.013
2026-04-07T02:00:00+08:00,100.018,100.03,99.919,99.933
2026-04-07T02:30:00+08:00,99.934,99.996,99.923,99.981
2026-04-07T03:00:00+08:00,99.979,100.009,99.969,100.006
2026-04-07T03:30:00+08:00,100.005,100.017,99.973,99.998
2026-04-07T04:00:00+08:00,99.998,100.014,99.984,99.992
2026-04-07T04:30:00+08:00,99.989,100.003,99.983,99.998
2026-04-07T05:00:00+08:00,100.003,100.005,99.987,99.999
2026-04-07T05:30:00+08:00,99.995,100.004,99.974,99.997
2026-04-07T06:00:00+08:00,99.996,99.997,99.989,99.989
2026-04-07T07:30:00+08:00,100.012,100.012,99.997,100.005
2026-04-07T08:00:00+08:00,100.006,100.033,99.987,100.012
2026-04-07T08:30:00+08:00,100.017,100.047,100.008,100.044
2026-04-07T09:00:00+08:00,100.045,100.067,100.023,100.051
2026-04-07T09:30:00+08:00,100.052,100.139,100.047,100.118
2026-04-07T10:00:00+08:00,100.12,100.156,100.112,100.12
2026-04-07T10:30:00+08:00,100.119,100.127,100.098,100.115
2026-04-07T11:00:00+08:00,100.117,100.125,100.097,100.104
2026-04-07T11:30:00+08:00,100.108,100.109,100.07,100.077
2026-04-07T12:00:00+08:00,100.073,100.083,100.059,100.065
2026-04-07T12:30:00+08:00,100.067,100.071,100.027,100.035
2026-04-07T13:00:00+08:00,100.034,100.061,100.026,100.055
2026-04-07T13:30:00+08:00,100.055,100.106,100.042,100.055
2026-04-07T14:00:00+08:00,100.06,100.083,100.025,100.032
2026-04-07T14:30:00+08:00,100.034,100.045,99.988,99.998
2026-04-07T15:00:00+08:00,100.001,100.063,99.991,100.058
2026-04-07T15:30:00+08:00,100.063,100.063,100.013,100.038
2026-04-07T16:00:00+08:00,100.042,100.045,99.847,99.891
2026-04-07T16:30:00+08:00,99.893,99.903,99.769,99.782
2026-04-07T17:00:00+08:00,99.784,99.847,99.769,99.833
2026-04-07T17:30:00+08:00,99.834,99.887,99.811,99.883
2026-04-07T18:00:00+08:00,99.885,100.017,99.876,99.963
2026-04-07T18:30:00+08:00,99.965,100.024,99.938,99.984
2026-04-07T19:00:00+08:00,99.982,100.022,99.959,99.984
2026-04-07T19:30:00+08:00,99.985,100.01,99.926,99.94
2026-04-07T20:00:00+08:00,99.938,99.983,99.901,99.931
2026-04-07T20:30:00+08:00,99.936,99.966,99.868,99.936
2026-04-07T21:00:00+08:00,99.937,99.967,99.907,99.963
2026-04-07T21:30:00+08:00,99.965,99.995,99.936,99.953
2026-04-07T22:00:00+08:00,99.955,99.998,99.878,99.886
2026-04-07T22:30:00+08:00,99.891,99.906,99.804,99.902
2026-04-07T23:00:00+08:00,99.9,99.961,99.875,99.877
2026-04-07T23:30:00+08:00,99.884,99.942,99.861,99.901
2026-04-08T00:00:00+08:00,99.904,99.904,99.836,99.854
2026-04-08T00:30:00+08:00,99.856,99.899,99.837,99.884
2026-04-08T01:00:00+08:00,99.883,99.919,99.848,99.9
2026-04-08T01:30:00+08:00,99.904,99.904,99.804,99.828
2026-04-08T02:00:00+08:00,99.828,99.831,99.782,99.792
2026-04-08T02:30:00+08:00,99.794,99.878,99.783,99.858
2026-04-08T03:00:00+08:00,99.856,99.872,99.73,99.774
2026-04-08T03:30:00+08:00,99.777,99.784,99.629,99.678
2026-04-08T04:00:00+08:00,99.68,99.694,99.603,99.642
2026-04-08T04:30:00+08:00,99.647,99.685,99.619,99.664
2026-04-08T05:00:00+08:00,99.672,99.681,99.643,99.647
2026-04-08T05:30:00+08:00,99.649,99.649,99.632,99.64
2026-04-08T06:00:00+08:00,99.635,99.635,99.516,99.516
2026-04-08T07:30:00+08:00,98.951,98.962,98.91,98.926
2026-04-08T08:00:00+08:00,98.931,99.033,98.84,99.002
2026-04-08T08:30:00+08:00,99.005,99.06,98.978,99.006
2026-04-08T09:00:00+08:00,99.01,99.02,98.866,98.875
2026-04-08T09:30:00+08:00,98.876,98.965,98.874,98.944
2026-04-08T10:00:00+08:00,98.943,98.998,98.887,98.968
2026-04-08T10:30:00+08:00,98.97,98.998,98.954,98.961
2026-04-08T11:00:00+08:00,98.957,99.004,98.936,98.984
2026-04-08T11:30:00+08:00,98.99,99.006,98.958,98.975
2026-04-08T12:00:00+08:00,98.972,98.973,98.887,98.913
2026-04-08T12:30:00+08:00,98.918,98.931,98.891,98.916
2026-04-08T13:00:00+08:00,98.917,98.944,98.838,98.85
2026-04-08T13:30:00+08:00,98.856,98.864,98.685,98.801
2026-04-08T14:00:00+08:00,98.805,98.869,98.709,98.721
2026-04-08T14:30:00+08:00,98.721,98.816,98.689,98.776
2026-04-08T15:00:00+08:00,98.78,98.91,98.772,98.794
2026-04-08T15:30:00+08:00,98.796,98.822,98.735,98.774
2026-04-08T16:00:00+08:00,98.778,98.87,98.741,98.85
2026-04-08T16:30:00+08:00,98.854,98.968,98.839,98.88
2026-04-08T17:00:00+08:00,98.883,98.884,98.815,98.856
2026-04-08T17:30:00+08:00,98.861,98.911,98.843,98.903
2026-04-08T18:00:00+08:00,98.901,98.923,98.851,98.857
2026-04-08T18:30:00+08:00,98.854,98.861,98.805,98.822
2026-04-08T19:00:00+08:00,98.825,98.86,98.657,98.671
2026-04-08T19:30:00+08:00,98.675,98.77,98.672,98.715
2026-04-08T20:00:00+08:00,98.714,98.785,98.636,98.707
2026-04-08T20:30:00+08:00,98.71,98.71,98.554,98.586
2026-04-08T21:00:00+08:00,98.589,98.677,98.525,98.668
2026-04-08T21:30:00+08:00,98.67,98.811,98.664,98.763
2026-04-08T22:00:00+08:00,98.764,98.782,98.707,98.748
2026-04-08T22:30:00+08:00,98.753,98.818,98.731,98.77
2026-04-08T23:00:00+08:00,98.773,98.867,98.763,98.834
2026-04-08T23:30:00+08:00,98.839,98.859,98.772,98.858
2026-04-09T00:00:00+08:00,98.858,98.92,98.838,98.91
2026-04-09T00:30:00+08:00,98.915,98.923,98.881,98.881
2026-04-09T01:00:00+08:00,98.885,98.967,98.857,98.935
2026-04-09T01:30:00+08:00,98.936,98.983,98.923,98.929
2026-04-09T02:00:00+08:00,98.932,99.015,98.884,99.012
2026-04-09T02:30:00+08:00,99.01,99.134,98.99,99.133
2026-04-09T03:00:00+08:00,99.134,99.179,99.098,99.113
2026-04-09T03:30:00+08:00,99.113,99.115,98.969,98.985
2026-04-09T04:00:00+08:00,98.984,99.045,98.974,99.03
2026-04-09T04:30:00+08:00,99.033,99.041,99.013,99.038
2026-04-09T05:00:00+08:00,99.036,99.049,99.006,99.015
2026-04-09T05:30:00+08:00,99.012,99.033,98.99,99.002
2026-04-09T06:00:00+08:00,99.001,99.019,98.995,98.998
2026-04-09T07:30:00+08:00,99.057,99.075,99.045,99.064
2026-04-09T08:00:00+08:00,99.069,99.118,99.063,99.087
2026-04-09T08:30:00+08:00,99.09,99.106,99.056,99.099
2026-04-09T09:00:00+08:00,99.097,99.157,99.085,99.141
2026-04-09T09:30:00+08:00,99.141,99.141,99.057,99.069
2026-04-09T10:00:00+08:00,99.072,99.089,99.045,99.046
2026-04-09T10:30:00+08:00,99.048,99.048,99.023,99.036
2026-04-09T11:00:00+08:00,99.034,99.055,99.026,99.047
2026-04-09T11:30:00+08:00,99.05,99.074,99.022,99.054
2026-04-09T12:00:00+08:00,99.052,99.058,98.993,99.004
2026-04-09T12:30:00+08:00,99.008,99.032,98.991,99.03
2026-04-09T13:00:00+08:00,99.033,99.06,99.02,99.045
2026-04-09T13:30:00+08:00,99.037,99.092,99.037,99.078
2026-04-09T14:00:00+08:00,99.081,99.132,99.061,99.11
2026-04-09T14:30:00+08:00,99.111,99.114,99.049,99.05
2026-04-09T15:00:00+08:00,99.053,99.112,99.014,99.086
2026-04-09T15:30:00+08:00,99.089,99.117,99.047,99.065
2026-04-09T16:00:00+08:00,99.065,99.1,99.033,99.081
2026-04-09T16:30:00+08:00,99.085,99.085,98.991,99.013
2026-04-09T17:00:00+08:00,99.016,99.048,98.967,98.987
2026-04-09T17:30:00+08:00,98.989,99.021,98.974,99.004
2026-04-09T18:00:00+08:00,99.009,99.009,98.969,98.989
2026-04-09T18:30:00+08:00,98.989,99.04,98.988,99.037
2026-04-09T19:00:00+08:00,99.042,99.054,98.96,98.96
2026-04-09T19:30:00+08:00,98.961,98.962,98.871,98.884
2026-04-09T20:00:00+08:00,98.886,98.965,98.879,98.924
2026-04-09T20:30:00+08:00,98.926,98.974,98.902,98.919
2026-04-09T21:00:00+08:00,98.923,98.937,98.858,98.897
2026-04-09T21:30:00+08:00,98.894,98.944,98.843,98.934
2026-04-09T22:00:00+08:00,98.939,98.948,98.885,98.902
2026-04-09T22:30:00+08:00,98.905,99.021,98.898,98.946
2026-04-09T23:00:00+08:00,98.946,99.012,98.846,98.887
2026-04-09T23:30:00+08:00,98.889,98.892,98.745,98.755
2026-04-10T00:00:00+08:00,98.759,98.774,98.668,98.672
2026-04-10T00:30:00+08:00,98.675,98.731,98.67,98.715
2026-04-10T01:00:00+08:00,98.713,98.717,98.637,98.652
2026-04-10T01:30:00+08:00,98.655,98.705,98.625,98.687
2026-04-10T02:00:00+08:00,98.692,98.819,98.684,98.807
2026-04-10T02:30:00+08:00,98.806,98.835,98.794,98.817
2026-04-10T03:00:00+08:00,98.819,98.831,98.763,98.786
2026-04-10T03:30:00+08:00,98.787,98.814,98.745,98.811
2026-04-10T04:00:00+08:00,98.813,98.835,98.81,98.823
2026-04-10T04:30:00+08:00,98.823,98.842,98.806,98.808
2026-04-10T05:00:00+08:00,98.808,98.818,98.773,98.815
2026-04-10T05:30:00+08:00,98.815,98.826,98.795,98.795
2026-04-10T06:00:00+08:00,98.794,98.806,98.792,98.795
2026-04-10T07:30:00+08:00,98.869,98.886,98.865,98.875
2026-04-10T08:00:00+08:00,98.88,98.93,98.88,98.928
2026-04-10T08:30:00+08:00,98.927,98.932,98.908,98.914
2026-04-10T09:00:00+08:00,98.916,98.929,98.903,98.907
2026-04-10T09:30:00+08:00,98.908,98.91,98.848,98.864
2026-04-10T10:00:00+08:00,98.86,98.92,98.857,98.919
2026-04-10T10:30:00+08:00,98.919,98.922,98.872,98.889
2026-04-10T11:00:00+08:00,98.893,98.898,98.867,98.87
2026-04-10T11:30:00+08:00,98.871,98.883,98.856,98.864
2026-04-10T12:00:00+08:00,98.866,98.874,98.853,98.87
2026-04-10T12:30:00+08:00,98.871,98.895,98.866,98.889
2026-04-10T13:00:00+08:00,98.889,98.93,98.883,98.93
2026-04-10T13:30:00+08:00,98.925,98.929,98.895,98.909
2026-04-10T14:00:00+08:00,98.907,98.957,98.881,98.952
2026-04-10T14:30:00+08:00,98.952,98.963,98.901,98.946
2026-04-10T15:00:00+08:00,98.948,98.964,98.901,98.921
2026-04-10T15:30:00+08:00,98.924,98.998,98.92,98.994
2026-04-10T16:00:00+08:00,98.995,99.007,98.925,98.942
2026-04-10T16:30:00+08:00,98.941,98.956,98.906,98.943
2026-04-10T17:00:00+08:00,98.946,98.952,98.792,98.875
2026-04-10T17:30:00+08:00,98.875,98.883,98.783,98.783
2026-04-10T18:00:00+08:00,98.787,98.821,98.761,98.776
2026-04-10T18:30:00+08:00,98.779,98.785,98.749,98.765
2026-04-10T19:00:00+08:00,98.765,98.77,98.724,98.758
2026-04-10T19:30:00+08:00,98.758,98.773,98.724,98.735
2026-04-10T20:00:00+08:00,98.739,98.752,98.704,98.704
2026-04-10T20:30:00+08:00,98.708,98.723,98.641,98.678
2026-04-10T21:00:00+08:00,98.676,98.691,98.556,98.565
2026-04-10T21:30:00+08:00,98.569,98.649,98.56,98.632
2026-04-10T22:00:00+08:00,98.631,98.642,98.541,98.56
2026-04-10T22:30:00+08:00,98.56,98.704,98.546,98.653
2026-04-10T23:00:00+08:00,98.655,98.655,98.563,98.614
2026-04-10T23:30:00+08:00,98.62,98.703,98.599,98.698
2026-04-11T00:00:00+08:00,98.701,98.721,98.685,98.713
2026-04-11T00:30:00+08:00,98.714,98.778,98.712,98.719
2026-04-11T01:00:00+08:00,98.725,98.739,98.698,98.707
2026-04-11T01:30:00+08:00,98.71,98.719,98.684,98.707
2026-04-11T02:00:00+08:00,98.706,98.745,98.661,98.665
2026-04-11T02:30:00+08:00,98.669,98.669,98.618,98.65
2026-04-11T03:00:00+08:00,98.649,98.674,98.642,98.671
2026-04-11T03:30:00+08:00,98.673,98.68,98.657,98.68
2026-04-11T04:00:00+08:00,98.682,98.684,98.666,98.68
2026-04-11T04:30:00+08:00,98.681,98.713,98.659,98.697
2026-04-13T06:00:00+08:00,99.046,99.157,99.046,99.148
2026-04-13T06:30:00+08:00,99.146,99.165,99.11,99.12
2026-04-13T07:00:00+08:00,99.12,99.183,99.11,99.154
2026-04-13T07:30:00+08:00,99.157,99.164,99.093,99.096
2026-04-13T08:00:00+08:00,99.092,99.136,99.047,99.067
2026-04-13T08:30:00+08:00,99.067,99.07,99.019,99.019
2026-04-13T09:00:00+08:00,99.018,99.045,98.995,99.04
2026-04-13T09:30:00+08:00,99.044,99.073,99.02,99.028
2026-04-13T10:00:00+08:00,99.026,99.036,99.011,99.022
2026-04-13T10:30:00+08:00,99.024,99.041,99.001,99.014
2026-04-13T11:00:00+08:00,99.016,99.039,99.007,99.029
2026-04-13T11:30:00+08:00,99.03,99.035,99.006,99.009
2026-04-13T12:00:00+08:00,99.014,99.018,98.996,99.01
2026-04-13T12:30:00+08:00,99.008,99.031,99.001,99.025
2026-04-13T13:00:00+08:00,99.027,99.048,99.017,99.021
2026-04-13T13:30:00+08:00,99.025,99.029,99.005,99.012
2026-04-13T14:00:00+08:00,99.011,99.012,98.951,98.995
2026-04-13T14:30:00+08:00,98.994,99.066,98.98,99.01
2026-04-13T15:00:00+08:00,99.012,99.012,98.924,98.924
2026-04-13T15:30:00+08:00,98.923,98.937,98.895,98.908
2026-04-13T16:00:00+08:00,98.909,98.962,98.898,98.941
2026-04-13T16:30:00+08:00,98.946,98.999,98.935,98.975
2026-04-13T17:00:00+08:00,98.977,98.997,98.953,98.968
2026-04-13T17:30:00+08:00,98.969,98.986,98.937,98.978
2026-04-13T18:00:00+08:00,98.98,99.006,98.963,98.978
2026-04-13T18:30:00+08:00,98.98,98.995,98.916,98.933
2026-04-13T19:00:00+08:00,98.934,98.934,98.884,98.902
2026-04-13T19:30:00+08:00,98.904,99.031,98.89,99.025
2026-04-13T20:00:00+08:00,99.027,99.038,98.984,99.002
2026-04-13T20:30:00+08:00,99.004,99.008,98.896,98.908
2026-04-13T21:00:00+08:00,98.91,98.92,98.873,98.889
2026-04-13T21:30:00+08:00,98.886,98.893,98.762,98.808
2026-04-13T22:00:00+08:00,98.811,98.845,98.732,98.734
2026-04-13T22:30:00+08:00,98.737,98.748,98.675,98.743
2026-04-13T23:00:00+08:00,98.743,98.802,98.737,98.788
2026-04-13T23:30:00+08:00,98.79,98.816,98.743,98.769
2026-04-14T00:00:00+08:00,98.769,98.793,98.719,98.725
2026-04-14T00:30:00+08:00,98.731,98.731,98.595,98.603
2026-04-14T01:00:00+08:00,98.612,98.624,98.531,98.539
2026-04-14T01:30:00+08:00,98.542,98.57,98.53,98.561
2026-04-14T02:00:00+08:00,98.566,98.566,98.525,98.544
2026-04-14T02:30:00+08:00,98.544,98.546,98.365,98.366
2026-04-14T03:00:00+08:00,98.366,98.433,98.364,98.387
2026-04-14T03:30:00+08:00,98.385,98.414,98.378,98.399
2026-04-14T04:00:00+08:00,98.397,98.414,98.383,98.407
2026-04-14T04:30:00+08:00,98.405,98.428,98.401,98.415
2026-04-14T05:00:00+08:00,98.418,98.439,98.405,98.406
2026-04-14T05:30:00+08:00,98.404,98.43,98.402,98.416
2026-04-14T06:00:00+08:00,98.415,98.416,98.37,98.373
2026-04-14T07:30:00+08:00,98.373,98.373,98.342,98.344
2026-04-14T08:00:00+08:00,98.34,98.388,98.33,98.354
2026-04-14T08:30:00+08:00,98.351,98.364,98.334,98.336
2026-04-14T09:00:00+08:00,98.338,98.371,98.327,98.342
2026-04-14T09:30:00+08:00,98.343,98.389,98.339,98.384
2026-04-14T10:00:00+08:00,98.385,98.409,98.368,98.402
2026-04-14T10:30:00+08:00,98.406,98.414,98.372,98.374
2026-04-14T11:00:00+08:00,98.377,98.39,98.368,98.374
2026-04-14T11:30:00+08:00,98.379,98.379,98.317,98.325
2026-04-14T12:00:00+08:00,98.328,98.341,98.306,98.314
2026-04-14T12:30:00+08:00,98.314,98.328,98.299,98.316
2026-04-14T13:00:00+08:00,98.319,98.368,98.297,98.36
2026-04-14T13:30:00+08:00,98.365,98.379,98.328,98.343
2026-04-14T14:00:00+08:00,98.343,98.393,98.299,98.357
2026-04-14T14:30:00+08:00,98.358,98.364,98.252,98.252
2026-04-14T15:00:00+08:00,98.256,98.258,98.114,98.204
2026-04-14T15:30:00+08:00,98.205,98.223,98.136,98.22
2026-04-14T16:00:00+08:00,98.219,98.265,98.212,98.234
2026-04-14T16:30:00+08:00,98.238,98.248,98.189,98.202
2026-04-14T17:00:00+08:00,98.202,98.202,98.137,98.174
2026-04-14T17:30:00+08:00,98.177,98.2,98.12,98.155
2026-04-14T18:00:00+08:00,98.158,98.158,98.08,98.116
2026-04-14T18:30:00+08:00,98.118,98.128,98.076,98.085
2026-04-14T19:00:00+08:00,98.088,98.092,98.038,98.041
2026-04-14T19:30:00+08:00,98.042,98.084,98.002,98.053
2026-04-14T20:00:00+08:00,98.056,98.102,98.02,98.029
2026-04-14T20:30:00+08:00,98.027,98.066,97.996,97.996
2026-04-14T21:00:00+08:00,97.995,98.079,97.977,98.073
2026-04-14T21:30:00+08:00,98.071,98.099,98.012,98.051
2026-04-14T22:00:00+08:00,98.055,98.082,97.985,98.011
2026-04-14T22:30:00+08:00,98.011,98.031,97.969,97.99
2026-04-14T23:00:00+08:00,97.994,98.104,97.99,98.079
2026-04-14T23:30:00+08:00,98.084,98.153,98.041,98.136
2026-04-15T00:00:00+08:00,98.138,98.154,98.092,98.094
2026-04-15T00:30:00+08:00,98.098,98.12,98.09,98.108
2026-04-15T01:00:00+08:00,98.108,98.129,98.062,98.075
2026-04-15T01:30:00+08:00,98.079,98.094,98.062,98.085
2026-04-15T02:00:00+08:00,98.087,98.122,98.076,98.119
2026-04-15T02:30:00+08:00,98.119,98.143,98.104,98.123
2026-04-15T03:00:00+08:00,98.125,98.14,98.11,98.126
2026-04-15T03:30:00+08:00,98.129,98.143,98.119,98.131
2026-04-15T04:00:00+08:00,98.135,98.136,98.102,98.102
2026-04-15T04:30:00+08:00,98.104,98.118,98.098,98.099
2026-04-15T05:00:00+08:00,98.106,98.129,98.092,98.123
2026-04-15T05:30:00+08:00,98.121,98.134,98.119,98.125
2026-04-15T06:00:00+08:00,98.121,98.121,98.104,98.105
2026-04-15T07:30:00+08:00,98.067,98.082,98.054,98.078
2026-04-15T08:00:00+08:00,98.08,98.126,98.073,98.105
2026-04-15T08:30:00+08:00,98.108,98.144,98.097,98.103
2026-04-15T09:00:00+08:00,98.104,98.142,98.084,98.118
2026-04-15T09:30:00+08:00,98.119,98.144,98.116,98.134
2026-04-15T10:00:00+08:00,98.137,98.197,98.131,98.195
2026-04-15T10:30:00+08:00,98.197,98.23,98.19,98.199
2026-04-15T11:00:00+08:00,98.2,98.223,98.164,98.168
2026-04-15T11:30:00+08:00,98.17,98.182,98.152,98.166
2026-04-15T12:00:00+08:00,98.169,98.174,98.151,98.161
2026-04-15T12:30:00+08:00,98.162,98.176,98.149,98.159
2026-04-15T13:00:00+08:00,98.16,98.161,98.088,98.123
2026-04-15T13:30:00+08:00,98.125,98.153,98.123,98.138
2026-04-15T14:00:00+08:00,98.14,98.155,98.08,98.135
2026-04-15T14:30:00+08:00,98.136,98.191,98.128,98.191
2026-04-15T15:00:00+08:00,98.191,98.192,98.143,98.153
2026-04-15T15:30:00+08:00,98.153,98.18,98.131,98.168
2026-04-15T16:00:00+08:00,98.17,98.171,98.079,98.107
2026-04-15T16:30:00+08:00,98.108,98.157,98.106,98.13
2026-04-15T17:00:00+08:00,98.132,98.237,98.11,98.178
2026-04-15T17:30:00+08:00,98.179,98.226,98.173,98.2
2026-04-15T18:00:00+08:00,98.199,98.277,98.165,98.259
2026-04-15T18:30:00+08:00,98.261,98.285,98.189,98.244
2026-04-15T19:00:00+08:00,98.245,98.261,98.219,98.257
2026-04-15T19:30:00+08:00,98.259,98.284,98.212,98.215
2026-04-15T20:00:00+08:00,98.22,98.265,98.207,98.216
2026-04-15T20:30:00+08:00,98.218,98.257,98.166,98.197
2026-04-15T21:00:00+08:00,98.199,98.207,98.115,98.119
2026-04-15T21:30:00+08:00,98.122,98.203,98.112,98.171
2026-04-15T22:00:00+08:00,98.174,98.192,98.059,98.059
2026-04-15T22:30:00+08:00,98.058,98.122,98.055,98.092
2026-04-15T23:00:00+08:00,98.091,98.106,98.005,98.028
2026-04-15T23:30:00+08:00,98.027,98.083,98.027,98.079
2026-04-16T00:00:00+08:00,98.085,98.088,98.036,98.045
2026-04-16T00:30:00+08:00,98.049,98.079,98.035,98.049
2026-04-16T01:00:00+08:00,98.053,98.072,98.042,98.068
2026-04-16T01:30:00+08:00,98.069,98.121,98.066,98.102
2026-04-16T02:00:00+08:00,98.105,98.114,98.045,98.062
2026-04-16T02:30:00+08:00,98.063,98.084,98.043,98.055
2026-04-16T03:00:00+08:00,98.055,98.074,98.026,98.051
2026-04-16T03:30:00+08:00,98.053,98.061,98.036,98.059
2026-04-16T04:00:00+08:00,98.058,98.093,98.058,98.08
2026-04-16T04:30:00+08:00,98.081,98.099,98.068,98.084
2026-04-16T05:00:00+08:00,98.079,98.094,98.076,98.086
2026-04-16T05:30:00+08:00,98.083,98.089,98.056,98.084
2026-04-16T06:00:00+08:00,98.081,98.081,98.047,98.05
2026-04-16T07:30:00+08:00,98.012,98.013,98.003,98.008
2026-04-16T08:00:00+08:00,98.006,98.033,97.994,98.014
2026-04-16T08:30:00+08:00,98.019,98.032,97.992,97.994
2026-04-16T09:00:00+08:00,97.992,98.015,97.975,98.011
2026-04-16T09:30:00+08:00,98.016,98.068,98,98.024
2026-04-16T10:00:00+08:00,98.026,98.028,97.994,98.016
2026-04-16T10:30:00+08:00,98.018,98.018,97.899,97.901
2026-04-16T11:00:00+08:00,97.899,97.902,97.832,97.902
2026-04-16T11:30:00+08:00,97.904,97.94,97.897,97.935
2026-04-16T12:00:00+08:00,97.938,97.956,97.935,97.95
2026-04-16T12:30:00+08:00,97.95,97.977,97.943,97.963
2026-04-16T13:00:00+08:00,97.968,98.017,97.961,98.007
2026-04-16T13:30:00+08:00,98.011,98.024,97.977,98.014
2026-04-16T14:00:00+08:00,98.015,98.074,97.988,98.061
2026-04-16T14:30:00+08:00,98.057,98.092,97.996,98.005
2026-04-16T15:00:00+08:00,98.01,98.075,97.988,98.046
2026-04-16T15:30:00+08:00,98.049,98.11,98.045,98.099
2026-04-16T16:00:00+08:00,98.1,98.214,98.09,98.195
2026-04-16T16:30:00+08:00,98.196,98.202,98.137,98.155
2026-04-16T17:00:00+08:00,98.154,98.218,98.145,98.212
2026-04-16T17:30:00+08:00,98.214,98.231,98.167,98.207
2026-04-16T18:00:00+08:00,98.212,98.266,98.208,98.265
2026-04-16T18:30:00+08:00,98.264,98.268,98.205,98.208
2026-04-16T19:00:00+08:00,98.213,98.213,98.138,98.162
2026-04-16T19:30:00+08:00,98.164,98.187,98.149,98.162
2026-04-16T20:00:00+08:00,98.161,98.23,98.159,98.189
2026-04-16T20:30:00+08:00,98.19,98.227,98.166,98.19
2026-04-16T21:00:00+08:00,98.189,98.21,98.162,98.184
2026-04-16T21:30:00+08:00,98.181,98.281,98.172,98.245
2026-04-16T22:00:00+08:00,98.248,98.267,98.188,98.216
2026-04-16T22:30:00+08:00,98.222,98.291,98.198,98.269
2026-04-16T23:00:00+08:00,98.271,98.289,98.203,98.242
2026-04-16T23:30:00+08:00,98.244,98.252,98.186,98.187
2026-04-17T00:00:00+08:00,98.189,98.204,98.144,98.192
2026-04-17T00:30:00+08:00,98.196,98.286,98.19,98.244
2026-04-17T01:00:00+08:00,98.246,98.292,98.238,98.276
2026-04-17T01:30:00+08:00,98.279,98.282,98.249,98.263
2026-04-17T02:00:00+08:00,98.265,98.269,98.207,98.235
2026-04-17T02:30:00+08:00,98.234,98.239,98.206,98.215
2026-04-17T03:00:00+08:00,98.213,98.214,98.177,98.186
2026-04-17T03:30:00+08:00,98.185,98.208,98.165,98.205
2026-04-17T04:00:00+08:00,98.21,98.225,98.194,98.208
2026-04-17T04:30:00+08:00,98.207,98.209,98.191,98.203
2026-04-17T05:00:00+08:00,98.213,98.233,98.201,98.213
2026-04-17T05:30:00+08:00,98.211,98.216,98.2,98.207
2026-04-17T06:00:00+08:00,98.207,98.207,98.179,98.179
2026-04-17T07:30:00+08:00,98.189,98.214,98.189,98.211
2026-04-17T08:00:00+08:00,98.212,98.242,98.204,98.216
2026-04-17T08:30:00+08:00,98.216,98.238,98.199,98.235
2026-04-17T09:00:00+08:00,98.233,98.272,98.228,98.257
2026-04-17T09:30:00+08:00,98.261,98.265,98.237,98.255
2026-04-17T10:00:00+08:00,98.256,98.28,98.252,98.259
2026-04-17T10:30:00+08:00,98.261,98.266,98.24,98.246
2026-04-17T11:00:00+08:00,98.247,98.269,98.233,98.263
2026-04-17T11:30:00+08:00,98.268,98.268,98.194,98.207
2026-04-17T12:00:00+08:00,98.21,98.223,98.2,98.212
2026-04-17T12:30:00+08:00,98.214,98.224,98.204,98.215
2026-04-17T13:00:00+08:00,98.215,98.238,98.205,98.206
2026-04-17T13:30:00+08:00,98.204,98.234,98.204,98.225
2026-04-17T14:00:00+08:00,98.227,98.269,98.21,98.265
2026-04-17T14:30:00+08:00,98.266,98.291,98.241,98.273
2026-04-17T15:00:00+08:00,98.272,98.272,98.213,98.225
2026-04-17T15:30:00+08:00,98.228,98.244,98.195,98.198
2026-04-17T16:00:00+08:00,98.202,98.21,98.18,98.186
2026-04-17T16:30:00+08:00,98.188,98.191,98.095,98.104
2026-04-17T17:00:00+08:00,98.104,98.128,98.067,98.072
2026-04-17T17:30:00+08:00,98.076,98.123,98.068,98.103
2026-04-17T18:00:00+08:00,98.103,98.12,98.083,98.103
2026-04-17T18:30:00+08:00,98.103,98.128,98.096,98.118
2026-04-17T19:00:00+08:00,98.119,98.138,98.086,98.099
2026-04-17T19:30:00+08:00,98.097,98.124,98.075,98.107
2026-04-17T20:00:00+08:00,98.11,98.11,97.998,98.033
2026-04-17T20:30:00+08:00,98.034,98.035,97.756,97.764
2026-04-17T21:00:00+08:00,97.766,97.804,97.632,97.776
2026-04-17T21:30:00+08:00,97.776,97.828,97.683,97.749
2026-04-17T22:00:00+08:00,97.755,97.806,97.694,97.741
2026-04-17T22:30:00+08:00,97.746,97.825,97.697,97.825
2026-04-17T23:00:00+08:00,97.826,97.939,97.808,97.91
2026-04-17T23:30:00+08:00,97.917,97.951,97.859,97.936
2026-04-18T00:00:00+08:00,97.938,97.999,97.898,97.941
2026-04-18T00:30:00+08:00,97.946,97.951,97.909,97.938
2026-04-18T01:00:00+08:00,97.938,98.045,97.937,98.019
2026-04-18T01:30:00+08:00,98.022,98.028,97.963,97.97
2026-04-18T02:00:00+08:00,97.974,98.021,97.958,98.002
2026-04-18T02:30:00+08:00,98.004,98.136,97.985,98.096
2026-04-18T03:00:00+08:00,98.099,98.134,98.064,98.13
2026-04-18T03:30:00+08:00,98.128,98.207,98.121,98.194
2026-04-18T04:00:00+08:00,98.196,98.225,98.166,98.222
2026-04-18T04:30:00+08:00,98.225,98.24,98.184,98.226
2026-04-20T06:00:00+08:00,98.277,98.293,98.273,98.287
2026-04-20T06:30:00+08:00,98.287,98.291,98.278,98.282
2026-04-20T07:00:00+08:00,98.283,98.292,98.273,98.291
2026-04-20T07:30:00+08:00,98.291,98.306,98.287,98.3
2026-04-20T08:00:00+08:00,98.3,98.306,98.28,98.28
2026-04-20T08:30:00+08:00,98.282,98.285,98.267,98.275
2026-04-20T09:00:00+08:00,98.275,98.368,98.275,98.364
2026-04-20T09:30:00+08:00,98.366,98.366,98.291,98.312
2026-04-20T10:00:00+08:00,98.316,98.324,98.284,98.285
2026-04-20T10:30:00+08:00,98.289,98.326,98.271,98.308
2026-04-20T11:00:00+08:00,98.305,98.327,98.285,98.287
2026-04-20T11:30:00+08:00,98.287,98.29,98.261,98.283
2026-04-20T12:00:00+08:00,98.286,98.309,98.268,98.299
2026-04-20T12:30:00+08:00,98.3,98.316,98.279,98.291
2026-04-20T13:00:00+08:00,98.295,98.341,98.283,98.335
2026-04-20T13:30:00+08:00,98.339,98.395,98.334,98.349
2026-04-20T14:00:00+08:00,98.35,98.395,98.337,98.376
2026-04-20T14:30:00+08:00,98.374,98.374,98.26,98.26
2026-04-20T15:00:00+08:00,98.259,98.278,98.19,98.232
2026-04-20T15:30:00+08:00,98.237,98.341,98.231,98.297
2026-04-20T16:00:00+08:00,98.298,98.318,98.265,98.288
2026-04-20T16:30:00+08:00,98.292,98.313,98.265,98.292
2026-04-20T17:00:00+08:00,98.295,98.318,98.254,98.314
2026-04-20T17:30:00+08:00,98.316,98.316,98.237,98.239
2026-04-20T18:00:00+08:00,98.236,98.264,98.215,98.254
2026-04-20T18:30:00+08:00,98.258,98.261,98.207,98.21
2026-04-20T19:00:00+08:00,98.21,98.223,98.171,98.189
2026-04-20T19:30:00+08:00,98.187,98.225,98.155,98.213
2026-04-20T20:00:00+08:00,98.217,98.306,98.215,98.283
2026-04-20T20:30:00+08:00,98.288,98.288,98.213,98.229
2026-04-20T21:00:00+08:00,98.229,98.26,98.143,98.146
2026-04-20T21:30:00+08:00,98.146,98.173,98.083,98.129
2026-04-20T22:00:00+08:00,98.131,98.209,98.126,98.134
2026-04-20T22:30:00+08:00,98.137,98.232,98.112,98.149
2026-04-20T23:00:00+08:00,98.154,98.178,98.039,98.053
2026-04-20T23:30:00+08:00,98.044,98.072,98.006,98.049
2026-04-21T00:00:00+08:00,98.051,98.056,98.015,98.037
2026-04-21T00:30:00+08:00,98.039,98.069,98.029,98.043
2026-04-21T01:00:00+08:00,98.045,98.077,98.02,98.073
2026-04-21T01:30:00+08:00,98.076,98.082,98.051,98.063
2026-04-21T02:00:00+08:00,98.065,98.067,98.012,98.048
2026-04-21T02:30:00+08:00,98.05,98.107,98.044,98.095
2026-04-21T03:00:00+08:00,98.096,98.098,98.035,98.052
2026-04-21T03:30:00+08:00,98.054,98.065,98.032,98.063
2026-04-21T04:00:00+08:00,98.063,98.075,98.047,98.065
2026-04-21T04:30:00+08:00,98.069,98.084,98.048,98.05
2026-04-21T05:00:00+08:00,98.054,98.068,98.048,98.052
2026-04-21T05:30:00+08:00,98.051,98.062,98.046,98.056
2026-04-21T06:00:00+08:00,98.054,98.054,98.041,98.053
2026-04-21T07:30:00+08:00,98.063,98.077,98.063,98.077
2026-04-21T08:00:00+08:00,98.073,98.1,98.068,98.098
2026-04-21T08:30:00+08:00,98.1,98.111,98.078,98.096
2026-04-21T09:00:00+08:00,98.097,98.105,98.071,98.079
2026-04-21T09:30:00+08:00,98.083,98.116,98.075,98.109
2026-04-21T10:00:00+08:00,98.109,98.131,98.096,98.114
2026-04-21T10:30:00+08:00,98.117,98.136,98.113,98.119
2026-04-21T11:00:00+08:00,98.118,98.156,98.115,98.136
2026-04-21T11:30:00+08:00,98.142,98.163,98.136,98.146
2026-04-21T12:00:00+08:00,98.151,98.161,98.14,98.146
2026-04-21T12:30:00+08:00,98.143,98.154,98.138,98.147
2026-04-21T13:00:00+08:00,98.149,98.15,98.089,98.094
2026-04-21T13:30:00+08:00,98.096,98.127,98.086,98.124
2026-04-21T14:00:00+08:00,98.126,98.159,98.107,98.132
2026-04-21T14:30:00+08:00,98.135,98.157,98.116,98.132
2026-04-21T15:00:00+08:00,98.138,98.163,98.116,98.142
2026-04-21T15:30:00+08:00,98.144,98.228,98.139,98.224
2026-04-21T16:00:00+08:00,98.225,98.309,98.214,98.263
2026-04-21T16:30:00+08:00,98.263,98.273,98.224,98.248
2026-04-21T17:00:00+08:00,98.25,98.297,98.244,98.288
2026-04-21T17:30:00+08:00,98.288,98.293,98.247,98.274
2026-04-21T18:00:00+08:00,98.275,98.292,98.255,98.28
2026-04-21T18:30:00+08:00,98.282,98.282,98.253,98.256
2026-04-21T19:00:00+08:00,98.259,98.291,98.219,98.219
2026-04-21T19:30:00+08:00,98.216,98.228,98.191,98.194
2026-04-21T20:00:00+08:00,98.198,98.243,98.187,98.229
2026-04-21T20:30:00+08:00,98.232,98.298,98.228,98.257
2026-04-21T21:00:00+08:00,98.259,98.263,98.195,98.196
2026-04-21T21:30:00+08:00,98.196,98.207,98.162,98.198
2026-04-21T22:00:00+08:00,98.195,98.21,98.162,98.199
2026-04-21T22:30:00+08:00,98.202,98.314,98.123,98.309
2026-04-21T23:00:00+08:00,98.314,98.348,98.249,98.346
2026-04-21T23:30:00+08:00,98.349,98.39,98.312,98.316
2026-04-22T00:00:00+08:00,98.32,98.368,98.292,98.365
2026-04-22T00:30:00+08:00,98.366,98.41,98.346,98.403
2026-04-22T01:00:00+08:00,98.405,98.567,98.399,98.476
2026-04-22T01:30:00+08:00,98.48,98.48,98.242,98.374
2026-04-22T02:00:00+08:00,98.374,98.494,98.348,98.474
2026-04-22T02:30:00+08:00,98.476,98.476,98.381,98.393
2026-04-22T03:00:00+08:00,98.396,98.396,98.312,98.32
2026-04-22T03:30:00+08:00,98.318,98.567,98.318,98.535
2026-04-22T04:00:00+08:00,98.533,98.549,98.311,98.343
2026-04-22T04:30:00+08:00,98.345,98.405,98.336,98.383
2026-04-22T05:00:00+08:00,98.386,98.44,98.347,98.437
2026-04-22T05:30:00+08:00,98.435,98.438,98.38,98.411
2026-04-22T06:00:00+08:00,98.408,98.413,98.388,98.407
2026-04-22T07:30:00+08:00,98.402,98.402,98.373,98.376
2026-04-22T08:00:00+08:00,98.378,98.378,98.31,98.343
2026-04-22T08:30:00+08:00,98.344,98.367,98.313,98.363
2026-04-22T09:00:00+08:00,98.364,98.403,98.334,98.382
2026-04-22T09:30:00+08:00,98.386,98.386,98.34,98.354
2026-04-22T10:00:00+08:00,98.356,98.356,98.328,98.341
2026-04-22T10:30:00+08:00,98.341,98.397,98.338,98.389
2026-04-22T11:00:00+08:00,98.391,98.405,98.371,98.383
2026-04-22T11:30:00+08:00,98.387,98.407,98.373,98.402
2026-04-22T12:00:00+08:00,98.407,98.407,98.381,98.383
2026-04-22T12:30:00+08:00,98.385,98.401,98.368,98.391
2026-04-22T13:00:00+08:00,98.392,98.396,98.211,98.249
2026-04-22T13:30:00+08:00,98.248,98.303,98.243,98.296
2026-04-22T14:00:00+08:00,98.294,98.344,98.28,98.282
2026-04-22T14:30:00+08:00,98.281,98.317,98.268,98.304
2026-04-22T15:00:00+08:00,98.31,98.34,98.285,98.318
2026-04-22T15:30:00+08:00,98.318,98.331,98.264,98.272
2026-04-22T16:00:00+08:00,98.274,98.307,98.244,98.292
2026-04-22T16:30:00+08:00,98.291,98.332,98.278,98.287
2026-04-22T17:00:00+08:00,98.289,98.303,98.258,98.294
2026-04-22T17:30:00+08:00,98.298,98.34,98.281,98.333
2026-04-22T18:00:00+08:00,98.332,98.364,98.313,98.322
2026-04-22T18:30:00+08:00,98.327,98.33,98.291,98.3
2026-04-22T19:00:00+08:00,98.301,98.37,98.301,98.359
2026-04-22T19:30:00+08:00,98.364,98.443,98.348,98.419
2026-04-22T20:00:00+08:00,98.422,98.466,98.396,98.465
2026-04-22T20:30:00+08:00,98.465,98.498,98.461,98.485
2026-04-22T21:00:00+08:00,98.485,98.501,98.39,98.435
2026-04-22T21:30:00+08:00,98.437,98.461,98.339,98.364
2026-04-22T22:00:00+08:00,98.366,98.407,98.347,98.394
2026-04-22T22:30:00+08:00,98.397,98.527,98.39,98.524
2026-04-22T23:00:00+08:00,98.527,98.551,98.494,98.495
2026-04-22T23:30:00+08:00,98.496,98.567,98.49,98.56
2026-04-23T00:00:00+08:00,98.562,98.588,98.542,98.568
2026-04-23T00:30:00+08:00,98.567,98.585,98.544,98.566
2026-04-23T01:00:00+08:00,98.566,98.577,98.524,98.541
2026-04-23T01:30:00+08:00,98.544,98.572,98.524,98.568
2026-04-23T02:00:00+08:00,98.57,98.598,98.552,98.583
2026-04-23T02:30:00+08:00,98.582,98.597,98.56,98.59
2026-04-23T03:00:00+08:00,98.592,98.61,98.572,98.581
2026-04-23T03:30:00+08:00,98.58,98.625,98.579,98.621
2026-04-23T04:00:00+08:00,98.62,98.643,98.608,98.61
2026-04-23T04:30:00+08:00,98.609,98.627,98.602,98.616
2026-04-23T05:00:00+08:00,98.62,98.62,98.601,98.616
2026-04-23T05:30:00+08:00,98.618,98.621,98.586,98.599
2026-04-23T06:00:00+08:00,98.599,98.606,98.592,98.606
2026-04-23T07:30:00+08:00,98.616,98.618,98.602,98.615
2026-04-23T08:00:00+08:00,98.618,98.737,98.567,98.579
2026-04-23T08:30:00+08:00,98.578,98.584,98.553,98.562
2026-04-23T09:00:00+08:00,98.566,98.6,98.552,98.596
2026-04-23T09:30:00+08:00,98.594,98.6,98.566,98.594
2026-04-23T10:00:00+08:00,98.596,98.641,98.584,98.633
2026-04-23T10:30:00+08:00,98.638,98.7,98.619,98.689
2026-04-23T11:00:00+08:00,98.691,98.706,98.658,98.694
2026-04-23T11:30:00+08:00,98.693,98.714,98.679,98.708
2026-04-23T12:00:00+08:00,98.711,98.711,98.675,98.686
2026-04-23T12:30:00+08:00,98.686,98.689,98.67,98.671
2026-04-23T13:00:00+08:00,98.672,98.678,98.656,98.667
2026-04-23T13:30:00+08:00,98.664,98.674,98.626,98.628
2026-04-23T14:00:00+08:00,98.628,98.663,98.617,98.648
2026-04-23T14:30:00+08:00,98.648,98.657,98.615,98.654
2026-04-23T15:00:00+08:00,98.657,98.674,98.592,98.656
2026-04-23T15:30:00+08:00,98.657,98.706,98.644,98.649
2026-04-23T16:00:00+08:00,98.653,98.668,98.63,98.65
2026-04-23T16:30:00+08:00,98.646,98.677,98.636,98.646
2026-04-23T17:00:00+08:00,98.646,98.706,98.641,98.692
2026-04-23T17:30:00+08:00,98.692,98.724,98.678,98.703
2026-04-23T18:00:00+08:00,98.704,98.787,98.689,98.774
2026-04-23T18:30:00+08:00,98.77,98.801,98.746,98.788
2026-04-23T19:00:00+08:00,98.787,98.803,98.766,98.774
2026-04-23T19:30:00+08:00,98.775,98.797,98.642,98.689
2026-04-23T20:00:00+08:00,98.693,98.745,98.644,98.715
2026-04-23T20:30:00+08:00,98.719,98.751,98.663,98.716
2026-04-23T21:00:00+08:00,98.716,98.781,98.705,98.739
2026-04-23T21:30:00+08:00,98.741,98.747,98.677,98.72
2026-04-23T22:00:00+08:00,98.721,98.748,98.595,98.615
2026-04-23T22:30:00+08:00,98.616,98.629,98.534,98.573
2026-04-23T23:00:00+08:00,98.571,98.616,98.541,98.574
2026-04-23T23:30:00+08:00,98.577,98.662,98.574,98.633
2026-04-24T00:00:00+08:00,98.638,98.682,98.634,98.651
2026-04-24T00:30:00+08:00,98.653,98.674,98.633,98.659
2026-04-24T01:00:00+08:00,98.657,98.87,98.653,98.83
2026-04-24T01:30:00+08:00,98.832,98.939,98.739,98.739
2026-04-24T02:00:00+08:00,98.741,98.754,98.688,98.719
2026-04-24T02:30:00+08:00,98.721,98.775,98.689,98.77
2026-04-24T03:00:00+08:00,98.774,98.817,98.763,98.805
2026-04-24T03:30:00+08:00,98.807,98.841,98.786,98.794
2026-04-24T04:00:00+08:00,98.796,98.844,98.796,98.819
2026-04-24T04:30:00+08:00,98.818,98.834,98.808,98.826
2026-04-24T05:00:00+08:00,98.825,98.843,98.786,98.815
2026-04-24T05:30:00+08:00,98.815,98.825,98.788,98.795
2026-04-24T06:00:00+08:00,98.796,98.806,98.794,98.798
2026-04-24T07:30:00+08:00,98.821,98.83,98.818,98.825
2026-04-24T08:00:00+08:00,98.829,98.837,98.792,98.793
2026-04-24T08:30:00+08:00,98.797,98.834,98.784,98.813
2026-04-24T09:00:00+08:00,98.812,98.827,98.797,98.816
2026-04-24T09:30:00+08:00,98.819,98.834,98.788,98.79
2026-04-24T10:00:00+08:00,98.79,98.851,98.785,98.849
2026-04-24T10:30:00+08:00,98.851,98.87,98.831,98.863
2026-04-24T11:00:00+08:00,98.862,98.896,98.855,98.894
2026-04-24T11:30:00+08:00,98.895,98.915,98.869,98.875
2026-04-24T12:00:00+08:00,98.874,98.889,98.858,98.873
2026-04-24T12:30:00+08:00,98.872,98.876,98.841,98.862
2026-04-24T13:00:00+08:00,98.863,98.884,98.853,98.86
2026-04-24T13:30:00+08:00,98.864,98.864,98.828,98.836
2026-04-24T14:00:00+08:00,98.837,98.872,98.833,98.858
2026-04-24T14:30:00+08:00,98.861,98.865,98.813,98.858
2026-04-24T15:00:00+08:00,98.861,98.88,98.82,98.837
2026-04-24T15:30:00+08:00,98.839,98.862,98.752,98.774
2026-04-24T16:00:00+08:00,98.77,98.821,98.733,98.769
2026-04-24T16:30:00+08:00,98.773,98.803,98.748,98.775
2026-04-24T17:00:00+08:00,98.777,98.807,98.764,98.801
2026-04-24T17:30:00+08:00,98.802,98.813,98.778,98.795
2026-04-24T18:00:00+08:00,98.8,98.808,98.729,98.732
2026-04-24T18:30:00+08:00,98.732,98.744,98.679,98.679
2026-04-24T19:00:00+08:00,98.679,98.688,98.561,98.564
2026-04-24T19:30:00+08:00,98.561,98.613,98.558,98.591
2026-04-24T20:00:00+08:00,98.596,98.623,98.564,98.598
2026-04-24T20:30:00+08:00,98.6,98.692,98.598,98.637
2026-04-24T21:00:00+08:00,98.636,98.694,98.608,98.694
2026-04-24T21:30:00+08:00,98.696,98.725,98.658,98.664
2026-04-24T22:00:00+08:00,98.668,98.705,98.575,98.607
2026-04-24T22:30:00+08:00,98.609,98.674,98.568,98.646
2026-04-24T23:00:00+08:00,98.647,98.667,98.629,98.639
2026-04-24T23:30:00+08:00,98.637,98.679,98.528,98.545
2026-04-25T00:00:00+08:00,98.542,98.581,98.53,98.576
2026-04-25T00:30:00+08:00,98.578,98.578,98.526,98.527
2026-04-25T01:00:00+08:00,98.527,98.558,98.517,98.545
2026-04-25T01:30:00+08:00,98.544,98.578,98.532,98.565
2026-04-25T02:00:00+08:00,98.568,98.588,98.547,98.549
2026-04-25T02:30:00+08:00,98.549,98.562,98.518,98.533
2026-04-25T03:00:00+08:00,98.529,98.538,98.505,98.528
2026-04-25T03:30:00+08:00,98.529,98.544,98.516,98.522
2026-04-25T04:00:00+08:00,98.521,98.529,98.502,98.519
2026-04-25T04:30:00+08:00,98.516,98.538,98.489,98.51
2026-04-27T06:00:00+08:00,99.332,99.343,98.592,98.631
2026-04-27T06:30:00+08:00,98.633,98.643,98.622,98.626
2026-04-27T07:00:00+08:00,98.623,98.635,98.609,98.633
2026-04-27T07:30:00+08:00,98.636,98.645,98.625,98.642
2026-04-27T08:00:00+08:00,98.641,98.641,98.592,98.596
2026-04-27T08:30:00+08:00,98.595,98.603,98.555,98.559
2026-04-27T09:00:00+08:00,98.561,98.561,98.468,98.502
2026-04-27T09:30:00+08:00,98.504,98.513,98.459,98.481
2026-04-27T10:00:00+08:00,98.483,98.512,98.469,98.485
2026-04-27T10:30:00+08:00,98.484,98.487,98.448,98.463
2026-04-27T11:00:00+08:00,98.462,98.464,98.437,98.446
2026-04-27T11:30:00+08:00,98.449,98.45,98.41,98.433
2026-04-27T12:00:00+08:00,98.436,98.443,98.419,98.421
2026-04-27T12:30:00+08:00,98.42,98.467,98.413,98.456
2026-04-27T13:00:00+08:00,98.455,98.479,98.446,98.462
2026-04-27T13:30:00+08:00,98.465,98.502,98.462,98.499
2026-04-27T14:00:00+08:00,98.504,98.546,98.497,98.53
2026-04-27T14:30:00+08:00,98.531,98.537,98.443,98.443
2026-04-27T15:00:00+08:00,98.441,98.445,98.393,98.428
2026-04-27T15:30:00+08:00,98.428,98.441,98.34,98.346
2026-04-27T16:00:00+08:00,98.351,98.372,98.309,98.321
2026-04-27T16:30:00+08:00,98.324,98.351,98.262,98.286
2026-04-27T17:00:00+08:00,98.288,98.305,98.262,98.305
2026-04-27T17:30:00+08:00,98.306,98.336,98.291,98.322
2026-04-27T18:00:00+08:00,98.325,98.35,98.303,98.315
2026-04-27T18:30:00+08:00,98.32,98.327,98.276,98.284
2026-04-27T19:00:00+08:00,98.289,98.334,98.279,98.3
2026-04-27T19:30:00+08:00,98.304,98.343,98.294,98.318
2026-04-27T20:00:00+08:00,98.321,98.322,98.214,98.256
2026-04-27T20:30:00+08:00,98.257,98.31,98.249,98.308
2026-04-27T21:00:00+08:00,98.31,98.324,98.241,98.275
2026-04-27T21:30:00+08:00,98.273,98.373,98.272,98.343
2026-04-27T22:00:00+08:00,98.342,98.372,98.312,98.338
2026-04-27T22:30:00+08:00,98.341,98.378,98.264,98.353
2026-04-27T23:00:00+08:00,98.357,98.411,98.354,98.384
2026-04-27T23:30:00+08:00,98.387,98.409,98.367,98.395
2026-04-28T00:00:00+08:00,98.399,98.423,98.376,98.415
2026-04-28T00:30:00+08:00,98.414,98.451,98.4,98.444
2026-04-28T01:00:00+08:00,98.443,98.497,98.435,98.476
2026-04-28T01:30:00+08:00,98.479,98.479,98.414,98.463
2026-04-28T02:00:00+08:00,98.466,98.483,98.452,98.473
2026-04-28T02:30:00+08:00,98.473,98.504,98.464,98.496
2026-04-28T03:00:00+08:00,98.498,98.501,98.455,98.462
2026-04-28T03:30:00+08:00,98.464,98.5,98.46,98.495
2026-04-28T04:00:00+08:00,98.497,98.498,98.48,98.491
2026-04-28T04:30:00+08:00,98.489,98.496,98.473,98.484
2026-04-28T05:00:00+08:00,98.485,98.485,98.47,98.477
2026-04-28T05:30:00+08:00,98.475,98.484,98.472,98.476
2026-04-28T06:00:00+08:00,98.48,98.497,98.475,98.497
2026-04-28T07:30:00+08:00,98.467,98.477,98.463,98.463
2026-04-28T08:00:00+08:00,98.462,98.493,98.426,98.483
2026-04-28T08:30:00+08:00,98.488,98.512,98.472,98.503
2026-04-28T09:00:00+08:00,98.505,98.548,98.502,98.531
2026-04-28T09:30:00+08:00,98.533,98.564,98.512,98.563
2026-04-28T10:00:00+08:00,98.564,98.576,98.555,98.563
2026-04-28T10:30:00+08:00,98.567,98.594,98.56,98.592
2026-04-28T11:00:00+08:00,98.589,98.594,98.492,98.494
2026-04-28T11:30:00+08:00,98.496,98.528,98.482,98.507
2026-04-28T12:00:00+08:00,98.512,98.527,98.505,98.509
2026-04-28T12:30:00+08:00,98.509,98.525,98.484,98.523
2026-04-28T13:00:00+08:00,98.521,98.556,98.514,98.523
2026-04-28T13:30:00+08:00,98.525,98.587,98.523,98.582
2026-04-28T14:00:00+08:00,98.585,98.62,98.56,98.598
2026-04-28T14:30:00+08:00,98.601,98.719,98.586,98.717
2026-04-28T15:00:00+08:00,98.719,98.726,98.623,98.666
2026-04-28T15:30:00+08:00,98.669,98.698,98.65,98.676
2026-04-28T16:00:00+08:00,98.678,98.705,98.612,98.624
2026-04-28T16:30:00+08:00,98.625,98.668,98.611,98.648
2026-04-28T17:00:00+08:00,98.649,98.699,98.648,98.699
2026-04-28T17:30:00+08:00,98.701,98.769,98.68,98.73
2026-04-28T18:00:00+08:00,98.73,98.752,98.712,98.744
2026-04-28T18:30:00+08:00,98.75,98.759,98.721,98.742
2026-04-28T19:00:00+08:00,98.747,98.764,98.706,98.75
2026-04-28T19:30:00+08:00,98.752,98.852,98.749,98.838
2026-04-28T20:00:00+08:00,98.84,98.874,98.769,98.787
2026-04-28T20:30:00+08:00,98.787,98.818,98.695,98.711
2026-04-28T21:00:00+08:00,98.713,98.785,98.695,98.695
2026-04-28T21:30:00+08:00,98.7,98.762,98.667,98.706
2026-04-28T22:00:00+08:00,98.709,98.764,98.707,98.732
2026-04-28T22:30:00+08:00,98.73,98.776,98.676,98.733
2026-04-28T23:00:00+08:00,98.734,98.734,98.635,98.647
2026-04-28T23:30:00+08:00,98.648,98.67,98.609,98.616
2026-04-29T00:00:00+08:00,98.618,98.675,98.595,98.665
2026-04-29T00:30:00+08:00,98.667,98.682,98.63,98.642
2026-04-29T01:00:00+08:00,98.644,98.678,98.632,98.649
2026-04-29T01:30:00+08:00,98.651,98.655,98.588,98.618
2026-04-29T02:00:00+08:00,98.621,98.638,98.602,98.607
2026-04-29T02:30:00+08:00,98.611,98.645,98.605,98.64
2026-04-29T03:00:00+08:00,98.644,98.661,98.611,98.655
2026-04-29T03:30:00+08:00,98.657,98.674,98.647,98.654
2026-04-29T04:00:00+08:00,98.654,98.656,98.616,98.635
2026-04-29T04:30:00+08:00,98.633,98.636,98.613,98.632
2026-04-29T05:00:00+08:00,98.636,98.636,98.615,98.623
2026-04-29T05:30:00+08:00,98.625,98.626,98.617,98.625
2026-04-29T06:00:00+08:00,98.62,98.62,98.591,98.594
2026-04-29T07:30:00+08:00,98.608,98.608,98.593,98.593
2026-04-29T08:00:00+08:00,98.591,98.613,98.565,98.604
2026-04-29T08:30:00+08:00,98.603,98.608,98.58,98.598
2026-04-29T09:00:00+08:00,98.598,98.675,98.595,98.643
2026-04-29T09:30:00+08:00,98.647,98.652,98.6,98.634
2026-04-29T10:00:00+08:00,98.635,98.635,98.594,98.621
2026-04-29T10:30:00+08:00,98.623,98.668,98.619,98.663
2026-04-29T11:00:00+08:00,98.662,98.663,98.637,98.65
2026-04-29T11:30:00+08:00,98.648,98.682,98.648,98.674
2026-04-29T12:00:00+08:00,98.677,98.683,98.665,98.675
2026-04-29T12:30:00+08:00,98.675,98.684,98.66,98.678
2026-04-29T13:00:00+08:00,98.679,98.718,98.674,98.706
2026-04-29T13:30:00+08:00,98.709,98.733,98.693,98.719
2026-04-29T14:00:00+08:00,98.719,98.751,98.695,98.734
2026-04-29T14:30:00+08:00,98.732,98.754,98.696,98.722
2026-04-29T15:00:00+08:00,98.72,98.728,98.665,98.685
2026-04-29T15:30:00+08:00,98.686,98.698,98.66,98.678
2026-04-29T16:00:00+08:00,98.682,98.753,98.608,98.718
2026-04-29T16:30:00+08:00,98.722,98.749,98.71,98.724
2026-04-29T17:00:00+08:00,98.728,98.753,98.709,98.722
2026-04-29T17:30:00+08:00,98.724,98.758,98.706,98.753
2026-04-29T18:00:00+08:00,98.755,98.761,98.703,98.72
2026-04-29T18:30:00+08:00,98.721,98.725,98.673,98.674
2026-04-29T19:00:00+08:00,98.675,98.703,98.665,98.691
2026-04-29T19:30:00+08:00,98.69,98.722,98.664,98.711
2026-04-29T20:00:00+08:00,98.714,98.716,98.663,98.69
2026-04-29T20:30:00+08:00,98.694,98.774,98.691,98.749
2026-04-29T21:00:00+08:00,98.748,98.825,98.716,98.817
2026-04-29T21:30:00+08:00,98.817,98.895,98.81,98.862
2026-04-29T22:00:00+08:00,98.865,98.898,98.808,98.83
2026-04-29T22:30:00+08:00,98.832,98.857,98.732,98.75
2026-04-29T23:00:00+08:00,98.749,98.836,98.748,98.82
2026-04-29T23:30:00+08:00,98.825,98.862,98.736,98.807
2026-04-30T00:00:00+08:00,98.808,98.835,98.771,98.801
2026-04-30T00:30:00+08:00,98.803,98.882,98.801,98.875
2026-04-30T01:00:00+08:00,98.88,98.913,98.873,98.893
2026-04-30T01:30:00+08:00,98.891,98.903,98.817,98.817
2026-04-30T02:00:00+08:00,98.822,98.973,98.808,98.937
2026-04-30T02:30:00+08:00,98.937,99.05,98.877,98.961
2026-04-30T03:00:00+08:00,98.963,99,98.901,98.955
2026-04-30T03:30:00+08:00,98.955,99.003,98.932,98.94
2026-04-30T04:00:00+08:00,98.942,98.983,98.929,98.955
2026-04-30T04:30:00+08:00,98.958,98.978,98.944,98.949
2026-04-30T05:00:00+08:00,98.948,98.961,98.929,98.929
2026-04-30T05:30:00+08:00,98.934,98.954,98.91,98.953
2026-04-30T06:00:00+08:00,98.956,98.977,98.939,98.974
2026-04-30T07:30:00+08:00,98.851,98.861,98.846,98.858
2026-04-30T08:00:00+08:00,98.853,98.858,98.811,98.84
2026-04-30T08:30:00+08:00,98.846,98.901,98.83,98.9
2026-04-30T09:00:00+08:00,98.903,98.915,98.879,98.897
2026-04-30T09:30:00+08:00,98.902,98.94,98.878,98.919
2026-04-30T10:00:00+08:00,98.924,98.955,98.909,98.952
2026-04-30T10:30:00+08:00,98.956,99.019,98.954,98.985
2026-04-30T11:00:00+08:00,98.987,98.992,98.953,98.966
2026-04-30T11:30:00+08:00,98.966,99.003,98.959,98.992
2026-04-30T12:00:00+08:00,98.995,99.069,98.987,99.053
2026-04-30T12:30:00+08:00,99.054,99.093,99.052,99.058
2026-04-30T13:00:00+08:00,99.057,99.057,99.016,99.051
2026-04-30T13:30:00+08:00,99.053,99.075,99.02,99.071
2026-04-30T14:00:00+08:00,99.075,99.09,99.022,99.027
2026-04-30T14:30:00+08:00,99.028,99.028,98.975,98.984
2026-04-30T15:00:00+08:00,98.985,98.985,98.892,98.894
2026-04-30T15:30:00+08:00,98.897,98.947,98.84,98.876
2026-04-30T16:00:00+08:00,98.878,98.878,98.749,98.81
2026-04-30T16:30:00+08:00,98.808,98.851,98.762,98.822
2026-04-30T17:00:00+08:00,98.824,98.846,98.757,98.76
2026-04-30T17:30:00+08:00,98.762,98.762,98.675,98.691
2026-04-30T18:00:00+08:00,98.693,98.727,98.524,98.524
2026-04-30T18:30:00+08:00,98.534,98.547,98.349,98.357
2026-04-30T19:00:00+08:00,98.36,98.458,98.262,98.287
2026-04-30T19:30:00+08:00,98.291,98.36,98.202,98.358
2026-04-30T20:00:00+08:00,98.359,98.484,98.355,98.405
2026-04-30T20:30:00+08:00,98.405,98.528,98.401,98.473
2026-04-30T21:00:00+08:00,98.475,98.533,98.372,98.46
2026-04-30T21:30:00+08:00,98.461,98.526,98.446,98.483
2026-04-30T22:00:00+08:00,98.485,98.5,98.272,98.282
2026-04-30T22:30:00+08:00,98.282,98.368,98.116,98.164
2026-04-30T23:00:00+08:00,98.167,98.213,98.12,98.177
2026-04-30T23:30:00+08:00,98.178,98.208,98.123,98.165
2026-05-01T00:00:00+08:00,98.168,98.198,98.108,98.185
2026-05-01T00:30:00+08:00,98.186,98.2,98.155,98.174
2026-05-01T01:00:00+08:00,98.174,98.199,98.13,98.154
2026-05-01T01:30:00+08:00,98.155,98.165,98.111,98.16
2026-05-01T02:00:00+08:00,98.163,98.163,98.085,98.108
2026-05-01T02:30:00+08:00,98.105,98.109,98.026,98.054
2026-05-01T03:00:00+08:00,98.056,98.091,98.009,98.069
2026-05-01T03:30:00+08:00,98.069,98.082,98.034,98.073
2026-05-01T04:00:00+08:00,98.078,98.108,98.06,98.076
2026-05-01T04:30:00+08:00,98.077,98.106,98.054,98.098
2026-05-01T05:00:00+08:00,98.096,98.109,98.081,98.106
2026-05-01T05:30:00+08:00,98.104,98.11,98.073,98.08
2026-05-01T06:00:00+08:00,98.08,98.092,98.07,98.091
2026-05-01T07:30:00+08:00,98.128,98.148,98.127,98.144
2026-05-01T08:00:00+08:00,98.147,98.184,98.138,98.179
2026-05-01T08:30:00+08:00,98.182,98.182,98.135,98.156
2026-05-01T09:00:00+08:00,98.154,98.184,98.144,98.154
2026-05-01T09:30:00+08:00,98.154,98.157,98.122,98.143
2026-05-01T10:00:00+08:00,98.146,98.146,98.116,98.129
2026-05-01T10:30:00+08:00,98.131,98.171,98.118,98.133
2026-05-01T11:00:00+08:00,98.135,98.145,98.103,98.111
2026-05-01T11:30:00+08:00,98.11,98.156,98.096,98.149
2026-05-01T12:00:00+08:00,98.151,98.186,98.135,98.185
2026-05-01T12:30:00+08:00,98.186,98.195,98.174,98.186
2026-05-01T13:00:00+08:00,98.187,98.212,98.183,98.209
2026-05-01T13:30:00+08:00,98.211,98.23,98.194,98.223
2026-05-01T14:00:00+08:00,98.225,98.24,98.203,98.226
2026-05-01T14:30:00+08:00,98.227,98.239,97.9,97.999
2026-05-01T15:00:00+08:00,98.005,98.085,98.003,98.017
2026-05-01T15:30:00+08:00,98.02,98.109,98.012,98.081
2026-05-01T16:00:00+08:00,98.085,98.101,97.972,97.993
2026-05-01T16:30:00+08:00,97.998,98.031,97.979,98.015
2026-05-01T17:00:00+08:00,98.018,98.113,98.005,98.103
2026-05-01T17:30:00+08:00,98.103,98.113,98.055,98.106
2026-05-01T18:00:00+08:00,98.108,98.112,98.006,98.02
2026-05-01T18:30:00+08:00,98.021,98.048,98.004,98.021
2026-05-01T19:00:00+08:00,98.022,98.022,97.912,97.94
2026-05-01T19:30:00+08:00,97.942,98.012,97.927,97.966
2026-05-01T20:00:00+08:00,97.97,97.993,97.821,97.844
2026-05-01T20:30:00+08:00,97.849,97.928,97.84,97.922
2026-05-01T21:00:00+08:00,97.925,97.947,97.883,97.929
2026-05-01T21:30:00+08:00,97.931,98.021,97.871,97.885
2026-05-01T22:00:00+08:00,97.884,97.884,97.72,97.762
2026-05-01T22:30:00+08:00,97.769,97.892,97.757,97.863
2026-05-01T23:00:00+08:00,97.864,97.907,97.838,97.895
2026-05-01T23:30:00+08:00,97.897,97.969,97.863,97.95
2026-05-02T00:00:00+08:00,97.952,98.014,97.929,98.007
2026-05-02T00:30:00+08:00,98.008,98.08,98,98.08
2026-05-02T01:00:00+08:00,98.084,98.103,98.063,98.092
2026-05-02T01:30:00+08:00,98.092,98.146,98.085,98.113
2026-05-02T02:00:00+08:00,98.118,98.221,98.108,98.215
2026-05-02T02:30:00+08:00,98.214,98.216,98.144,98.156
2026-05-02T03:00:00+08:00,98.16,98.191,98.15,98.19
2026-05-02T03:30:00+08:00,98.194,98.233,98.188,98.221
2026-05-02T04:00:00+08:00,98.221,98.235,98.201,98.234
2026-05-02T04:30:00+08:00,98.238,98.244,98.207,98.211
2026-05-04T06:00:00+08:00,98.052,98.158,98.042,98.123
2026-05-04T06:30:00+08:00,98.121,98.126,98.085,98.103
2026-05-04T07:00:00+08:00,98.111,98.129,98.104,98.126
2026-05-04T07:30:00+08:00,98.126,98.165,98.111,98.162
2026-05-04T08:00:00+08:00,98.165,98.202,98.136,98.188
2026-05-04T08:30:00+08:00,98.191,98.191,98.149,98.151
2026-05-04T09:00:00+08:00,98.153,98.215,98.129,98.196
2026-05-04T09:30:00+08:00,98.201,98.209,98.169,98.177
2026-05-04T10:00:00+08:00,98.174,98.211,98.164,98.209
2026-05-04T10:30:00+08:00,98.209,98.21,98.16,98.168
2026-05-04T11:00:00+08:00,98.173,98.196,98.168,98.189
2026-05-04T11:30:00+08:00,98.192,98.202,97.97,98.019
2026-05-04T12:00:00+08:00,98.024,98.121,98.008,98.117
2026-05-04T12:30:00+08:00,98.121,98.14,98.11,98.126
2026-05-04T13:00:00+08:00,98.126,98.152,98.097,98.148
2026-05-04T13:30:00+08:00,98.148,98.156,98.103,98.115
2026-05-04T14:00:00+08:00,98.113,98.121,98.078,98.089
2026-05-04T14:30:00+08:00,98.088,98.204,98.082,98.16
2026-05-04T15:00:00+08:00,98.161,98.229,98.16,98.226
2026-05-04T15:30:00+08:00,98.227,98.267,98.198,98.244
2026-05-04T16:00:00+08:00,98.246,98.292,98.237,98.246
2026-05-04T16:30:00+08:00,98.248,98.251,98.216,98.246
2026-05-04T17:00:00+08:00,98.244,98.27,98.208,98.249
2026-05-04T17:30:00+08:00,98.248,98.268,98.231,98.262
2026-05-04T18:00:00+08:00,98.266,98.481,98.263,98.373
2026-05-04T18:30:00+08:00,98.371,98.376,98.284,98.353
2026-05-04T19:00:00+08:00,98.35,98.421,98.327,98.381
2026-05-04T19:30:00+08:00,98.381,98.434,98.381,98.433
2026-05-04T20:00:00+08:00,98.431,98.438,98.305,98.315
2026-05-04T20:30:00+08:00,98.318,98.342,98.297,98.325
2026-05-04T21:00:00+08:00,98.331,98.372,98.289,98.326
2026-05-04T21:30:00+08:00,98.325,98.339,98.25,98.276
2026-05-04T22:00:00+08:00,98.276,98.339,98.262,98.275
2026-05-04T22:30:00+08:00,98.276,98.341,98.247,98.321
2026-05-04T23:00:00+08:00,98.327,98.424,98.269,98.383
2026-05-04T23:30:00+08:00,98.384,98.457,98.373,98.42
2026-05-05T00:00:00+08:00,98.42,98.525,98.394,98.47
2026-05-05T00:30:00+08:00,98.469,98.536,98.448,98.527
2026-05-05T01:00:00+08:00,98.525,98.533,98.418,98.425
2026-05-05T01:30:00+08:00,98.428,98.462,98.412,98.443
2026-05-05T02:00:00+08:00,98.444,98.477,98.417,98.456
2026-05-05T02:30:00+08:00,98.454,98.475,98.359,98.374
2026-05-05T03:00:00+08:00,98.378,98.432,98.368,98.39
2026-05-05T03:30:00+08:00,98.389,98.433,98.379,98.425
2026-05-05T04:00:00+08:00,98.424,98.502,98.424,98.476
2026-05-05T04:30:00+08:00,98.475,98.488,98.455,98.473
2026-05-05T05:00:00+08:00,98.474,98.474,98.448,98.449
2026-05-05T05:30:00+08:00,98.448,98.475,98.448,98.464
2026-05-05T06:00:00+08:00,98.458,98.486,98.452,98.48
2026-05-05T07:30:00+08:00,98.466,98.469,98.46,98.466
2026-05-05T08:00:00+08:00,98.465,98.51,98.447,98.501
2026-05-05T08:30:00+08:00,98.506,98.519,98.481,98.506
2026-05-05T09:00:00+08:00,98.51,98.551,98.505,98.537
2026-05-05T09:30:00+08:00,98.541,98.544,98.487,98.499
2026-05-05T10:00:00+08:00,98.501,98.503,98.469,98.477
2026-05-05T10:30:00+08:00,98.473,98.5,98.462,98.497
2026-05-05T11:00:00+08:00,98.499,98.513,98.489,98.498
2026-05-05T11:30:00+08:00,98.501,98.529,98.496,98.523
2026-05-05T12:00:00+08:00,98.526,98.526,98.502,98.505
2026-05-05T12:30:00+08:00,98.509,98.575,98.5,98.568
2026-05-05T13:00:00+08:00,98.573,98.579,98.535,98.552
2026-05-05T13:30:00+08:00,98.551,98.555,98.516,98.531
2026-05-05T14:00:00+08:00,98.535,98.555,98.496,98.509
2026-05-05T14:30:00+08:00,98.514,98.518,98.473,98.495
2026-05-05T15:00:00+08:00,98.498,98.498,98.434,98.472
2026-05-05T15:30:00+08:00,98.477,98.482,98.403,98.462
2026-05-05T16:00:00+08:00,98.464,98.466,98.406,98.422
2026-05-05T16:30:00+08:00,98.424,98.486,98.422,98.461
2026-05-05T17:00:00+08:00,98.466,98.547,98.463,98.506
2026-05-05T17:30:00+08:00,98.508,98.511,98.454,98.47
2026-05-05T18:00:00+08:00,98.472,98.499,98.429,98.438
2026-05-05T18:30:00+08:00,98.444,98.5,98.42,98.48
2026-05-05T19:00:00+08:00,98.483,98.545,98.459,98.468
2026-05-05T19:30:00+08:00,98.467,98.511,98.453,98.497
2026-05-05T20:00:00+08:00,98.5,98.54,98.435,98.444
2026-05-05T20:30:00+08:00,98.446,98.505,98.44,98.485
2026-05-05T21:00:00+08:00,98.487,98.488,98.385,98.419
2026-05-05T21:30:00+08:00,98.423,98.45,98.401,98.433
2026-05-05T22:00:00+08:00,98.436,98.479,98.371,98.395
2026-05-05T22:30:00+08:00,98.4,98.434,98.371,98.375
2026-05-05T23:00:00+08:00,98.374,98.404,98.334,98.379
2026-05-05T23:30:00+08:00,98.378,98.387,98.311,98.359
2026-05-06T00:00:00+08:00,98.358,98.429,98.341,98.415
2026-05-06T00:30:00+08:00,98.417,98.44,98.401,98.437
2026-05-06T01:00:00+08:00,98.439,98.469,98.42,98.447
2026-05-06T01:30:00+08:00,98.45,98.457,98.41,98.447
2026-05-06T02:00:00+08:00,98.45,98.455,98.436,98.444
2026-05-06T02:30:00+08:00,98.446,98.467,98.434,98.444
2026-05-06T03:00:00+08:00,98.442,98.483,98.432,98.478
2026-05-06T03:30:00+08:00,98.479,98.49,98.467,98.48
2026-05-06T04:00:00+08:00,98.481,98.487,98.465,98.48
2026-05-06T04:30:00+08:00,98.483,98.501,98.48,98.492
2026-05-06T05:00:00+08:00,98.492,98.492,98.468,98.483
2026-05-06T05:30:00+08:00,98.484,98.49,98.473,98.487
2026-05-06T06:00:00+08:00,98.485,98.49,98.482,98.487
2026-05-06T07:30:00+08:00,98.308,98.319,98.296,98.315
2026-05-06T08:00:00+08:00,98.317,98.342,98.285,98.319
2026-05-06T08:30:00+08:00,98.324,98.325,98.258,98.268
2026-05-06T09:00:00+08:00,98.27,98.291,98.234,98.255
2026-05-06T09:30:00+08:00,98.255,98.283,98.233,98.268
2026-05-06T10:00:00+08:00,98.269,98.297,98.242,98.296
2026-05-06T10:30:00+08:00,98.298,98.324,98.289,98.309
2026-05-06T11:00:00+08:00,98.309,98.313,98.278,98.296
2026-05-06T11:30:00+08:00,98.296,98.317,98.275,98.306
2026-05-06T12:00:00+08:00,98.306,98.317,98.155,98.159
2026-05-06T12:30:00+08:00,98.159,98.171,97.89,97.998
2026-05-06T13:00:00+08:00,98.002,98.096,97.989,98.068
2026-05-06T13:30:00+08:00,98.07,98.085,98.062,98.068
2026-05-06T14:00:00+08:00,98.071,98.105,98.058,98.083
2026-05-06T14:30:00+08:00,98.082,98.116,98.064,98.079
2026-05-06T15:00:00+08:00,98.082,98.147,98.06,98.117
2026-05-06T15:30:00+08:00,98.12,98.16,98.002,98.002
2026-05-06T16:00:00+08:00,98.002,98.084,97.986,98.047
2026-05-06T16:30:00+08:00,98.042,98.043,97.79,97.849
2026-05-06T17:00:00+08:00,97.851,97.909,97.834,97.855
2026-05-06T17:30:00+08:00,97.857,97.866,97.777,97.784
2026-05-06T18:00:00+08:00,97.782,97.863,97.775,97.834
2026-05-06T18:30:00+08:00,97.837,97.837,97.625,97.677
2026-05-06T19:00:00+08:00,97.682,97.746,97.669,97.724
2026-05-06T19:30:00+08:00,97.722,97.844,97.706,97.83
2026-05-06T20:00:00+08:00,97.831,97.964,97.829,97.901
2026-05-06T20:30:00+08:00,97.905,97.961,97.874,97.956
2026-05-06T21:00:00+08:00,97.956,98.008,97.911,97.978
2026-05-06T21:30:00+08:00,97.981,98,97.931,97.963
2026-05-06T22:00:00+08:00,97.968,98.015,97.958,98.008
2026-05-06T22:30:00+08:00,98.011,98.011,97.882,97.957
2026-05-06T23:00:00+08:00,97.962,98.017,97.955,97.981
2026-05-06T23:30:00+08:00,97.982,98.004,97.955,98.004
2026-05-07T00:00:00+08:00,98.002,98.046,98.002,98.022
2026-05-07T00:30:00+08:00,98.026,98.084,98.004,98.065
2026-05-07T01:00:00+08:00,98.066,98.081,97.983,98.001
2026-05-07T01:30:00+08:00,98.002,98.067,97.997,98.043
2026-05-07T02:00:00+08:00,98.042,98.06,98.023,98.051
2026-05-07T02:30:00+08:00,98.056,98.056,98.002,98.023
2026-05-07T03:00:00+08:00,98.022,98.026,97.978,97.996
2026-05-07T03:30:00+08:00,97.996,98.035,97.995,98.035
2026-05-07T04:00:00+08:00,98.035,98.047,98.007,98.022
2026-05-07T04:30:00+08:00,98.022,98.053,98.022,98.029
2026-05-07T05:00:00+08:00,98.027,98.036,98.013,98.018
2026-05-07T05:30:00+08:00,98.017,98.024,98.007,98.008
2026-05-07T06:00:00+08:00,98.012,98.016,98.003,98.014
2026-05-07T07:30:00+08:00,98.029,98.054,98.024,98.05
2026-05-07T08:00:00+08:00,98.048,98.054,97.982,98.04
2026-05-07T08:30:00+08:00,98.043,98.056,98.026,98.03
2026-05-07T09:00:00+08:00,98.03,98.045,97.95,97.953
2026-05-07T09:30:00+08:00,97.952,97.966,97.903,97.945
2026-05-07T10:00:00+08:00,97.946,97.984,97.928,97.969
2026-05-07T10:30:00+08:00,97.968,97.982,97.958,97.976
2026-05-07T11:00:00+08:00,97.978,98.003,97.976,98
2026-05-07T11:30:00+08:00,98.004,98.038,97.996,98.034
2026-05-07T12:00:00+08:00,98.038,98.044,97.996,98.004
2026-05-07T12:30:00+08:00,98.006,98.017,97.989,98.014
2026-05-07T13:00:00+08:00,98.016,98.025,97.992,98.016
2026-05-07T13:30:00+08:00,98.014,98.021,97.994,98.012
2026-05-07T14:00:00+08:00,98.013,98.042,98.008,98.042
2026-05-07T14:30:00+08:00,98.043,98.058,97.945,98.022
2026-05-07T15:00:00+08:00,98.026,98.026,97.856,97.902
2026-05-07T15:30:00+08:00,97.903,97.926,97.876,97.885
2026-05-07T16:00:00+08:00,97.883,97.914,97.862,97.866
2026-05-07T16:30:00+08:00,97.869,97.883,97.842,97.864
2026-05-07T17:00:00+08:00,97.864,97.91,97.864,97.892
2026-05-07T17:30:00+08:00,97.894,97.897,97.823,97.873
2026-05-07T18:00:00+08:00,97.873,97.889,97.827,97.832
2026-05-07T18:30:00+08:00,97.832,97.901,97.824,97.889
2026-05-07T19:00:00+08:00,97.891,97.925,97.876,97.911
2026-05-07T19:30:00+08:00,97.91,97.925,97.873,97.877
2026-05-07T20:00:00+08:00,97.878,97.893,97.845,97.86
2026-05-07T20:30:00+08:00,97.861,97.879,97.815,97.85
2026-05-07T21:00:00+08:00,97.855,97.878,97.821,97.829
2026-05-07T21:30:00+08:00,97.833,97.905,97.83,97.886
2026-05-07T22:00:00+08:00,97.887,97.923,97.86,97.878
2026-05-07T22:30:00+08:00,97.879,97.895,97.816,97.828
2026-05-07T23:00:00+08:00,97.825,97.941,97.816,97.929
2026-05-07T23:30:00+08:00,97.928,97.948,97.878,97.946
2026-05-08T00:00:00+08:00,97.948,98.004,97.927,97.951
2026-05-08T00:30:00+08:00,97.954,98.005,97.942,97.984
2026-05-08T01:00:00+08:00,97.983,98.087,97.98,98.087
2026-05-08T01:30:00+08:00,98.087,98.163,98.06,98.061
2026-05-08T02:00:00+08:00,98.064,98.08,98.046,98.056
2026-05-08T02:30:00+08:00,98.053,98.141,98.05,98.066
2026-05-08T03:00:00+08:00,98.064,98.165,98.036,98.129
2026-05-08T03:30:00+08:00,98.129,98.201,98.074,98.201
2026-05-08T04:00:00+08:00,98.199,98.204,98.117,98.192
2026-05-08T04:30:00+08:00,98.193,98.282,98.189,98.273
2026-05-08T05:00:00+08:00,98.277,98.277,98.213,98.228
2026-05-08T05:30:00+08:00,98.229,98.257,98.227,98.241
2026-05-08T06:00:00+08:00,98.243,98.275,98.243,98.258
2026-05-08T07:30:00+08:00,98.245,98.245,98.221,98.229
2026-05-08T08:00:00+08:00,98.227,98.264,98.195,98.243
2026-05-08T08:30:00+08:00,98.244,98.263,98.227,98.262
2026-05-08T09:00:00+08:00,98.264,98.264,98.205,98.221
2026-05-08T09:30:00+08:00,98.223,98.242,98.208,98.216
2026-05-08T10:00:00+08:00,98.219,98.244,98.215,98.237
2026-05-08T10:30:00+08:00,98.238,98.277,98.227,98.247
2026-05-08T11:00:00+08:00,98.248,98.254,98.229,98.24
2026-05-08T11:30:00+08:00,98.244,98.244,98.199,98.239
2026-05-08T12:00:00+08:00,98.242,98.253,98.224,98.233
2026-05-08T12:30:00+08:00,98.237,98.239,98.186,98.191
2026-05-08T13:00:00+08:00,98.19,98.207,98.174,98.174
2026-05-08T13:30:00+08:00,98.178,98.189,98.156,98.165
2026-05-08T14:00:00+08:00,98.17,98.17,98.088,98.089
2026-05-08T14:30:00+08:00,98.088,98.12,98.079,98.108
2026-05-08T15:00:00+08:00,98.11,98.133,98.085,98.128
2026-05-08T15:30:00+08:00,98.131,98.132,98.095,98.123
2026-05-08T16:00:00+08:00,98.123,98.134,98.03,98.03
2026-05-08T16:30:00+08:00,98.034,98.034,97.951,97.965
2026-05-08T17:00:00+08:00,97.969,97.969,97.893,97.932
2026-05-08T17:30:00+08:00,97.933,97.947,97.911,97.928
2026-05-08T18:00:00+08:00,97.93,97.933,97.903,97.922
2026-05-08T18:30:00+08:00,97.921,97.986,97.902,97.975
2026-05-08T19:00:00+08:00,97.977,97.988,97.943,97.951
2026-05-08T19:30:00+08:00,97.949,97.972,97.938,97.949
2026-05-08T20:00:00+08:00,97.951,98.003,97.948,97.963
2026-05-08T20:30:00+08:00,97.965,98.015,97.879,97.93
2026-05-08T21:00:00+08:00,97.931,97.99,97.886,97.893
2026-05-08T21:30:00+08:00,97.891,97.903,97.829,97.893
2026-05-08T22:00:00+08:00,97.897,97.978,97.888,97.97
2026-05-08T22:30:00+08:00,97.976,97.976,97.901,97.915
2026-05-08T23:00:00+08:00,97.92,97.972,97.885,97.932
2026-05-08T23:30:00+08:00,97.932,97.955,97.891,97.925
2026-05-09T00:00:00+08:00,97.927,97.935,97.888,97.903
2026-05-09T00:30:00+08:00,97.907,97.956,97.898,97.949
2026-05-09T01:00:00+08:00,97.951,97.957,97.911,97.919
2026-05-09T01:30:00+08:00,97.922,97.943,97.911,97.94
2026-05-09T02:00:00+08:00,97.94,97.952,97.867,97.893
2026-05-09T02:30:00+08:00,97.892,97.928,97.884,97.9
2026-05-09T03:00:00+08:00,97.901,97.908,97.874,97.877
2026-05-09T03:30:00+08:00,97.88,97.92,97.868,97.892
2026-05-09T04:00:00+08:00,97.896,97.903,97.853,97.863
2026-05-09T04:30:00+08:00,97.863,97.868,97.834,97.842
2026-05-11T06:00:00+08:00,98.036,98.077,98.022,98.036
2026-05-11T06:30:00+08:00,98.038,98.047,98.027,98.032
2026-05-11T07:00:00+08:00,98.031,98.034,98.002,98.01
2026-05-11T07:30:00+08:00,98.008,98.013,97.986,98.008
2026-05-11T08:00:00+08:00,98.013,98.021,97.974,97.984
2026-05-11T08:30:00+08:00,97.986,98.036,97.975,97.995
2026-05-11T09:00:00+08:00,97.993,98.038,97.989,97.999
2026-05-11T09:30:00+08:00,98,98.065,97.997,98.055
2026-05-11T10:00:00+08:00,98.052,98.055,98.032,98.032
2026-05-11T10:30:00+08:00,98.034,98.083,98.029,98.083
2026-05-11T11:00:00+08:00,98.084,98.102,98.078,98.095
2026-05-11T11:30:00+08:00,98.099,98.104,98.076,98.101
2026-05-11T12:00:00+08:00,98.104,98.116,98.098,98.115
2026-05-11T12:30:00+08:00,98.117,98.15,98.112,98.143
2026-05-11T13:00:00+08:00,98.145,98.147,98.109,98.123
2026-05-11T13:30:00+08:00,98.125,98.153,98.118,98.143
2026-05-11T14:00:00+08:00,98.141,98.141,98.072,98.072
2026-05-11T14:30:00+08:00,98.07,98.076,98.004,98.008
2026-05-11T15:00:00+08:00,98.003,98.028,97.965,97.984
2026-05-11T15:30:00+08:00,97.99,98.013,97.98,97.992
2026-05-11T16:00:00+08:00,97.991,97.998,97.915,97.931
2026-05-11T16:30:00+08:00,97.93,97.988,97.92,97.985
2026-05-11T17:00:00+08:00,97.985,97.995,97.964,97.993
2026-05-11T17:30:00+08:00,97.994,98.022,97.978,98.019
2026-05-11T18:00:00+08:00,98.023,98.042,98.005,98.01
2026-05-11T18:30:00+08:00,98.011,98.026,97.973,98.014
2026-05-11T19:00:00+08:00,98.017,98.018,97.961,97.964
2026-05-11T19:30:00+08:00,97.966,98.038,97.957,98.004
2026-05-11T20:00:00+08:00,98.006,98.035,97.955,97.98
2026-05-11T20:30:00+08:00,97.982,98.011,97.962,97.971
2026-05-11T21:00:00+08:00,97.973,97.973,97.893,97.902
2026-05-11T21:30:00+08:00,97.906,97.932,97.862,97.881
2026-05-11T22:00:00+08:00,97.886,97.923,97.856,97.871
2026-05-11T22:30:00+08:00,97.871,97.908,97.85,97.894
2026-05-11T23:00:00+08:00,97.897,97.903,97.851,97.886
2026-05-11T23:30:00+08:00,97.887,97.912,97.87,97.888
2026-05-12T00:00:00+08:00,97.887,97.923,97.885,97.922
2026-05-12T00:30:00+08:00,97.924,97.95,97.897,97.939
2026-05-12T01:00:00+08:00,97.937,97.962,97.913,97.92
2026-05-12T01:30:00+08:00,97.921,97.925,97.903,97.91
2026-05-12T02:00:00+08:00,97.913,97.92,97.894,97.914
2026-05-12T02:30:00+08:00,97.917,97.958,97.91,97.956
2026-05-12T03:00:00+08:00,97.955,97.965,97.94,97.962
2026-05-12T03:30:00+08:00,97.964,97.978,97.951,97.961
2026-05-12T04:00:00+08:00,97.959,97.989,97.945,97.948
2026-05-12T04:30:00+08:00,97.947,97.95,97.933,97.936
2026-05-12T05:00:00+08:00,97.939,97.948,97.921,97.924
2026-05-12T05:30:00+08:00,97.923,97.939,97.92,97.925
2026-05-12T06:00:00+08:00,97.921,97.921,97.903,97.907
2026-05-12T07:30:00+08:00,97.963,97.974,97.951,97.965
2026-05-12T08:00:00+08:00,97.969,98.009,97.965,97.995
2026-05-12T08:30:00+08:00,97.996,98.066,97.994,98.062
2026-05-12T09:00:00+08:00,98.062,98.116,98.047,98.113
2026-05-12T09:30:00+08:00,98.111,98.145,98.076,98.11
2026-05-12T10:00:00+08:00,98.114,98.126,98.098,98.117
2026-05-12T10:30:00+08:00,98.118,98.135,98.087,98.102
2026-05-12T11:00:00+08:00,98.103,98.145,98.099,98.141
2026-05-12T11:30:00+08:00,98.145,98.164,98.133,98.152
2026-05-12T12:00:00+08:00,98.153,98.16,98.142,98.158
2026-05-12T12:30:00+08:00,98.156,98.156,98.12,98.139
2026-05-12T13:00:00+08:00,98.141,98.183,98.133,98.168
2026-05-12T13:30:00+08:00,98.167,98.185,98.032,98.095
2026-05-12T14:00:00+08:00,98.097,98.184,98.061,98.165
2026-05-12T14:30:00+08:00,98.167,98.21,98.128,98.208
2026-05-12T15:00:00+08:00,98.21,98.26,98.198,98.22
2026-05-12T15:30:00+08:00,98.222,98.284,98.22,98.257
2026-05-12T16:00:00+08:00,98.261,98.306,98.232,98.276
2026-05-12T16:30:00+08:00,98.278,98.328,98.253,98.27
2026-05-12T17:00:00+08:00,98.274,98.285,98.251,98.267
2026-05-12T17:30:00+08:00,98.271,98.275,98.221,98.25
2026-05-12T18:00:00+08:00,98.252,98.266,98.236,98.238
2026-05-12T18:30:00+08:00,98.241,98.294,98.223,98.291
2026-05-12T19:00:00+08:00,98.297,98.338,98.264,98.285
2026-05-12T19:30:00+08:00,98.283,98.284,98.229,98.27
2026-05-12T20:00:00+08:00,98.274,98.321,98.268,98.294
2026-05-12T20:30:00+08:00,98.297,98.34,98.224,98.245
2026-05-12T21:00:00+08:00,98.247,98.352,98.223,98.315
2026-05-12T21:30:00+08:00,98.318,98.413,98.296,98.393
2026-05-12T22:00:00+08:00,98.396,98.396,98.327,98.35
2026-05-12T22:30:00+08:00,98.349,98.399,98.338,98.338
2026-05-12T23:00:00+08:00,98.342,98.46,98.335,98.446
2026-05-12T23:30:00+08:00,98.447,98.447,98.36,98.367
2026-05-13T00:00:00+08:00,98.372,98.378,98.327,98.352
2026-05-13T00:30:00+08:00,98.352,98.411,98.351,98.405
2026-05-13T01:00:00+08:00,98.406,98.41,98.357,98.381
2026-05-13T01:30:00+08:00,98.379,98.387,98.359,98.36
2026-05-13T02:00:00+08:00,98.366,98.396,98.324,98.331
2026-05-13T02:30:00+08:00,98.33,98.331,98.292,98.297
2026-05-13T03:00:00+08:00,98.299,98.301,98.257,98.279
2026-05-13T03:30:00+08:00,98.278,98.294,98.239,98.294
2026-05-13T04:00:00+08:00,98.297,98.307,98.286,98.305
2026-05-13T04:30:00+08:00,98.305,98.314,98.286,98.291
2026-05-13T05:00:00+08:00,98.295,98.321,98.291,98.314
2026-05-13T05:30:00+08:00,98.317,98.317,98.285,98.296
2026-05-13T06:00:00+08:00,98.293,98.297,98.289,98.289
2026-05-13T07:30:00+08:00,98.309,98.329,98.304,98.325
2026-05-13T08:00:00+08:00,98.327,98.342,98.303,98.327
2026-05-13T08:30:00+08:00,98.33,98.351,98.307,98.309
2026-05-13T09:00:00+08:00,98.311,98.359,98.302,98.31
2026-05-13T09:30:00+08:00,98.315,98.317,98.264,98.293
2026-05-13T10:00:00+08:00,98.292,98.311,98.265,98.298
2026-05-13T10:30:00+08:00,98.302,98.31,98.288,98.301
2026-05-13T11:00:00+08:00,98.305,98.343,98.298,98.314
2026-05-13T11:30:00+08:00,98.319,98.322,98.294,98.319
2026-05-13T12:00:00+08:00,98.319,98.337,98.313,98.334
2026-05-13T12:30:00+08:00,98.334,98.348,98.327,98.331
2026-05-13T13:00:00+08:00,98.334,98.335,98.305,98.31
2026-05-13T13:30:00+08:00,98.312,98.333,98.306,98.317
2026-05-13T14:00:00+08:00,98.317,98.383,98.313,98.368
2026-05-13T14:30:00+08:00,98.371,98.435,98.368,98.423
2026-05-13T15:00:00+08:00,98.424,98.44,98.391,98.426
2026-05-13T15:30:00+08:00,98.425,98.503,98.425,98.501
2026-05-13T16:00:00+08:00,98.502,98.51,98.462,98.464
2026-05-13T16:30:00+08:00,98.468,98.54,98.459,98.518
2026-05-13T17:00:00+08:00,98.519,98.587,98.516,98.585
2026-05-13T17:30:00+08:00,98.587,98.588,98.508,98.512
2026-05-13T18:00:00+08:00,98.513,98.555,98.499,98.522
2026-05-13T18:30:00+08:00,98.527,98.536,98.46,98.481
2026-05-13T19:00:00+08:00,98.486,98.498,98.469,98.475
2026-05-13T19:30:00+08:00,98.474,98.491,98.445,98.483
2026-05-13T20:00:00+08:00,98.487,98.551,98.456,98.54
2026-05-13T20:30:00+08:00,98.544,98.598,98.51,98.566
2026-05-13T21:00:00+08:00,98.568,98.569,98.537,98.55
2026-05-13T21:30:00+08:00,98.548,98.553,98.484,98.501
2026-05-13T22:00:00+08:00,98.503,98.532,98.483,98.5
2026-05-13T22:30:00+08:00,98.503,98.554,98.489,98.518
2026-05-13T23:00:00+08:00,98.522,98.522,98.479,98.492
2026-05-13T23:30:00+08:00,98.494,98.506,98.441,98.492
2026-05-14T00:00:00+08:00,98.491,98.5,98.435,98.443
2026-05-14T00:30:00+08:00,98.442,98.519,98.435,98.511
2026-05-14T01:00:00+08:00,98.513,98.516,98.49,98.501
2026-05-14T01:30:00+08:00,98.504,98.547,98.499,98.545
2026-05-14T02:00:00+08:00,98.548,98.548,98.518,98.528
2026-05-14T02:30:00+08:00,98.532,98.551,98.504,98.524
2026-05-14T03:00:00+08:00,98.523,98.523,98.492,98.492
2026-05-14T03:30:00+08:00,98.489,98.512,98.479,98.498
2026-05-14T04:00:00+08:00,98.503,98.511,98.476,98.483
2026-05-14T04:30:00+08:00,98.484,98.498,98.475,98.481
2026-05-14T05:00:00+08:00,98.487,98.498,98.459,98.462
2026-05-14T05:30:00+08:00,98.461,98.48,98.458,98.47
2026-05-14T06:00:00+08:00,98.471,98.472,98.449,98.452
2026-05-14T07:30:00+08:00,98.463,98.469,98.46,98.465
2026-05-14T08:00:00+08:00,98.466,98.479,98.441,98.453
2026-05-14T08:30:00+08:00,98.456,98.465,98.442,98.452
2026-05-14T09:00:00+08:00,98.453,98.476,98.45,98.463
2026-05-14T09:30:00+08:00,98.467,98.494,98.451,98.485
2026-05-14T10:00:00+08:00,98.489,98.501,98.47,98.481
2026-05-14T10:30:00+08:00,98.483,98.495,98.476,98.494
2026-05-14T11:00:00+08:00,98.496,98.515,98.474,98.474
2026-05-14T11:30:00+08:00,98.474,98.499,98.473,98.495
2026-05-14T12:00:00+08:00,98.496,98.502,98.438,98.46
2026-05-14T12:30:00+08:00,98.46,98.474,98.444,98.469
2026-05-14T13:00:00+08:00,98.471,98.501,98.464,98.491
2026-05-14T13:30:00+08:00,98.492,98.511,98.465,98.509
2026-05-14T14:00:00+08:00,98.511,98.523,98.468,98.478
2026-05-14T14:30:00+08:00,98.481,98.492,98.416,98.444
2026-05-14T15:00:00+08:00,98.448,98.517,98.44,98.5
2026-05-14T15:30:00+08:00,98.5,98.548,98.464,98.539
2026-05-14T16:00:00+08:00,98.541,98.555,98.488,98.493
2026-05-14T16:30:00+08:00,98.495,98.521,98.477,98.493
2026-05-14T17:00:00+08:00,98.499,98.515,98.485,98.501
2026-05-14T17:30:00+08:00,98.506,98.538,98.491,98.527
2026-05-14T18:00:00+08:00,98.531,98.533,98.484,98.507
2026-05-14T18:30:00+08:00,98.505,98.553,98.498,98.527
2026-05-14T19:00:00+08:00,98.525,98.556,98.524,98.552
2026-05-14T19:30:00+08:00,98.553,98.591,98.542,98.589
2026-05-14T20:00:00+08:00,98.591,98.595,98.538,98.546
2026-05-14T20:30:00+08:00,98.552,98.606,98.545,98.601
2026-05-14T21:00:00+08:00,98.6,98.638,98.587,98.615
2026-05-14T21:30:00+08:00,98.615,98.7,98.545,98.644
2026-05-14T22:00:00+08:00,98.644,98.67,98.564,98.601
2026-05-14T22:30:00+08:00,98.598,98.738,98.596,98.738
2026-05-14T23:00:00+08:00,98.739,98.789,98.724,98.756
2026-05-14T23:30:00+08:00,98.76,98.768,98.735,98.739
2026-05-15T00:00:00+08:00,98.741,98.809,98.733,98.799
2026-05-15T00:30:00+08:00,98.803,98.829,98.785,98.785
2026-05-15T01:00:00+08:00,98.782,98.802,98.757,98.794
2026-05-15T01:30:00+08:00,98.797,98.813,98.778,98.808
2026-05-15T02:00:00+08:00,98.809,98.831,98.808,98.819
2026-05-15T02:30:00+08:00,98.82,98.843,98.815,98.819
2026-05-15T03:00:00+08:00,98.82,98.846,98.804,98.846
2026-05-15T03:30:00+08:00,98.847,98.89,98.839,98.876
2026-05-15T04:00:00+08:00,98.877,98.907,98.863,98.9
2026-05-15T04:30:00+08:00,98.899,98.905,98.877,98.877
2026-05-15T05:00:00+08:00,98.882,98.889,98.853,98.857
2026-05-15T05:30:00+08:00,98.857,98.88,98.844,98.869
2026-05-15T06:00:00+08:00,98.868,98.878,98.865,98.869
2026-05-15T07:30:00+08:00,98.929,98.954,98.923,98.951
2026-05-15T08:00:00+08:00,98.949,98.981,98.935,98.963
2026-05-15T08:30:00+08:00,98.968,99.033,98.966,99.008
2026-05-15T09:00:00+08:00,99.008,99.067,98.997,99.065
2026-05-15T09:30:00+08:00,99.064,99.086,99.032,99.081
2026-05-15T10:00:00+08:00,99.08,99.097,99.035,99.055
2026-05-15T10:30:00+08:00,99.056,99.061,99.001,99.034
2026-05-15T11:00:00+08:00,99.035,99.054,99.021,99.039
2026-05-15T11:30:00+08:00,99.037,99.057,99.032,99.041
2026-05-15T12:00:00+08:00,99.041,99.055,99.038,99.052
2026-05-15T12:30:00+08:00,99.052,99.094,99.048,99.088
2026-05-15T13:00:00+08:00,99.086,99.135,99.086,99.095
2026-05-15T13:30:00+08:00,99.099,99.199,99.096,99.198
2026-05-15T14:00:00+08:00,99.2,99.202,99.113,99.163
2026-05-15T14:30:00+08:00,99.164,99.176,99.105,99.162
2026-05-15T15:00:00+08:00,99.165,99.186,99.038,99.081
2026-05-15T15:30:00+08:00,99.083,99.136,99.076,99.131
2026-05-15T16:00:00+08:00,99.133,99.184,99.12,99.17
2026-05-15T16:30:00+08:00,99.173,99.195,99.143,99.178
2026-05-15T17:00:00+08:00,99.182,99.293,99.176,99.234
2026-05-15T17:30:00+08:00,99.236,99.256,99.2,99.212
2026-05-15T18:00:00+08:00,99.209,99.214,99.103,99.129
2026-05-15T18:30:00+08:00,99.132,99.136,98.98,99.03
2026-05-15T19:00:00+08:00,99.035,99.116,99.026,99.113
2026-05-15T19:30:00+08:00,99.117,99.199,99.111,99.182
2026-05-15T20:00:00+08:00,99.183,99.223,99.179,99.205
2026-05-15T20:30:00+08:00,99.206,99.281,99.202,99.223
2026-05-15T21:00:00+08:00,99.225,99.252,99.177,99.206
2026-05-15T21:30:00+08:00,99.208,99.294,99.197,99.269
2026-05-15T22:00:00+08:00,99.27,99.287,99.153,99.2
2026-05-15T22:30:00+08:00,99.203,99.265,99.184,99.213
2026-05-15T23:00:00+08:00,99.214,99.294,99.202,99.284
2026-05-15T23:30:00+08:00,99.285,99.302,99.256,99.256
2026-05-16T00:00:00+08:00,99.257,99.281,99.241,99.243
2026-05-16T00:30:00+08:00,99.244,99.246,99.206,99.219
2026-05-16T01:00:00+08:00,99.219,99.234,99.174,99.201
2026-05-16T01:30:00+08:00,99.207,99.244,99.192,99.242
2026-05-16T02:00:00+08:00,99.242,99.295,99.239,99.285
2026-05-16T02:30:00+08:00,99.283,99.32,99.272,99.283
2026-05-16T03:00:00+08:00,99.283,99.299,99.278,99.287
2026-05-16T03:30:00+08:00,99.284,99.308,99.271,99.293
2026-05-16T04:00:00+08:00,99.293,99.313,99.289,99.306
2026-05-16T04:30:00+08:00,99.304,99.305,99.267,99.269
2026-05-18T06:00:00+08:00,99.278,99.293,99.251,99.293
2026-05-18T06:30:00+08:00,99.293,99.298,99.276,99.282
2026-05-18T07:00:00+08:00,99.28,99.309,99.277,99.308
2026-05-18T07:30:00+08:00,99.311,99.373,99.311,99.362
2026-05-18T08:00:00+08:00,99.365,99.365,99.309,99.351
2026-05-18T08:30:00+08:00,99.354,99.404,99.342,99.383
2026-05-18T09:00:00+08:00,99.382,99.409,99.367,99.375
2026-05-18T09:30:00+08:00,99.376,99.383,99.331,99.345
2026-05-18T10:00:00+08:00,99.344,99.376,99.333,99.339
2026-05-18T10:30:00+08:00,99.341,99.374,99.322,99.357
2026-05-18T11:00:00+08:00,99.361,99.362,99.323,99.324
2026-05-18T11:30:00+08:00,99.329,99.344,99.312,99.325
2026-05-18T12:00:00+08:00,99.327,99.332,99.289,99.327
2026-05-18T12:30:00+08:00,99.329,99.336,99.304,99.324
2026-05-18T13:00:00+08:00,99.327,99.35,99.309,99.316
2026-05-18T13:30:00+08:00,99.317,99.331,99.297,99.301
2026-05-18T14:00:00+08:00,99.303,99.307,99.201,99.226
2026-05-18T14:30:00+08:00,99.228,99.23,99.17,99.18
2026-05-18T15:00:00+08:00,99.179,99.226,99.161,99.169
2026-05-18T15:30:00+08:00,99.169,99.217,99.143,99.209
2026-05-18T16:00:00+08:00,99.21,99.231,99.152,99.157
2026-05-18T16:30:00+08:00,99.158,99.158,99.092,99.117
2026-05-18T17:00:00+08:00,99.12,99.162,99.113,99.143
2026-05-18T17:30:00+08:00,99.144,99.18,99.131,99.179
2026-05-18T18:00:00+08:00,99.181,99.202,99.168,99.169
2026-05-18T18:30:00+08:00,99.171,99.248,99.166,99.245
2026-05-18T19:00:00+08:00,99.248,99.248,99.202,99.219
2026-05-18T19:30:00+08:00,99.22,99.227,99.059,99.123
2026-05-18T20:00:00+08:00,99.124,99.128,99.059,99.083
2026-05-18T20:30:00+08:00,99.087,99.088,98.98,99.028
2026-05-18T21:00:00+08:00,99.033,99.076,99.008,99.045
2026-05-18T21:30:00+08:00,99.045,99.096,99.002,99.048
2026-05-18T22:00:00+08:00,99.051,99.112,99.029,99.069
2026-05-18T22:30:00+08:00,99.072,99.116,99.063,99.1
2026-05-18T23:00:00+08:00,99.104,99.172,99.1,99.118
2026-05-18T23:30:00+08:00,99.119,99.129,99.013,99.044
2026-05-19T00:00:00+08:00,99.049,99.073,98.971,99.045
2026-05-19T00:30:00+08:00,99.049,99.052,98.999,99.026
2026-05-19T01:00:00+08:00,99.024,99.035,99.002,99.022
2026-05-19T01:30:00+08:00,99.025,99.041,99.007,99.039
2026-05-19T02:00:00+08:00,99.045,99.139,99.037,99.118
2026-05-19T02:30:00+08:00,99.112,99.193,99.11,99.193
2026-05-19T03:00:00+08:00,99.193,99.194,98.978,99.045
2026-05-19T03:30:00+08:00,99.05,99.051,98.981,99.018
2026-05-19T04:00:00+08:00,99.019,99.019,98.946,98.955
2026-05-19T04:30:00+08:00,98.955,98.991,98.955,98.983
2026-05-19T05:00:00+08:00,98.984,99.004,98.977,98.999
2026-05-19T05:30:00+08:00,99,99.001,98.952,98.963
2026-05-19T06:00:00+08:00,98.962,98.963,98.944,98.956
2026-05-19T07:30:00+08:00,98.965,98.992,98.965,98.99
2026-05-19T08:00:00+08:00,98.991,99.04,98.982,99.026
2026-05-19T08:30:00+08:00,99.031,99.086,99.024,99.081
2026-05-19T09:00:00+08:00,99.08,99.093,99.062,99.074
2026-05-19T09:30:00+08:00,99.078,99.088,99.02,99.073
2026-05-19T10:00:00+08:00,99.074,99.116,99.065,99.08
2026-05-19T10:30:00+08:00,99.084,99.107,99.069,99.09
2026-05-19T11:00:00+08:00,99.09,99.11,99.068,99.076
2026-05-19T11:30:00+08:00,99.076,99.105,99.069,99.104
2026-05-19T12:00:00+08:00,99.107,99.11,99.087,99.106
2026-05-19T12:30:00+08:00,99.108,99.148,99.093,99.141
2026-05-19T13:00:00+08:00,99.145,99.165,99.117,99.15
2026-05-19T13:30:00+08:00,99.154,99.16,99.095,99.096
2026-05-19T14:00:00+08:00,99.098,99.133,99.072,99.097
2026-05-19T14:30:00+08:00,99.1,99.155,99.095,99.148
2026-05-19T15:00:00+08:00,99.151,99.189,99.148,99.175
2026-05-19T15:30:00+08:00,99.178,99.184,99.121,99.143
2026-05-19T16:00:00+08:00,99.147,99.211,99.137,99.188
2026-05-19T16:30:00+08:00,99.192,99.239,99.16,99.236
2026-05-19T17:00:00+08:00,99.238,99.293,99.236,99.269
2026-05-19T17:30:00+08:00,99.273,99.291,99.232,99.24
2026-05-19T18:00:00+08:00,99.245,99.25,99.186,99.205
2026-05-19T18:30:00+08:00,99.205,99.311,99.199,99.223
2026-05-19T19:00:00+08:00,99.222,99.256,99.221,99.234
2026-05-19T19:30:00+08:00,99.238,99.259,99.21,99.256
2026-05-19T20:00:00+08:00,99.257,99.261,99.192,99.197
2026-05-19T20:30:00+08:00,99.198,99.26,99.177,99.25
2026-05-19T21:00:00+08:00,99.251,99.355,99.248,99.348
2026-05-19T21:30:00+08:00,99.344,99.371,99.269,99.283
2026-05-19T22:00:00+08:00,99.286,99.434,99.263,99.387
2026-05-19T22:30:00+08:00,99.389,99.421,99.374,99.399
2026-05-19T23:00:00+08:00,99.395,99.422,99.375,99.393
2026-05-19T23:30:00+08:00,99.395,99.404,99.336,99.346
2026-05-20T00:00:00+08:00,99.348,99.393,99.296,99.302
2026-05-20T00:30:00+08:00,99.307,99.31,99.264,99.282
2026-05-20T01:00:00+08:00,99.281,99.287,99.244,99.263
2026-05-20T01:30:00+08:00,99.264,99.287,99.248,99.259
2026-05-20T02:00:00+08:00,99.26,99.29,99.234,99.29
2026-05-20T02:30:00+08:00,99.292,99.334,99.274,99.327
2026-05-20T03:00:00+08:00,99.328,99.334,99.3,99.318
2026-05-20T03:30:00+08:00,99.317,99.325,99.285,99.309
2026-05-20T04:00:00+08:00,99.312,99.332,99.306,99.321
2026-05-20T04:30:00+08:00,99.316,99.324,99.304,99.315
2026-05-20T05:00:00+08:00,99.32,99.328,99.303,99.304
2026-05-20T05:30:00+08:00,99.305,99.31,99.296,99.299
2026-05-20T06:00:00+08:00,99.299,99.312,99.299,99.308
2026-05-20T07:30:00+08:00,99.271,99.311,99.271,99.308
2026-05-20T08:00:00+08:00,99.311,99.342,99.288,99.304
2026-05-20T08:30:00+08:00,99.307,99.354,99.286,99.35
2026-05-20T09:00:00+08:00,99.352,99.4,99.342,99.397
2026-05-20T09:30:00+08:00,99.4,99.412,99.337,99.378
2026-05-20T10:00:00+08:00,99.373,99.38,99.321,99.355
2026-05-20T10:30:00+08:00,99.355,99.394,99.347,99.362
2026-05-20T11:00:00+08:00,99.36,99.38,99.32,99.325
2026-05-20T11:30:00+08:00,99.329,99.333,99.298,99.324
2026-05-20T12:00:00+08:00,99.321,99.329,99.285,99.323
2026-05-20T12:30:00+08:00,99.321,99.374,99.32,99.371
2026-05-20T13:00:00+08:00,99.373,99.383,99.336,99.381
2026-05-20T13:30:00+08:00,99.379,99.405,99.346,99.382
2026-05-20T14:00:00+08:00,99.384,99.405,99.292,99.308
2026-05-20T14:30:00+08:00,99.31,99.409,99.306,99.382
2026-05-20T15:00:00+08:00,99.387,99.396,99.343,99.368
2026-05-20T15:30:00+08:00,99.369,99.419,99.366,99.414
2026-05-20T16:00:00+08:00,99.416,99.471,99.389,99.437
2026-05-20T16:30:00+08:00,99.437,99.444,99.391,99.419
2026-05-20T17:00:00+08:00,99.424,99.428,99.387,99.425
2026-05-20T17:30:00+08:00,99.427,99.443,99.407,99.443
2026-05-20T18:00:00+08:00,99.445,99.449,99.381,99.392
2026-05-20T18:30:00+08:00,99.397,99.397,99.329,99.343
2026-05-20T19:00:00+08:00,99.342,99.376,99.325,99.327
2026-05-20T19:30:00+08:00,99.327,99.357,99.294,99.333
2026-05-20T20:00:00+08:00,99.334,99.364,99.307,99.349
2026-05-20T20:30:00+08:00,99.349,99.379,99.323,99.369
2026-05-20T21:00:00+08:00,99.371,99.405,99.365,99.4
2026-05-20T21:30:00+08:00,99.403,99.427,99.353,99.415
2026-05-20T22:00:00+08:00,99.417,99.472,99.187,99.232
2026-05-20T22:30:00+08:00,99.235,99.235,99.124,99.165
2026-05-20T23:00:00+08:00,99.167,99.223,98.966,99.116
2026-05-20T23:30:00+08:00,99.114,99.166,99.027,99.157
2026-05-21T00:00:00+08:00,99.16,99.16,99.064,99.131
2026-05-21T00:30:00+08:00,99.134,99.16,99.076,99.118
2026-05-21T01:00:00+08:00,99.121,99.172,99.11,99.128
2026-05-21T01:30:00+08:00,99.129,99.178,99.11,99.172
2026-05-21T02:00:00+08:00,99.177,99.199,99.104,99.108
2026-05-21T02:30:00+08:00,99.104,99.115,99.053,99.092
2026-05-21T03:00:00+08:00,99.091,99.095,99.064,99.077
2026-05-21T03:30:00+08:00,99.071,99.113,99.055,99.109
2026-05-21T04:00:00+08:00,99.11,99.125,99.105,99.114
2026-05-21T04:30:00+08:00,99.119,99.145,99.113,99.136
2026-05-21T05:00:00+08:00,99.138,99.146,99.114,99.117
2026-05-21T05:30:00+08:00,99.124,99.128,99.11,99.124
2026-05-21T06:00:00+08:00,99.125,99.133,99.118,99.125
2026-05-21T07:30:00+08:00,99.123,99.156,99.12,99.14
2026-05-21T08:00:00+08:00,99.144,99.16,99.123,99.132
2026-05-21T08:30:00+08:00,99.131,99.147,99.107,99.111
2026-05-21T09:00:00+08:00,99.11,99.112,99.064,99.081
2026-05-21T09:30:00+08:00,99.083,99.157,99.069,99.134
2026-05-21T10:00:00+08:00,99.139,99.179,99.116,99.177
2026-05-21T10:30:00+08:00,99.176,99.219,99.164,99.206
2026-05-21T11:00:00+08:00,99.207,99.209,99.162,99.174
2026-05-21T11:30:00+08:00,99.18,99.197,99.168,99.194
2026-05-21T12:00:00+08:00,99.195,99.196,99.171,99.178
2026-05-21T12:30:00+08:00,99.176,99.185,99.157,99.168
2026-05-21T13:00:00+08:00,99.172,99.201,99.156,99.194
2026-05-21T13:30:00+08:00,99.195,99.206,99.167,99.174
2026-05-21T14:00:00+08:00,99.172,99.188,99.14,99.155
2026-05-21T14:30:00+08:00,99.157,99.221,99.147,99.189
2026-05-21T15:00:00+08:00,99.192,99.356,99.181,99.343
2026-05-21T15:30:00+08:00,99.349,99.349,99.254,99.272
2026-05-21T16:00:00+08:00,99.274,99.278,99.078,99.086
2026-05-21T16:30:00+08:00,99.089,99.185,99.089,99.169
2026-05-21T17:00:00+08:00,99.168,99.185,99.102,99.102
2026-05-21T17:30:00+08:00,99.104,99.147,99.091,99.134
2026-05-21T18:00:00+08:00,99.132,99.264,99.112,99.239
2026-05-21T18:30:00+08:00,99.242,99.334,99.237,99.28
2026-05-21T19:00:00+08:00,99.279,99.285,99.204,99.227
2026-05-21T19:30:00+08:00,99.229,99.347,99.213,99.328
2026-05-21T20:00:00+08:00,99.332,99.373,99.299,99.363
2026-05-21T20:30:00+08:00,99.361,99.366,99.259,99.354
2026-05-21T21:00:00+08:00,99.358,99.436,99.333,99.419
2026-05-21T21:30:00+08:00,99.416,99.515,99.339,99.386
2026-05-21T22:00:00+08:00,99.389,99.461,99.38,99.43
2026-05-21T22:30:00+08:00,99.428,99.446,99.359,99.388
2026-05-21T23:00:00+08:00,99.384,99.477,99.382,99.436
2026-05-21T23:30:00+08:00,99.438,99.456,99.416,99.42
2026-05-22T00:00:00+08:00,99.424,99.447,99.385,99.387
2026-05-22T00:30:00+08:00,99.388,99.4,99.367,99.371
2026-05-22T01:00:00+08:00,99.37,99.395,99.18,99.189
2026-05-22T01:30:00+08:00,99.193,99.217,99.092,99.137
2026-05-22T02:00:00+08:00,99.139,99.187,99.098,99.12
2026-05-22T02:30:00+08:00,99.124,99.283,99.117,99.258
2026-05-22T03:00:00+08:00,99.259,99.259,99.177,99.184
2026-05-22T03:30:00+08:00,99.182,99.225,99.146,99.166
2026-05-22T04:00:00+08:00,99.171,99.205,99.154,99.189
2026-05-22T04:30:00+08:00,99.192,99.214,99.191,99.203
2026-05-22T05:00:00+08:00,99.2,99.208,99.177,99.183
2026-05-22T05:30:00+08:00,99.185,99.204,99.175,99.189
2026-05-22T06:00:00+08:00,99.186,99.203,99.186,99.191
2026-05-22T07:30:00+08:00,99.199,99.21,99.191,99.2
2026-05-22T08:00:00+08:00,99.203,99.244,99.201,99.237
2026-05-22T08:30:00+08:00,99.237,99.252,99.222,99.237
2026-05-22T09:00:00+08:00,99.238,99.255,99.229,99.24
2026-05-22T09:30:00+08:00,99.244,99.269,99.223,99.268
2026-05-22T10:00:00+08:00,99.269,99.271,99.247,99.254
2026-05-22T10:30:00+08:00,99.256,99.262,99.226,99.245
2026-05-22T11:00:00+08:00,99.25,99.272,99.234,99.258
2026-05-22T11:30:00+08:00,99.263,99.263,99.244,99.249
2026-05-22T12:00:00+08:00,99.248,99.255,99.221,99.234
2026-05-22T12:30:00+08:00,99.237,99.241,99.219,99.223
2026-05-22T13:00:00+08:00,99.224,99.236,99.209,99.231
2026-05-22T13:30:00+08:00,99.232,99.288,99.212,99.274
2026-05-22T14:00:00+08:00,99.276,99.282,99.24,99.247
2026-05-22T14:30:00+08:00,99.25,99.298,99.245,99.268
2026-05-22T15:00:00+08:00,99.271,99.333,99.264,99.278
2026-05-22T15:30:00+08:00,99.28,99.304,99.268,99.276
2026-05-22T16:00:00+08:00,99.278,99.289,99.211,99.247
2026-05-22T16:30:00+08:00,99.249,99.3,99.235,99.27
2026-05-22T17:00:00+08:00,99.272,99.351,99.267,99.326
2026-05-22T17:30:00+08:00,99.33,99.335,99.286,99.294
2026-05-22T18:00:00+08:00,99.297,99.32,99.266,99.32
2026-05-22T18:30:00+08:00,99.325,99.358,99.313,99.347
2026-05-22T19:00:00+08:00,99.344,99.374,99.343,99.367
2026-05-22T19:30:00+08:00,99.365,99.374,99.315,99.353
2026-05-22T20:00:00+08:00,99.354,99.371,99.28,99.341
2026-05-22T20:30:00+08:00,99.346,99.346,99.29,99.29
2026-05-22T21:00:00+08:00,99.293,99.293,99.172,99.227
2026-05-22T21:30:00+08:00,99.233,99.323,99.227,99.291
2026-05-22T22:00:00+08:00,99.292,99.412,99.292,99.359
2026-05-22T22:30:00+08:00,99.359,99.374,99.317,99.342
2026-05-22T23:00:00+08:00,99.342,99.36,99.287,99.309
2026-05-22T23:30:00+08:00,99.313,99.341,99.3,99.315
2026-05-23T00:00:00+08:00,99.32,99.34,99.263,99.266
2026-05-23T00:30:00+08:00,99.264,99.289,99.247,99.248
2026-05-23T01:00:00+08:00,99.251,99.263,99.203,99.209
2026-05-23T01:30:00+08:00,99.212,99.249,99.186,99.229
2026-05-23T02:00:00+08:00,99.234,99.256,99.217,99.251
2026-05-23T02:30:00+08:00,99.251,99.26,99.219,99.239
2026-05-23T03:00:00+08:00,99.243,99.273,99.226,99.267
2026-05-23T03:30:00+08:00,99.265,99.293,99.264,99.29
2026-05-23T04:00:00+08:00,99.289,99.305,99.286,99.3
2026-05-23T04:30:00+08:00,99.301,99.349,99.301,99.319
2026-05-25T06:00:00+08:00,99.115,99.122,99.011,99.018
2026-05-25T06:30:00+08:00,99.019,99.021,98.992,99.005
2026-05-25T07:00:00+08:00,99.006,99.006,98.979,98.993
2026-05-25T07:30:00+08:00,98.993,99.028,98.986,99.025
2026-05-25T08:00:00+08:00,99.023,99.046,99.006,99.009
2026-05-25T08:30:00+08:00,99.007,99.05,98.957,99.039
2026-05-25T09:00:00+08:00,99.043,99.045,98.951,98.953
2026-05-25T09:30:00+08:00,98.956,99.023,98.954,99.016
2026-05-25T10:00:00+08:00,99.02,99.02,98.988,98.996
2026-05-25T10:30:00+08:00,99.001,99.035,98.994,99.027
2026-05-25T11:00:00+08:00,99.029,99.041,99.012,99.034
2026-05-25T11:30:00+08:00,99.04,99.051,99.013,99.037
2026-05-25T12:00:00+08:00,99.039,99.052,99.035,99.04
2026-05-25T12:30:00+08:00,99.045,99.045,98.985,99.001
2026-05-25T13:00:00+08:00,99.003,99.004,98.975,98.992
2026-05-25T13:30:00+08:00,98.994,99.032,98.978,99.023
2026-05-25T14:00:00+08:00,99.025,99.039,99.009,99.028
2026-05-25T14:30:00+08:00,99.028,99.037,98.987,99.011
2026-05-25T15:00:00+08:00,99.009,99.106,99.008,99.08
2026-05-25T15:30:00+08:00,99.085,99.085,99.041,99.043
2026-05-25T16:00:00+08:00,99.042,99.073,99.013,99.018
2026-05-25T16:30:00+08:00,99.022,99.022,98.978,98.982
2026-05-25T17:00:00+08:00,98.984,99.004,98.97,98.988
2026-05-25T17:30:00+08:00,98.988,99.003,98.968,98.995
2026-05-25T18:00:00+08:00,98.998,99,98.979,98.998
2026-05-25T18:30:00+08:00,98.995,99.002,98.981,98.993
2026-05-25T19:00:00+08:00,98.996,99.014,98.978,98.978
2026-05-25T19:30:00+08:00,98.982,98.982,98.927,98.977
2026-05-25T20:00:00+08:00,98.975,98.985,98.955,98.974
2026-05-25T20:30:00+08:00,98.974,98.976,98.915,98.947
2026-05-25T21:00:00+08:00,98.953,98.975,98.937,98.973
2026-05-25T21:30:00+08:00,98.975,99.016,98.969,99.016
2026-05-25T22:00:00+08:00,99.018,99.022,98.987,98.998
2026-05-25T22:30:00+08:00,99,99.01,98.963,98.989
2026-05-25T23:00:00+08:00,98.99,99.006,98.948,98.964
2026-05-25T23:30:00+08:00,98.965,98.983,98.954,98.98
2026-05-26T00:00:00+08:00,98.984,99.014,98.978,99.009
2026-05-26T00:30:00+08:00,99.008,99.021,98.984,98.989
2026-05-26T01:00:00+08:00,98.989,98.996,98.969,98.971
2026-05-26T01:30:00+08:00,98.974,98.987,98.966,98.973
2026-05-26T02:00:00+08:00,98.974,98.983,98.968,98.978
2026-05-26T02:30:00+08:00,98.979,98.988,98.971,98.974
2026-05-26T03:00:00+08:00,98.977,98.985,98.974,98.978
2026-05-26T03:30:00+08:00,98.978,98.984,98.968,98.98
2026-05-26T04:00:00+08:00,98.977,98.986,98.972,98.976
2026-05-26T04:30:00+08:00,98.975,98.992,98.973,98.975
2026-05-26T05:00:00+08:00,98.979,99.001,98.974,98.991
2026-05-26T05:30:00+08:00,98.99,99.014,98.973,98.993
2026-05-26T06:00:00+08:00,98.995,99.012,98.995,99.008
2026-05-26T07:30:00+08:00,98.988,99.038,98.988,99.038
2026-05-26T08:00:00+08:00,99.04,99.06,99.014,99.044
2026-05-26T08:30:00+08:00,99.044,99.05,99.015,99.023
2026-05-26T09:00:00+08:00,99.025,99.053,99.016,99.037
2026-05-26T09:30:00+08:00,99.035,99.086,99.035,99.059
2026-05-26T10:00:00+08:00,99.062,99.069,99.046,99.064
2026-05-26T10:30:00+08:00,99.061,99.082,99.053,99.054
2026-05-26T11:00:00+08:00,99.06,99.06,99.028,99.049
2026-05-26T11:30:00+08:00,99.052,99.056,99.036,99.041
2026-05-26T12:00:00+08:00,99.039,99.062,99.038,99.059
2026-05-26T12:30:00+08:00,99.057,99.091,99.05,99.089
2026-05-26T13:00:00+08:00,99.091,99.104,99.087,99.093
2026-05-26T13:30:00+08:00,99.095,99.115,99.087,99.114
2026-05-26T14:00:00+08:00,99.114,99.12,99.056,99.075
2026-05-26T14:30:00+08:00,99.082,99.093,99.063,99.09
2026-05-26T15:00:00+08:00,99.089,99.164,99.076,99.099
2026-05-26T15:30:00+08:00,99.102,99.106,99.054,99.075
2026-05-26T16:00:00+08:00,99.077,99.094,99.044,99.059
2026-05-26T16:30:00+08:00,99.059,99.097,99.047,99.081
2026-05-26T17:00:00+08:00,99.083,99.103,99.042,99.045
2026-05-26T17:30:00+08:00,99.043,99.057,99.023,99.031
2026-05-26T18:00:00+08:00,99.033,99.058,99.026,99.029
2026-05-26T18:30:00+08:00,99.031,99.063,99.014,99.034
2026-05-26T19:00:00+08:00,99.036,99.054,99.014,99.052
2026-05-26T19:30:00+08:00,99.054,99.108,99.038,99.1
2026-05-26T20:00:00+08:00,99.102,99.126,99.092,99.1
2026-05-26T20:30:00+08:00,99.102,99.129,99.088,99.121
2026-05-26T21:00:00+08:00,99.128,99.158,99.114,99.158
2026-05-26T21:30:00+08:00,99.16,99.213,99.116,99.16
2026-05-26T22:00:00+08:00,99.165,99.183,99.127,99.163
2026-05-26T22:30:00+08:00,99.163,99.184,99.124,99.179
2026-05-26T23:00:00+08:00,99.179,99.246,99.178,99.218
2026-05-26T23:30:00+08:00,99.222,99.251,99.204,99.23
2026-05-27T00:00:00+08:00,99.227,99.229,99.156,99.173
2026-05-27T00:30:00+08:00,99.173,99.21,99.157,99.195
2026-05-27T01:00:00+08:00,99.2,99.204,99.166,99.194
2026-05-27T01:30:00+08:00,99.194,99.223,99.18,99.208
2026-05-27T02:00:00+08:00,99.209,99.212,99.182,99.185
2026-05-27T02:30:00+08:00,99.185,99.192,99.156,99.169
2026-05-27T03:00:00+08:00,99.17,99.185,99.162,99.169
2026-05-27T03:30:00+08:00,99.167,99.17,99.14,99.145
2026-05-27T04:00:00+08:00,99.147,99.151,99.132,99.15
2026-05-27T04:30:00+08:00,99.151,99.157,99.142,99.145
2026-05-27T05:00:00+08:00,99.149,99.178,99.149,99.149
2026-05-27T05:30:00+08:00,99.15,99.156,99.143,99.146
2026-05-27T06:00:00+08:00,99.145,99.145,99.137,99.143
2026-05-27T07:30:00+08:00,99.078,99.103,99.073,99.103
2026-05-27T08:00:00+08:00,99.1,99.103,99.073,99.079
2026-05-27T08:30:00+08:00,99.08,99.102,99.072,99.097
2026-05-27T09:00:00+08:00,99.101,99.106,99.084,99.103
2026-05-27T09:30:00+08:00,99.104,99.14,99.102,99.135
2026-05-27T10:00:00+08:00,99.139,99.139,99.101,99.124
2026-05-27T10:30:00+08:00,99.125,99.13,99.093,99.095
2026-05-27T11:00:00+08:00,99.097,99.099,99.064,99.086
2026-05-27T11:30:00+08:00,99.09,99.109,99.083,99.093
2026-05-27T12:00:00+08:00,99.097,99.098,99.077,99.09
2026-05-27T12:30:00+08:00,99.09,99.092,99.071,99.082
2026-05-27T13:00:00+08:00,99.079,99.085,99.062,99.065
2026-05-27T13:30:00+08:00,99.062,99.11,99.062,99.107
2026-05-27T14:00:00+08:00,99.108,99.124,99.092,99.105
2026-05-27T14:30:00+08:00,99.103,99.116,99.04,99.065
2026-05-27T15:00:00+08:00,99.067,99.096,99.042,99.076
2026-05-27T15:30:00+08:00,99.078,99.114,99.057,99.111
2026-05-27T16:00:00+08:00,99.113,99.124,99.074,99.077
2026-05-27T16:30:00+08:00,99.079,99.1,99.072,99.084
2026-05-27T17:00:00+08:00,99.089,99.096,99.056,99.066
2026-05-27T17:30:00+08:00,99.069,99.082,99.041,99.072
2026-05-27T18:00:00+08:00,99.073,99.134,99.069,99.126
2026-05-27T18:30:00+08:00,99.13,99.137,99.103,99.114
2026-05-27T19:00:00+08:00,99.119,99.143,99.101,99.139
2026-05-27T19:30:00+08:00,99.141,99.173,99.126,99.145
2026-05-27T20:00:00+08:00,99.144,99.166,98.979,98.997
2026-05-27T20:30:00+08:00,98.999,99.096,98.969,99.091
2026-05-27T21:00:00+08:00,99.092,99.112,99.049,99.1
2026-05-27T21:30:00+08:00,99.098,99.12,99.065,99.093
2026-05-27T22:00:00+08:00,99.095,99.125,99.016,99.048
2026-05-27T22:30:00+08:00,99.053,99.245,99.026,99.242
2026-05-27T23:00:00+08:00,99.243,99.26,99.17,99.174
2026-05-27T23:30:00+08:00,99.176,99.223,99.154,99.202
2026-05-28T00:00:00+08:00,99.204,99.242,99.178,99.203
2026-05-28T00:30:00+08:00,99.206,99.213,99.176,99.181
2026-05-28T01:00:00+08:00,99.179,99.258,99.175,99.25
2026-05-28T01:30:00+08:00,99.25,99.257,99.209,99.218
2026-05-28T02:00:00+08:00,99.221,99.254,99.218,99.236
2026-05-28T02:30:00+08:00,99.234,99.246,99.197,99.205
2026-05-28T03:00:00+08:00,99.204,99.214,99.185,99.195
2026-05-28T03:30:00+08:00,99.194,99.222,99.188,99.207
2026-05-28T04:00:00+08:00,99.207,99.214,99.19,99.21
2026-05-28T04:30:00+08:00,99.208,99.234,99.204,99.23
2026-05-28T05:00:00+08:00,99.234,99.234,99.203,99.207
2026-05-28T05:30:00+08:00,99.208,99.224,99.195,99.212
2026-05-28T06:00:00+08:00,99.212,99.22,99.211,99.216
2026-05-28T07:30:00+08:00,99.265,99.306,99.264,99.298
2026-05-28T08:00:00+08:00,99.296,99.306,99.26,99.262
2026-05-28T08:30:00+08:00,99.267,99.313,99.261,99.282
2026-05-28T09:00:00+08:00,99.28,99.306,99.279,99.296
2026-05-28T09:30:00+08:00,99.298,99.369,99.289,99.365
2026-05-28T10:00:00+08:00,99.366,99.369,99.328,99.332
2026-05-28T10:30:00+08:00,99.332,99.36,99.32,99.343
2026-05-28T11:00:00+08:00,99.342,99.428,99.335,99.425
2026-05-28T11:30:00+08:00,99.427,99.537,99.426,99.536
2026-05-28T12:00:00+08:00,99.537,99.544,99.497,99.524
2026-05-28T12:30:00+08:00,99.525,99.525,99.49,99.497
2026-05-28T13:00:00+08:00,99.494,99.515,99.466,99.47
2026-05-28T13:30:00+08:00,99.475,99.475,99.407,99.43
2026-05-28T14:00:00+08:00,99.429,99.435,99.353,99.372
2026-05-28T14:30:00+08:00,99.372,99.379,99.327,99.344
2026-05-28T15:00:00+08:00,99.347,99.347,99.286,99.328
2026-05-28T15:30:00+08:00,99.33,99.351,99.316,99.337
2026-05-28T16:00:00+08:00,99.338,99.386,99.31,99.366
2026-05-28T16:30:00+08:00,99.37,99.375,99.318,99.326
2026-05-28T17:00:00+08:00,99.329,99.332,99.289,99.305
2026-05-28T17:30:00+08:00,99.305,99.348,99.299,99.344
2026-05-28T18:00:00+08:00,99.346,99.378,99.326,99.333
2026-05-28T18:30:00+08:00,99.335,99.41,99.332,99.407
2026-05-28T19:00:00+08:00,99.412,99.412,99.347,99.351
2026-05-28T19:30:00+08:00,99.351,99.374,99.276,99.312
2026-05-28T20:00:00+08:00,99.315,99.323,99.245,99.248
2026-05-28T20:30:00+08:00,99.245,99.252,99.153,99.172
2026-05-28T21:00:00+08:00,99.174,99.205,99.122,99.196
2026-05-28T21:30:00+08:00,99.2,99.233,99.152,99.223
2026-05-28T22:00:00+08:00,99.228,99.256,99.006,99.029
2026-05-28T22:30:00+08:00,99.031,99.096,99.001,99.061
2026-05-28T23:00:00+08:00,99.062,99.062,98.992,99.009
2026-05-28T23:30:00+08:00,99.013,99.044,98.988,99.04
2026-05-29T00:00:00+08:00,99.042,99.062,98.945,98.966
2026-05-29T00:30:00+08:00,98.968,98.99,98.95,98.961
2026-05-29T01:00:00+08:00,98.959,99.002,98.958,99.002
2026-05-29T01:30:00+08:00,99.005,99.005,98.974,98.98
2026-05-29T02:00:00+08:00,98.983,99.019,98.965,99.016
2026-05-29T02:30:00+08:00,99.018,99.035,99.004,99.021
2026-05-29T03:00:00+08:00,99.02,99.033,99.009,99.011
2026-05-29T03:30:00+08:00,99.011,99.024,98.987,99.019
2026-05-29T04:00:00+08:00,99.019,99.036,99.014,99.028
2026-05-29T04:30:00+08:00,99.025,99.026,99.004,99.005
2026-05-29T05:00:00+08:00,99.008,99.008,98.987,98.992
2026-05-29T05:30:00+08:00,98.994,99.005,98.991,98.999
2026-05-29T06:00:00+08:00,98.998,99,98.991,98.992
2026-05-29T07:30:00+08:00,98.998,99,98.985,98.993
2026-05-29T08:00:00+08:00,98.994,98.998,98.97,98.982
2026-05-29T08:30:00+08:00,98.982,99.026,98.982,99.016
2026-05-29T09:00:00+08:00,99.014,99.026,98.957,98.974
2026-05-29T09:30:00+08:00,98.978,99.048,98.974,99.039
2026-05-29T10:00:00+08:00,99.041,99.044,99.015,99.025
2026-05-29T10:30:00+08:00,99.027,99.042,99.005,99.04
2026-05-29T11:00:00+08:00,99.042,99.077,99.036,99.069
2026-05-29T11:30:00+08:00,99.069,99.101,99.065,99.092
2026-05-29T12:00:00+08:00,99.097,99.101,99.075,99.097
2026-05-29T12:30:00+08:00,99.099,99.108,99.069,99.071
2026-05-29T13:00:00+08:00,99.068,99.079,99.039,99.054
2026-05-29T13:30:00+08:00,99.055,99.071,99.045,99.054
2026-05-29T14:00:00+08:00,99.057,99.057,99.013,99.038
2026-05-29T14:30:00+08:00,99.039,99.041,98.975,98.979
2026-05-29T15:00:00+08:00,98.983,99.077,98.98,99.065
2026-05-29T15:30:00+08:00,99.066,99.109,99.058,99.072
2026-05-29T16:00:00+08:00,99.075,99.129,99.075,99.095
2026-05-29T16:30:00+08:00,99.096,99.186,99.09,99.166
2026-05-29T17:00:00+08:00,99.169,99.177,99.099,99.113
2026-05-29T17:30:00+08:00,99.115,99.141,99.079,99.092
2026-05-29T18:00:00+08:00,99.092,99.12,99.068,99.083
2026-05-29T18:30:00+08:00,99.087,99.098,99.069,99.077
2026-05-29T19:00:00+08:00,99.078,99.094,99.062,99.072
2026-05-29T19:30:00+08:00,99.073,99.092,99.027,99.03
2026-05-29T20:00:00+08:00,99.032,99.067,99.024,99.047
2026-05-29T20:30:00+08:00,99.048,99.085,99.028,99.03
2026-05-29T21:00:00+08:00,99.032,99.048,98.991,99.014
2026-05-29T21:30:00+08:00,99.019,99.049,98.997,99.035
2026-05-29T22:00:00+08:00,99.038,99.074,99.003,99.043
2026-05-29T22:30:00+08:00,99.048,99.086,98.825,98.852
2026-05-29T23:00:00+08:00,98.853,98.861,98.776,98.815
2026-05-29T23:30:00+08:00,98.82,98.835,98.751,98.812
2026-05-30T00:00:00+08:00,98.815,98.883,98.803,98.866
2026-05-30T00:30:00+08:00,98.868,98.891,98.837,98.854
2026-05-30T01:00:00+08:00,98.854,98.903,98.84,98.887
2026-05-30T01:30:00+08:00,98.888,98.931,98.882,98.929
2026-05-30T02:00:00+08:00,98.932,98.936,98.894,98.909
2026-05-30T02:30:00+08:00,98.908,98.933,98.868,98.908
2026-05-30T03:00:00+08:00,98.908,98.908,98.863,98.873
2026-05-30T03:30:00+08:00,98.87,98.898,98.865,98.892
2026-05-30T04:00:00+08:00,98.891,98.928,98.891,98.923
2026-05-30T04:30:00+08:00,98.924,98.944,98.917,98.942
2026-06-01T06:00:00+08:00,98.96,99.015,98.953,99.001
2026-06-01T06:30:00+08:00,99.002,99.01,98.986,98.991
2026-06-01T07:00:00+08:00,98.992,99.002,98.977,98.977
2026-06-01T07:30:00+08:00,98.977,99.015,98.97,99.012
2026-06-01T08:00:00+08:00,99.016,99.05,98.993,99.034
2026-06-01T08:30:00+08:00,99.039,99.056,99.028,99.039
2026-06-01T09:00:00+08:00,99.039,99.066,99.034,99.064
2026-06-01T09:30:00+08:00,99.066,99.073,99.052,99.055
2026-06-01T10:00:00+08:00,99.056,99.064,99.046,99.056
2026-06-01T10:30:00+08:00,99.057,99.066,99.04,99.044
2026-06-01T11:00:00+08:00,99.042,99.068,99.022,99.036
2026-06-01T11:30:00+08:00,99.036,99.081,99.025,99.066
2026-06-01T12:00:00+08:00,99.068,99.07,99.034,99.037
2026-06-01T12:30:00+08:00,99.038,99.045,99.027,99.029
2026-06-01T13:00:00+08:00,99.028,99.031,98.995,99.006
2026-06-01T13:30:00+08:00,99.003,99.015,98.992,99.009
2026-06-01T14:00:00+08:00,99.012,99.021,98.969,99.013
2026-06-01T14:30:00+08:00,99.015,99.017,98.919,98.922
2026-06-01T15:00:00+08:00,98.927,98.989,98.921,98.968
2026-06-01T15:30:00+08:00,98.973,99.027,98.963,98.989
2026-06-01T16:00:00+08:00,98.991,99,98.961,98.972
2026-06-01T16:30:00+08:00,98.974,99.005,98.958,98.975
2026-06-01T17:00:00+08:00,98.979,99.049,98.953,99.038
2026-06-01T17:30:00+08:00,99.039,99.052,99.03,99.036
2026-06-01T18:00:00+08:00,99.037,99.061,99.033,99.052
2026-06-01T18:30:00+08:00,99.055,99.062,99.035,99.049
2026-06-01T19:00:00+08:00,99.05,99.088,99.045,99.055
2026-06-01T19:30:00+08:00,99.054,99.084,99.047,99.061
2026-06-01T20:00:00+08:00,99.063,99.069,99.038,99.041
2026-06-01T20:30:00+08:00,99.045,99.073,99.033,99.054
2026-06-01T21:00:00+08:00,99.056,99.241,99.053,99.227
2026-06-01T21:30:00+08:00,99.23,99.364,99.217,99.352
2026-06-01T22:00:00+08:00,99.359,99.385,99.298,99.321
2026-06-01T22:30:00+08:00,99.321,99.353,99.293,99.3
2026-06-01T23:00:00+08:00,99.302,99.306,99.242,99.244
2026-06-01T23:30:00+08:00,99.246,99.258,99.198,99.243
2026-06-02T00:00:00+08:00,99.247,99.3,99.222,99.259
2026-06-02T00:30:00+08:00,99.26,99.267,99.177,99.185
2026-06-02T01:00:00+08:00,99.181,99.223,99.179,99.186
2026-06-02T01:30:00+08:00,99.186,99.186,99.13,99.153
2026-06-02T02:00:00+08:00,99.158,99.172,99.152,99.171
2026-06-02T02:30:00+08:00,99.169,99.202,99.163,99.201
2026-06-02T03:00:00+08:00,99.205,99.212,99.178,99.189
2026-06-02T03:30:00+08:00,99.185,99.224,99.175,99.191
2026-06-02T04:00:00+08:00,99.194,99.203,99.173,99.191
2026-06-02T04:30:00+08:00,99.192,99.2,99.18,99.196
2026-06-02T05:00:00+08:00,99.199,99.199,99.166,99.168
2026-06-02T05:30:00+08:00,99.167,99.175,99.154,99.168
2026-06-02T06:00:00+08:00,99.169,99.183,99.169,99.18
2026-06-02T07:30:00+08:00,99.166,99.177,99.165,99.174
2026-06-02T08:00:00+08:00,99.17,99.206,99.168,99.187
2026-06-02T08:30:00+08:00,99.192,99.22,99.176,99.205
2026-06-02T09:00:00+08:00,99.206,99.208,99.163,99.191
2026-06-02T09:30:00+08:00,99.193,99.226,99.171,99.213
2026-06-02T10:00:00+08:00,99.215,99.218,99.187,99.19
2026-06-02T10:30:00+08:00,99.192,99.217,99.183,99.21
2026-06-02T11:00:00+08:00,99.208,99.213,99.188,99.194
2026-06-02T11:30:00+08:00,99.192,99.198,99.177,99.183
2026-06-02T12:00:00+08:00,99.186,99.188,99.169,99.174
2026-06-02T12:30:00+08:00,99.176,99.176,99.149,99.157
2026-06-02T13:00:00+08:00,99.155,99.163,99.143,99.156
2026-06-02T13:30:00+08:00,99.156,99.17,99.145,99.165
2026-06-02T14:00:00+08:00,99.163,99.163,99.065,99.073
2026-06-02T14:30:00+08:00,99.07,99.083,99.05,99.061
2026-06-02T15:00:00+08:00,99.06,99.105,99.058,99.092
2026-06-02T15:30:00+08:00,99.095,99.1,99.071,99.078
2026-06-02T16:00:00+08:00,99.08,99.108,99.049,99.104
2026-06-02T16:30:00+08:00,99.107,99.143,99.094,99.131
2026-06-02T17:00:00+08:00,99.133,99.153,99.126,99.127
2026-06-02T17:30:00+08:00,99.127,99.144,99.116,99.128
2026-06-02T18:00:00+08:00,99.126,99.158,99.111,99.129
2026-06-02T18:30:00+08:00,99.132,99.137,99.105,99.124
2026-06-02T19:00:00+08:00,99.127,99.129,99.103,99.108
2026-06-02T19:30:00+08:00,99.107,99.113,99.062,99.08
2026-06-02T20:00:00+08:00,99.085,99.097,99.058,99.068
2026-06-02T20:30:00+08:00,99.073,99.093,99.054,99.084
2026-06-02T21:00:00+08:00,99.089,99.109,99.067,99.108
2026-06-02T21:30:00+08:00,99.106,99.154,99.083,99.122
2026-06-02T22:00:00+08:00,99.125,99.184,99.121,99.159
2026-06-02T22:30:00+08:00,99.162,99.162,99.077,99.127
2026-06-02T23:00:00+08:00,99.128,99.166,99.103,99.157
2026-06-02T23:30:00+08:00,99.16,99.163,99.122,99.132
2026-06-03T00:00:00+08:00,99.128,99.205,99.126,99.205
2026-06-03T00:30:00+08:00,99.206,99.237,99.196,99.222
2026-06-03T01:00:00+08:00,99.224,99.261,99.211,99.25
2026-06-03T01:30:00+08:00,99.251,99.287,99.243,99.277
2026-06-03T02:00:00+08:00,99.276,99.329,99.267,99.278
2026-06-03T02:30:00+08:00,99.277,99.277,99.21,99.219
2026-06-03T03:00:00+08:00,99.216,99.22,99.191,99.204
2026-06-03T03:30:00+08:00,99.206,99.215,99.197,99.202
2026-06-03T04:00:00+08:00,99.207,99.214,99.186,99.209
2026-06-03T04:30:00+08:00,99.205,99.221,99.205,99.213
2026-06-03T05:00:00+08:00,99.211,99.225,99.196,99.206
2026-06-03T05:30:00+08:00,99.209,99.222,99.199,99.22
2026-06-03T06:00:00+08:00,99.215,99.231,99.212,99.223
2026-06-03T07:30:00+08:00,99.29,99.306,99.29,99.296
2026-06-03T08:00:00+08:00,99.296,99.302,99.243,99.245
2026-06-03T08:30:00+08:00,99.244,99.247,99.217,99.235
2026-06-03T09:00:00+08:00,99.237,99.253,99.212,99.216
2026-06-03T09:30:00+08:00,99.218,99.236,99.191,99.222
2026-06-03T10:00:00+08:00,99.226,99.229,99.2,99.229
2026-06-03T10:30:00+08:00,99.233,99.259,99.219,99.236
2026-06-03T11:00:00+08:00,99.237,99.251,99.227,99.25
2026-06-03T11:30:00+08:00,99.253,99.255,99.231,99.245
2026-06-03T12:00:00+08:00,99.248,99.269,99.24,99.267
2026-06-03T12:30:00+08:00,99.271,99.272,99.257,99.261
2026-06-03T13:00:00+08:00,99.263,99.293,99.25,99.291
2026-06-03T13:30:00+08:00,99.296,99.316,99.277,99.316
2026-06-03T14:00:00+08:00,99.315,99.373,99.289,99.344
2026-06-03T14:30:00+08:00,99.346,99.357,99.323,99.336
2026-06-03T15:00:00+08:00,99.34,99.361,99.302,99.353
2026-06-03T15:30:00+08:00,99.355,99.366,99.25,99.311
2026-06-03T16:00:00+08:00,99.309,99.366,99.299,99.345
2026-06-03T16:30:00+08:00,99.344,99.402,99.294,99.38
2026-06-03T17:00:00+08:00,99.385,99.385,99.327,99.36
2026-06-03T17:30:00+08:00,99.362,99.379,99.337,99.35
2026-06-03T18:00:00+08:00,99.352,99.355,99.274,99.342
2026-06-03T18:30:00+08:00,99.345,99.349,99.323,99.33
2026-06-03T19:00:00+08:00,99.329,99.337,99.301,99.303
2026-06-03T19:30:00+08:00,99.305,99.334,99.285,99.323
2026-06-03T20:00:00+08:00,99.325,99.404,99.322,99.402
2026-06-03T20:30:00+08:00,99.403,99.484,99.401,99.461
2026-06-03T21:00:00+08:00,99.46,99.491,99.435,99.441
2026-06-03T21:30:00+08:00,99.444,99.488,99.421,99.461
2026-06-03T22:00:00+08:00,99.465,99.478,99.41,99.445
2026-06-03T22:30:00+08:00,99.448,99.516,99.403,99.405
2026-06-03T23:00:00+08:00,99.407,99.479,99.399,99.447
2026-06-03T23:30:00+08:00,99.446,99.47,99.422,99.467
2026-06-04T00:00:00+08:00,99.47,99.541,99.46,99.513
2026-06-04T00:30:00+08:00,99.516,99.549,99.5,99.508
2026-06-04T01:00:00+08:00,99.512,99.538,99.482,99.534
2026-06-04T01:30:00+08:00,99.538,99.543,99.517,99.532
2026-06-04T02:00:00+08:00,99.535,99.552,99.524,99.538
2026-06-04T02:30:00+08:00,99.536,99.552,99.516,99.528
2026-06-04T03:00:00+08:00,99.529,99.536,99.507,99.534
2026-06-04T03:30:00+08:00,99.531,99.535,99.52,99.53
2026-06-04T04:00:00+08:00,99.534,99.536,99.518,99.526
2026-06-04T04:30:00+08:00,99.526,99.54,99.519,99.538
2026-06-04T05:00:00+08:00,99.536,99.537,99.511,99.529
2026-06-04T05:30:00+08:00,99.525,99.529,99.515,99.521
2026-06-04T06:00:00+08:00,99.521,99.55,99.518,99.55
2026-06-04T07:30:00+08:00,99.463,99.463,99.436,99.448
2026-06-04T08:00:00+08:00,99.451,99.471,99.421,99.443
2026-06-04T08:30:00+08:00,99.446,99.467,99.42,99.458
2026-06-04T09:00:00+08:00,99.46,99.478,99.44,99.451
2026-06-04T09:30:00+08:00,99.454,99.457,99.433,99.439
2026-06-04T10:00:00+08:00,99.437,99.467,99.434,99.456
2026-06-04T10:30:00+08:00,99.455,99.459,99.428,99.44
2026-06-04T11:00:00+08:00,99.441,99.497,99.437,99.492
2026-06-04T11:30:00+08:00,99.496,99.499,99.468,99.47
2026-06-04T12:00:00+08:00,99.472,99.487,99.47,99.474
2026-06-04T12:30:00+08:00,99.474,99.475,99.405,99.437
2026-06-04T13:00:00+08:00,99.441,99.48,99.433,99.474
2026-06-04T13:30:00+08:00,99.478,99.483,99.436,99.445
2026-06-04T14:00:00+08:00,99.447,99.461,99.417,99.431
2026-06-04T14:30:00+08:00,99.435,99.462,99.396,99.444
2026-06-04T15:00:00+08:00,99.441,99.493,99.427,99.472
2026-06-04T15:30:00+08:00,99.474,99.533,99.466,99.486
2026-06-04T16:00:00+08:00,99.485,99.492,99.429,99.442
2026-06-04T16:30:00+08:00,99.444,99.462,99.408,99.421
2026-06-04T17:00:00+08:00,99.421,99.424,99.353,99.367
2026-06-04T17:30:00+08:00,99.369,99.373,99.31,99.329
2026-06-04T18:00:00+08:00,99.327,99.336,99.302,99.316
2026-06-04T18:30:00+08:00,99.315,99.326,99.283,99.301
2026-06-04T19:00:00+08:00,99.303,99.303,99.192,99.212
2026-06-04T19:30:00+08:00,99.215,99.243,99.181,99.202
2026-06-04T20:00:00+08:00,99.198,99.259,99.179,99.227
2026-06-04T20:30:00+08:00,99.232,99.24,99.193,99.237
2026-06-04T21:00:00+08:00,99.241,99.27,99.224,99.248
2026-06-04T21:30:00+08:00,99.25,99.261,99.222,99.246
2026-06-04T22:00:00+08:00,99.252,99.293,99.225,99.291
2026-06-04T22:30:00+08:00,99.291,99.319,99.285,99.301
2026-06-04T23:00:00+08:00,99.302,99.364,99.295,99.353
2026-06-04T23:30:00+08:00,99.359,99.363,99.304,99.318
2026-06-05T00:00:00+08:00,99.32,99.327,99.303,99.317
2026-06-05T00:30:00+08:00,99.319,99.351,99.315,99.348
2026-06-05T01:00:00+08:00,99.352,99.379,99.346,99.375
2026-06-05T01:30:00+08:00,99.377,99.385,99.36,99.377
2026-06-05T02:00:00+08:00,99.375,99.401,99.367,99.401
2026-06-05T02:30:00+08:00,99.405,99.425,99.391,99.413
2026-06-05T03:00:00+08:00,99.414,99.441,99.403,99.433
2026-06-05T03:30:00+08:00,99.431,99.444,99.425,99.432
2026-06-05T04:00:00+08:00,99.432,99.464,99.427,99.459
2026-06-05T04:30:00+08:00,99.458,99.468,99.438,99.447
2026-06-05T05:00:00+08:00,99.451,99.451,99.402,99.42
2026-06-05T05:30:00+08:00,99.42,99.439,99.411,99.423
2026-06-05T06:00:00+08:00,99.425,99.434,99.425,99.431
2026-06-05T07:30:00+08:00,99.432,99.437,99.425,99.432
2026-06-05T08:00:00+08:00,99.433,99.446,99.42,99.431
2026-06-05T08:30:00+08:00,99.435,99.444,99.422,99.427
2026-06-05T09:00:00+08:00,99.432,99.459,99.416,99.443
2026-06-05T09:30:00+08:00,99.444,99.447,99.416,99.427
2026-06-05T10:00:00+08:00,99.426,99.435,99.399,99.405
2026-06-05T10:30:00+08:00,99.405,99.426,99.403,99.419
2026-06-05T11:00:00+08:00,99.419,99.427,99.406,99.416
2026-06-05T11:30:00+08:00,99.419,99.426,99.413,99.414
2026-06-05T12:00:00+08:00,99.413,99.422,99.399,99.421
2026-06-05T12:30:00+08:00,99.419,99.423,99.396,99.403
2026-06-05T13:00:00+08:00,99.407,99.413,99.398,99.402
2026-06-05T13:30:00+08:00,99.4,99.413,99.378,99.409
2026-06-05T14:00:00+08:00,99.411,99.426,99.388,99.388
2026-06-05T14:30:00+08:00,99.393,99.394,99.347,99.348
2026-06-05T15:00:00+08:00,99.35,99.354,99.29,99.292
2026-06-05T15:30:00+08:00,99.29,99.295,99.237,99.277
2026-06-05T16:00:00+08:00,99.279,99.279,99.222,99.239
2026-06-05T16:30:00+08:00,99.24,99.252,99.225,99.249
2026-06-05T17:00:00+08:00,99.253,99.266,99.189,99.216
2026-06-05T17:30:00+08:00,99.221,99.23,99.208,99.218
2026-06-05T18:00:00+08:00,99.216,99.22,99.177,99.178
2026-06-05T18:30:00+08:00,99.179,99.207,99.163,99.196
2026-06-05T19:00:00+08:00,99.201,99.236,99.194,99.203
2026-06-05T19:30:00+08:00,99.209,99.235,99.187,99.193
2026-06-05T20:00:00+08:00,99.197,99.253,99.182,99.24
2026-06-05T20:30:00+08:00,99.242,99.615,99.238,99.615
2026-06-05T21:00:00+08:00,99.616,99.635,99.504,99.616
2026-06-05T21:30:00+08:00,99.621,99.701,99.603,99.7
2026-06-05T22:00:00+08:00,99.702,99.837,99.639,99.823
2026-06-05T22:30:00+08:00,99.822,99.863,99.771,99.805
2026-06-05T23:00:00+08:00,99.804,99.907,99.795,99.891
2026-06-05T23:30:00+08:00,99.887,99.997,99.879,99.991
2026-06-06T00:00:00+08:00,99.993,100.066,99.988,100.041
2026-06-06T00:30:00+08:00,100.04,100.076,99.986,99.996
2026-06-06T01:00:00+08:00,99.998,100.044,99.99,100.036
2026-06-06T01:30:00+08:00,100.039,100.095,100.032,100.069
2026-06-06T02:00:00+08:00,100.068,100.105,100.053,100.075
2026-06-06T02:30:00+08:00,100.079,100.082,100.032,100.067
2026-06-06T03:00:00+08:00,100.069,100.102,100.059,100.076
2026-06-06T03:30:00+08:00,100.079,100.088,100.039,100.054
2026-06-06T04:00:00+08:00,100.054,100.109,100.05,100.062
2026-06-06T04:30:00+08:00,100.061,100.098,100.046,100.071
2026-06-08T06:00:00+08:00,100.145,100.174,100.104,100.139
2026-06-08T06:30:00+08:00,100.142,100.172,100.125,100.154
2026-06-08T07:00:00+08:00,100.154,100.154,100.094,100.112
2026-06-08T07:30:00+08:00,100.111,100.117,100.078,100.084
2026-06-08T08:00:00+08:00,100.089,100.091,100.06,100.072
2026-06-08T08:30:00+08:00,100.074,100.075,100,100
2026-06-08T09:00:00+08:00,100,100.122,99.988,100.113
2026-06-08T09:30:00+08:00,100.114,100.167,100.058,100.068
2026-06-08T10:00:00+08:00,100.07,100.115,100.045,100.055
2026-06-08T10:30:00+08:00,100.057,100.078,100.034,100.056
2026-06-08T11:00:00+08:00,100.056,100.079,100.053,100.063
2026-06-08T11:30:00+08:00,100.063,100.065,100.026,100.028
2026-06-08T12:00:00+08:00,100.027,100.047,100.007,100.014
2026-06-08T12:30:00+08:00,100.016,100.045,100.009,100.036
2026-06-08T13:00:00+08:00,100.037,100.037,99.966,100.004
2026-06-08T13:30:00+08:00,100.002,100.124,100.001,100.111
2026-06-08T14:00:00+08:00,100.11,100.135,100.068,100.085
2026-06-08T14:30:00+08:00,100.089,100.144,100.085,100.133
2026-06-08T15:00:00+08:00,100.129,100.137,100.03,100.051
2026-06-08T15:30:00+08:00,100.057,100.121,100.036,100.117
2026-06-08T16:00:00+08:00,100.122,100.133,100.069,100.085
2026-06-08T16:30:00+08:00,100.087,100.158,100.075,100.151
2026-06-08T17:00:00+08:00,100.153,100.195,100.128,100.194
2026-06-08T17:30:00+08:00,100.195,100.214,100.103,100.113
2026-06-08T18:00:00+08:00,100.115,100.135,100.064,100.085
2026-06-08T18:30:00+08:00,100.088,100.1,99.99,100.032
2026-06-08T19:00:00+08:00,100.035,100.035,99.888,99.902
2026-06-08T19:30:00+08:00,99.905,99.959,99.874,99.936
2026-06-08T20:00:00+08:00,99.936,99.939,99.885,99.915
2026-06-08T20:30:00+08:00,99.914,99.952,99.884,99.905
2026-06-08T21:00:00+08:00,99.906,99.908,99.819,99.85
2026-06-08T21:30:00+08:00,99.852,99.921,99.825,99.919
2026-06-08T22:00:00+08:00,99.925,100.013,99.894,99.972
2026-06-08T22:30:00+08:00,99.972,100.003,99.93,99.932
2026-06-08T23:00:00+08:00,99.932,99.958,99.892,99.956
2026-06-08T23:30:00+08:00,99.96,99.988,99.913,99.935
2026-06-09T00:00:00+08:00,99.937,99.954,99.918,99.951
2026-06-09T00:30:00+08:00,99.953,99.971,99.934,99.969
2026-06-09T01:00:00+08:00,99.971,99.984,99.953,99.968
2026-06-09T01:30:00+08:00,99.972,100.004,99.957,99.974
2026-06-09T02:00:00+08:00,99.974,99.974,99.942,99.949
2026-06-09T02:30:00+08:00,99.947,100.048,99.941,100.046
2026-06-09T03:00:00+08:00,100.047,100.047,100.005,100.018
2026-06-09T03:30:00+08:00,100.017,100.038,99.999,100.023
2026-06-09T04:00:00+08:00,100.023,100.026,100,100.006
2026-06-09T04:30:00+08:00,100.005,100.022,100.003,100.013
2026-06-09T05:00:00+08:00,100.013,100.013,99.966,99.988
2026-06-09T05:30:00+08:00,99.99,99.992,99.973,99.979
2026-06-09T06:00:00+08:00,99.981,100.005,99.977,100.002
2026-06-09T07:30:00+08:00,100.034,100.051,100.032,100.047
2026-06-09T08:00:00+08:00,100.05,100.057,100.031,100.04
2026-06-09T08:30:00+08:00,100.045,100.057,100.023,100.027
2026-06-09T09:00:00+08:00,100.029,100.032,99.986,99.992
2026-06-09T09:30:00+08:00,99.993,99.995,99.955,99.955
2026-06-09T10:00:00+08:00,99.955,99.979,99.949,99.962
2026-06-09T10:30:00+08:00,99.96,99.976,99.954,99.974
2026-06-09T11:00:00+08:00,99.976,99.995,99.952,99.979
2026-06-09T11:30:00+08:00,99.978,99.992,99.967,99.972
2026-06-09T12:00:00+08:00,99.973,99.983,99.942,99.943
2026-06-09T12:30:00+08:00,99.942,99.953,99.89,99.909
2026-06-09T13:00:00+08:00,99.908,99.951,99.906,99.929
2026-06-09T13:30:00+08:00,99.931,99.931,99.878,99.901
2026-06-09T14:00:00+08:00,99.905,99.913,99.828,99.863
2026-06-09T14:30:00+08:00,99.865,99.91,99.861,99.908
2026-06-09T15:00:00+08:00,99.91,99.958,99.887,99.932
2026-06-09T15:30:00+08:00,99.935,99.948,99.91,99.944
2026-06-09T16:00:00+08:00,99.946,99.963,99.899,99.904
2026-06-09T16:30:00+08:00,99.909,99.909,99.85,99.865
2026-06-09T17:00:00+08:00,99.863,99.868,99.805,99.831
2026-06-09T17:30:00+08:00,99.83,99.836,99.786,99.806
2026-06-09T18:00:00+08:00,99.808,99.817,99.765,99.772
2026-06-09T18:30:00+08:00,99.775,99.777,99.75,99.769
2026-06-09T19:00:00+08:00,99.769,99.77,99.716,99.718
2026-06-09T19:30:00+08:00,99.716,99.754,99.698,99.71
2026-06-09T20:00:00+08:00,99.714,99.737,99.692,99.734
2026-06-09T20:30:00+08:00,99.735,99.736,99.698,99.709
2026-06-09T21:00:00+08:00,99.713,99.732,99.679,99.722
2026-06-09T21:30:00+08:00,99.725,99.782,99.686,99.769
2026-06-09T22:00:00+08:00,99.77,99.837,99.715,99.797
2026-06-09T22:30:00+08:00,99.796,99.828,99.763,99.817
2026-06-09T23:00:00+08:00,99.819,99.858,99.776,99.854
2026-06-09T23:30:00+08:00,99.855,99.95,99.844,99.862
2026-06-10T00:00:00+08:00,99.866,99.984,99.855,99.946
2026-06-10T00:30:00+08:00,99.948,100.077,99.937,99.989
2026-06-10T01:00:00+08:00,99.986,99.991,99.887,99.905
2026-06-10T01:30:00+08:00,99.904,99.936,99.884,99.922
2026-06-10T02:00:00+08:00,99.923,99.936,99.886,99.898
2026-06-10T02:30:00+08:00,99.902,99.924,99.885,99.909
2026-06-10T03:00:00+08:00,99.909,99.968,99.906,99.96
2026-06-10T03:30:00+08:00,99.96,99.981,99.951,99.967
2026-06-10T04:00:00+08:00,99.971,99.976,99.939,99.951
2026-06-10T04:30:00+08:00,99.952,99.961,99.949,99.956
2026-06-10T05:00:00+08:00,99.958,99.975,99.937,99.972
2026-06-10T05:30:00+08:00,99.971,100.008,99.97,99.985
2026-06-10T06:00:00+08:00,99.985,100.002,99.98,99.994
2026-06-10T07:30:00+08:00,100.012,100.031,100.011,100.018
2026-06-10T08:00:00+08:00,100.017,100.028,99.965,99.97
2026-06-10T08:30:00+08:00,99.968,100.032,99.959,99.966
2026-06-10T09:00:00+08:00,99.964,99.995,99.953,99.983
2026-06-10T09:30:00+08:00,99.985,100.015,99.973,99.996
2026-06-10T10:00:00+08:00,100,100.003,99.954,99.956
2026-06-10T10:30:00+08:00,99.954,99.971,99.943,99.97
2026-06-10T11:00:00+08:00,99.97,99.97,99.912,99.936
2026-06-10T11:30:00+08:00,99.939,99.952,99.897,99.909
2026-06-10T12:00:00+08:00,99.914,99.938,99.907,99.925
2026-06-10T12:30:00+08:00,99.924,99.956,99.923,99.94
2026-06-10T13:00:00+08:00,99.944,99.952,99.914,99.915
2026-06-10T13:30:00+08:00,99.92,99.92,99.872,99.879
2026-06-10T14:00:00+08:00,99.877,99.89,99.849,99.864
2026-06-10T14:30:00+08:00,99.867,99.923,99.856,99.923
2026-06-10T15:00:00+08:00,99.922,99.939,99.851,99.891
2026-06-10T15:30:00+08:00,99.894,99.9,99.876,99.888
2026-06-10T16:00:00+08:00,99.889,99.934,99.886,99.896
2026-06-10T16:30:00+08:00,99.896,99.929,99.894,99.903
2026-06-10T17:00:00+08:00,99.905,99.923,99.879,99.903
2026-06-10T17:30:00+08:00,99.904,99.905,99.849,99.864
2026-06-10T18:00:00+08:00,99.866,99.891,99.856,99.876
2026-06-10T18:30:00+08:00,99.877,99.919,99.869,99.908
2026-06-10T19:00:00+08:00,99.911,100.011,99.899,99.96
2026-06-10T19:30:00+08:00,99.964,100.015,99.951,100.008
2026-06-10T20:00:00+08:00,100.01,100.013,99.919,99.921
2026-06-10T20:30:00+08:00,99.923,99.957,99.796,99.923
2026-06-10T21:00:00+08:00,99.922,99.926,99.833,99.843
2026-06-10T21:30:00+08:00,99.848,99.852,99.715,99.803
2026-06-10T22:00:00+08:00,99.804,99.865,99.768,99.851
2026-06-10T22:30:00+08:00,99.851,99.905,99.829,99.893
2026-06-10T23:00:00+08:00,99.896,99.937,99.864,99.881
2026-06-10T23:30:00+08:00,99.882,100.017,99.868,99.919
2026-06-11T00:00:00+08:00,99.923,99.924,99.856,99.871
2026-06-11T00:30:00+08:00,99.873,99.91,99.853,99.898
2026-06-11T01:00:00+08:00,99.901,99.942,99.872,99.929
2026-06-11T01:30:00+08:00,99.93,99.969,99.904,99.907
2026-06-11T02:00:00+08:00,99.91,99.927,99.867,99.915
2026-06-11T02:30:00+08:00,99.922,99.947,99.915,99.946
2026-06-11T03:00:00+08:00,99.944,99.993,99.944,99.984
2026-06-11T03:30:00+08:00,99.985,100.007,99.958,100.006
2026-06-11T04:00:00+08:00,100.007,100.04,100.005,100.018
2026-06-11T04:30:00+08:00,100.023,100.05,100.012,100.044
2026-06-11T05:00:00+08:00,100.048,100.048,100.01,100.031
2026-06-11T05:30:00+08:00,100.029,100.039,100.02,100.038
2026-06-11T06:00:00+08:00,100.038,100.085,100.037,100.083
2026-06-11T07:30:00+08:00,100.115,100.115,100.038,100.053
2026-06-11T08:00:00+08:00,100.051,100.052,99.995,100.007
2026-06-11T08:30:00+08:00,100.009,100.025,99.991,99.993
2026-06-11T09:00:00+08:00,99.994,99.999,99.881,99.888
2026-06-11T09:30:00+08:00,99.89,99.913,99.881,99.905
2026-06-11T10:00:00+08:00,99.903,99.956,99.903,99.951
2026-06-11T10:30:00+08:00,99.952,99.967,99.943,99.952
2026-06-11T11:00:00+08:00,99.949,99.98,99.942,99.957
2026-06-11T11:30:00+08:00,99.96,99.971,99.95,99.966
2026-06-11T12:00:00+08:00,99.966,99.988,99.95,99.957
2026-06-11T12:30:00+08:00,99.959,99.959,99.925,99.94
2026-06-11T13:00:00+08:00,99.944,99.954,99.919,99.931
2026-06-11T13:30:00+08:00,99.93,99.97,99.925,99.952
2026-06-11T14:00:00+08:00,99.958,99.997,99.955,99.994
2026-06-11T14:30:00+08:00,99.996,100.012,99.962,100.003
2026-06-11T15:00:00+08:00,100.005,100.011,99.913,99.93
2026-06-11T15:30:00+08:00,99.933,100,99.923,99.992
2026-06-11T16:00:00+08:00,99.991,100.041,99.986,100.037
2026-06-11T16:30:00+08:00,100.037,100.106,100.03,100.089
2026-06-11T17:00:00+08:00,100.092,100.113,100.06,100.092
2026-06-11T17:30:00+08:00,100.092,100.106,100.054,100.076
2026-06-11T18:00:00+08:00,100.08,100.159,100.076,100.145
2026-06-11T18:30:00+08:00,100.148,100.15,100.096,100.1
2026-06-11T19:00:00+08:00,100.102,100.102,100.046,100.062
2026-06-11T19:30:00+08:00,100.064,100.075,100.032,100.055
2026-06-11T20:00:00+08:00,100.056,100.218,100.037,100.131
2026-06-11T20:30:00+08:00,100.13,100.2,100.032,100.059
2026-06-11T21:00:00+08:00,100.06,100.208,100.054,100.119
2026-06-11T21:30:00+08:00,100.121,100.15,100.052,100.125
2026-06-11T22:00:00+08:00,100.123,100.205,100.118,100.196
2026-06-11T22:30:00+08:00,100.195,100.249,100.191,100.224
2026-06-11T23:00:00+08:00,100.226,100.244,100.162,100.174
2026-06-11T23:30:00+08:00,100.178,100.238,100.171,100.232
2026-06-12T00:00:00+08:00,100.229,100.283,100.219,100.27
2026-06-12T00:30:00+08:00,100.272,100.281,100.246,100.267
2026-06-12T01:00:00+08:00,100.266,100.314,100.158,100.165
2026-06-12T01:30:00+08:00,100.164,100.164,99.812,99.91
2026-06-12T02:00:00+08:00,99.913,99.996,99.841,99.883
2026-06-12T02:30:00+08:00,99.885,99.934,99.785,99.858
2026-06-12T03:00:00+08:00,99.86,99.86,99.664,99.669
2026-06-12T03:30:00+08:00,99.667,99.683,99.586,99.674
2026-06-12T04:00:00+08:00,99.676,99.681,99.636,99.67
2026-06-12T04:30:00+08:00,99.668,99.707,99.658,99.694
2026-06-12T05:00:00+08:00,99.694,99.702,99.67,99.7
2026-06-12T05:30:00+08:00,99.698,99.71,99.682,99.7
2026-06-12T06:00:00+08:00,99.697,99.698,99.665,99.675
2026-06-12T07:30:00+08:00,99.67,99.742,99.67,99.735
2026-06-12T08:00:00+08:00,99.738,99.783,99.727,99.768
2026-06-12T08:30:00+08:00,99.772,99.805,99.758,99.785
2026-06-12T09:00:00+08:00,99.786,99.834,99.779,99.83
2026-06-12T09:30:00+08:00,99.828,99.839,99.801,99.83
2026-06-12T10:00:00+08:00,99.833,99.836,99.776,99.824
2026-06-12T10:30:00+08:00,99.826,99.833,99.802,99.81
2026-06-12T11:00:00+08:00,99.812,99.824,99.774,99.776
2026-06-12T11:30:00+08:00,99.781,99.781,99.742,99.764
2026-06-12T12:00:00+08:00,99.761,99.791,99.759,99.766
2026-06-12T12:30:00+08:00,99.766,99.778,99.74,99.77
2026-06-12T13:00:00+08:00,99.768,99.829,99.753,99.823
2026-06-12T13:30:00+08:00,99.825,99.881,99.812,99.879
2026-06-12T14:00:00+08:00,99.881,99.881,99.792,99.794
2026-06-12T14:30:00+08:00,99.794,99.822,99.774,99.784
2026-06-12T15:00:00+08:00,99.786,99.878,99.778,99.875
2026-06-12T15:30:00+08:00,99.881,99.909,99.825,99.826
2026-06-12T16:00:00+08:00,99.826,99.837,99.662,99.751
2026-06-12T16:30:00+08:00,99.749,99.751,99.691,99.73
2026-06-12T17:00:00+08:00,99.73,99.754,99.635,99.644
2026-06-12T17:30:00+08:00,99.644,99.703,99.636,99.668
2026-06-12T18:00:00+08:00,99.67,99.788,99.658,99.747
2026-06-12T18:30:00+08:00,99.753,99.763,99.703,99.748
2026-06-12T19:00:00+08:00,99.751,99.773,99.723,99.748
2026-06-12T19:30:00+08:00,99.749,99.78,99.71,99.776
2026-06-12T20:00:00+08:00,99.775,99.863,99.769,99.859
2026-06-12T20:30:00+08:00,99.862,99.87,99.828,99.84
2026-06-12T21:00:00+08:00,99.84,99.853,99.741,99.745
2026-06-12T21:30:00+08:00,99.743,99.841,99.718,99.8
2026-06-12T22:00:00+08:00,99.802,99.822,99.731,99.79
2026-06-12T22:30:00+08:00,99.796,99.808,99.714,99.745
2026-06-12T23:00:00+08:00,99.747,99.756,99.666,99.671
2026-06-12T23:30:00+08:00,99.674,99.748,99.663,99.747
2026-06-13T00:00:00+08:00,99.749,99.78,99.717,99.752
2026-06-13T00:30:00+08:00,99.751,99.765,99.73,99.739
2026-06-13T01:00:00+08:00,99.738,99.757,99.713,99.727
2026-06-13T01:30:00+08:00,99.727,99.748,99.723,99.739
2026-06-13T02:00:00+08:00,99.741,99.763,99.733,99.736
2026-06-13T02:30:00+08:00,99.737,99.748,99.712,99.745
2026-06-13T03:00:00+08:00,99.746,99.755,99.718,99.737
2026-06-13T03:30:00+08:00,99.742,99.785,99.736,99.765
2026-06-13T04:00:00+08:00,99.765,99.79,99.764,99.789
2026-06-13T04:30:00+08:00,99.794,99.812,99.789,99.806
2026-06-15T06:00:00+08:00,99.536,99.536,99.423,99.492
2026-06-15T06:30:00+08:00,99.493,99.508,99.455,99.476
2026-06-15T07:00:00+08:00,99.478,99.517,99.471,99.513
2026-06-15T07:30:00+08:00,99.512,99.523,99.474,99.515
2026-06-15T08:00:00+08:00,99.514,99.514,99.447,99.475
2026-06-15T08:30:00+08:00,99.478,99.56,99.474,99.554
2026-06-15T09:00:00+08:00,99.559,99.59,99.555,99.566
2026-06-15T09:30:00+08:00,99.57,99.59,99.546,99.577
2026-06-15T10:00:00+08:00,99.58,99.604,99.564,99.573
2026-06-15T10:30:00+08:00,99.572,99.573,99.543,99.556
2026-06-15T11:00:00+08:00,99.558,99.56,99.53,99.534
2026-06-15T11:30:00+08:00,99.537,99.539,99.507,99.514
2026-06-15T12:00:00+08:00,99.519,99.528,99.482,99.485
2026-06-15T12:30:00+08:00,99.486,99.487,99.447,99.454
2026-06-15T13:00:00+08:00,99.458,99.458,99.384,99.406
2026-06-15T13:30:00+08:00,99.404,99.444,99.395,99.424
2026-06-15T14:00:00+08:00,99.426,99.509,99.42,99.504
2026-06-15T14:30:00+08:00,99.504,99.565,99.504,99.518
2026-06-15T15:00:00+08:00,99.523,99.553,99.486,99.5
2026-06-15T15:30:00+08:00,99.501,99.546,99.497,99.525
2026-06-15T16:00:00+08:00,99.527,99.544,99.492,99.512
2026-06-15T16:30:00+08:00,99.516,99.592,99.495,99.564
2026-06-15T17:00:00+08:00,99.563,99.567,99.49,99.533
2026-06-15T17:30:00+08:00,99.538,99.542,99.501,99.527
2026-06-15T18:00:00+08:00,99.526,99.557,99.494,99.501
2026-06-15T18:30:00+08:00,99.501,99.512,99.469,99.508
2026-06-15T19:00:00+08:00,99.507,99.541,99.481,99.535
2026-06-15T19:30:00+08:00,99.536,99.553,99.499,99.536
2026-06-15T20:00:00+08:00,99.536,99.564,99.511,99.528
2026-06-15T20:30:00+08:00,99.53,99.535,99.457,99.479
2026-06-15T21:00:00+08:00,99.479,99.506,99.454,99.461
2026-06-15T21:30:00+08:00,99.465,99.492,99.44,99.462
2026-06-15T22:00:00+08:00,99.467,99.514,99.44,99.486
2026-06-15T22:30:00+08:00,99.488,99.539,99.471,99.504
2026-06-15T23:00:00+08:00,99.508,99.556,99.507,99.542
2026-06-15T23:30:00+08:00,99.543,99.601,99.539,99.588
2026-06-16T00:00:00+08:00,99.591,99.598,99.545,99.545
2026-06-16T00:30:00+08:00,99.547,99.597,99.543,99.558
2026-06-16T01:00:00+08:00,99.561,99.595,99.555,99.578
2026-06-16T01:30:00+08:00,99.58,99.595,99.576,99.586
2026-06-16T02:00:00+08:00,99.585,99.605,99.561,99.605
2026-06-16T02:30:00+08:00,99.603,99.633,99.6,99.63
2026-06-16T03:00:00+08:00,99.628,99.663,99.616,99.652
2026-06-16T03:30:00+08:00,99.653,99.709,99.632,99.707
2026-06-16T04:00:00+08:00,99.705,99.714,99.674,99.678
2026-06-16T04:30:00+08:00,99.677,99.694,99.672,99.673
2026-06-16T05:00:00+08:00,99.676,99.683,99.631,99.681
2026-06-16T05:30:00+08:00,99.682,99.685,99.638,99.67
2026-06-16T06:00:00+08:00,99.672,99.676,99.658,99.661
2026-06-16T07:30:00+08:00,99.642,99.656,99.638,99.653
2026-06-16T08:00:00+08:00,99.656,99.681,99.648,99.676
2026-06-16T08:30:00+08:00,99.677,99.677,99.636,99.637
2026-06-16T09:00:00+08:00,99.639,99.665,99.619,99.652
2026-06-16T09:30:00+08:00,99.654,99.685,99.638,99.676
2026-06-16T10:00:00+08:00,99.677,99.721,99.677,99.692
2026-06-16T10:30:00+08:00,99.692,99.694,99.668,99.68
2026-06-16T11:00:00+08:00,99.676,99.717,99.674,99.704
2026-06-16T11:30:00+08:00,99.702,99.705,99.679,99.694
2026-06-16T12:00:00+08:00,99.699,99.791,99.69,99.773
2026-06-16T12:30:00+08:00,99.775,99.779,99.752,99.756
2026-06-16T13:00:00+08:00,99.759,99.771,99.742,99.752
2026-06-16T13:30:00+08:00,99.756,99.788,99.741,99.783
2026-06-16T14:00:00+08:00,99.786,99.791,99.759,99.762
2026-06-16T14:30:00+08:00,99.763,99.769,99.691,99.694
2026-06-16T15:00:00+08:00,99.697,99.711,99.669,99.669
2026-06-16T15:30:00+08:00,99.671,99.689,99.636,99.636
2026-06-16T16:00:00+08:00,99.639,99.658,99.607,99.609
2026-06-16T16:30:00+08:00,99.611,99.632,99.578,99.585
2026-06-16T17:00:00+08:00,99.582,99.626,99.563,99.622
2026-06-16T17:30:00+08:00,99.624,99.63,99.602,99.616
2026-06-16T18:00:00+08:00,99.622,99.623,99.535,99.563
2026-06-16T18:30:00+08:00,99.563,99.572,99.528,99.532
2026-06-16T19:00:00+08:00,99.534,99.603,99.534,99.593
2026-06-16T19:30:00+08:00,99.594,99.651,99.58,99.639
2026-06-16T20:00:00+08:00,99.641,99.694,99.635,99.664
2026-06-16T20:30:00+08:00,99.668,99.668,99.618,99.627
2026-06-16T21:00:00+08:00,99.629,99.67,99.607,99.649
2026-06-16T21:30:00+08:00,99.652,99.675,99.596,99.664
2026-06-16T22:00:00+08:00,99.662,99.693,99.624,99.666
2026-06-16T22:30:00+08:00,99.671,99.701,99.547,99.556
2026-06-16T23:00:00+08:00,99.554,99.613,99.549,99.595
2026-06-16T23:30:00+08:00,99.597,99.602,99.467,99.502
2026-06-17T00:00:00+08:00,99.506,99.518,99.461,99.482
2026-06-17T00:30:00+08:00,99.482,99.525,99.478,99.511
2026-06-17T01:00:00+08:00,99.516,99.536,99.509,99.53
2026-06-17T01:30:00+08:00,99.534,99.543,99.523,99.534
2026-06-17T02:00:00+08:00,99.535,99.547,99.514,99.54
2026-06-17T02:30:00+08:00,99.541,99.569,99.535,99.539
2026-06-17T03:00:00+08:00,99.537,99.539,99.514,99.529
2026-06-17T03:30:00+08:00,99.528,99.582,99.528,99.566
2026-06-17T04:00:00+08:00,99.565,99.577,99.551,99.557
2026-06-17T04:30:00+08:00,99.556,99.578,99.556,99.558
2026-06-17T05:00:00+08:00,99.558,99.558,99.524,99.526
2026-06-17T05:30:00+08:00,99.524,99.561,99.523,99.55
2026-06-17T06:00:00+08:00,99.549,99.549,99.537,99.539
2026-06-17T07:30:00+08:00,99.52,99.556,99.52,99.551
2026-06-17T08:00:00+08:00,99.554,99.556,99.495,99.503
2026-06-17T08:30:00+08:00,99.504,99.527,99.498,99.505
2026-06-17T09:00:00+08:00,99.509,99.521,99.491,99.519
2026-06-17T09:30:00+08:00,99.524,99.536,99.504,99.524
2026-06-17T10:00:00+08:00,99.523,99.525,99.498,99.51
2026-06-17T10:30:00+08:00,99.508,99.54,99.505,99.54
2026-06-17T11:00:00+08:00,99.543,99.548,99.526,99.531
2026-06-17T11:30:00+08:00,99.534,99.535,99.518,99.532
2026-06-17T12:00:00+08:00,99.532,99.535,99.504,99.518
2026-06-17T12:30:00+08:00,99.518,99.529,99.501,99.507
2026-06-17T13:00:00+08:00,99.51,99.518,99.492,99.51
2026-06-17T13:30:00+08:00,99.513,99.528,99.492,99.516
2026-06-17T14:00:00+08:00,99.516,99.564,99.504,99.564
2026-06-17T14:30:00+08:00,99.565,99.582,99.542,99.55
2026-06-17T15:00:00+08:00,99.552,99.557,99.504,99.55
2026-06-17T15:30:00+08:00,99.552,99.574,99.531,99.533
2026-06-17T16:00:00+08:00,99.535,99.618,99.533,99.584
2026-06-17T16:30:00+08:00,99.586,99.596,99.572,99.579
2026-06-17T17:00:00+08:00,99.577,99.589,99.547,99.558
2026-06-17T17:30:00+08:00,99.562,99.588,99.549,99.566
2026-06-17T18:00:00+08:00,99.567,99.629,99.563,99.627
2026-06-17T18:30:00+08:00,99.629,99.631,99.593,99.623
2026-06-17T19:00:00+08:00,99.622,99.68,99.621,99.677
2026-06-17T19:30:00+08:00,99.675,99.713,99.67,99.67
2026-06-17T20:00:00+08:00,99.668,99.677,99.621,99.622
2026-06-17T20:30:00+08:00,99.625,99.656,99.589,99.596
2026-06-17T21:00:00+08:00,99.595,99.628,99.585,99.62
2026-06-17T21:30:00+08:00,99.624,99.643,99.594,99.624
2026-06-17T22:00:00+08:00,99.631,99.682,99.621,99.659
2026-06-17T22:30:00+08:00,99.662,99.743,99.641,99.7
2026-06-17T23:00:00+08:00,99.704,99.722,99.671,99.676
2026-06-17T23:30:00+08:00,99.679,99.704,99.669,99.679
2026-06-18T00:00:00+08:00,99.683,99.709,99.672,99.69
2026-06-18T00:30:00+08:00,99.689,99.711,99.675,99.684
2026-06-18T01:00:00+08:00,99.686,99.704,99.678,99.688
2026-06-18T01:30:00+08:00,99.691,99.692,99.634,99.636
2026-06-18T02:00:00+08:00,99.655,100.057,99.655,100.02
2026-06-18T02:30:00+08:00,100.017,100.112,99.885,100.088
2026-06-18T03:00:00+08:00,100.094,100.44,100.072,100.437
2026-06-18T03:30:00+08:00,100.44,100.574,100.432,100.462
2026-06-18T04:00:00+08:00,100.463,100.509,100.401,100.401
2026-06-18T04:30:00+08:00,100.399,100.409,100.359,100.384
2026-06-18T05:00:00+08:00,100.387,100.399,100.36,100.361
2026-06-18T05:30:00+08:00,100.364,100.388,100.358,100.373
2026-06-18T06:00:00+08:00,100.372,100.393,100.361,100.387
2026-06-18T07:30:00+08:00,100.338,100.359,100.338,100.35
2026-06-18T08:00:00+08:00,100.35,100.35,100.239,100.324
2026-06-18T08:30:00+08:00,100.328,100.335,100.287,100.291
2026-06-18T09:00:00+08:00,100.294,100.295,100.24,100.246
2026-06-18T09:30:00+08:00,100.249,100.287,100.239,100.283
2026-06-18T10:00:00+08:00,100.287,100.311,100.27,100.283
2026-06-18T10:30:00+08:00,100.286,100.295,100.242,100.265
2026-06-18T11:00:00+08:00,100.266,100.272,100.229,100.233
2026-06-18T11:30:00+08:00,100.232,100.247,100.222,100.229
2026-06-18T12:00:00+08:00,100.232,100.255,100.209,100.245
2026-06-18T12:30:00+08:00,100.242,100.253,100.223,100.235
2026-06-18T13:00:00+08:00,100.24,100.281,100.225,100.276
2026-06-18T13:30:00+08:00,100.278,100.337,100.271,100.333
2026-06-18T14:00:00+08:00,100.336,100.336,100.209,100.212
2026-06-18T14:30:00+08:00,100.214,100.27,100.206,100.265
2026-06-18T15:00:00+08:00,100.264,100.35,100.247,100.332
2026-06-18T15:30:00+08:00,100.331,100.372,100.263,100.317
2026-06-18T16:00:00+08:00,100.321,100.424,100.315,100.421
2026-06-18T16:30:00+08:00,100.423,100.581,100.411,100.578
2026-06-18T17:00:00+08:00,100.579,100.63,100.54,100.619
2026-06-18T17:30:00+08:00,100.621,100.631,100.564,100.613
2026-06-18T18:00:00+08:00,100.615,100.725,100.612,100.651
2026-06-18T18:30:00+08:00,100.654,100.749,100.64,100.739
2026-06-18T19:00:00+08:00,100.744,100.803,100.705,100.743
2026-06-18T19:30:00+08:00,100.743,100.799,100.718,100.783
2026-06-18T20:00:00+08:00,100.785,100.807,100.596,100.656
2026-06-18T20:30:00+08:00,100.661,100.716,100.645,100.673
2026-06-18T21:00:00+08:00,100.677,100.73,100.661,100.661
2026-06-18T21:30:00+08:00,100.664,100.664,100.566,100.653
2026-06-18T22:00:00+08:00,100.656,100.693,100.612,100.632
2026-06-18T22:30:00+08:00,100.634,100.671,100.546,100.558
2026-06-18T23:00:00+08:00,100.557,100.657,100.546,100.641
2026-06-18T23:30:00+08:00,100.641,100.744,100.639,100.744
2026-06-19T00:00:00+08:00,100.745,100.797,100.714,100.735
2026-06-19T00:30:00+08:00,100.74,100.806,100.734,100.777
2026-06-19T01:00:00+08:00,100.78,100.796,100.711,100.726
2026-06-19T01:30:00+08:00,100.727,100.811,100.727,100.81
2026-06-19T02:00:00+08:00,100.811,100.827,100.785,100.806
2026-06-19T02:30:00+08:00,100.81,100.851,100.792,100.849
2026-06-19T03:00:00+08:00,100.851,100.918,100.846,100.91
2026-06-19T03:30:00+08:00,100.907,100.911,100.787,100.838
2026-06-19T04:00:00+08:00,100.838,100.853,100.785,100.801
2026-06-19T04:30:00+08:00,100.799,100.836,100.797,100.83
2026-06-19T05:00:00+08:00,100.833,100.833,100.77,100.814
2026-06-19T05:30:00+08:00,100.813,100.816,100.786,100.791
2026-06-19T06:00:00+08:00,100.792,100.825,100.792,100.815
2026-06-19T07:30:00+08:00,100.813,100.837,100.81,100.83
2026-06-19T08:00:00+08:00,100.827,100.829,100.779,100.805
2026-06-19T08:30:00+08:00,100.808,100.808,100.755,100.777
2026-06-19T09:00:00+08:00,100.779,100.808,100.76,100.791
2026-06-19T09:30:00+08:00,100.795,100.865,100.789,100.862
2026-06-19T10:00:00+08:00,100.86,100.875,100.822,100.825
2026-06-19T10:30:00+08:00,100.827,100.854,100.817,100.849
2026-06-19T11:00:00+08:00,100.847,100.936,100.847,100.935
2026-06-19T11:30:00+08:00,100.936,100.953,100.914,100.95
2026-06-19T12:00:00+08:00,100.948,100.982,100.945,100.974
2026-06-19T12:30:00+08:00,100.97,101.063,100.945,101.051
2026-06-19T13:00:00+08:00,101.054,101.127,101.051,101.091
2026-06-19T13:30:00+08:00,101.091,101.109,100.984,101.007
2026-06-19T14:00:00+08:00,101.01,101.011,100.945,100.953
2026-06-19T14:30:00+08:00,100.956,101.024,100.922,100.925
2026-06-19T15:00:00+08:00,100.927,100.941,100.87,100.911
2026-06-19T15:30:00+08:00,100.916,100.931,100.892,100.912
2026-06-19T16:00:00+08:00,100.915,100.916,100.798,100.821
2026-06-19T16:30:00+08:00,100.824,100.824,100.756,100.766
2026-06-19T17:00:00+08:00,100.768,100.803,100.76,100.785
2026-06-19T17:30:00+08:00,100.786,100.787,100.753,100.785
2026-06-19T18:00:00+08:00,100.787,100.846,100.769,100.819
2026-06-19T18:30:00+08:00,100.822,100.831,100.774,100.778
2026-06-19T19:00:00+08:00,100.783,100.791,100.74,100.778
2026-06-19T19:30:00+08:00,100.779,100.806,100.76,100.793
2026-06-19T20:00:00+08:00,100.795,100.795,100.745,100.783
2026-06-19T20:30:00+08:00,100.785,100.791,100.699,100.726
2026-06-19T21:00:00+08:00,100.724,100.827,100.718,100.794
2026-06-19T21:30:00+08:00,100.797,100.85,100.783,100.806
2026-06-19T22:00:00+08:00,100.809,100.85,100.805,100.821
2026-06-19T22:30:00+08:00,100.826,100.826,100.761,100.773
2026-06-19T23:00:00+08:00,100.775,100.779,100.721,100.775
2026-06-19T23:30:00+08:00,100.779,100.829,100.775,100.816
2026-06-20T00:00:00+08:00,100.819,100.833,100.774,100.777
2026-06-20T00:30:00+08:00,100.778,100.817,100.774,100.781
2026-06-20T01:00:00+08:00,100.786,100.79,100.758,100.77
2026-06-20T01:30:00+08:00,100.773,100.778,100.707,100.736
2026-06-20T02:00:00+08:00,100.738,100.746,100.717,100.721
2026-06-20T02:30:00+08:00,100.724,100.737,100.697,100.727
2026-06-20T03:00:00+08:00,100.725,100.729,100.712,100.717
2026-06-20T03:30:00+08:00,100.717,100.737,100.713,100.736
2026-06-20T04:00:00+08:00,100.735,100.764,100.721,100.755
2026-06-20T04:30:00+08:00,100.756,100.76,100.733,100.76
2026-06-22T06:00:00+08:00,100.839,100.87,100.81,100.837
2026-06-22T06:30:00+08:00,100.836,100.857,100.831,100.85
2026-06-22T07:00:00+08:00,100.851,100.851,100.823,100.841
2026-06-22T07:30:00+08:00,100.843,100.885,100.84,100.851
2026-06-22T08:00:00+08:00,100.85,100.856,100.825,100.84
2026-06-22T08:30:00+08:00,100.845,100.885,100.815,100.816
2026-06-22T09:00:00+08:00,100.82,100.82,100.76,100.797
2026-06-22T09:30:00+08:00,100.801,100.843,100.797,100.842
2026-06-22T10:00:00+08:00,100.845,100.873,100.831,100.849
2026-06-22T10:30:00+08:00,100.848,100.849,100.807,100.825
2026-06-22T11:00:00+08:00,100.824,100.852,100.814,100.845
2026-06-22T11:30:00+08:00,100.851,100.913,100.842,100.9
2026-06-22T12:00:00+08:00,100.905,100.933,100.898,100.92
2026-06-22T12:30:00+08:00,100.921,100.936,100.905,100.914
2026-06-22T13:00:00+08:00,100.917,100.922,100.88,100.88
2026-06-22T13:30:00+08:00,100.882,100.924,100.851,100.923
2026-06-22T14:00:00+08:00,100.927,100.933,100.88,100.891
2026-06-22T14:30:00+08:00,100.896,100.94,100.86,100.881
2026-06-22T15:00:00+08:00,100.887,100.935,100.862,100.934
2026-06-22T15:30:00+08:00,100.935,100.991,100.935,100.978
2026-06-22T16:00:00+08:00,100.979,101.017,100.92,100.965
2026-06-22T16:30:00+08:00,100.967,100.993,100.924,100.944
2026-06-22T17:00:00+08:00,100.942,100.946,100.844,100.882
2026-06-22T17:30:00+08:00,100.883,100.897,100.841,100.877
2026-06-22T18:00:00+08:00,100.877,100.885,100.823,100.849
2026-06-22T18:30:00+08:00,100.852,100.891,100.843,100.879
2026-06-22T19:00:00+08:00,100.882,100.93,100.853,100.909
2026-06-22T19:30:00+08:00,100.908,100.938,100.884,100.932
2026-06-22T20:00:00+08:00,100.934,100.937,100.816,100.829
2026-06-22T20:30:00+08:00,100.831,100.863,100.803,100.861
2026-06-22T21:00:00+08:00,100.862,101.003,100.861,100.997
2026-06-22T21:30:00+08:00,101.001,101.043,100.943,101.041
2026-06-22T22:00:00+08:00,101.042,101.056,100.906,100.952
2026-06-22T22:30:00+08:00,100.957,101.013,100.816,100.87
2026-06-22T23:00:00+08:00,100.872,100.919,100.821,100.909
2026-06-22T23:30:00+08:00,100.913,100.998,100.907,100.987
2026-06-23T00:00:00+08:00,100.99,101.032,100.981,101.023
2026-06-23T00:30:00+08:00,101.023,101.035,100.986,100.992
2026-06-23T01:00:00+08:00,100.996,101.005,100.977,101
2026-06-23T01:30:00+08:00,101.004,101.019,100.991,100.998
2026-06-23T02:00:00+08:00,100.997,101.013,100.981,101.008
2026-06-23T02:30:00+08:00,101.008,101.033,101,101.02
2026-06-23T03:00:00+08:00,101.024,101.054,101.011,101.054
2026-06-23T03:30:00+08:00,101.053,101.076,101.021,101.024
2026-06-23T04:00:00+08:00,101.028,101.028,100.995,101.013
2026-06-23T04:30:00+08:00,101.012,101.024,100.999,101.002
2026-06-23T05:00:00+08:00,101,101.009,100.993,101
2026-06-23T05:30:00+08:00,101.004,101.006,100.986,100.996
2026-06-23T06:00:00+08:00,101.001,101.001,100.994,100.997
2026-06-23T07:30:00+08:00,101.005,101.021,101.005,101.013
2026-06-23T08:00:00+08:00,101.018,101.045,101.013,101.027
2026-06-23T08:30:00+08:00,101.03,101.035,101.005,101.015
2026-06-23T09:00:00+08:00,101.012,101.051,101.009,101.044
2026-06-23T09:30:00+08:00,101.045,101.053,101.011,101.022
2026-06-23T10:00:00+08:00,101.022,101.025,100.98,100.998
2026-06-23T10:30:00+08:00,100.996,101.036,100.991,101.033
2026-06-23T11:00:00+08:00,101.036,101.084,101.022,101.036
2026-06-23T11:30:00+08:00,101.036,101.05,100.999,101.003
2026-06-23T12:00:00+08:00,101.003,101.045,100.998,101.037
2026-06-23T12:30:00+08:00,101.036,101.085,101.036,101.078
2026-06-23T13:00:00+08:00,101.076,101.092,101.048,101.057
2026-06-23T13:30:00+08:00,101.06,101.092,101.042,101.061
2026-06-23T14:00:00+08:00,101.064,101.073,101.024,101.055
2026-06-23T14:30:00+08:00,101.06,101.107,101.042,101.076
2026-06-23T15:00:00+08:00,101.077,101.085,100.952,100.955
2026-06-23T15:30:00+08:00,100.959,101.151,100.955,101.13
2026-06-23T16:00:00+08:00,101.132,101.179,101.084,101.157
2026-06-23T16:30:00+08:00,101.161,101.186,101.153,101.166
2026-06-23T17:00:00+08:00,101.162,101.181,101.142,101.152
2026-06-23T17:30:00+08:00,101.155,101.166,101.131,101.132
2026-06-23T18:00:00+08:00,101.137,101.186,101.12,101.182
2026-06-23T18:30:00+08:00,101.186,101.249,101.167,101.213
2026-06-23T19:00:00+08:00,101.218,101.249,101.192,101.249
2026-06-23T19:30:00+08:00,101.246,101.335,101.246,101.327
2026-06-23T20:00:00+08:00,101.331,101.335,101.255,101.323
2026-06-23T20:30:00+08:00,101.326,101.326,101.27,101.294
2026-06-23T21:00:00+08:00,101.298,101.33,101.256,101.279
2026-06-23T21:30:00+08:00,101.278,101.286,101.209,101.281
2026-06-23T22:00:00+08:00,101.284,101.381,101.267,101.357
2026-06-23T22:30:00+08:00,101.36,101.39,101.328,101.351
2026-06-23T23:00:00+08:00,101.351,101.397,101.328,101.359
2026-06-23T23:30:00+08:00,101.365,101.402,101.337,101.369
2026-06-24T00:00:00+08:00,101.371,101.399,101.354,101.389
2026-06-24T00:30:00+08:00,101.391,101.406,101.361,101.399
2026-06-24T01:00:00+08:00,101.404,101.423,101.391,101.41
2026-06-24T01:30:00+08:00,101.413,101.413,101.383,101.4
2026-06-24T02:00:00+08:00,101.4,101.412,101.392,101.411
2026-06-24T02:30:00+08:00,101.411,101.433,101.405,101.408
2026-06-24T03:00:00+08:00,101.407,101.411,101.37,101.377
2026-06-24T03:30:00+08:00,101.375,101.392,101.368,101.392
2026-06-24T04:00:00+08:00,101.395,101.407,101.381,101.386
2026-06-24T04:30:00+08:00,101.386,101.394,101.37,101.376
2026-06-24T05:00:00+08:00,101.38,101.38,101.352,101.359
2026-06-24T05:30:00+08:00,101.36,101.363,101.355,101.36
2026-06-24T06:00:00+08:00,101.36,101.393,101.36,101.389
2026-06-24T07:30:00+08:00,101.37,101.393,101.356,101.392
2026-06-24T08:00:00+08:00,101.393,101.433,101.366,101.423
2026-06-24T08:30:00+08:00,101.428,101.433,101.391,101.41
2026-06-24T09:00:00+08:00,101.409,101.448,101.409,101.437
2026-06-24T09:30:00+08:00,101.439,101.443,101.394,101.4
2026-06-24T10:00:00+08:00,101.402,101.418,101.391,101.405
2026-06-24T10:30:00+08:00,101.409,101.473,101.393,101.468
2026-06-24T11:00:00+08:00,101.472,101.512,101.46,101.48
2026-06-24T11:30:00+08:00,101.481,101.489,101.447,101.458
2026-06-24T12:00:00+08:00,101.46,101.503,101.455,101.478
2026-06-24T12:30:00+08:00,101.479,101.5,101.469,101.488
2026-06-24T13:00:00+08:00,101.487,101.493,101.456,101.471
2026-06-24T13:30:00+08:00,101.475,101.482,101.457,101.465
2026-06-24T14:00:00+08:00,101.467,101.503,101.41,101.496
2026-06-24T14:30:00+08:00,101.5,101.552,101.477,101.541
2026-06-24T15:00:00+08:00,101.54,101.587,101.53,101.553
2026-06-24T15:30:00+08:00,101.557,101.59,101.519,101.589
2026-06-24T16:00:00+08:00,101.59,101.687,101.557,101.579
2026-06-24T16:30:00+08:00,101.58,101.638,101.555,101.578
2026-06-24T17:00:00+08:00,101.58,101.635,101.568,101.631
2026-06-24T17:30:00+08:00,101.63,101.644,101.603,101.635
2026-06-24T18:00:00+08:00,101.635,101.696,101.633,101.684
2026-06-24T18:30:00+08:00,101.689,101.695,101.64,101.68
2026-06-24T19:00:00+08:00,101.685,101.708,101.654,101.657
2026-06-24T19:30:00+08:00,101.659,101.689,101.604,101.672
2026-06-24T20:00:00+08:00,101.674,101.703,101.628,101.688
2026-06-24T20:30:00+08:00,101.689,101.792,101.689,101.765
2026-06-24T21:00:00+08:00,101.767,101.8,101.686,101.686
2026-06-24T21:30:00+08:00,101.692,101.724,101.628,101.657
2026-06-24T22:00:00+08:00,101.659,101.704,101.605,101.657
2026-06-24T22:30:00+08:00,101.66,101.732,101.652,101.701
2026-06-24T23:00:00+08:00,101.702,101.712,101.552,101.59
2026-06-24T23:30:00+08:00,101.593,101.657,101.589,101.645
2026-06-25T00:00:00+08:00,101.646,101.655,101.542,101.542
2026-06-25T00:30:00+08:00,101.544,101.569,101.493,101.556
2026-06-25T01:00:00+08:00,101.559,101.634,101.542,101.626
2026-06-25T01:30:00+08:00,101.629,101.653,101.569,101.647
2026-06-25T02:00:00+08:00,101.65,101.65,101.582,101.585
2026-06-25T02:30:00+08:00,101.583,101.621,101.56,101.608
2026-06-25T03:00:00+08:00,101.608,101.646,101.577,101.62
2026-06-25T03:30:00+08:00,101.619,101.627,101.593,101.62
2026-06-25T04:00:00+08:00,101.622,101.633,101.581,101.588
2026-06-25T04:30:00+08:00,101.588,101.591,101.566,101.575
2026-06-25T05:00:00+08:00,101.573,101.583,101.545,101.573
2026-06-25T05:30:00+08:00,101.575,101.593,101.564,101.568
2026-06-25T06:00:00+08:00,101.569,101.586,101.568,101.586
2026-06-25T07:30:00+08:00,101.597,101.613,101.589,101.605
2026-06-25T08:00:00+08:00,101.605,101.637,101.594,101.631
2026-06-25T08:30:00+08:00,101.63,101.651,101.596,101.606
2026-06-25T09:00:00+08:00,101.608,101.608,101.485,101.532
2026-06-25T09:30:00+08:00,101.53,101.58,101.514,101.57
2026-06-25T10:00:00+08:00,101.572,101.584,101.511,101.518
2026-06-25T10:30:00+08:00,101.52,101.546,101.509,101.527
2026-06-25T11:00:00+08:00,101.529,101.532,101.497,101.515
2026-06-25T11:30:00+08:00,101.513,101.515,101.475,101.484
2026-06-25T12:00:00+08:00,101.484,101.498,101.471,101.48
2026-06-25T12:30:00+08:00,101.482,101.511,101.474,101.499
2026-06-25T13:00:00+08:00,101.505,101.526,101.491,101.52
2026-06-25T13:30:00+08:00,101.522,101.56,101.512,101.549
2026-06-25T14:00:00+08:00,101.551,101.575,101.532,101.547
2026-06-25T14:30:00+08:00,101.552,101.614,101.547,101.605
2026-06-25T15:00:00+08:00,101.606,101.661,101.551,101.601
2026-06-25T15:30:00+08:00,101.603,101.603,101.534,101.54
2026-06-25T16:00:00+08:00,101.543,101.543,101.471,101.474
2026-06-25T16:30:00+08:00,101.475,101.495,101.443,101.482
2026-06-25T17:00:00+08:00,101.482,101.515,101.471,101.482
2026-06-25T17:30:00+08:00,101.48,101.535,101.447,101.535
2026-06-25T18:00:00+08:00,101.532,101.602,101.532,101.589
2026-06-25T18:30:00+08:00,101.595,101.68,101.586,101.659
2026-06-25T19:00:00+08:00,101.658,101.718,101.658,101.717
2026-06-25T19:30:00+08:00,101.719,101.746,101.701,101.717
2026-06-25T20:00:00+08:00,101.72,101.729,101.68,101.703
2026-06-25T20:30:00+08:00,101.704,101.704,101.507,101.595
2026-06-25T21:00:00+08:00,101.597,101.627,101.492,101.494
2026-06-25T21:30:00+08:00,101.494,101.542,101.46,101.508
2026-06-25T22:00:00+08:00,101.503,101.512,101.339,101.44
2026-06-25T22:30:00+08:00,101.442,101.451,101.355,101.403
2026-06-25T23:00:00+08:00,101.408,101.422,101.309,101.314
2026-06-25T23:30:00+08:00,101.314,101.386,101.307,101.33
2026-06-26T00:00:00+08:00,101.331,101.364,101.305,101.315
2026-06-26T00:30:00+08:00,101.317,101.415,101.313,101.41
2026-06-26T01:00:00+08:00,101.411,101.429,101.387,101.417
2026-06-26T01:30:00+08:00,101.416,101.439,101.391,101.415
2026-06-26T02:00:00+08:00,101.417,101.458,101.376,101.384
2026-06-26T02:30:00+08:00,101.387,101.434,101.381,101.431
2026-06-26T03:00:00+08:00,101.429,101.447,101.391,101.393
2026-06-26T03:30:00+08:00,101.392,101.464,101.379,101.423
2026-06-26T04:00:00+08:00,101.427,101.442,101.411,101.43
2026-06-26T04:30:00+08:00,101.43,101.458,101.426,101.458
2026-06-26T05:00:00+08:00,101.458,101.458,101.415,101.453
2026-06-26T05:30:00+08:00,101.451,101.461,101.415,101.425
2026-06-26T06:00:00+08:00,101.426,101.442,101.424,101.44
2026-06-26T07:30:00+08:00,101.503,101.521,101.499,101.509
2026-06-26T08:00:00+08:00,101.511,101.515,101.485,101.485
2026-06-26T08:30:00+08:00,101.484,101.501,101.472,101.485
2026-06-26T09:00:00+08:00,101.487,101.487,101.453,101.477
2026-06-26T09:30:00+08:00,101.474,101.539,101.471,101.518
2026-06-26T10:00:00+08:00,101.522,101.57,101.496,101.56
2026-06-26T10:30:00+08:00,101.56,101.562,101.523,101.532
2026-06-26T11:00:00+08:00,101.531,101.539,101.485,101.494
2026-06-26T11:30:00+08:00,101.496,101.508,101.424,101.426
2026-06-26T12:00:00+08:00,101.429,101.443,101.393,101.403
2026-06-26T12:30:00+08:00,101.405,101.442,101.384,101.384
2026-06-26T13:00:00+08:00,101.389,101.399,101.369,101.375
2026-06-26T13:30:00+08:00,101.377,101.386,101.342,101.36
2026-06-26T14:00:00+08:00,101.362,101.42,101.357,101.376
2026-06-26T14:30:00+08:00,101.375,101.433,101.346,101.403
2026-06-26T15:00:00+08:00,101.402,101.421,101.378,101.408
2026-06-26T15:30:00+08:00,101.407,101.412,101.303,101.331
2026-06-26T16:00:00+08:00,101.332,101.356,101.223,101.223
2026-06-26T16:30:00+08:00,101.228,101.274,101.185,101.228
2026-06-26T17:00:00+08:00,101.23,101.267,101.207,101.207
2026-06-26T17:30:00+08:00,101.211,101.237,101.143,101.189
2026-06-26T18:00:00+08:00,101.189,101.236,101.178,101.208
2026-06-26T18:30:00+08:00,101.214,101.226,101.19,101.199
2026-06-26T19:00:00+08:00,101.202,101.239,101.193,101.199
2026-06-26T19:30:00+08:00,101.2,101.289,101.194,101.251
2026-06-26T20:00:00+08:00,101.257,101.259,101.203,101.214
2026-06-26T20:30:00+08:00,101.216,101.244,101.045,101.09
2026-06-26T21:00:00+08:00,101.095,101.185,101.072,101.101
2026-06-26T21:30:00+08:00,101.103,101.141,101.081,101.083
2026-06-26T22:00:00+08:00,101.085,101.128,101.056,101.122
2026-06-26T22:30:00+08:00,101.125,101.314,101.111,101.31
2026-06-26T23:00:00+08:00,101.314,101.324,101.209,101.219
2026-06-26T23:30:00+08:00,101.217,101.279,101.184,101.219
2026-06-27T00:00:00+08:00,101.224,101.315,101.215,101.31
2026-06-27T00:30:00+08:00,101.311,101.372,101.288,101.327
2026-06-27T01:00:00+08:00,101.331,101.338,101.301,101.334
2026-06-27T01:30:00+08:00,101.338,101.366,101.325,101.354
2026-06-27T02:00:00+08:00,101.356,101.362,101.315,101.33
2026-06-27T02:30:00+08:00,101.328,101.357,101.316,101.357
2026-06-27T03:00:00+08:00,101.358,101.384,101.342,101.38
2026-06-27T03:30:00+08:00,101.378,101.385,101.322,101.336
2026-06-27T04:00:00+08:00,101.343,101.35,101.308,101.321
2026-06-27T04:30:00+08:00,101.325,101.392,101.307,101.366
2026-06-29T06:00:00+08:00,101.368,101.393,101.36,101.383
2026-06-29T06:30:00+08:00,101.381,101.381,101.36,101.366
2026-06-29T07:00:00+08:00,101.364,101.372,101.353,101.367
2026-06-29T07:30:00+08:00,101.37,101.391,101.357,101.366
2026-06-29T08:00:00+08:00,101.369,101.38,101.342,101.372
2026-06-29T08:30:00+08:00,101.371,101.379,101.34,101.348
2026-06-29T09:00:00+08:00,101.349,101.376,101.332,101.344
2026-06-29T09:30:00+08:00,101.346,101.371,101.323,101.368
2026-06-29T10:00:00+08:00,101.37,101.371,101.296,101.302
2026-06-29T10:30:00+08:00,101.301,101.347,101.301,101.345
2026-06-29T11:00:00+08:00,101.347,101.349,101.325,101.336
2026-06-29T11:30:00+08:00,101.334,101.376,101.324,101.375
2026-06-29T12:00:00+08:00,101.376,101.394,101.364,101.376
2026-06-29T12:30:00+08:00,101.373,101.391,101.362,101.381
2026-06-29T13:00:00+08:00,101.385,101.385,101.343,101.348
2026-06-29T13:30:00+08:00,101.348,101.348,101.288,101.292
2026-06-29T14:00:00+08:00,101.295,101.308,101.272,101.275
2026-06-29T14:30:00+08:00,101.276,101.282,101.154,101.164
2026-06-29T15:00:00+08:00,101.172,101.225,101.168,101.202
2026-06-29T15:30:00+08:00,101.205,101.26,101.177,101.248
2026-06-29T16:00:00+08:00,101.25,101.298,101.216,101.264
2026-06-29T16:30:00+08:00,101.266,101.331,101.24,101.31
2026-06-29T17:00:00+08:00,101.311,101.316,101.259,101.273
2026-06-29T17:30:00+08:00,101.275,101.3,101.245,101.248
2026-06-29T18:00:00+08:00,101.249,101.281,101.241,101.265
2026-06-29T18:30:00+08:00,101.266,101.28,101.227,101.236
2026-06-29T19:00:00+08:00,101.237,101.25,101.208,101.238
2026-06-29T19:30:00+08:00,101.242,101.277,101.188,101.2
2026-06-29T20:00:00+08:00,101.207,101.266,101.207,101.247
2026-06-29T20:30:00+08:00,101.249,101.275,101.219,101.255
2026-06-29T21:00:00+08:00,101.253,101.269,101.231,101.233
2026-06-29T21:30:00+08:00,101.237,101.268,101.191,101.213
2026-06-29T22:00:00+08:00,101.216,101.26,101.153,101.185
2026-06-29T22:30:00+08:00,101.188,101.219,101.135,101.146
2026-06-29T23:00:00+08:00,101.148,101.179,101.135,101.144
2026-06-29T23:30:00+08:00,101.145,101.17,101.123,101.129
2026-06-30T00:00:00+08:00,101.131,101.131,101.097,101.129
2026-06-30T00:30:00+08:00,101.131,101.131,101.071,101.106
2026-06-30T01:00:00+08:00,101.109,101.139,101.096,101.131
2026-06-30T01:30:00+08:00,101.134,101.137,101.083,101.091
2026-06-30T02:00:00+08:00,101.096,101.101,101.079,101.09
2026-06-30T02:30:00+08:00,101.092,101.11,101.08,101.107
2026-06-30T03:00:00+08:00,101.107,101.13,101.094,101.098
2026-06-30T03:30:00+08:00,101.097,101.108,101.083,101.096
2026-06-30T04:00:00+08:00,101.099,101.107,101.084,101.094
2026-06-30T04:30:00+08:00,101.096,101.127,101.093,101.121
2026-06-30T05:00:00+08:00,101.124,101.133,101.104,101.104
2026-06-30T05:30:00+08:00,101.106,101.111,101.099,101.107
2026-06-30T06:00:00+08:00,101.107,101.113,101.105,101.111
2026-06-30T07:30:00+08:00,101.122,101.147,101.122,101.146
2026-06-30T08:00:00+08:00,101.147,101.188,101.143,101.184
2026-06-30T08:30:00+08:00,101.187,101.243,101.17,101.193
2026-06-30T09:00:00+08:00,101.191,101.278,101.183,101.202
2026-06-30T09:30:00+08:00,101.204,101.298,101.181,101.288
2026-06-30T10:00:00+08:00,101.284,101.294,101.265,101.283
2026-06-30T10:30:00+08:00,101.284,101.301,101.259,101.283
2026-06-30T11:00:00+08:00,101.285,101.324,101.267,101.311
2026-06-30T11:30:00+08:00,101.311,101.329,101.303,101.317
2026-06-30T12:00:00+08:00,101.318,101.338,101.312,101.33
2026-06-30T12:30:00+08:00,101.334,101.379,101.309,101.379
2026-06-30T13:00:00+08:00,101.379,101.393,101.35,101.364
2026-06-30T13:30:00+08:00,101.364,101.425,101.352,101.413
2026-06-30T14:00:00+08:00,101.418,101.428,101.314,101.324
2026-06-30T14:30:00+08:00,101.321,101.337,101.271,101.276
2026-06-30T15:00:00+08:00,101.279,101.292,101.226,101.247
2026-06-30T15:30:00+08:00,101.252,101.325,101.238,101.314
2026-06-30T16:00:00+08:00,101.319,101.39,101.311,101.355
2026-06-30T16:30:00+08:00,101.361,101.432,101.355,101.361
2026-06-30T17:00:00+08:00,101.36,101.385,101.332,101.367
2026-06-30T17:30:00+08:00,101.371,101.394,101.333,101.34
2026-06-30T18:00:00+08:00,101.344,101.373,101.337,101.355
2026-06-30T18:30:00+08:00,101.355,101.377,101.299,101.301
2026-06-30T19:00:00+08:00,101.306,101.367,101.3,101.353
2026-06-30T19:30:00+08:00,101.354,101.432,101.35,101.376
2026-06-30T20:00:00+08:00,101.38,101.426,101.36,101.405
2026-06-30T20:30:00+08:00,101.407,101.417,101.313,101.36
2026-06-30T21:00:00+08:00,101.362,101.373,101.269,101.305
2026-06-30T21:30:00+08:00,101.308,101.348,101.292,101.345
2026-06-30T22:00:00+08:00,101.349,101.389,101.198,101.217
2026-06-30T22:30:00+08:00,101.219,101.242,101.059,101.071
2026-06-30T23:00:00+08:00,101.072,101.156,101.049,101.156
2026-06-30T23:30:00+08:00,101.157,101.216,101.127,101.206
2026-07-01T00:00:00+08:00,101.208,101.249,101.199,101.225
2026-07-01T00:30:00+08:00,101.227,101.248,101.2,101.236
2026-07-01T01:00:00+08:00,101.238,101.238,101.197,101.2
2026-07-01T01:30:00+08:00,101.202,101.215,101.167,101.176
2026-07-01T02:00:00+08:00,101.177,101.179,101.137,101.145
2026-07-01T02:30:00+08:00,101.144,101.192,101.139,101.186
2026-07-01T03:00:00+08:00,101.191,101.222,101.173,101.215
2026-07-01T03:30:00+08:00,101.215,101.22,101.129,101.133
2026-07-01T04:00:00+08:00,101.132,101.149,101.123,101.145
2026-07-01T04:30:00+08:00,101.145,101.178,101.143,101.169
2026-07-01T05:00:00+08:00,101.168,101.191,101.16,101.172
2026-07-01T05:30:00+08:00,101.174,101.179,101.152,101.16
2026-07-01T06:00:00+08:00,101.161,101.179,101.161,101.172
2026-07-01T07:30:00+08:00,101.218,101.246,101.218,101.244
2026-07-01T08:00:00+08:00,101.24,101.267,101.234,101.241
2026-07-01T08:30:00+08:00,101.243,101.288,101.243,101.273
2026-07-01T09:00:00+08:00,101.277,101.317,101.272,101.297
2026-07-01T09:30:00+08:00,101.298,101.328,101.291,101.318
2026-07-01T10:00:00+08:00,101.322,101.33,101.291,101.32
2026-07-01T10:30:00+08:00,101.321,101.332,101.3,101.319
2026-07-01T11:00:00+08:00,101.318,101.33,101.296,101.325
2026-07-01T11:30:00+08:00,101.331,101.353,101.32,101.332
2026-07-01T12:00:00+08:00,101.329,101.347,101.326,101.329
2026-07-01T12:30:00+08:00,101.331,101.331,101.272,101.289
2026-07-01T13:00:00+08:00,101.29,101.302,101.274,101.276
2026-07-01T13:30:00+08:00,101.279,101.319,101.27,101.301
2026-07-01T14:00:00+08:00,101.301,101.336,101.278,101.327
2026-07-01T14:30:00+08:00,101.331,101.349,101.31,101.317
2026-07-01T15:00:00+08:00,101.32,101.395,101.306,101.393
2026-07-01T15:30:00+08:00,101.394,101.396,101.316,101.325
2026-07-01T16:00:00+08:00,101.329,101.366,101.316,101.358
2026-07-01T16:30:00+08:00,101.356,101.375,101.321,101.359
2026-07-01T17:00:00+08:00,101.363,101.391,101.339,101.374
2026-07-01T17:30:00+08:00,101.377,101.43,101.375,101.416
2026-07-01T18:00:00+08:00,101.419,101.426,101.362,101.365
2026-07-01T18:30:00+08:00,101.368,101.368,101.317,101.336
2026-07-01T19:00:00+08:00,101.337,101.387,101.33,101.365
2026-07-01T19:30:00+08:00,101.363,101.43,101.358,101.43
2026-07-01T20:00:00+08:00,101.43,101.461,101.41,101.45
2026-07-01T20:30:00+08:00,101.455,101.54,101.433,101.521
2026-07-01T21:00:00+08:00,101.521,101.595,101.384,101.398
2026-07-01T21:30:00+08:00,101.398,101.41,101.19,101.314
2026-07-01T22:00:00+08:00,101.316,101.336,101.222,101.32
2026-07-01T22:30:00+08:00,101.323,101.363,101.235,101.289
2026-07-01T23:00:00+08:00,101.292,101.359,101.278,101.296
2026-07-01T23:30:00+08:00,101.299,101.396,101.285,101.352
2026-07-02T00:00:00+08:00,101.354,101.354,101.268,101.322
2026-07-02T00:30:00+08:00,101.324,101.374,101.322,101.359
2026-07-02T01:00:00+08:00,101.363,101.386,101.336,101.351
2026-07-02T01:30:00+08:00,101.354,101.391,101.34,101.379
2026-07-02T02:00:00+08:00,101.384,101.43,101.367,101.416
2026-07-02T02:30:00+08:00,101.415,101.422,101.387,101.391
2026-07-02T03:00:00+08:00,101.392,101.407,101.378,101.387
2026-07-02T03:30:00+08:00,101.389,101.41,101.379,101.401
2026-07-02T04:00:00+08:00,101.4,101.42,101.396,101.418
2026-07-02T04:30:00+08:00,101.417,101.444,101.409,101.415
2026-07-02T05:00:00+08:00,101.421,101.421,101.393,101.393
2026-07-02T05:30:00+08:00,101.396,101.406,101.392,101.406
2026-07-02T06:00:00+08:00,101.404,101.415,101.4,101.412
2026-07-02T07:30:00+08:00,101.402,101.408,101.398,101.407
2026-07-02T08:00:00+08:00,101.408,101.424,101.365,101.421
2026-07-02T08:30:00+08:00,101.419,101.43,101.396,101.416
2026-07-02T09:00:00+08:00,101.415,101.418,101.386,101.398
2026-07-02T09:30:00+08:00,101.4,101.41,101.337,101.371
2026-07-02T10:00:00+08:00,101.374,101.374,101.316,101.342
2026-07-02T10:30:00+08:00,101.343,101.376,101.33,101.367
2026-07-02T11:00:00+08:00,101.371,101.402,101.357,101.384
2026-07-02T11:30:00+08:00,101.386,101.391,101.359,101.359
2026-07-02T12:00:00+08:00,101.361,101.362,101.317,101.345
2026-07-02T12:30:00+08:00,101.348,101.35,101.318,101.327
2026-07-02T13:00:00+08:00,101.333,101.346,101.314,101.34
2026-07-02T13:30:00+08:00,101.342,101.36,101.321,101.327
2026-07-02T14:00:00+08:00,101.325,101.327,101.262,101.307
2026-07-02T14:30:00+08:00,101.309,101.309,101.097,101.208
2026-07-02T15:00:00+08:00,101.212,101.25,101.147,101.148
2026-07-02T15:30:00+08:00,101.153,101.187,101.065,101.078
2026-07-02T16:00:00+08:00,101.08,101.082,100.965,100.978
2026-07-02T16:30:00+08:00,100.981,101.004,100.922,100.931
2026-07-02T17:00:00+08:00,100.934,101.038,100.926,101.034
2026-07-02T17:30:00+08:00,101.039,101.042,100.991,101.026
2026-07-02T18:00:00+08:00,101.027,101.09,101.024,101.08
2026-07-02T18:30:00+08:00,101.083,101.106,101.044,101.051
2026-07-02T19:00:00+08:00,101.053,101.087,101.027,101.04
2026-07-02T19:30:00+08:00,101.04,101.153,101.033,101.128
2026-07-02T20:00:00+08:00,101.131,101.205,101.128,101.173
2026-07-02T20:30:00+08:00,101.174,101.174,100.558,100.732
2026-07-02T21:00:00+08:00,100.736,100.831,100.706,100.809
2026-07-02T21:30:00+08:00,100.811,100.815,100.688,100.707
2026-07-02T22:00:00+08:00,100.712,100.782,100.652,100.777
2026-07-02T22:30:00+08:00,100.779,100.852,100.759,100.764
2026-07-02T23:00:00+08:00,100.765,100.797,100.73,100.784
2026-07-02T23:30:00+08:00,100.784,100.784,100.705,100.75
2026-07-03T00:00:00+08:00,100.755,100.84,100.744,100.831
2026-07-03T00:30:00+08:00,100.834,100.847,100.794,100.82
2026-07-03T01:00:00+08:00,100.822,100.89,100.817,100.878
2026-07-03T01:30:00+08:00,100.879,100.899,100.859,100.878
2026-07-03T02:00:00+08:00,100.881,100.887,100.832,100.86
2026-07-03T02:30:00+08:00,100.858,100.866,100.828,100.857
2026-07-03T03:00:00+08:00,100.861,100.894,100.854,100.89
2026-07-03T03:30:00+08:00,100.887,100.916,100.874,100.883
2026-07-03T04:00:00+08:00,100.885,100.892,100.845,100.851
2026-07-03T04:30:00+08:00,100.852,100.873,100.848,100.869
2026-07-03T05:00:00+08:00,100.874,100.879,100.848,100.86
2026-07-03T05:30:00+08:00,100.862,100.886,100.853,100.855
2026-07-03T06:00:00+08:00,100.853,100.857,100.845,100.848
2026-07-03T07:30:00+08:00,100.913,100.976,100.913,100.973
2026-07-03T08:00:00+08:00,100.976,100.992,100.957,100.979
2026-07-03T08:30:00+08:00,100.981,100.989,100.889,100.89
2026-07-03T09:00:00+08:00,100.892,100.898,100.768,100.814
2026-07-03T09:30:00+08:00,100.816,100.845,100.785,100.839
2026-07-03T10:00:00+08:00,100.841,100.848,100.771,100.776
2026-07-03T10:30:00+08:00,100.776,100.816,100.773,100.807
2026-07-03T11:00:00+08:00,100.806,100.833,100.8,100.815
2026-07-03T11:30:00+08:00,100.815,100.829,100.795,100.8
2026-07-03T12:00:00+08:00,100.799,100.814,100.781,100.788
2026-07-03T12:30:00+08:00,100.787,100.795,100.758,100.758
2026-07-03T13:00:00+08:00,100.758,100.762,100.683,100.711
2026-07-03T13:30:00+08:00,100.714,100.754,100.697,100.744
2026-07-03T14:00:00+08:00,100.746,100.746,100.664,100.703
2026-07-03T14:30:00+08:00,100.706,100.706,100.603,100.691
2026-07-03T15:00:00+08:00,100.694,100.71,100.654,100.666
2026-07-03T15:30:00+08:00,100.664,100.748,100.654,100.681
2026-07-03T16:00:00+08:00,100.682,100.722,100.672,100.699
2026-07-03T16:30:00+08:00,100.699,100.735,100.678,100.729
2026-07-03T17:00:00+08:00,100.731,100.764,100.726,100.762
2026-07-03T17:30:00+08:00,100.764,100.817,100.744,100.814
2026-07-03T18:00:00+08:00,100.816,100.817,100.768,100.789
2026-07-03T18:30:00+08:00,100.787,100.795,100.749,100.774
2026-07-03T19:00:00+08:00,100.779,100.783,100.704,100.727
2026-07-03T19:30:00+08:00,100.727,100.779,100.724,100.756
2026-07-03T20:00:00+08:00,100.755,100.792,100.745,100.778
2026-07-03T20:30:00+08:00,100.78,100.795,100.754,100.793
2026-07-03T21:00:00+08:00,100.794,100.84,100.789,100.815
2026-07-03T21:30:00+08:00,100.815,100.859,100.814,100.841
2026-07-03T22:00:00+08:00,100.845,100.853,100.784,100.79
2026-07-03T22:30:00+08:00,100.793,100.825,100.779,100.823
2026-07-03T23:00:00+08:00,100.824,100.856,100.809,100.837
2026-07-03T23:30:00+08:00,100.837,100.875,100.828,100.854
2026-07-04T00:00:00+08:00,100.854,100.865,100.84,100.861
2026-07-04T00:30:00+08:00,100.864,100.879,100.853,100.857
2026-07-04T01:00:00+08:00,100.857,100.857,100.826,100.835
2026-07-04T01:30:00+08:00,100.837,100.845,100.827,100.834
2026-07-04T02:00:00+08:00,100.833,100.846,100.825,100.839
2026-07-04T02:30:00+08:00,100.843,100.851,100.834,100.843
2026-07-04T03:00:00+08:00,100.846,100.853,100.835,100.85
2026-07-04T03:30:00+08:00,100.854,100.872,100.849,100.866
2026-07-04T04:00:00+08:00,100.87,100.883,100.862,100.872
2026-07-04T04:30:00+08:00,100.875,100.888,100.866,100.878
2026-07-06T06:00:00+08:00,100.857,100.873,100.826,100.873
2026-07-06T06:30:00+08:00,100.873,100.878,100.861,100.873
2026-07-06T07:00:00+08:00,100.875,100.904,100.868,100.879
2026-07-06T07:30:00+08:00,100.879,100.887,100.861,100.872
2026-07-06T08:00:00+08:00,100.878,100.918,100.847,100.868
2026-07-06T08:30:00+08:00,100.868,100.886,100.85,100.87
2026-07-06T09:00:00+08:00,100.874,100.947,100.866,100.942
2026-07-06T09:30:00+08:00,100.945,100.972,100.911,100.971
2026-07-06T10:00:00+08:00,100.969,100.977,100.951,100.964
2026-07-06T10:30:00+08:00,100.962,100.972,100.918,100.928
2026-07-06T11:00:00+08:00,100.928,100.969,100.914,100.969
2026-07-06T11:30:00+08:00,100.971,100.978,100.945,100.951
2026-07-06T12:00:00+08:00,100.95,100.956,100.929,100.948
2026-07-06T12:30:00+08:00,100.945,100.956,100.935,100.948
2026-07-06T13:00:00+08:00,100.951,100.989,100.947,100.979
2026-07-06T13:30:00+08:00,100.979,101.028,100.952,101.025
2026-07-06T14:00:00+08:00,101.028,101.057,100.987,101.038
2026-07-06T14:30:00+08:00,101.035,101.071,101.016,101.048
2026-07-06T15:00:00+08:00,101.055,101.097,101.01,101.053
2026-07-06T15:30:00+08:00,101.053,101.053,100.999,101.006
2026-07-06T16:00:00+08:00,101.006,101.094,101,101.07
2026-07-06T16:30:00+08:00,101.072,101.107,101.058,101.069
2026-07-06T17:00:00+08:00,101.068,101.101,101.067,101.082
2026-07-06T17:30:00+08:00,101.085,101.136,101.068,101.12
2026-07-06T18:00:00+08:00,101.124,101.145,101.053,101.086
2026-07-06T18:30:00+08:00,101.091,101.092,101.052,101.067
2026-07-06T19:00:00+08:00,101.07,101.097,101.063,101.067
2026-07-06T19:30:00+08:00,101.071,101.115,101.061,101.086
2026-07-06T20:00:00+08:00,101.09,101.096,101.052,101.075
2026-07-06T20:30:00+08:00,101.078,101.138,101.069,101.118
2026-07-06T21:00:00+08:00,101.122,101.132,101.038,101.048
2026-07-06T21:30:00+08:00,101.054,101.137,101.04,101.107
2026-07-06T22:00:00+08:00,101.11,101.123,101.053,101.092
2026-07-06T22:30:00+08:00,101.094,101.128,101.071,101.081
2026-07-06T23:00:00+08:00,101.083,101.089,101.058,101.07
2026-07-06T23:30:00+08:00,101.07,101.08,101,101.009
2026-07-07T00:00:00+08:00,101.007,101.014,100.965,100.97
2026-07-07T00:30:00+08:00,100.972,100.999,100.956,100.967
2026-07-07T01:00:00+08:00,100.967,100.972,100.915,100.925
2026-07-07T01:30:00+08:00,100.928,100.929,100.897,100.916
2026-07-07T02:00:00+08:00,100.919,100.929,100.897,100.897
2026-07-07T02:30:00+08:00,100.9,100.907,100.838,100.854
2026-07-07T03:00:00+08:00,100.857,100.895,100.854,100.886
2026-07-07T03:30:00+08:00,100.882,100.884,100.858,100.867
2026-07-07T04:00:00+08:00,100.866,100.884,100.858,100.868
2026-07-07T04:30:00+08:00,100.871,100.886,100.864,100.871
2026-07-07T05:00:00+08:00,100.873,100.873,100.862,100.87
2026-07-07T05:30:00+08:00,100.867,100.875,100.842,100.844
2026-07-07T06:00:00+08:00,100.847,100.858,100.842,100.855
2026-07-07T07:30:00+08:00,100.842,100.871,100.84,100.869
2026-07-07T08:00:00+08:00,100.871,100.9,100.862,100.896
2026-07-07T08:30:00+08:00,100.895,100.902,100.871,100.898
2026-07-07T09:00:00+08:00,100.899,100.908,100.884,100.884
2026-07-07T09:30:00+08:00,100.889,100.889,100.803,100.837
2026-07-07T10:00:00+08:00,100.838,100.859,100.816,100.859
2026-07-07T10:30:00+08:00,100.859,100.876,100.838,100.876
2026-07-07T11:00:00+08:00,100.873,100.877,100.837,100.858
2026-07-07T11:30:00+08:00,100.864,100.894,100.858,100.887
2026-07-07T12:00:00+08:00,100.89,100.892,100.868,100.881
2026-07-07T12:30:00+08:00,100.88,100.89,100.853,100.89
2026-07-07T13:00:00+08:00,100.89,100.944,100.875,100.935
2026-07-07T13:30:00+08:00,100.939,100.949,100.912,100.922
2026-07-07T14:00:00+08:00,100.923,100.976,100.916,100.964
2026-07-07T14:30:00+08:00,100.964,100.964,100.933,100.952
2026-07-07T15:00:00+08:00,100.954,100.978,100.903,100.959
2026-07-07T15:30:00+08:00,100.963,100.977,100.929,100.972
2026-07-07T16:00:00+08:00,100.975,100.977,100.899,100.916
2026-07-07T16:30:00+08:00,100.915,100.952,100.887,100.939
2026-07-07T17:00:00+08:00,100.944,100.959,100.928,100.942
2026-07-07T17:30:00+08:00,100.946,100.978,100.93,100.976
2026-07-07T18:00:00+08:00,100.974,100.999,100.941,100.945
2026-07-07T18:30:00+08:00,100.948,100.957,100.919,100.923
2026-07-07T19:00:00+08:00,100.928,100.94,100.873,100.897
2026-07-07T19:30:00+08:00,100.897,100.975,100.896,100.927
2026-07-07T20:00:00+08:00,100.931,100.942,100.859,100.867
2026-07-07T20:30:00+08:00,100.866,100.918,100.852,100.902
2026-07-07T21:00:00+08:00,100.901,100.952,100.897,100.919
2026-07-07T21:30:00+08:00,100.92,100.926,100.866,100.917
2026-07-07T22:00:00+08:00,100.921,101.007,100.901,100.952
2026-07-07T22:30:00+08:00,100.955,100.967,100.885,100.922
2026-07-07T23:00:00+08:00,100.924,100.974,100.909,100.945
2026-07-07T23:30:00+08:00,100.949,100.993,100.944,100.989
2026-07-08T00:00:00+08:00,100.992,101.02,100.965,101.02
2026-07-08T00:30:00+08:00,101.018,101.02,100.981,100.983
2026-07-08T01:00:00+08:00,100.986,100.996,100.957,100.979
2026-07-08T01:30:00+08:00,100.984,100.984,100.935,100.945
2026-07-08T02:00:00+08:00,100.947,100.964,100.93,100.947
2026-07-08T02:30:00+08:00,100.951,101.034,100.939,101.021
2026-07-08T03:00:00+08:00,101.027,101.126,101.02,101.09
2026-07-08T03:30:00+08:00,101.095,101.095,101.048,101.058
2026-07-08T04:00:00+08:00,101.061,101.088,101.049,101.075
2026-07-08T04:30:00+08:00,101.076,101.103,101.076,101.092
2026-07-08T05:00:00+08:00,101.088,101.123,101.071,101.115
2026-07-08T05:30:00+08:00,101.113,101.148,101.109,101.119
2026-07-08T06:00:00+08:00,101.119,101.136,101.116,101.121
2026-07-08T07:30:00+08:00,101.158,101.194,101.158,101.186
2026-07-08T08:00:00+08:00,101.189,101.196,101.145,101.153
2026-07-08T08:30:00+08:00,101.155,101.155,101.109,101.138
2026-07-08T09:00:00+08:00,101.14,101.175,101.123,101.172
2026-07-08T09:30:00+08:00,101.171,101.215,101.15,101.155
2026-07-08T10:00:00+08:00,101.159,101.167,101.111,101.12
2026-07-08T10:30:00+08:00,101.122,101.139,101.107,101.117
2026-07-08T11:00:00+08:00,101.119,101.119,101.07,101.083
2026-07-08T11:30:00+08:00,101.086,101.104,101.081,101.095
2026-07-08T12:00:00+08:00,101.097,101.125,101.092,101.106
2026-07-08T12:30:00+08:00,101.107,101.113,101.086,101.094
2026-07-08T13:00:00+08:00,101.097,101.107,101.059,101.094
2026-07-08T13:30:00+08:00,101.1,101.1,101.037,101.054
2026-07-08T14:00:00+08:00,101.057,101.066,101.01,101.014
2026-07-08T14:30:00+08:00,101.015,101.049,100.987,101.016
2026-07-08T15:00:00+08:00,101.016,101.061,100.973,100.979
2026-07-08T15:30:00+08:00,100.982,100.985,100.95,100.983
2026-07-08T16:00:00+08:00,100.984,101.183,100.97,101.087
2026-07-08T16:30:00+08:00,101.086,101.159,101.063,101.134
2026-07-08T17:00:00+08:00,101.136,101.239,101.125,101.157
2026-07-08T17:30:00+08:00,101.159,101.167,101.099,101.152
2026-07-08T18:00:00+08:00,101.155,101.174,101.096,101.099
2026-07-08T18:30:00+08:00,101.104,101.125,101.066,101.125
2026-07-08T19:00:00+08:00,101.126,101.161,101.121,101.154
2026-07-08T19:30:00+08:00,101.157,101.256,101.152,101.219
2026-07-08T20:00:00+08:00,101.223,101.223,101.135,101.144
2026-07-08T20:30:00+08:00,101.148,101.224,101.128,101.223
2026-07-08T21:00:00+08:00,101.225,101.225,101.135,101.156
2026-07-08T21:30:00+08:00,101.161,101.161,101.077,101.113
2026-07-08T22:00:00+08:00,101.112,101.142,101.086,101.117
2026-07-08T22:30:00+08:00,101.122,101.17,101.118,101.141
2026-07-08T23:00:00+08:00,101.143,101.211,101.11,101.203
2026-07-08T23:30:00+08:00,101.205,101.275,101.2,101.244
2026-07-09T00:00:00+08:00,101.248,101.248,101.174,101.186
2026-07-09T00:30:00+08:00,101.188,101.194,101.076,101.082
2026-07-09T01:00:00+08:00,101.083,101.083,100.982,100.986
2026-07-09T01:30:00+08:00,100.991,101.049,100.98,101.047
2026-07-09T02:00:00+08:00,101.05,101.063,100.969,100.983
2026-07-09T02:30:00+08:00,100.985,101.003,100.961,100.989
2026-07-09T03:00:00+08:00,100.989,100.989,100.953,100.961
2026-07-09T03:30:00+08:00,100.959,101.01,100.946,100.97
2026-07-09T04:00:00+08:00,100.971,101.03,100.968,101.028
2026-07-09T04:30:00+08:00,101.029,101.078,101.029,101.069
2026-07-09T05:00:00+08:00,101.071,101.071,101.029,101.034
2026-07-09T05:30:00+08:00,101.032,101.068,101.03,101.05
2026-07-09T06:00:00+08:00,101.055,101.066,101.05,101.066
2026-07-09T07:30:00+08:00,101.035,101.039,101.02,101.027
2026-07-09T08:00:00+08:00,101.024,101.025,100.953,100.962
2026-07-09T08:30:00+08:00,100.965,101.003,100.943,100.983
2026-07-09T09:00:00+08:00,100.982,101.026,100.968,101.024
2026-07-09T09:30:00+08:00,101.026,101.038,100.981,100.983
2026-07-09T10:00:00+08:00,100.985,100.985,100.964,100.98
2026-07-09T10:30:00+08:00,100.979,101.008,100.976,100.996
2026-07-09T11:00:00+08:00,101,101.011,100.979,100.982
2026-07-09T11:30:00+08:00,100.982,100.983,100.945,100.976
2026-07-09T12:00:00+08:00,100.979,101,100.97,100.985
2026-07-09T12:30:00+08:00,100.983,100.989,100.966,100.97
2026-07-09T13:00:00+08:00,100.972,100.975,100.916,100.926
2026-07-09T13:30:00+08:00,100.928,100.947,100.913,100.935
2026-07-09T14:00:00+08:00,100.936,100.936,100.804,100.807
2026-07-09T14:30:00+08:00,100.809,100.861,100.786,100.844
2026-07-09T15:00:00+08:00,100.842,100.9,100.839,100.883
2026-07-09T15:30:00+08:00,100.888,100.931,100.879,100.903
2026-07-09T16:00:00+08:00,100.907,100.92,100.88,100.896
2026-07-09T16:30:00+08:00,100.898,100.978,100.888,100.97
2026-07-09T17:00:00+08:00,100.969,100.995,100.956,100.966
2026-07-09T17:30:00+08:00,100.965,100.998,100.938,100.946
2026-07-09T18:00:00+08:00,100.948,100.988,100.94,100.981
2026-07-09T18:30:00+08:00,100.982,101.032,100.947,101.014
2026-07-09T19:00:00+08:00,101.017,101.033,100.998,101.029
2026-07-09T19:30:00+08:00,101.03,101.039,100.973,100.979
2026-07-09T20:00:00+08:00,100.981,100.981,100.922,100.954
2026-07-09T20:30:00+08:00,100.954,101.021,100.923,101.008
2026-07-09T21:00:00+08:00,101.01,101.014,100.91,100.927
2026-07-09T21:30:00+08:00,100.932,100.951,100.898,100.9
2026-07-09T22:00:00+08:00,100.904,100.923,100.84,100.898
2026-07-09T22:30:00+08:00,100.901,100.958,100.87,100.936
2026-07-09T23:00:00+08:00,100.936,100.966,100.905,100.921
2026-07-09T23:30:00+08:00,100.925,100.943,100.863,100.873
2026-07-10T00:00:00+08:00,100.872,100.897,100.847,100.886
2026-07-10T00:30:00+08:00,100.888,100.904,100.856,100.887
2026-07-10T01:00:00+08:00,100.89,100.906,100.854,100.856
2026-07-10T01:30:00+08:00,100.862,100.89,100.854,100.872
2026-07-10T02:00:00+08:00,100.875,100.92,100.868,100.917
2026-07-10T02:30:00+08:00,100.917,100.924,100.897,100.903
2026-07-10T03:00:00+08:00,100.9,100.944,100.897,100.943
2026-07-10T03:30:00+08:00,100.94,100.972,100.939,100.951
2026-07-10T04:00:00+08:00,100.956,100.956,100.931,100.939
2026-07-10T04:30:00+08:00,100.938,100.946,100.933,100.937
2026-07-10T05:00:00+08:00,100.934,100.948,100.918,100.948
2026-07-10T05:30:00+08:00,100.948,100.948,100.928,100.94
2026-07-10T06:00:00+08:00,100.94,100.948,100.936,100.936
2026-07-10T07:30:00+08:00,100.914,100.92,100.91,100.913
2026-07-10T08:00:00+08:00,100.915,100.938,100.905,100.933
2026-07-10T08:30:00+08:00,100.933,100.938,100.806,100.829
2026-07-10T09:00:00+08:00,100.83,100.85,100.743,100.793
2026-07-10T09:30:00+08:00,100.795,100.797,100.714,100.731
2026-07-10T10:00:00+08:00,100.735,100.742,100.607,100.64
2026-07-10T10:30:00+08:00,100.64,100.664,100.598,100.625
2026-07-10T11:00:00+08:00,100.628,100.663,100.614,100.64
2026-07-10T11:30:00+08:00,100.639,100.716,100.628,100.696
2026-07-10T12:00:00+08:00,100.701,100.754,100.696,100.737
2026-07-10T12:30:00+08:00,100.735,100.787,100.735,100.76
2026-07-10T13:00:00+08:00,100.761,100.801,100.736,100.791
2026-07-10T13:30:00+08:00,100.793,100.817,100.761,100.778
2026-07-10T14:00:00+08:00,100.782,100.782,100.714,100.759
2026-07-10T14:30:00+08:00,100.761,100.791,100.727,100.767
2026-07-10T15:00:00+08:00,100.769,100.82,100.764,100.805
2026-07-10T15:30:00+08:00,100.806,100.822,100.777,100.815
2026-07-10T16:00:00+08:00,100.816,100.862,100.774,100.847
2026-07-10T16:30:00+08:00,100.848,100.87,100.826,100.867
2026-07-10T17:00:00+08:00,100.867,100.871,100.837,100.853
2026-07-10T17:30:00+08:00,100.855,100.898,100.849,100.893
2026-07-10T18:00:00+08:00,100.895,100.895,100.826,100.826
2026-07-10T18:30:00+08:00,100.831,100.86,100.813,100.825
2026-07-10T19:00:00+08:00,100.83,100.878,100.812,100.861
2026-07-10T19:30:00+08:00,100.862,100.893,100.84,100.848
2026-07-10T20:00:00+08:00,100.847,100.885,100.766,100.86
2026-07-10T20:30:00+08:00,100.865,100.901,100.845,100.853
2026-07-10T21:00:00+08:00,100.855,100.929,100.853,100.924
2026-07-10T21:30:00+08:00,100.924,100.938,100.874,100.927
2026-07-10T22:00:00+08:00,100.93,100.958,100.879,100.884
2026-07-10T22:30:00+08:00,100.883,100.991,100.867,100.915
2026-07-10T23:00:00+08:00,100.918,100.926,100.796,100.808
2026-07-10T23:30:00+08:00,100.812,100.817,100.75,100.758
2026-07-11T00:00:00+08:00,100.76,100.779,100.727,100.746
2026-07-11T00:30:00+08:00,100.748,100.826,100.744,100.824
2026-07-11T01:00:00+08:00,100.829,100.891,100.816,100.873
2026-07-11T01:30:00+08:00,100.876,100.939,100.87,100.933
2026-07-11T02:00:00+08:00,100.932,100.964,100.929,100.959
2026-07-11T02:30:00+08:00,100.961,100.989,100.948,100.95
2026-07-11T03:00:00+08:00,100.955,100.978,100.95,100.959
2026-07-11T03:30:00+08:00,100.959,100.979,100.952,100.962
2026-07-11T04:00:00+08:00,100.963,100.977,100.945,100.97
2026-07-11T04:30:00+08:00,100.971,100.997,100.958,100.965