time,open,high,low,close
1967-01-30,119.89,119.89,119.89,119.89
1967-02-27,119.81,119.81,119.81,119.81
1967-03-27,119.79,119.79,119.79,119.79
1967-04-24,119.72,119.72,119.72,119.72
1967-05-29,119.64,119.64,119.64,119.64
1967-06-26,119.63,119.63,119.63,119.63
1967-07-31,119.7,119.7,119.7,119.7
1967-08-28,119.75,119.75,119.75,119.75
1967-09-25,119.74,119.74,119.74,119.74
1967-10-30,119.73,119.73,119.73,119.73
1967-11-27,120.27,120.27,120.27,120.27
1967-12-25,121.79,121.79,121.79,121.79
1968-01-29,122.07,122.07,122.07,122.07
1968-02-26,122.08,122.08,122.08,122.08
1968-03-25,122,122,122,122
1968-04-29,122.01,122.01,122.01,122.01
1968-05-27,122.04,122.04,122.04,122.04
1968-06-24,122.22,122.22,122.22,122.22
1968-07-29,122.18,122.18,122.18,122.18
1968-08-26,122.18,122.18,122.18,122.18
1968-09-30,121.98,121.98,121.98,121.98
1968-10-28,122.03,122.03,122.03,122.03
1968-11-25,121.95,121.95,121.95,121.95
1968-12-30,121.96,121.96,121.96,121.96
1969-01-27,122.08,122.08,122.08,122.08
1969-02-24,122.19,122.19,122.19,122.19
1969-03-24,122.29,122.29,122.29,122.29
1969-04-28,122.26,122.26,122.26,122.26
1969-05-26,122.24,122.24,122.24,122.24
1969-06-30,122.34,122.34,122.34,122.34
1969-07-28,122.36,122.36,122.36,122.36
1969-08-25,123.46,123.46,123.46,123.46
1969-09-29,123.82,123.82,123.82,123.82
1969-10-27,122.18,122.18,122.18,122.18
1969-11-24,121.77,121.77,121.77,121.77
1969-12-29,121.74,121.74,121.74,121.74
1970-01-26,121.75,121.75,121.75,121.75
1970-02-23,121.72,121.72,121.72,121.72
1970-03-30,121.6,121.6,121.6,121.6
1970-04-27,121.36,121.36,121.36,121.36
1970-05-25,121.32,121.32,121.32,121.32
1970-06-29,120.98,120.98,120.98,120.98
1970-07-27,120.9,120.9,120.9,120.9
1970-08-31,120.7,120.7,120.7,120.7
1970-09-28,120.62,120.62,120.62,120.62
1970-10-26,120.64,120.64,120.64,120.64
1970-11-30,120.55,120.55,120.55,120.55
1970-12-28,120.64,120.64,120.64,120.64
1971-01-04,120.53,120.55,120.49,120.53
1971-01-11,120.53,120.53,120.44,120.44
1971-01-18,120.41,120.41,120.31,120.31
1971-01-25,120.27,120.27,120.24,120.24
1971-02-01,120.26,120.28,120.24,120.26
1971-02-08,120.26,120.29,120.25,120.29
1971-02-15,120.22,120.22,120.18,120.18
1971-02-22,120.14,120.26,120.12,120.26
1971-03-01,120.25,120.25,120.17,120.17
1971-03-08,120.13,120.18,120.13,120.18
1971-03-15,120.19,120.19,120.16,120.18
1971-03-22,120.18,120.18,120.16,120.17
1971-03-29,120.18,120.18,120.17,120.18
1971-04-05,120.19,120.22,120.16,120.22
1971-04-12,120.22,120.31,120.22,120.23
1971-04-19,120.29,120.29,120.23,120.27
1971-04-26,120.27,120.27,120.18,120.19
1971-05-03,120.17,120.17,119.44,119.44
1971-05-10,119.12,119.56,119.12,119.34
1971-05-17,119.33,119.33,118.91,118.91
1971-05-24,118.98,119.43,118.98,119.43
1971-05-31,119.69,119.69,119.27,119.27
1971-06-07,119.23,119.25,119.19,119.24
1971-06-14,119.29,119.34,119.29,119.29
1971-06-21,119.32,119.32,119.16,119.21
1971-06-28,119.25,119.25,119.16,119.16
1971-07-05,119.21,119.21,119.17,119.17
1971-07-12,119.17,119.17,118.92,118.92
1971-07-19,118.92,118.92,118.76,118.76
1971-07-26,118.8,118.83,118.76,118.76
1971-08-02,118.79,118.81,118.54,118.58
1971-08-09,118.03,118.1,117.82,117.84
1971-08-16,117.84,117.84,117.84,117.84
1971-08-23,117.84,117.84,117.84,117.84
1971-08-30,117.84,117.84,116.35,116.38
1971-09-06,116.42,116.42,116.32,116.32
1971-09-13,116.29,116.29,115.91,115.91
1971-09-20,115.52,115.56,114.96,114.96
1971-09-27,115.03,115.06,114.81,114.81
1971-10-04,114.84,114.84,114.7,114.7
1971-10-11,114.66,114.88,114.66,114.82
1971-10-18,114.64,114.66,114.58,114.6
1971-10-25,114.53,114.65,114.53,114.65
1971-11-01,114.63,114.68,114.57,114.57
1971-11-08,114.62,114.68,114.59,114.59
1971-11-15,114.54,114.58,114.37,114.37
1971-11-22,114.31,114.31,113.93,113.93
1971-11-29,113.93,114.01,113.25,113.25
1971-12-06,113.11,113.13,112.94,112.94
1971-12-13,112.93,112.93,112.38,112.38
1971-12-20,111.16,111.29,111.16,111.29
1971-12-27,111.39,111.47,111.21,111.21
1972-01-03,111.19,111.27,111.02,111.04
1972-01-10,110.94,110.97,110.03,110.03
1972-01-17,109.86,110.04,109.86,110.04
1972-01-24,109.86,109.86,109.65,109.65
1972-01-31,109.6,109.6,109.01,109.35
1972-02-07,109.2,109.2,108.89,108.9
1972-02-14,108.94,108.94,108.56,108.6
1972-02-21,108.67,108.77,108.57,108.77
1972-02-28,108.8,108.8,108.58,108.58
1972-03-06,108.37,108.37,107.76,107.9
1972-03-13,108.12,109.19,108.12,109.19
1972-03-20,108.51,108.65,108.28,108.65
1972-03-27,108.46,108.46,108.37,108.4
1972-04-03,108.4,108.53,108.4,108.46
1972-04-10,108.27,108.66,108.27,108.54
1972-04-17,108.55,108.85,108.55,108.65
1972-04-24,108.62,108.62,108.56,108.62
1972-05-01,108.58,108.58,108.49,108.52
1972-05-08,108.52,108.52,108.27,108.37
1972-05-15,108.46,108.52,108.38,108.38
1972-05-22,108.37,108.37,108.25,108.29
1972-05-29,108.27,108.27,108.11,108.11
1972-06-05,108.13,108.16,108.05,108.05
1972-06-12,108.06,108.2,107.97,108.2
1972-06-19,108.25,108.77,108.22,108.22
1972-06-26,108.36,108.56,108.18,108.51
1972-07-03,108.61,108.61,108.51,108.58
1972-07-10,108.59,108.61,108.46,108.48
1972-07-17,108.53,108.72,108.53,108.72
1972-07-24,108.79,108.79,108.73,108.76
1972-07-31,108.76,108.82,108.76,108.76
1972-08-07,108.76,108.81,108.76,108.81
1972-08-14,108.79,108.96,108.79,108.96
1972-08-21,109.03,109.03,108.9,108.99
1972-08-28,108.96,108.98,108.96,108.98
1972-09-04,109,109,108.91,108.95
1972-09-11,108.99,109,108.96,109
1972-09-18,109.06,109.1,109.06,109.09
1972-09-25,109.12,109.39,109.12,109.39
1972-10-02,109.51,109.54,109.22,109.25
1972-10-09,109.35,109.48,109.35,109.48
1972-10-16,109.55,109.55,109.47,109.54
1972-10-23,109.77,109.93,109.77,109.9
1972-10-30,109.98,109.98,109.73,109.78
1972-11-06,109.81,109.9,109.81,109.89
1972-11-13,109.9,109.91,109.82,109.91
1972-11-20,109.93,109.93,109.89,109.9
1972-11-27,109.82,109.89,109.82,109.87
1972-12-04,109.93,110.04,109.93,110.04
1972-12-11,110.07,110.09,110.02,110.07
1972-12-18,110.2,110.2,110.01,110.06
1972-12-25,110.09,110.15,110.09,110.14
1973-01-01,110.2,110.26,110.2,110.26
1973-01-08,110.27,110.27,110.08,110.16
1973-01-15,110.25,110.31,110.23,110.31
1973-01-22,109.94,109.99,109.67,109.67
1973-01-29,109.26,109.26,108.79,109.05
1973-02-05,108.96,108.96,108.41,108.41
1973-02-12,103.18,103.18,101.62,102.33
1973-02-19,102.74,102.74,100.8,100.8
1973-02-26,101.15,101.15,98.72,98.72
1973-03-05,99.72,99.72,99.06,99.22
1973-03-12,99.22,100.37,99.22,100.37
1973-03-19,100.58,100.69,100.44,100.69
1973-03-26,100.62,101.17,100.58,101.17
1973-04-02,101.46,101.69,100.97,101.16
1973-04-09,101.23,101.23,101.03,101.16
1973-04-16,101.37,101.37,101.09,101.29
1973-04-23,101.28,101.51,101.28,101.47
1973-04-30,101.43,101.45,101.37,101.45
1973-05-07,101.49,101.49,101.11,101.11
1973-05-14,100.2,100.2,99.2,99.54
1973-05-21,98.66,99.36,98.66,99.36
1973-05-28,98.87,98.87,97.56,97.56
1973-06-04,96.2,97.63,96.2,97.32
1973-06-11,97.4,97.6,96.95,96.95
1973-06-18,96.37,96.55,96.07,96.07
1973-06-25,96.09,96.09,93.88,93.88
1973-07-02,93.42,93.42,90.54,90.54
1973-07-09,91.72,94.22,91.72,93.63
1973-07-16,93.14,93.14,91.95,92.46
1973-07-23,92.39,92.49,92.33,92.49
1973-07-30,93.01,93.24,92.87,93.24
1973-08-06,93.91,94.71,93.58,94.71
1973-08-13,94.78,96.42,94.78,96.22
1973-08-20,94.88,96.22,94.88,95.82
1973-08-27,96,96.04,95.5,95.77
1973-09-03,95.78,95.78,95.28,95.28
1973-09-10,95.47,95.78,95.47,95.71
1973-09-17,94.8,94.9,94.3,94.77
1973-09-24,94.55,94.79,94.55,94.79
1973-10-01,94.74,94.84,94.74,94.84
1973-10-08,94.74,94.74,94.22,94.35
1973-10-15,94.41,94.41,93.89,94.25
1973-10-22,93.78,94.64,93.78,94.64
1973-10-29,95.13,95.49,95.06,95.49
1973-11-05,96.13,97.97,96.13,97.97
1973-11-12,99.28,99.34,98.83,98.93
1973-11-19,98.84,100.9,98.84,100.9
1973-11-26,100.65,100.65,100.14,100.35
1973-12-03,100.59,101.16,100.59,101.02
1973-12-10,101.32,101.34,101.08,101.27
1973-12-17,101.42,101.72,101.42,101.72
1973-12-24,101.77,102.4,101.77,102.4
1973-12-31,102.39,104.35,102.39,104.35
1974-01-07,107.59,107.65,105.86,106.03
1974-01-14,106.6,107.61,106.6,107.26
1974-01-21,109.28,109.5,108.55,108.62
1974-01-28,108.33,108.33,105.9,106.21
1974-02-04,105.55,106.06,105.55,105.91
1974-02-11,105.55,105.55,104.73,104.73
1974-02-18,103.96,103.96,102.19,102.19
1974-02-25,103.21,103.69,102.8,103.69
1974-03-04,103.74,103.74,102.69,102.69
1974-03-11,102.4,102.4,101.99,102.19
1974-03-18,102.16,102.16,100.09,100.54
1974-03-25,99.48,100.12,99.06,99.51
1974-04-01,99.92,100.27,99.52,100.1
1974-04-08,100.11,100.9,100.11,100.59
1974-04-15,100.62,100.67,99.89,99.92
1974-04-22,99.64,99.64,98.78,99.02
1974-04-29,98.22,98.8,98.22,98.8
1974-05-06,98.07,98.41,97.47,97.47
1974-05-13,96.86,98.22,96.86,98.19
1974-05-20,98.91,98.91,98.23,98.7
1974-05-27,99.33,100.1,99.33,99.77
1974-06-03,99.56,99.6,99.08,99.27
1974-06-10,99.56,100.24,99.56,99.98
1974-06-17,100,100.51,100,100.51
1974-06-24,101.16,101.16,100.16,100.16
1974-07-01,100.43,100.43,99.99,100.24
1974-07-08,100.31,100.68,100.31,100.37
1974-07-15,100.15,100.2,100.07,100.2
1974-07-22,100.07,100.12,98.96,100.12
1974-07-29,100.37,100.68,100.37,100.63
1974-08-05,100.63,101.59,100.63,101.33
1974-08-12,101.53,102.32,101.53,102.32
1974-08-19,102.79,102.87,102.65,102.73
1974-08-26,102.58,103.18,102.58,103.18
1974-09-02,103.16,103.44,103.12,103.38
1974-09-09,103.37,103.37,103.1,103.1
1974-09-16,103.07,103.07,102.54,102.76
1974-09-23,102.55,102.67,102.46,102.46
1974-09-30,102.48,102.48,101.94,101.94
1974-10-07,101.92,102,101.27,101.91
1974-10-14,101.73,101.73,101.42,101.42
1974-10-21,101.65,101.65,101.16,101.16
1974-10-28,101.26,101.29,101.08,101.08
1974-11-04,100.85,100.89,100.49,100.89
1974-11-11,101.39,101.39,100.38,100.38
1974-11-18,99.14,100.69,99.14,100.01
1974-11-25,99.58,99.58,99.38,99.57
1974-12-02,99.99,99.99,99.34,99.47
1974-12-09,98.99,98.99,98.69,98.89
1974-12-16,98.55,98.55,97.93,98.29
1974-12-23,98.25,98.25,97.63,97.63
1974-12-30,97.29,97.71,97.17,97.17
1975-01-06,96.62,97.14,96.62,96.86
1975-01-13,96.98,97.39,96.82,96.82
1975-01-20,96.37,96.37,95.07,95.07
1975-01-27,94.43,95.75,94.43,95.61
1975-02-03,95.88,96.41,95.88,95.98
1975-02-10,95.4,95.49,94.96,94.98
1975-02-17,94.77,94.77,94.22,94.22
1975-02-24,93.56,93.71,92.93,93
1975-03-03,92.82,94.09,92.82,94.09
1975-03-10,94.18,94.19,93.7,93.99
1975-03-17,93.86,93.86,93.44,93.86
1975-03-24,94.09,94.87,94.09,94.87
1975-03-31,94.82,95.36,94.45,95.36
1975-04-07,95.36,95.79,95.14,95.63
1975-04-14,95.9,95.9,95.54,95.54
1975-04-21,95.69,95.69,95.23,95.62
1975-04-28,95.8,95.8,95.36,95.44
1975-05-05,95.25,95.25,94.61,94.93
1975-05-12,95.1,95.25,94.57,95.12
1975-05-19,94.92,94.93,94.24,94.24
1975-05-26,94.24,94.63,94.24,94.63
1975-06-02,94.53,94.56,94.36,94.56
1975-06-09,94.64,94.64,94.52,94.59
1975-06-16,94.58,94.83,94.58,94.82
1975-06-23,95.01,95.58,95.01,95.58
1975-06-30,95.86,96.73,95.86,96.73
1975-07-07,97.2,97.74,96.91,97.74
1975-07-14,97.99,99.34,97.99,99.34
1975-07-21,99.63,100.26,99.63,100.07
1975-07-28,100.69,101.3,100.69,101.3
1975-08-04,101.21,101.85,100.92,101.75
1975-08-11,101.91,101.98,101.63,101.68
1975-08-18,101.57,101.62,101.21,101.62
1975-08-25,101.76,101.79,101.65,101.79
1975-09-01,101.89,101.91,101.69,101.91
1975-09-08,101.84,102.22,101.84,102.22
1975-09-15,102.3,103.65,102.3,103.65
1975-09-22,104.32,104.81,104.19,104.48
1975-09-29,104.77,104.77,103.46,103.95
1975-10-06,103.49,103.49,102.47,102.47
1975-10-13,103.01,103.01,102.19,102.25
1975-10-20,102.23,102.23,101.75,101.84
1975-10-27,102.02,102.1,101.61,101.61
1975-11-03,101.59,102.07,101.59,101.94
1975-11-10,101.92,102.71,101.92,102.71
1975-11-17,103.31,103.31,102.64,102.94
1975-11-24,102.95,103.53,102.94,103.53
1975-12-01,103.37,103.55,103.17,103.55
1975-12-08,103.48,103.75,103.48,103.75
1975-12-15,103.92,103.92,103.47,103.47
1975-12-22,103.42,103.42,103.32,103.38
1975-12-29,103.5,103.51,103.49,103.49
1976-01-05,102.99,103.22,102.91,103.22
1976-01-12,103.2,103.25,103.1,103.15
1976-01-19,103.09,103.83,103.09,103.83
1976-01-26,103.68,103.88,103.66,103.88
1976-02-02,103.52,103.6,103.32,103.49
1976-02-09,103.29,103.32,102.95,103.32
1976-02-16,103.66,103.68,103.46,103.68
1976-02-23,103.76,103.81,103.6,103.66
1976-03-01,104.01,104.56,104.01,104.56
1976-03-08,104.6,105.15,104.6,105.15
1976-03-15,105.68,106.02,105.56,105.56
1976-03-22,105.41,105.61,105.39,105.61
1976-03-29,105.6,105.82,105.34,105.82
1976-04-05,105.82,106.14,105.81,106.14
1976-04-12,106.57,106.57,105.94,106.08
1976-04-19,106.15,106.5,106.11,106.5
1976-04-26,106.46,106.46,106.23,106.23
1976-05-03,106.29,106.47,105.85,105.85
1976-05-10,105.61,106.35,105.61,106.35
1976-05-17,106.97,106.97,106.54,106.97
1976-05-24,106.68,107.29,106.68,107.29
1976-05-31,107.39,107.6,107.36,107.6
1976-06-07,107.13,107.19,107.04,107.12
1976-06-14,107.14,107.14,106.96,107.05
1976-06-21,107.13,107.13,106.67,106.88
1976-06-28,106.76,106.76,106.59,106.62
1976-07-05,106.53,106.77,106.53,106.77
1976-07-12,106.77,107.07,106.58,107.07
1976-07-19,107.19,107.2,107.04,107.2
1976-07-26,107.21,107.21,106.56,106.56
1976-08-02,106.39,106.71,106.39,106.71
1976-08-09,106.74,106.88,106.67,106.7
1976-08-16,106.53,106.53,106.02,106.35
1976-08-23,106.21,106.26,106.06,106.17
1976-08-30,106,106.13,105.94,106.01
1976-09-06,105.94,105.94,105.81,105.87
1976-09-13,105.83,105.83,105.37,105.45
1976-09-20,105.54,105.7,105.42,105.65
1976-09-27,105.67,105.93,105.5,105.82
1976-10-04,105.53,105.53,105.25,105.44
1976-10-11,105.62,105.94,105.55,105.94
1976-10-18,106.31,106.31,105.8,105.92
1976-10-25,105.99,106.04,105.93,105.94
1976-11-01,106.1,106.1,105.85,106.03
1976-11-08,105.88,105.93,105.88,105.91
1976-11-15,105.87,105.92,105.71,105.71
1976-11-22,105.56,105.92,105.56,105.92
1976-11-29,106.02,106.23,106.02,106.12
1976-12-06,105.86,105.86,105.68,105.68
1976-12-13,105.54,105.56,105.39,105.39
1976-12-20,104.93,104.95,104.89,104.91
1976-12-27,104.79,104.79,104.52,104.56
1977-01-03,104.17,104.72,104.09,104.72
1977-01-10,105.24,105.36,105.03,105.36
1977-01-17,105.45,105.62,105.45,105.46
1977-01-24,105.74,106.01,105.74,106.01
1977-01-31,105.54,105.79,105.54,105.78
1977-02-07,105.63,105.64,105.39,105.39
1977-02-14,105.08,105.32,105.08,105.22
1977-02-21,105.24,105.51,105.24,105.29
1977-02-28,105.26,105.28,105.14,105.24
1977-03-07,105.27,105.5,105.27,105.45
1977-03-14,105.34,105.39,105.26,105.26
1977-03-21,105.11,105.11,104.99,105.08
1977-03-28,104.88,105.03,104.88,104.93
1977-04-04,105.04,105.04,104.85,104.85
1977-04-11,104.74,104.74,104.45,104.52
1977-04-18,104.54,104.83,104.54,104.76
1977-04-25,104.67,104.75,104.39,104.39
1977-05-02,104.41,104.55,104.22,104.31
1977-05-09,104.54,104.76,104.54,104.6
1977-05-16,104.61,104.61,104.42,104.52
1977-05-23,104.59,104.59,104.4,104.51
1977-05-30,104.52,104.52,104.45,104.48
1977-06-06,104.46,104.55,104.38,104.41
1977-06-13,104.3,104.38,104.3,104.38
1977-06-20,104.48,104.48,104.37,104.4
1977-06-27,104.37,104.37,103.8,103.8
1977-07-04,103.14,103.22,102.99,102.99
1977-07-11,102.55,102.78,102.55,102.68
1977-07-18,102.29,102.29,102.02,102.02
1977-07-25,101.79,102.86,101.78,102.86
1977-08-01,102.97,102.97,102.66,102.66
1977-08-08,103.09,103.51,102.99,103.51
1977-08-15,103.58,103.8,103.48,103.49
1977-08-22,103.31,103.31,102.87,103.11
1977-08-29,103.83,103.83,103.64,103.77
1977-09-05,103.79,103.81,103.61,103.81
1977-09-12,103.92,103.99,103.89,103.91
1977-09-19,103.87,103.87,103.75,103.81
1977-09-26,103.77,103.87,103.21,103.21
1977-10-03,102.69,102.91,102.59,102.6
1977-10-10,102.8,102.8,102.04,102.04
1977-10-17,101.82,102.13,101.82,102.11
1977-10-24,101.7,101.82,101.57,101.57
1977-10-31,100.96,101.31,100.42,101.31
1977-11-07,101.46,101.46,101.01,101.01
1977-11-14,100.94,100.97,100.65,100.65
1977-11-21,100.61,100.61,100.07,100.07
1977-11-28,100,100.39,99.95,99.95
1977-12-05,99.51,99.51,99.03,99.43
1977-12-12,99.16,99.16,97.99,98.16
1977-12-19,97.43,98.26,97.22,98.19
1977-12-26,98.41,98.41,96.44,96.44
1978-01-02,95.21,97.87,94.99,96.97
1978-01-09,97.49,97.49,96.52,96.83
1978-01-16,96.78,97.27,96.78,96.99
1978-01-23,96.62,96.74,96.22,96.74
1978-01-30,96.73,97.07,96.64,97.07
1978-02-06,97.04,97.1,96.96,96.96
1978-02-13,96.4,96.44,95.78,95.78
1978-02-20,95.31,95.94,94.57,95.94
1978-02-27,95.5,95.5,94.46,94.76
1978-03-06,94.89,96.1,94.66,96.1
1978-03-13,95.35,95.35,94.79,94.79
1978-03-20,94.79,95.01,94.79,94.79
1978-03-27,94.48,94.48,93.84,93.84
1978-04-03,93.4,93.85,93.4,93.67
1978-04-10,93.46,94.16,93.46,94.16
1978-04-17,94.49,96.19,94.49,95.81
1978-04-24,96.03,96.03,95.13,95.62
1978-05-01,95.58,95.84,95.39,95.54
1978-05-08,95.98,96.46,95.88,96.46
1978-05-15,96.62,97.11,96.44,96.9
1978-05-22,96.91,97.09,96.58,96.58
1978-05-29,96.4,96.4,95.25,95.25
1978-06-05,95.58,95.58,95.29,95.29
1978-06-12,94.96,95.21,94.88,95.13
1978-06-19,94.9,94.9,94.03,94.03
1978-06-26,93.96,94.05,93.53,93.53
1978-07-03,93.17,93.19,92.7,92.9
1978-07-10,92.42,92.87,92.42,92.87
1978-07-17,93.23,93.23,92.35,92.35
1978-07-24,91.8,91.96,91.27,91.27
1978-07-31,90.94,91.06,90.81,91.06
1978-08-07,90.47,90.47,88.92,88.92
1978-08-14,88,89.89,88,89.73
1978-08-21,90.64,90.83,90.33,90.83
1978-08-28,91.13,91.13,89.73,89.73
1978-09-04,89.76,90.54,89.76,90.54
1978-09-11,90.4,90.4,89.68,89.71
1978-09-18,89.77,89.77,88.88,89.05
1978-09-25,88.67,88.96,88.67,88.83
1978-10-02,88.88,88.88,87.87,88.07
1978-10-09,87.81,87.81,86.87,86.87
1978-10-16,86.65,86.65,85.46,85.46
1978-10-23,85.28,85.44,83.44,83.44
1978-10-30,82.07,87.95,82.07,87.95
1978-11-06,88.44,88.44,87.52,87.9
1978-11-13,87.98,89.97,87.98,89.97
1978-11-20,90.19,90.19,89.7,90.02
1978-11-27,90.05,90.63,90,90.63
1978-12-04,90.05,90.05,89.68,89.68
1978-12-11,89.22,89.34,88.95,88.95
1978-12-18,87.66,87.87,87.19,87.72
1978-12-25,87.57,87.57,86.5,86.5
1979-01-01,86.52,87.54,86.52,87.49
1979-01-08,87.21,88.12,87.21,88.04
1979-01-15,88.16,88.16,87.38,87.62
1979-01-22,87.67,88.13,87.67,88.13
1979-01-29,88.34,89.25,88.34,89.25
1979-02-05,88.52,88.52,87.35,87.85
1979-02-12,88.19,88.27,88.14,88.27
1979-02-19,88.31,88.35,88.16,88.16
1979-02-26,88.07,88.41,88.07,88.41
1979-03-05,88.48,88.48,88.09,88.21
1979-03-12,88.28,88.59,88.28,88.57
1979-03-19,88.5,88.54,88.39,88.45
1979-03-26,88.2,88.53,88.2,88.53
1979-04-02,88.98,89.21,88.98,89.21
1979-04-09,89.4,89.63,89.18,89.63
1979-04-16,89.66,89.83,89.39,89.83
1979-04-23,89.76,89.85,89.69,89.85
1979-04-30,89.98,90.21,89.98,90.01
1979-05-07,89.55,90.03,89.55,90.03
1979-05-14,89.98,90.71,89.98,90.71
1979-05-21,90.87,90.87,90.59,90.83
1979-05-28,90.89,91.02,90.53,90.82
1979-06-04,90.62,90.79,90.62,90.65
1979-06-11,90.65,90.65,89.81,89.81
1979-06-18,89.88,89.88,88.42,88.42
1979-06-25,87.71,88.19,87.71,87.85
1979-07-02,87.89,87.89,87.34,87.51
1979-07-09,87.75,87.75,87.22,87.22
1979-07-16,86.95,86.95,86.11,86.73
1979-07-23,86.3,86.48,86.02,86.48
1979-07-30,86.78,87.31,86.78,87.14
1979-08-06,87.15,87.29,86.91,86.91
1979-08-13,87.13,87.4,87.13,87.4
1979-08-20,87.36,87.46,87.29,87.29
1979-08-27,87.43,87.46,87.17,87.19
1979-09-03,87.26,87.26,86.77,86.77
1979-09-10,86.75,87.43,86.75,87.43
1979-09-17,87.47,87.47,86.18,86.22
1979-09-24,86.39,86.39,85.45,85.45
1979-10-01,85.43,86.24,85.43,86.18
1979-10-08,87.66,87.66,87.02,87.45
1979-10-15,87.72,88.27,87.72,87.95
1979-10-22,88.28,88.8,88.28,88.8
1979-10-29,88.97,89.12,88.47,88.47
1979-11-05,88.61,88.98,88.43,88.98
1979-11-12,89.02,89.02,88.28,88.28
1979-11-19,87.68,87.94,87.68,87.94
1979-11-26,87.76,87.76,86.79,86.79
1979-12-03,85.98,87.05,85.98,87.04
1979-12-10,86.62,86.67,86.28,86.67
1979-12-17,86.47,86.47,86.15,86.38
1979-12-24,86.16999817,86.16999817,85.51000214,85.80999756
1979-12-31,85.81999969,85.81999969,85.23000336,85.23000336
1980-01-07,84.79000092,85.34999847,84.79000092,85.34999847
1980-01-14,85.23000336,85.63999939,85.23000336,85.44999695
1980-01-21,85.69999695,85.94000244,85.55999756,85.94000244
1980-01-28,86.09999847,86.13999939,85.95999908,86.12999725
1980-02-04,86.05000305,86.05000305,85.62000275,85.94000244
1980-02-11,85.84999847,86.09999847,85.76999664,86.09999847
1980-02-18,86.51000214,86.91999817,86.41000366,86.91999817
1980-02-25,87.05000305,87.65000153,86.90000153,87.65000153
1980-03-03,87.84999847,88.41000366,87.84999847,88.41000366
1980-03-10,88.88999939,89.81999969,88.80000305,89.81999969
1980-03-17,91.26999664,91.34999847,90.83999634,91.26000214
1980-03-24,91.61000061,92.83000183,91.61000061,92.83000183
1980-03-31,93.58000183,94.66999817,93.58000183,94.66999817
1980-04-07,94.87999725,94.87999725,91.06999969,91.26000214
1980-04-14,91.01999664,91.80999756,90.5,90.5
1980-04-21,90.15000153,90.55000305,88.68000031,88.68000031
1980-04-28,88.04000092,88.90000153,88.01000214,88.90000153
1980-05-05,87.83999634,88.01000214,87.20999908,88.01000214
1980-05-12,87.08000183,87.23999786,86.91999817,87.23999786
1980-05-19,87.38999939,87.38999939,85.77999878,85.77999878
1980-05-26,85.15000153,85.93000031,85.15000153,85.93000031
1980-06-02,86.08999634,86.08999634,85.5,85.5
1980-06-09,84.98999786,85.19000244,84.75,84.75
1980-06-16,85.12000275,85.25,85.01999664,85.25
1980-06-23,85.13999939,85.31999969,85.12999725,85.12999725
1980-06-30,85.19999695,85.19999695,84.88999939,84.88999939
1980-07-07,84.19000244,84.26999664,84.12000275,84.22000122
1980-07-14,84.38999939,84.62000275,84.16999817,84.61000061
1980-07-21,84.43000031,84.54000092,84.30000305,84.54000092
1980-07-28,84.73000336,86.48999786,84.73000336,86.48999786
1980-08-04,86.12999725,86.12999725,85.44999695,85.93000031
1980-08-11,85.94999695,86,85.72000122,86
1980-08-18,86.43000031,86.86000061,86.30999756,86.86000061
1980-08-25,86.55000305,86.55000305,85.69000244,85.84999847
1980-09-01,85.19000244,85.41000366,85.15000153,85.41000366
1980-09-08,85.19999695,85.33000183,85.08000183,85.08000183
1980-09-15,85.23999786,85.58000183,85.20999908,85.55000305
1980-09-22,86.01999664,86.29000092,85.66000366,85.80000305
1980-09-29,86.13999939,86.13999939,85.75,85.80000305
1980-10-06,85.43000031,85.68000031,85.43000031,85.58999634
1980-10-13,85.73000336,86.51999664,85.73000336,86.51999664
1980-10-20,86.98000336,87.33999634,86.91999817,87.33999634
1980-10-27,87.80000305,88.37999725,87.76000214,88.37999725
1980-11-03,88.63999939,90.12000275,88.63999939,90.12000275
1980-11-10,88.48999786,88.84999847,88.43000031,88.84999847
1980-11-17,89.75,89.75,88.98000336,89.55999756
1980-11-24,89.66000366,90.01000214,89.44999695,90.01000214
1980-12-01,90.55000305,90.83999634,90.23999786,90.83999634
1980-12-08,90.66999817,92.56999969,90.66999817,92.27999878
1980-12-15,91.76000214,92.66000366,91.15000153,91.15000153
1980-12-22,90.59999847,90.59999847,90.02999878,90.06999969
1980-12-29,90.31999969,90.51000214,89.86000061,90.51000214
1981-01-05,89.13999939,90.51000214,88.94999695,90.51000214
1981-01-12,90.83000183,91.44999695,90.83000183,91.44999695
1981-01-19,91.36000061,92.11000061,90.62999725,92.11000061
1981-01-26,92.58000183,95.23999786,92.58000183,95.23999786
1981-02-02,94.81999969,95.58999634,94.58999634,95.44999695
1981-02-09,95.38999939,98.18000031,95.38999939,98.18000031
1981-02-16,97.83999634,97.83999634,94.94999695,94.94999695
1981-02-23,95.77999878,97.05999756,95.77999878,97.05999756
1981-03-02,97.94999695,97.94999695,97.20999908,97.26999664
1981-03-09,96.33999634,96.58000183,96.13999939,96.30999756
1981-03-16,95.68000031,95.68000031,94.23999786,94.83000183
1981-03-23,95.69000244,97.12999725,95.45999908,97.12999725
1981-03-30,96.27999878,97.41999817,96.27999878,97.41999817
1981-04-06,98.44000244,98.44000244,97.34999847,98.37999725
1981-04-13,99.12999725,99.86000061,98.84999847,99.86000061
1981-04-20,99.80999756,99.80999756,98.91999817,99.30999756
1981-04-27,99.25,100.44999695,99.25,100.27999878
1981-05-04,101.80000305,102.63999939,101.80000305,102.05000305
1981-05-11,103.23000336,104.51999664,103.23000336,104.43000031
1981-05-18,104,104.73000336,103.86000061,104.51000214
1981-05-25,104.95999908,105.36000061,104.69000244,104.94999695
1981-06-01,104.98999786,108.47000122,104.98999786,108.47000122
1981-06-08,108.08999634,108.08999634,106.80000305,107.55999756
1981-06-15,105.55000305,106.77999878,105.55000305,106.77999878
1981-06-22,106.23000336,107.43000031,106.01000214,107.37000275
1981-06-29,107.52999878,108.69000244,107.52999878,108.69000244
1981-07-06,109.58999634,110.5,109.37999725,109.44999695
1981-07-13,109.08000183,110.04000092,108.69999695,109.41999817
1981-07-20,110.06999969,111.01000214,110.06999969,110.13999939
1981-07-27,110.25,111.72000122,110.25,111.72000122
1981-08-03,114.02999878,114.25,113.26000214,113.73000336
1981-08-10,114.87999725,114.87999725,112.19999695,113.29000092
1981-08-17,112.01000214,112.01000214,110.01000214,110.01000214
1981-08-24,110.77999878,112.18000031,110.31999969,110.31999969
1981-08-31,110.27999878,110.76000214,109.34999847,109.34999847
1981-09-07,110.52999878,110.55000305,109.30999756,109.58000183
1981-09-14,109.06999969,109.06999969,105.58999634,105.58999634
1981-09-21,103.83999634,107.62000275,103.83999634,107.62000275
1981-09-28,108.33000183,108.33000183,106.79000092,106.79000092
1981-10-05,105.23000336,106.34999847,103.86000061,103.86000061
1981-10-12,105.12000275,105.98000336,105.12000275,105.98000336
1981-10-19,105.87000275,107.55000305,105.87000275,107.26000214
1981-10-26,108.65000153,108.65000153,106.12999725,106.12999725
1981-11-02,104.98999786,105.18000031,104.62000275,105.04000092
1981-11-09,104.30999756,105.34999847,104.30999756,104.48000336
1981-11-16,104.80000305,105.29000092,104.47000122,105.08000183
1981-11-23,104.80000305,104.80000305,103.27999878,103.27999878
1981-11-30,103.18000031,104.04000092,103.18000031,103.80000305
1981-12-07,104.33999634,105.80000305,104.33999634,105.80000305
1981-12-14,106.45999908,106.45999908,105.47000122,106.23999786
1981-12-21,106.08999634,106.08999634,105.73000336,105.94999695
1981-12-28,105.87000275,105.88999939,104.69000244,104.69000244
1982-01-04,104.62000275,105.55999756,104.62000275,105.48000336
1982-01-11,106.54000092,107.56999969,106.54000092,107.56999969
1982-01-18,107.16999817,107.73000336,106.95999908,107.73000336
1982-01-25,108.77999878,108.77999878,107.91999817,108.02999878
1982-02-01,109.31999969,109.51000214,109.13999939,109.38999939
1982-02-08,109.80999756,110.63999939,109.80999756,110.20999908
1982-02-15,111.54000092,111.58999634,110.05999756,110.05999756
1982-02-22,110.19000244,111.93000031,110.19000244,111.93000031
1982-03-01,111.95999908,111.95999908,110.27999878,110.27999878
1982-03-08,110.36000061,112.06999969,110.36000061,112.06999969
1982-03-15,111.93000031,113.05000305,111.93000031,113.05000305
1982-03-22,113.52999878,113.98999786,113.16999817,113.98999786
1982-03-29,114.55999756,114.73000336,113.97000122,113.97000122
1982-04-05,114.58999634,115.36000061,114.58999634,115.23999786
1982-04-12,115.01999664,115.16000366,114.66999817,115.09999847
1982-04-19,114.44999695,114.44999695,113.72000122,113.72000122
1982-04-26,113.01000214,113.01000214,111.59999847,111.59999847
1982-05-03,111.51000214,111.98000336,109.86000061,109.86000061
1982-05-10,109.73000336,110.76999664,109.69999695,110.76999664
1982-05-17,110.79000092,111.61000061,110.79000092,111.05000305
1982-05-24,110.79000092,112.79000092,110.79000092,112.79000092
1982-05-31,113.70999908,113.70999908,113.25,113.37000275
1982-06-07,114.01000214,115.5,114.01000214,115.05000305
1982-06-14,117.15000153,119.01000214,117.15000153,119.01000214
1982-06-21,119.81999969,120.11000061,118.87000275,120.11000061
1982-06-28,120.47000122,120.47000122,119.04000092,119.62000275
1982-07-05,120.16999817,121.05999756,119.95999908,119.95999908
1982-07-12,119.22000122,120.18000031,119.22000122,119.26999664
1982-07-19,119.08999634,119.08999634,116.12000275,116.12000275
1982-07-26,116.66999817,119.05000305,116.19999695,119.05000305
1982-08-02,117.80000305,120.23999786,117.80000305,120.23999786
1982-08-09,121.16000366,121.41000366,120.93000031,120.93000031
1982-08-16,121.31999969,121.31999969,118.34999847,118.34999847
1982-08-23,118.40000153,119.12000275,116.94999695,119.12000275
1982-08-30,120.66999817,120.66999817,118.77999878,119.55000305
1982-09-06,119.51999664,121,119.51999664,121
1982-09-13,121.45999908,121.45999908,120.79000092,120.79000092
1982-09-20,120.94000244,121.45999908,120.59999847,121.45999908
1982-09-27,122.62999725,122.76000214,122.13999939,122.13999939
1982-10-04,123.37999725,123.37999725,122.55999756,122.94000244
1982-10-11,121.23000336,122.76999664,121.23000336,122.76999664
1982-10-18,122.55000305,123.41000366,122.52999878,123.41000366
1982-10-25,124.41999817,124.77999878,124.05000305,124.77999878
1982-11-01,124.36000061,125.37999725,124.36000061,125.36000061
1982-11-08,126.01999664,126.01999664,124.84999847,125.41999817
1982-11-15,125.41999817,125.41999817,123.72000122,123.72000122
1982-11-22,123.83000183,124.16000366,122.63999939,122.63999939
1982-11-29,121.87999725,121.87999725,119.58000183,119.58000183
1982-12-06,119.68000031,120.66000366,119.36000061,120.48000336
1982-12-13,121.44999695,121.44999695,119.34999847,119.61000061
1982-12-20,119.27999878,119.27999878,118.22000122,118.22000122
1982-12-27,117.83999634,117.91000366,117.05000305,117.36000061
1983-01-03,116.97000122,116.97000122,115.76000214,115.76000214
1983-01-10,115.43000031,116.66999817,115.43000031,116.38999939
1983-01-17,116.37000275,119.59999847,116.37000275,119.59999847
1983-01-24,120.80999756,120.80999756,119.31999969,119.76000214
1983-01-31,121.12000275,122.27999878,120.98999786,121.41999817
1983-02-07,120.37999725,120.37999725,118.84999847,118.84999847
1983-02-14,119.08999634,119.08999634,118.01999664,118.52999878
1983-02-21,119.19000244,119.51999664,119.15000153,119.44999695
1983-02-28,120.34999847,120.79000092,119.34999847,119.34999847
1983-03-07,119.08000183,120.26999664,119.08000183,120.26999664
1983-03-14,118.97000122,120.44999695,118.97000122,120.44999695
1983-03-21,121.87999725,122.12999725,121.72000122,121.76999664
1983-03-28,122.65000153,122.65000153,122.20999908,122.26999664
1983-04-04,121.83000183,121.88999939,121.13999939,121.88999939
1983-04-11,121.41999817,121.93000031,121.33000183,121.58999634
1983-04-18,122.19000244,122.43000031,121.88999939,121.88999939
1983-04-25,121.51000214,122.38999939,121.51000214,122.38999939
1983-05-02,122.04000092,122.04000092,121.31999969,121.31999969
1983-05-09,121.06999969,121.31999969,120.90000153,121.15000153
1983-05-16,121.94000244,122.59999847,121.91000366,122.5
1983-05-23,122.86000061,123.41000366,122.70999908,123.41000366
1983-05-30,123.79000092,124.75,123.79000092,124.75
1983-06-06,125.33000183,125.68000031,125.33000183,125.38999939
1983-06-13,125.5,126.20999908,125.5,125.66000366
1983-06-20,125.18000031,125.33000183,124.25,124.26999664
1983-06-27,124.66000366,125.15000153,124.66000366,124.98000336
1983-07-04,125.98999786,126.15000153,125.76999664,126.15000153
1983-07-11,126.48000336,127.05000305,126.19000244,127.05000305
1983-07-18,126.90000153,126.90000153,126.09999847,126.68000031
1983-07-25,127.11000061,128.44000244,127.11000061,128.44000244
1983-08-01,129.67999268,130.19000244,129.1000061,130.19000244
1983-08-08,130.52000427,131.94000244,130.27999878,131.69000244
1983-08-15,131.13999939,131.13999939,128.32000732,129.08000183
1983-08-22,128.25,129.63999939,128.08999634,129.63999939
1983-08-29,130.19000244,130.83999634,130.19000244,130.77000427
1983-09-05,130.22999573,130.52000427,129.94999695,129.94999695
1983-09-12,129.42999268,130.58000183,129.42999268,129.72999573
1983-09-19,129.30999756,130.36999512,129.16000366,129.16000366
1983-09-26,128.91000366,129.1000061,128.3500061,128.3500061
1983-10-03,128.1499939,128.44000244,126.20999908,126.20999908
1983-10-10,126.84999847,127.90000153,126.84999847,127.90000153
1983-10-17,127.47000122,127.47000122,126.88999939,126.88999939
1983-10-24,127.80000305,128.02000427,127.48000336,128.02000427
1983-10-31,128.3999939,129.80999756,128.3999939,129.80999756
1983-11-07,130.13999939,130.13999939,129.28999329,129.28999329
1983-11-14,129.8500061,131.02000427,129.8500061,131.02000427
1983-11-21,130.92999268,131.30000305,130.46000671,131.30000305
1983-11-28,131.27999878,131.36000061,130.63999939,131.21000671
1983-12-05,132.38000488,133.00999451,131.97999573,133.00999451
1983-12-12,133.11999512,134.05000305,133.11999512,134.05000305
1983-12-19,133.91000366,133.91000366,133.16999817,133.16999817
1983-12-26,133.07000732,133.07000732,131.78999329,131.78999329
1984-01-02,133.19000244,134.86000061,133.19000244,134.86000061
1984-01-09,135.63000488,136.1499939,134.86999512,134.86999512
1984-01-16,134.47000122,135.50999451,134.3999939,135.50999451
1984-01-23,135.13999939,135.66000366,135.13999939,135.52999878
1984-01-30,135.25,135.50999451,132.78999329,132.78999329
1984-02-06,133.1000061,134.08999634,133.1000061,133.41999817
1984-02-13,132.66999817,132.66999817,130.91000366,131.19999695
1984-02-20,132.13999939,132.13999939,129.28999329,129.28999329
1984-02-27,129.6000061,129.6000061,127.59999847,127.59999847
1984-03-05,126.87999725,127.66999817,126.18000031,127.51999664
1984-03-12,128.3500061,129.13000488,126.91999817,129.13000488
1984-03-19,129.25,129.97000122,129.25,129.28999329
1984-03-26,128.27000427,128.27000427,127.83999634,128.22000122
1984-04-02,128.36000061,129.5,128.36000061,129.16000366
1984-04-09,129.49000549,129.49000549,128.47999573,129.25
1984-04-16,129.72000122,130.47999573,129.72000122,130.47999573
1984-04-23,130.49000549,132.11000061,130.49000549,132.11000061
1984-04-30,132.63999939,132.94999695,132.1000061,132.66999817
1984-05-07,134.58999634,134.92999268,134.44999695,134.77999878
1984-05-14,134.33999634,135.05999756,133.88000488,135.05999756
1984-05-21,134.36999512,134.55999756,133.61999512,133.61999512
1984-05-28,133.74000549,133.80999756,132,132
1984-06-04,131.5,132.72999573,131.5,132.72999573
1984-06-11,133.32000732,134.28999329,133.32000732,134.28999329
1984-06-18,134.80999756,135.94000244,134.72000122,135.94000244
1984-06-25,136.8999939,136.8999939,136.25999451,136.25999451
1984-07-02,136.69999695,138.88000488,136.69999695,138.88000488
1984-07-09,139.17999268,139.55999756,138.55999756,138.6499939
1984-07-16,138.27999878,139.8999939,138.27999878,139.77000427
1984-07-23,140.47999573,140.72000122,139.08999634,140.72000122
1984-07-30,141.07000732,141.71000671,139.36000061,139.36000061
1984-08-06,140.25999451,141.38999939,140.25999451,140.66999817
1984-08-13,141.38000488,141.38000488,139.00999451,139.27000427
1984-08-20,139.63000488,140.22000122,139.3999939,139.80999756
1984-08-27,140.13999939,140.33000183,139.75,140.33000183
1984-09-03,141.91999817,144.1499939,141.91999817,144.1499939
1984-09-10,144.22999573,145.77999878,144.22999573,145.58000183
1984-09-17,147.28999329,149.30000305,146.91999817,146.91999817
1984-09-24,145.78999329,147.57000732,145.78999329,147.55000305
1984-10-01,147.05000305,147.05000305,145.49000549,146.83000183
1984-10-08,148.08000183,149.08999634,147.63000488,149.08999634
1984-10-15,149.91000366,150.08999634,148.21000671,148.21000671
1984-10-22,148.17999268,148.17999268,145.57000732,146.47999573
1984-10-29,147.83999634,147.83999634,143.17999268,143.17999268
1984-11-05,142.32000732,142.8999939,142.32000732,142.8999939
1984-11-12,142.50999451,143.8999939,142.50999451,143.8999939
1984-11-19,144.66000366,146.28999329,144.66000366,146.28999329
1984-11-26,147.63999939,149.21000671,147.25999451,149.21000671
1984-12-03,149.50999451,149.50999451,147.47000122,148.41999817
1984-12-10,148.58000183,149.24000549,148.47000122,148.71000671
1984-12-17,148.69999695,150.22999573,148.58000183,149.75
1984-12-24,149.99000549,151.24000549,149.99000549,150.91000366
1984-12-31,151.47000122,152.22999573,151.47000122,152.11000061
1985-01-07,152.80999756,152.80999756,151.80000305,152.41000366
1985-01-14,153.88999939,153.88999939,153.46000671,153.47000122
1985-01-21,152.86999512,153.46000671,152.6000061,153.00999451
1985-01-28,153.02000427,153.47000122,152.72000122,153.47000122
1985-02-04,154.94000244,156.50999451,154.94000244,156.50999451
1985-02-11,157.38999939,158.53999329,156.97000122,156.97000122
1985-02-18,158.80999756,162.03999329,158.80999756,162.03999329
1985-02-25,164.72000122,164.72000122,159.88999939,161.03999329
1985-03-04,161.77000427,163.83000183,161.77000427,163.17999268
1985-03-11,160.19999695,161.94000244,160.19999695,161.69000244
1985-03-18,160.08000183,160.08000183,154.22999573,155.11999512
1985-03-25,155.61000061,155.61000061,149.17999268,149.17999268
1985-04-01,150.6499939,153.16000366,150.6499939,152.97000122
1985-04-08,152.6000061,152.6000061,148.22999573,148.22999573
1985-04-15,146.8500061,146.97999573,144.83000183,144.83000183
1985-04-22,146.36000061,151.82000732,146.36000061,151.00999451
1985-04-29,150.36999512,154.13000488,149.69999695,154.13000488
1985-05-06,154.52000427,154.52000427,150.27999878,150.63999939
1985-05-13,148.72999573,149.08000183,147.52999878,148.38000488
1985-05-20,147.05999756,149.27999878,147.05999756,149.27999878
1985-05-27,149.97999573,149.97999573,147.86000061,147.86000061
1985-06-03,146.94000244,148.53999329,146.94000244,148.53999329
1985-06-10,149.41000366,149.41000366,147.57000732,147.57000732
1985-06-17,147.72000122,148.05000305,145.91999817,147.58999634
1985-06-24,147.75,147.80000305,146.11999512,146.11999512
1985-07-01,146.44000244,146.61000061,145,145
1985-07-08,143.96000671,143.96000671,140.25,140.25
1985-07-15,139.55999756,140.55999756,137.83000183,140.55999756
1985-07-22,140.75999451,140.75999451,138.82000732,139.28999329
1985-07-29,137.66999817,138.57000732,137.25999451,138.57000732
1985-08-05,138.63999939,139.8500061,138.63999939,139.19999695
1985-08-12,137.74000549,137.74000549,136.27000427,136.27000427
1985-08-19,136.36999512,136.99000549,135.55999756,135.99000549
1985-08-26,136.58999634,138.19999695,136.58999634,138.19999695
1985-09-02,139.91000366,143.05000305,139.67999268,143.05000305
1985-09-09,143.66999817,144.19000244,141.94000244,141.94000244
1985-09-16,141.27999878,142.19000244,139.77000427,139.77000427
1985-09-23,134.8999939,134.8999939,131.55000305,132.49000549
1985-09-30,132.11999512,132.11999512,129.88000488,130.36999512
1985-10-07,131.05999756,131.30000305,130.88000488,131.28999329
1985-10-14,131.44999695,132.38000488,130.50999451,130.50999451
1985-10-21,130.38999939,131.02999878,130.38999939,130.99000549
1985-10-28,130.47000122,130.47000122,128.69000244,128.69000244
1985-11-04,128.47000122,129.67,128.3999939,129.14
1985-11-11,129.38,129.53,128.5,129.03
1985-11-18,129.07,129.12,126.54,126.54
1985-11-25,126.5,126.98,124.77,124.99
1985-12-02,124.51,126.32,124.42,125.69
1985-12-09,126.07,127.68,125.62,126.13
1985-12-16,126.15,126.58,125.33,125.85
1985-12-23,125.88,126.62,123.55,125.81
1985-12-30,124.12,124.9,121.91,124.5
1986-01-06,124.68,124.71,122.91,124.16
1986-01-13,124.77,125.21,124.04,124.41
1986-01-20,124.84,124.97,122.68,122.78
1986-01-27,122.6,122.78,121.08,121.52
1986-02-03,121.78,123.26,121.08,121.97
1986-02-10,121.07,121.23,118.8,118.82
1986-02-17,117.59,119.25,115.15,117.22
1986-02-24,116.48,116.86,114.21,115.08
1986-03-03,114.94,116.56,113.66,114.97
1986-03-10,116.19,117.12,114.96,115.22
1986-03-17,114.71,115.38,114.1,114.17
1986-03-24,116.19,119.45,116.01,118.22
1986-03-31,118.31,120.83,117.45,120.69
1986-04-07,121.05,121.16,116.85,117.3
1986-04-14,117.68,117.92,113.09,113.17
1986-04-21,113.43,113.64,110.98,111.12
1986-04-28,111.38,113.7,110.76,112.74
1986-05-05,111.4,113.38,110.58,111.32
1986-05-12,110.72,112.9,110.5,112.87
1986-05-19,113.29,115.71,112.3,115.46
1986-05-26,116.16,117.74,114.58,117.51
1986-06-02,117.92,118.03,113.33,113.41
1986-06-09,114.16,114.19,112.34,112.58
1986-06-16,112.15,114.73,112.02,114.72
1986-06-23,115.14,115.19,112.15,112.17
1986-06-30,111.87,112.63,108.35,111.65
1986-07-07,110.55,112.05,110.27,112
1986-07-14,111.91,112.09,109.34,109.43
1986-07-21,109.53,110.65,108.98,110.61
1986-07-28,110.12,110.25,107.7,108.06
1986-08-04,107.97,108.35,107.41,107.63
1986-08-11,107.1,108.02,107.07,107.26
1986-08-18,107.28,107.71,106.53,106.77
1986-08-25,106.85,107.69,106.31,106.43
1986-09-01,106.33,107.39,106.09,107.27
1986-09-08,107.77,108.98,107.33,107.58
1986-09-15,107.12,107.54,104.92,105.03
1986-09-22,106.63,107.75,106.62,107.68
1986-09-29,106.87,107.03,105.66,106.15
1986-10-06,105.71,106.41,105.51,105.58
1986-10-13,105.41,105.45,104.99,105.29
1986-10-20,105.49,108.2,105.48,108.12
1986-10-27,108.19,109.77,107.38,109.27
1986-11-03,109.62,109.7,108.87,108.96
1986-11-10,108.31,108.45,106.87,106.98
1986-11-17,107.36,108.08,107.12,107.99
1986-11-24,107.99,108.04,105.91,105.92
1986-12-01,105.46,107.4,105.38,107.23
1986-12-08,107.24,107.94,107.17,107.38
1986-12-15,107.47,107.89,106.78,106.9
1986-12-22,106.39,106.39,105.38,105.48
1986-12-29,104.73,104.95,103.34,103.61
1987-01-05,103.84,104.35,103.43,103.73
1987-01-12,102.98,103.03,99.62,100.33
1987-01-19,98.71,100.73,98.59,99.32
1987-01-26,99.44,100.32,97.1,99.86
1987-02-02,99.27,101.21,97.87,100.83
1987-02-09,100.02,100.57,98.19,99.33
1987-02-16,98.97,100.64,98.8,99.41
1987-02-23,99.48,100.06,98.83,99.26
1987-03-02,99.18,99.82,99.07,99.57
1987-03-09,99.87,100.44,99.63,99.68
1987-03-16,99.22,99.29,98.51,98.53
1987-03-23,98.15,98.56,97.46,97.64
1987-03-30,97.14,98.2,96.81,97.68
1987-04-06,97.77,98.44,96.5,96.88
1987-04-13,96.76,97.32,96.11,96.95
1987-04-20,96.97,97.49,95.61,95.82
1987-04-27,95.27,96.45,95.25,95.37
1987-05-04,95.43,96.06,94.82,95.86
1987-05-11,96.22,96.36,95.24,95.38
1987-05-18,95.39,95.9,95.11,95.83
1987-05-25,96.62,97.91,96.59,97.77
1987-06-01,98.32,98.43,96.46,97.57
1987-06-08,96.8,97.31,96,97.2
1987-06-15,97.78,98.24,97.61,98.15
1987-06-22,98.41,99.06,97.67,98.18
1987-06-29,98.36,98.53,97.97,98.41
1987-07-06,98.95,99.27,98.62,99.17
1987-07-13,99.26,100.06,98.13,100.01
1987-07-20,99.9,100.23,99.35,99.55
1987-07-27,99.4,99.98,99.36,99.79
1987-08-03,99.76,101.32,99.72,101.29
1987-08-10,101.34,101.74,100.16,100.51
1987-08-17,100.56,100.6,97.24,97.27
1987-08-24,97.68,98.2,96.95,97.09
1987-08-31,97.28,97.42,95.97,96.45
1987-09-07,96.28,97.11,96.1,97.01
1987-09-14,97.43,97.73,96.61,96.71
1987-09-21,96.96,97.82,96.9,97.4
1987-09-28,97.63,98.81,97.52,98.64
1987-10-05,98.6,98.68,96.85,96.85
1987-10-12,97.01,97.46,96.16,96.33
1987-10-19,95.26,97.51,95.07,95.68
1987-10-26,95.16,95.6,93.26,93.65
1987-11-02,93.25,93.36,90.84,91.09
1987-11-09,91.04,92.18,90,91.73
1987-11-16,92.86,92.91,90.35,91.26
1987-11-23,90.63,91.62,89.98,90
1987-11-30,89.12,90.73,89.03,90.47
1987-12-07,90.53,90.79,88.49,88.54
1987-12-14,88.18,88.72,87.71,88.56
1987-12-21,88.35,88.84,88.1,88.11
1987-12-28,86.86,86.9,85.33,85.42
1988-01-04,85.89,89.75,85.87,89
1988-01-11,88.67,90.84,87.93,90.75
1988-01-18,90.72,90.8,89.27,89.69
1988-01-25,89.97,90.37,89.59,90.34
1988-02-01,90.75,91.29,90.3,91.15
1988-02-08,91.24,92.04,90.62,91.85
1988-02-15,91.86,91.87,91.24,91.56
1988-02-22,91.33,91.35,90.42,90.53
1988-02-29,90.56,90.96,90.36,90.56
1988-03-07,90.25,90.27,89,89.02
1988-03-14,88.93,90.57,88.82,90.51
1988-03-21,90.13,90.36,89.18,89.35
1988-03-28,88.76,88.96,88.16,88.3
1988-04-04,88.37,89.5,87.87,89.14
1988-04-11,89.68,90.12,88.28,88.31
1988-04-18,88.4,88.98,88.16,88.89
1988-04-25,88.93,89.24,88.7,89.16
1988-05-02,89.32,89.55,89.08,89.3
1988-05-09,89.21,89.3,88.94,89.19
1988-05-16,89.29,90.27,89.23,89.95
1988-05-23,89.96,90.57,89.71,90.48
1988-05-30,90.79,91.64,90.72,91.3
1988-06-06,91.16,91.18,90.49,90.82
1988-06-13,90.96,92.29,90.89,92.05
1988-06-20,92.18,95.01,92.1,94.92
1988-06-27,95.61,96.09,94.41,95.89
1988-07-04,95.93,96.41,95.07,96.36
1988-07-11,96.38,98.15,96.07,98.13
1988-07-18,98.53,98.6,95.18,95.28
1988-07-25,95.88,97.55,95.74,97.53
1988-08-01,97.43,98.27,96.96,98.22
1988-08-08,98.51,99.47,97.61,97.93
1988-08-15,98,99.29,96.86,98.53
1988-08-22,99.37,99.61,97.33,97.49
1988-08-29,97.83,98.65,97.4,97.54
1988-09-05,97.29,97.46,96.79,97.21
1988-09-12,97.1,98.35,96.92,98.03
1988-09-19,97.86,98.43,97.58,98.12
1988-09-26,98.74,98.83,97.64,97.69
1988-10-03,97.63,97.65,97.15,97.33
1988-10-10,96.94,96.99,94.3,94.37
1988-10-17,94.73,94.79,93.38,93.39
1988-10-24,93.83,94.22,92.85,93.04
1988-10-31,92.83,93.96,92.76,93.8
1988-11-07,93.5,93.87,91.41,91.53
1988-11-14,92.06,92.09,90.62,91.43
1988-11-21,91.23,91.31,90.05,90.12
1988-11-28,90.81,90.97,90.04,90.06
1988-12-05,90.08,92.29,90.05,90.84
1988-12-12,91.06,92.37,90.92,92.09
1988-12-19,91.99,93.01,91.87,92.66
1988-12-26,92.73,93.66,92.44,92.5
1989-01-02,91.92,94.43,91.77,94.36
1989-01-09,95.06,95.43,94.36,95.32
1989-01-16,95.86,96.8,95.06,95.09
1989-01-23,95.51,96.33,94.48,96.19
1989-01-30,96.45,97.15,95.98,96.81
1989-02-06,97.15,97.17,95.13,96.38
1989-02-13,96.4,96.55,94.51,94.9
1989-02-20,95.82,95.83,94.39,94.66
1989-02-27,94.47,96.01,94.39,95.78
1989-03-06,95.88,96.73,95.84,96.49
1989-03-13,96.64,97.37,96.34,97.31
1989-03-20,97.28,97.47,96.65,96.99
1989-03-27,97.5,98.53,97.46,98.14
1989-04-03,97.99,98.04,96.73,97.52
1989-04-10,97.53,97.89,96.92,96.93
1989-04-17,96.76,96.95,96.11,96.36
1989-04-24,96.57,97.81,96.56,97.71
1989-05-01,98.02,98.55,97.89,98.42
1989-05-08,98.49,99.48,98.38,99.44
1989-05-15,100.59,102.45,100.13,101.97
1989-05-22,103.96,104.28,101.41,102.52
1989-05-29,103.85,104.18,101.13,101.22
1989-06-05,101.66,104.34,101.66,104.32
1989-06-12,105.33,106.56,103.11,103.33
1989-06-19,103.51,103.74,100.66,100.93
1989-06-26,101.67,102.47,101.33,102.02
1989-07-03,101.23,101.24,98.25,98.31
1989-07-10,97.96,99.99,97.66,99.99
1989-07-17,100.05,100.67,99.15,99.8
1989-07-24,99.85,100.04,97.69,98.29
1989-07-31,97.45,99.57,96.76,98.52
1989-08-07,99.77,101.22,98.47,101.03
1989-08-14,100.96,102.46,100.75,101.73
1989-08-21,101.79,102.06,100.89,101.85
1989-08-28,102.09,102.92,100.63,102.83
1989-09-04,103.45,103.69,102.7,103.5
1989-09-11,103.65,104.19,101.73,102.29
1989-09-18,102.78,102.78,101.24,101.91
1989-09-25,99.83,99.91,98.06,98.47
1989-10-02,98.65,99.98,98.31,99.48
1989-10-09,99.66,101.31,99.53,99.77
1989-10-16,98.05,99.19,97.73,98.58
1989-10-23,98.54,98.64,97.49,97.63
1989-10-30,97.94,98.59,97.66,98.33
1989-11-06,98.56,99.06,97.98,98.98
1989-11-13,98.9,99.04,97.78,98.42
1989-11-20,98.58,98.6,97.1,97.14
1989-11-27,96.72,97.08,96.13,96.57
1989-12-04,96.42,96.65,95.75,96.05
1989-12-11,95.96,96.02,94.1,94.21
1989-12-18,94.51,95.18,93.45,93.49
1989-12-25,93.27,93.39,92.6,93.21
1990-01-01,93.08,94.52,92.39,92.85
1990-01-08,92.52,92.79,91.93,92.43
1990-01-15,92.4,93.96,92.35,93.74
1990-01-22,94.05,94.54,92.36,92.52
1990-01-29,91.96,93.31,91.89,92.44
1990-02-05,92.09,92.31,91.26,91.98
1990-02-12,92.12,93.11,91.88,92.18
1990-02-19,92.05,92.25,91.56,92.16
1990-02-26,92.65,94.33,92.58,94.01
1990-03-05,93.36,93.96,93.23,93.87
1990-03-12,94.17,94.72,93.48,93.8
1990-03-19,93.46,94.65,93.28,94.37
1990-03-26,94.47,94.64,93.39,93.69
1990-04-02,94.2,94.32,93.59,93.72
1990-04-09,93.5,93.73,92.87,92.87
1990-04-16,93.17,93.59,92.71,93.29
1990-04-23,93.68,93.87,92.92,93.02
1990-04-30,93.19,93.31,92.35,92.37
1990-05-07,92.17,92.21,90.66,91.12
1990-05-14,91.15,91.45,90.75,91.31
1990-05-21,91.72,92.46,91.65,92.26
1990-05-28,91.92,93.11,91.81,92.96
1990-06-04,93.25,93.36,92.5,93.08
1990-06-11,92.91,93.17,92.34,92.58
1990-06-18,92.61,92.61,91.74,91.99
1990-06-25,92.13,92.26,91.13,91.15
1990-07-02,90.77,90.85,90.24,90.52
1990-07-09,90.05,90.63,89.34,89.96
1990-07-16,90.28,90.28,89.34,89.67
1990-07-23,89.54,89.57,88.4,88.43
1990-07-30,88.29,89.08,87.14,87.77
1990-08-06,86.95,88.08,86.72,87.53
1990-08-13,87.05,87.06,85.54,85.57
1990-08-20,85.8,86.41,85.01,85.73
1990-08-27,84.92,86.64,84.9,86.61
1990-09-03,86.61,87.02,85.42,86.03
1990-09-10,86.35,87.39,85.32,85.72
1990-09-17,85.26,86.45,84.74,86.28
1990-09-24,85.54,86.2,85.28,86
1990-10-01,85.16,85.52,83.9,84.28
1990-10-08,83.6,83.75,82.75,83.14
1990-10-15,83.2,83.48,81.92,82.33
1990-10-22,82.5,83.21,82.4,82.96
1990-10-29,82.77,83.69,82.21,82.26
1990-11-05,82.15,82.52,81.48,82.13
1990-11-12,81.71,81.94,81.44,81.62
1990-11-19,81.35,81.95,81.27,81.86
1990-11-26,82.17,83.34,81.59,83
1990-12-03,83.52,83.89,81.86,81.92
1990-12-10,81.81,82.82,81.73,82.72
1990-12-17,82.79,84.88,82.32,84.71
1990-12-24,85.09,85.39,83.19,83.25
1990-12-31,83.37,83.52,82.6,83.36
1991-01-07,84.87,85.11,83.6,84.28
1991-01-14,85.17,85.22,82.76,82.77
1991-01-21,82.97,83.01,82.08,82.73
1991-01-28,82.46,82.93,81.55,81.65
1991-02-04,81.2,81.77,80.47,80.88
1991-02-11,80.79,82.04,80.34,81.91
1991-02-18,82.47,83.19,82.24,83.15
1991-02-25,83.52,84.84,83.43,84.8
1991-03-04,84.85,86.34,84.23,86.29
1991-03-11,86.49,88.03,86.1,87.86
1991-03-18,88.32,90.62,88.27,89.28
1991-03-25,90.56,92.46,90.24,92.04
1991-04-01,91.32,91.5,89.29,90.55
1991-04-08,90.7,90.98,89.6,90.49
1991-04-15,90.02,92.78,89.34,92.68
1991-04-22,93.82,94.12,92.6,93.36
1991-04-29,94.21,94.46,91.07,93.48
1991-05-06,93.18,93.4,92.02,92.4
1991-05-13,92.42,93.01,90.74,92.88
1991-05-20,92.98,93.18,91.66,91.74
1991-05-27,91.89,93.2,91.05,93.13
1991-06-03,93.73,94.71,93.02,94.56
1991-06-10,94.7,96.35,94.5,95.74
1991-06-17,96.02,96.75,95.21,95.81
1991-06-24,95.72,96.29,94.97,96.06
1991-07-01,96.07,97.32,95.94,96.71
1991-07-08,96.22,97.27,94.92,95.06
1991-07-15,95.42,95.66,93.45,93.46
1991-07-22,93.89,94.41,92.89,93.47
1991-07-29,93.67,94.48,93.02,93.36
1991-08-05,93.15,93.24,91.85,92.86
1991-08-12,92.79,94.41,92.59,94.39
1991-08-19,96.46,96.56,92.65,93.59
1991-08-26,93.72,93.92,92.75,93.49
1991-09-02,93.18,93.31,92.1,92.11
1991-09-09,91.62,91.74,90.45,90.78
1991-09-16,90.82,91.34,89.99,90.78
1991-09-23,90.21,90.91,89.76,90.12
1991-09-30,89.77,90.39,89.39,90.13
1991-10-07,90.06,91.29,90,90.57
1991-10-14,90.63,91.59,90.35,90.35
1991-10-21,90.43,91.68,90.38,91.13
1991-10-28,91.55,92.03,88.68,88.7
1991-11-04,88.42,89.06,87.96,88.89
1991-11-11,88.99,89.02,87.85,88.14
1991-11-18,87.04,87.56,86.37,86.56
1991-11-25,86.32,88.53,86.26,88.19
1991-12-02,87.54,87.87,85.75,85.79
1991-12-09,86.06,86.84,85.78,86.57
1991-12-16,86.22,86.28,84.25,84.42
1991-12-23,83.76,84.02,83.21,83.62
1991-12-30,83.62,84.7,83.12,84.46
1992-01-06,83.66,86.59,82.8,86.41
1992-01-13,86.01,88.68,85.55,86.43
1992-01-20,86.17,87.34,85.74,86.54
1992-01-27,87.11,87.96,86.18,87.49
1992-02-03,87.14,87.25,85.23,85.29
1992-02-10,85.67,88.56,85.47,88.18
1992-02-17,88.11,89.72,88.09,89.57
1992-02-24,89.74,89.92,88.65,88.99
1992-03-02,89.12,91.13,88.7,90.48
1992-03-09,90.23,91.23,90.12,90.76
1992-03-16,90.93,91.53,89.72,91
1992-03-23,91.16,91.24,89.52,89.56
1992-03-30,89.63,90.56,88.91,89.01
1992-04-06,89.11,89.39,88.43,89.27
1992-04-13,89.29,90.66,89.24,90.51
1992-04-20,90.61,90.78,89.56,89.79
1992-04-27,89.92,90.13,89.08,89.12
1992-05-04,89.19,89.6,88.55,89.39
1992-05-11,89.42,89.53,87.45,87.69
1992-05-18,87.58,88.16,86.58,87.9
1992-05-25,87.78,88.88,87.11,87.22
1992-06-01,87.27,87.81,86.34,86.58
1992-06-08,86.56,87.05,85.68,85.97
1992-06-15,85.98,86.29,85.38,85.89
1992-06-22,85.91,86.13,84.03,84.13
1992-06-29,84.17,84.27,82.6,83.1
1992-07-06,83.43,83.97,81.68,82.62
1992-07-13,82.58,82.61,80.98,81.04
1992-07-20,81,83.27,80.58,83.18
1992-07-27,83.1,83.13,81.71,81.91
1992-08-03,81.94,82.57,81.52,81.65
1992-08-10,81.71,82.27,81.29,81.66
1992-08-17,81.69,82.12,80.06,80.44
1992-08-24,80.12,80.17,78.67,79.17
1992-08-31,79.1,80.39,78.19,78.86
1992-09-07,78.88,81.31,78.32,81.01
1992-09-14,81.11,85.96,81.11,84.73
1992-09-21,84.09,85.48,83.58,83.85
1992-09-28,83.94,83.98,80.58,81.36
1992-10-05,81.5,85.08,81.08,84.8
1992-10-12,84.72,84.73,83.03,84.56
1992-10-19,83.89,87.17,83.89,86.8
1992-10-26,86.15,88.59,85.84,87.58
1992-11-02,87.67,89.91,87.66,89.88
1992-11-09,89.92,90.44,88.65,88.84
1992-11-16,88.99,91.29,88.97,91.12
1992-11-23,91.29,91.48,90.31,91.11
1992-11-30,91.13,91.55,89.77,90.58
1992-12-07,90.69,90.71,88.64,90.13
1992-12-14,89.87,90.08,88.85,89.68
1992-12-21,89.7,91.23,89.63,91.18
1992-12-28,91.24,92.52,91.13,92.36
1993-01-04,92.39,93.75,92.37,93.43
1993-01-11,93.23,93.39,92.33,93.04
1993-01-18,93.04,93.12,91.35,91.48
1993-01-25,91.38,92.61,90.09,92.45
1993-02-01,92.47,94.86,92.42,94.37
1993-02-08,94.39,94.63,93.6,94.45
1993-02-15,94.46,94.57,92.66,93.37
1993-02-22,93.38,94.14,92.43,94.05
1993-03-01,94.05,94.49,92.9,94.29
1993-03-08,94.12,94.8,93.83,94.46
1993-03-15,94.59,94.77,92.54,92.77
1993-03-22,93.06,93.58,92.55,92.94
1993-03-29,92.86,93.09,90.78,91.45
1993-04-05,91.34,92.1,91.13,91.26
1993-04-12,91,91.39,89.84,91.31
1993-04-19,91.24,91.28,89.11,89.29
1993-04-26,89.3,90.01,88.37,89.52
1993-05-03,89.55,89.9,88.53,89.24
1993-05-10,89.27,91,89.17,90.16
1993-05-17,90.22,91.23,90.1,90.64
1993-05-24,90.77,91.38,88.89,89.02
1993-05-31,89.1,90.84,88.85,90.81
1993-06-07,90.63,91.06,90.04,90.48
1993-06-14,90.41,93.11,90.01,92.93
1993-06-21,92.92,94.32,92.88,93.55
1993-06-28,93.59,94.11,92.66,93.51
1993-07-05,93.55,95.09,91.9,94.98
1993-07-12,95.06,95.61,94.27,94.6
1993-07-19,94.66,95.29,93.75,94.57
1993-07-26,94.57,95.62,94.3,95.37
1993-08-02,95.48,95.8,94.08,94.14
1993-08-09,94.19,95.64,94.06,95.13
1993-08-16,95.16,95.19,93.12,93.38
1993-08-23,93.3,94.39,93.19,93.3
1993-08-30,93.28,94.15,92.05,92.08
1993-09-06,91.6,91.97,90.66,90.8
1993-09-13,90.81,91.56,90.29,91.36
1993-09-20,91.41,93.32,91.21,92.65
1993-09-27,92.65,93.35,91.59,92.69
1993-10-04,92.78,93.27,91.48,91.65
1993-10-11,91.66,92.67,91.21,92.52
1993-10-18,92.56,94.54,92.55,94.44
1993-10-25,94.46,95.34,94.12,95.08
1993-11-01,95.19,95.54,94.76,94.88
1993-11-08,94.86,95.36,94.41,94.5
1993-11-15,94.61,96.2,94.47,96.16
1993-11-22,96.03,96.2,95.35,96.02
1993-11-29,96.05,96.53,95.84,96.09
1993-12-06,96.01,96.01,94.9,95.05
1993-12-13,95.05,96.1,94.88,95.67
1993-12-20,95.72,96.01,94.67,94.68
1993-12-27,94.99,96.85,94.99,96.84
1994-01-03,96.76,97.09,95.99,96.08
1994-01-10,96.04,97.02,95.95,96.68
1994-01-17,96.85,96.93,95.89,96.71
1994-01-24,96.84,96.89,95.15,96.18
1994-01-31,96.25,96.9,95.13,96.75
1994-02-07,96.72,97.1,96.44,96.65
1994-02-14,95.8,96.4,94.58,94.6
1994-02-21,95.5,95.88,94.42,94.7
1994-02-28,94.64,95.35,94.12,95.16
1994-03-07,95.17,95.42,93.52,93.91
1994-03-14,94.07,94.73,93.77,94.57
1994-03-21,94.72,94.91,93.27,93.5
1994-03-28,93.54,94.36,92.86,94.31
1994-04-04,94.25,95.33,94.22,94.93
1994-04-11,94.83,95.09,94.49,94.89
1994-04-18,94.79,95.26,93.7,93.91
1994-04-25,93.71,93.81,91.71,92.12
1994-05-02,92.57,93.39,91.53,92.71
1994-05-09,92.86,93.75,92.41,93.3
1994-05-16,93.39,94.11,92.17,92.24
1994-05-23,92.35,92.83,92.09,92.32
1994-05-30,92.42,93.51,92.25,93.42
1994-06-06,93.41,93.58,92.86,92.97
1994-06-13,92.9,92.94,90.93,90.97
1994-06-20,91.14,91.22,89.45,89.6
1994-06-27,89.5,90.56,89.09,89.92
1994-07-04,90.1,90.3,88.74,88.87
1994-07-11,88.47,88.68,87.01,88.33
1994-07-18,88.12,90.35,87.83,90.18
1994-07-25,89.96,90.44,89,89.87
1994-08-01,89.39,90.24,89.14,89.63
1994-08-08,89.57,90.31,88.73,88.94
1994-08-15,88.88,89.47,88.03,88.03
1994-08-22,88.13,89.83,87.44,89.59
1994-08-29,89.61,90.31,88.5,88.56
1994-09-05,88.58,88.96,87.92,87.92
1994-09-12,87.85,88.18,87.14,87.57
1994-09-19,87.65,88.16,87.38,87.58
1994-09-26,87.66,88.07,87.32,87.88
1994-10-03,87.72,88.37,87.32,87.9
1994-10-10,87.9,88.06,86.63,86.74
1994-10-17,86.82,86.86,85.24,85.63
1994-10-24,85.67,86.3,84.91,85.99
1994-10-31,86.14,86.98,85.2,86.5
1994-11-07,86.36,87.38,86,87.09
1994-11-14,87.64,88.49,87.56,88.36
1994-11-21,88.58,88.79,88.12,88.51
1994-11-28,88.95,89.67,88.73,89.56
1994-12-05,89.49,89.82,89.06,89.6
1994-12-12,89.66,89.76,89.37,89.59
1994-12-19,89.82,90.18,89.49,89.96
1994-12-26,89.93,89.97,88.46,88.72
1995-01-02,89.09,89.63,88.88,89.61
1995-01-09,89.33,89.38,88.04,88.14
1995-01-16,88.19,88.54,87.26,87.45
1995-01-23,87.54,87.83,87.12,87.62
1995-01-30,87.47,88.34,86.95,88.19
1995-02-06,88.32,88.49,87.68,87.79
1995-02-13,87.74,87.92,86.26,86.43
1995-02-20,86.06,86.45,85.75,85.83
1995-02-27,85.94,86.21,84.35,84.37
1995-03-06,83.22,84.41,81.63,84.23
1995-03-13,83.71,84.19,82.56,83.29
1995-03-20,83.76,83.99,83.17,83.87
1995-03-27,83.64,83.81,81.47,81.9
1995-04-03,81.97,82.46,81.36,81.44
1995-04-10,82.23,83.03,81.51,81.74
1995-04-17,81.42,82.15,80.22,81.38
1995-04-24,81.25,82.1,80.6,81.8
1995-05-01,81.78,81.88,80.92,81.3
1995-05-08,80.79,84.16,80.55,84.04
1995-05-15,83.9,84.84,83.49,84.24
1995-05-22,84.45,84.61,81,81.1
1995-05-29,81.54,83.45,81.23,82.53
1995-06-05,82.47,82.88,81.88,82.18
1995-06-12,82.38,82.66,81.86,82.12
1995-06-19,82.07,82.34,81.35,81.43
1995-06-26,81.53,82.56,81.41,81.58
1995-07-03,81.52,82.34,81.3,81.86
1995-07-10,82.02,82.54,81.68,81.91
1995-07-17,82.23,82.42,81.22,81.8
1995-07-24,81.61,82.02,81.23,81.41
1995-07-31,81.35,82.47,81.03,82.08
1995-08-07,82.72,84.1,82.54,84.09
1995-08-14,84,86.47,83.86,85.96
1995-08-21,85.9,86.6,85.61,85.71
1995-08-28,85.26,86.23,85.19,85.47
1995-09-04,85.29,86.49,85.17,86.01
1995-09-11,85.73,87.37,85.72,86.97
1995-09-18,86.98,87.05,83.5,84.27
1995-09-25,84.24,84.97,83.76,84.29
1995-10-02,84.36,84.84,83.87,84.28
1995-10-09,84.03,84.58,83.84,84.42
1995-10-16,84.17,84.53,83.38,83.51
1995-10-23,83.21,84.1,82.99,83.78
1995-10-30,83.86,84.38,83.56,84.12
1995-11-06,83.97,84.28,83.34,83.84
1995-11-13,83.61,84.31,83.44,83.77
1995-11-20,84.1,84.11,83.41,83.98
1995-11-27,84.26,85.38,84.2,85.16
1995-12-04,84.78,85.53,84.6,85.24
1995-12-11,85.08,85.59,84.81,85.13
1995-12-18,84.87,85.17,84.62,84.7
1995-12-25,84.76,84.95,84.41,84.76
1996-01-01,84.56,85.8,84.48,85.06
1996-01-08,85.17,85.33,84.87,85.06
1996-01-15,85.19,86.86,85.18,86.75
1996-01-22,86.86,87.72,86.61,87.64
1996-01-29,87.62,87.7,87,87.01
1996-02-05,86.65,86.94,86.07,86.87
1996-02-12,86.73,86.85,85.96,86.12
1996-02-19,85.7,86.1,85.26,85.45
1996-02-26,85.37,86.62,85.32,86.53
1996-03-04,86.28,87.12,86.21,86.9
1996-03-11,86.68,86.83,86.08,86.27
1996-03-18,86.31,86.59,86.12,86.47
1996-03-25,86.38,86.93,86.1,86.52
1996-04-01,86.64,86.75,86.36,86.61
1996-04-08,86.42,87.69,86.27,87.53
1996-04-15,87.8,87.94,87.01,87.48
1996-04-22,87.64,88.29,87.52,87.9
1996-04-29,87.47,88.39,87.42,87.85
1996-05-06,87.86,87.99,87.38,87.92
1996-05-13,88.05,88.42,87.88,88.24
1996-05-20,88.39,88.86,88.26,88.83
1996-05-27,88.96,89.04,87.65,87.78
1996-06-03,87.87,88.47,87.73,88.42
1996-06-10,88.47,88.56,87.64,88.14
1996-06-17,87.71,88.38,87.35,88.3
1996-06-24,88.19,88.22,87.6,87.82
1996-07-01,87.8,88.29,87.69,88.12
1996-07-08,88.23,88.27,87.8,88.07
1996-07-15,88.12,88.13,85.95,86.48
1996-07-22,86.54,86.7,86.04,86.46
1996-07-29,86.45,86.49,85.69,86.12
1996-08-05,86.13,86.7,86.08,86.4
1996-08-12,86.31,86.93,86.18,86.75
1996-08-19,86.69,86.95,86.13,86.21
1996-08-26,86.23,86.52,86.08,86.36
1996-09-02,86.49,86.92,86.32,86.85
1996-09-09,86.73,87.8,86.66,87.71
1996-09-16,87.68,87.71,87.16,87.57
1996-09-23,87.57,87.95,87.2,87.82
1996-09-30,88.08,88.2,87.84,88.12
1996-10-07,88,88.05,87.79,87.95
1996-10-14,87.94,88.53,87.83,88.38
1996-10-21,88.29,88.29,87.41,87.63
1996-10-28,87.71,87.75,86.93,87.18
1996-11-04,87.17,87.5,86.56,86.63
1996-11-11,86.6,86.85,86.19,86.7
1996-11-18,86.6,86.67,86.06,86.56
1996-11-25,86.82,87.96,86.8,87.92
1996-12-02,88.02,89.14,87.77,88.42
1996-12-09,88.65,88.8,87.91,88.72
1996-12-16,88.72,89.07,88.29,88.67
1996-12-23,88.63,88.92,88.58,88.76
1996-12-30,88.88,89.47,88.12,89.3
1997-01-06,89.32,89.85,88.86,89.77
1997-01-13,89.91,90.99,89.88,90.86
1997-01-20,91.5,92.76,91.31,92.12
1997-01-27,92.48,93.47,92.41,93.04
1997-02-03,93.33,94.49,93.04,93.68
1997-02-10,93.49,94.99,93.42,94.91
1997-02-17,95.11,95.74,94.69,95.04
1997-02-24,94.49,95.2,94.09,94.89
1997-03-03,95.14,96.32,94.98,96.12
1997-03-10,95.85,96.16,95.38,95.58
1997-03-17,95.51,95.75,94.73,95.28
1997-03-24,95.48,95.66,94.64,94.69
1997-03-31,94.77,95.13,94.02,95.12
1997-04-07,95.96,96.96,95.89,96.57
1997-04-14,96.67,97.17,96.25,96.29
1997-04-21,95.98,97.17,95.74,97.04
1997-04-28,97.23,97.38,96.63,97.04
1997-05-05,97.05,97.28,94.67,94.9
1997-05-12,94.95,95.48,94.05,94.26
1997-05-19,94.63,94.9,93.2,94.24
1997-05-26,94.62,95.1,94.28,94.85
1997-06-02,95.63,96.22,95.35,95.52
1997-06-09,94.85,95.87,94.5,95.79
1997-06-16,95.48,95.66,95.07,95.3
1997-06-23,95.18,95.59,94.88,95.55
1997-06-30,95.66,96.05,95.41,95.74
1997-07-07,95.31,96.33,95.21,96.32
1997-07-14,96.55,97.68,96.35,97.35
1997-07-21,97.33,99.15,97.27,99.13
1997-07-28,99.55,100.51,99.16,100.42
1997-08-04,100.81,101.7,99.57,99.8
1997-08-11,100.16,100.85,98.89,99.34
1997-08-18,99.14,100.58,98.56,99.06
1997-08-25,99.33,99.39,97.96,99
1997-09-01,99.33,100.09,98.59,98.78
1997-09-08,98.95,99.21,97.63,97.73
1997-09-15,97.13,98.12,97.03,97.87
1997-09-22,98.55,98.72,96.92,97.25
1997-09-29,97.3,97.96,97.05,97.15
1997-10-06,97.09,97.35,96.23,96.66
1997-10-13,96.76,97.63,96.45,97.52
1997-10-20,97.64,98.15,97.28,97.73
1997-10-27,97.13,97.21,94.83,95.64
1997-11-03,95.97,96.17,94.82,95.17
1997-11-10,95.7,96.39,94.92,96.1
1997-11-17,96.51,97.05,95.99,96.57
1997-11-24,96.48,97.99,96.41,97.79
1997-12-01,98.29,99.03,97.91,98.88
1997-12-08,99.12,99.4,98.05,98.73
1997-12-15,98.82,99.22,97.81,98.44
1997-12-22,98.88,98.92,98.48,98.51
1997-12-29,98.44,100.14,98.39,100.1
1998-01-05,100.53,101.53,100.47,100.93
1998-01-12,100.72,101.1,100.38,100.92
1998-01-19,101.02,101.32,98.26,98.44
1998-01-26,98.62,100.88,98.52,100.79
1998-02-02,100.78,101.04,98.51,99.51
1998-02-09,99.85,100.37,99.49,100.12
1998-02-16,100.16,100.63,99.88,100.32
1998-02-23,100.28,100.35,99.15,99.82
1998-03-02,99.4,100.93,99.3,100.72
1998-03-09,100.52,100.9,99.63,99.87
1998-03-16,100.16,100.85,99.73,100.57
1998-03-23,100.49,100.56,99.76,100.31
1998-03-30,100.82,102.11,100.74,101.8
1998-04-06,101.51,101.63,99.88,100.35
1998-04-13,100.42,100.58,99.23,99.92
1998-04-20,100.08,100.08,99.11,99.38
1998-04-27,99.38,100.01,99,99.22
1998-05-04,99.46,99.54,98.61,99.05
1998-05-11,99.1,100.08,99.07,99.92
1998-05-18,100.23,100.38,98.83,99.08
1998-05-25,99.68,100.66,99.33,100.45
1998-06-01,100.43,100.48,99.43,100.14
1998-06-08,100.25,102.03,100.19,101.89
1998-06-15,102.41,102.44,99.63,100.12
1998-06-22,100.74,101.82,100.46,101.55
1998-06-29,101.49,102.14,100.85,101.59
1998-07-06,101.56,102.61,101.37,102.09
1998-07-13,101.93,102.03,100.54,100.58
1998-07-20,100.51,101.35,100.24,100.7
1998-07-27,100.75,101.34,100.24,101.2
1998-08-03,101.63,101.74,100.73,101.49
1998-08-10,101.62,102.58,101.11,102.42
1998-08-17,102.35,102.45,101.61,102.18
1998-08-24,102.25,102.71,100.11,100.13
1998-08-31,100.66,100.71,97.68,98.2
1998-09-07,97.76,99.18,95.44,96.5
1998-09-14,96.98,97.27,95.92,96.64
1998-09-21,96.27,97.25,95.41,96.38
1998-09-28,96.5,96.61,94.55,95.37
1998-10-05,95.09,95.24,91.38,93.1
1998-10-12,93.67,93.73,91.65,92.22
1998-10-19,92.22,93.88,92.12,93.17
1998-10-26,93.8,94.47,93.34,93.73
1998-11-02,93.49,94.85,93.31,94.82
1998-11-09,95.06,96.46,94.96,95.74
1998-11-16,95,95.86,94.62,95.81
1998-11-23,96.55,96.92,96.15,96.83
1998-11-30,96.42,96.43,94.45,94.91
1998-12-07,95.16,95.32,93.43,93.51
1998-12-14,93.6,94.61,93.29,94.04
1998-12-21,94.05,94.94,94.04,94.89
1998-12-28,94.89,94.93,94,94.17
1999-01-04,93.8,94.85,93.05,94.37
1999-01-11,94.45,95.33,93.48,94.87
1999-01-18,94.62,95,94.35,94.64
1999-01-25,94.73,96.24,94.5,96.1
1999-02-01,95.9,96.48,95.38,96.27
1999-02-08,96.18,96.87,95.89,96.26
1999-02-15,96.3,98.39,96.21,98.3
1999-02-22,98.41,99.48,98.14,98.71
1999-03-01,98.89,100.59,98.64,100.27
1999-03-08,100.3,100.47,98.19,99.13
1999-03-15,99.17,99.7,98.16,99.01
1999-03-22,98.94,100.51,98.46,100.19
1999-03-29,100.28,100.79,99.6,100.2
1999-04-05,100.41,100.85,99.54,100.08
1999-04-12,99.84,100.78,99.43,100.08
1999-04-19,100.26,101.36,100.16,100.87
1999-04-26,100.82,101.24,100.29,101
1999-05-03,100.96,101.28,99.35,99.99
1999-05-10,100.13,101.08,99.41,100.93
1999-05-17,100.85,101.84,100.55,101.64
1999-05-24,101.7,102.64,101,102.45
1999-05-31,102.34,103.35,101.95,102.68
1999-06-07,102.83,103.28,100.87,101.02
1999-06-14,101.21,103.03,101.17,102.36
1999-06-21,102.47,103.26,101.97,102.32
1999-06-28,102.45,103.84,102.19,103.49
1999-07-05,103.79,104.58,103.6,104.33
1999-07-12,104.27,104.88,103.59,104.05
1999-07-19,104.33,104.54,101.13,101.4
1999-07-26,101.43,101.6,99.62,99.68
1999-08-02,99.97,100.35,98.88,99.65
1999-08-09,99.81,100.77,99.46,100.69
1999-08-16,100.73,101.1,99.44,99.68
1999-08-23,99.59,101.46,99.45,101.08
1999-08-30,100.82,101.19,98.9,99.79
1999-09-06,99.94,101.07,99.34,100.95
1999-09-13,100.98,101.27,99.82,100.4
1999-09-20,100.54,100.72,99.09,99.54
1999-09-27,99.92,100.11,97.77,98
1999-10-04,98.05,99.09,97.82,98.96
1999-10-11,98.92,98.99,96.94,97.09
1999-10-18,97.1,98.59,97,98.43
1999-10-25,98.29,99.92,98.11,99.07
1999-11-01,98.98,100.6,98.72,100.31
1999-11-08,100.02,100.97,99.79,100.77
1999-11-15,100.78,101.35,99.96,100.91
1999-11-22,100.94,102.16,100.47,101.35
1999-11-29,101.61,102.76,101.37,102.55
1999-12-06,102.56,102.66,100.49,101.6
1999-12-13,101.58,102.72,100.95,102.11
1999-12-20,102.15,102.41,101.24,101.58
1999-12-27,101.39,102.27,101.39,101.87
2000-01-03,101.67,101.83,99.71,100.84
2000-01-10,100.7,101.97,100.24,101.73
2000-01-18,101.75,102.11,101.12,101.72
2000-01-24,102.23,104.74,101.84,104.56
2000-01-31,104.45,105.36,103.42,104.26
2000-02-07,104.3,104.91,103.36,104.23
2000-02-14,104.2,105.08,103.67,104.61
2000-02-22,104.42,105.5,102.92,105.3
2000-02-28,105.28,107.37,104.59,106.01
2000-03-06,106.21,106.61,105.22,105.79
2000-03-13,105.76,105.89,104.84,105.29
2000-03-20,105.32,106.34,104.65,104.69
2000-03-27,104.67,106.52,104.48,105.46
2000-04-03,105.61,106.18,104.23,105.98
2000-04-10,106.08,106.42,105.48,105.68
2000-04-17,105.3,107.55,104.96,107.45
2000-04-24,107.08,110.32,106.78,110.13
2000-05-01,109.9,112.23,109.51,111.34
2000-05-08,111.31,111.86,109.8,109.82
2000-05-15,109.91,112.86,109.81,111.5
2000-05-22,111.48,111.97,109,109.06
2000-05-30,109.03,109.52,107.4,108.07
2000-06-05,107.81,108.04,105.56,107.04
2000-06-12,107.06,107.37,105.92,105.96
2000-06-19,106,108.2,105.59,107.96
2000-06-26,108.06,108.64,106.37,106.8
2000-07-03,106.82,107.69,106.7,107.66
2000-07-10,107.53,108.93,106.78,108.44
2000-07-17,108.32,109.92,108.29,108.34
2000-07-24,108.51,109.87,107.83,109.74
2000-07-31,109.76,111.65,109.35,110.86
2000-08-07,110.85,111.71,110.29,111.23
2000-08-14,111.21,111.59,110.1,111.07
2000-08-21,110.93,112.26,110.84,111.33
2000-08-28,111.26,112.93,111.07,111.46
2000-09-05,111.61,114.9,111.5,114.42
2000-09-11,114.81,115.99,114.12,115.86
2000-09-18,116.13,116.75,111.62,113.62
2000-09-25,113.42,114.2,112.64,113.25
2000-10-02,113.14,115.03,112.95,114.75
2000-10-09,114.66,115.96,113.87,115.84
2000-10-16,115.81,117.87,115.51,117.2
2000-10-23,117.19,119.07,117,117.31
2000-10-30,117.37,117.69,113.92,114.82
2000-11-06,114.92,116.62,114.35,115.66
2000-11-13,115.73,117.35,115.27,117.18
2000-11-20,117.2,118.69,116.92,118.56
2000-11-27,118.54,118.61,114.61,114.67
2000-12-04,114.7,114.94,112.79,114.11
2000-12-11,114.07,115.18,112.48,112.9
2000-12-18,112.98,113.66,110.47,110.64
2000-12-26,110.46,110.83,109.31,109.32
2001-01-02,109.33,110.4,108.09,108.35
2001-01-08,108.33,110.1,108.23,109.24
2001-01-16,110.17,111.1,109.37,110.67
2001-01-22,110.53,112.65,109.74,111.46
2001-01-29,111.53,112.08,109.4,110.3
2001-02-05,110.2,112.57,109.48,111.57
2001-02-12,111.65,113.28,111.04,112.45
2001-02-20,111.92,113.62,111.7,112.11
2001-02-26,112.17,113.07,110.82,111.14
2001-03-05,111.13,112.01,110.93,111.5
2001-03-12,111.47,115.76,111.38,115.4
2001-03-19,115.26,116.79,113.79,115.99
2001-03-26,116.05,117.63,114.95,117.48
2001-04-02,117.7,117.82,114.36,114.66
2001-04-09,114.71,116.66,114.61,115.52
2001-04-16,116.37,117.56,114.23,114.41
2001-04-23,114.19,115.85,113.86,115.6
2001-04-30,115.67,116.14,114.27,114.86
2001-05-07,115.16,117.08,115.09,116.81
2001-05-14,116.96,117.34,115.74,116.36
2001-05-21,116.37,118.76,116.14,118.04
2001-05-29,118.04,119.39,117.97,118.96
2001-06-04,119.14,119.66,118.32,119.2
2001-06-11,119.35,120.33,117.43,118.25
2001-06-18,118.2,119.62,118.01,118.72
2001-06-25,118.76,120.13,117.79,119.45
2001-07-02,119.39,121.02,119.24,119.91
2001-07-09,119.93,120.2,118.12,119.28
2001-07-16,119.22,119.93,116.65,117.29
2001-07-23,117.47,118.1,116.34,116.88
2001-07-30,116.88,117.46,115.8,116.18
2001-08-06,116.26,117.16,114.99,115.24
2001-08-13,115.27,115.42,112.45,113
2001-08-20,113.08,113.82,112.32,113.34
2001-08-27,113.4,114.27,112.54,113.26
2001-09-04,114.32,116.08,113.57,113.9
2001-09-10,113.92,115.11,112.2,112.26
2001-09-17,111.98,113.44,111.31,112.94
2001-09-24,112.81,113.69,112.04,113.53
2001-10-01,113.69,113.73,112.56,112.89
2001-10-08,112.74,114.87,112.27,113.73
2001-10-15,113.48,115.04,113.4,114.86
2001-10-22,114.89,116.27,114.79,115.67
2001-10-29,115.18,115.61,113.66,114.5
2001-11-05,114.88,115.52,114.17,115.13
2001-11-12,115.13,116.83,114.34,116.41
2001-11-19,116.66,117.8,116.33,117.37
2001-11-26,117.13,117.43,115.22,115.56
2001-12-03,115.61,116.64,115.48,116.15
2001-12-10,116.06,116.76,114.83,114.91
2001-12-17,115.03,117.06,114.41,116.92
2001-12-24,117.95,118.12,117.15,117.34
2001-12-31,117.26,117.42,115.54,116.33
2002-01-07,115.98,117.35,115.85,116.63
2002-01-14,116.51,118.11,116.34,117.59
2002-01-22,117.84,119.99,117.42,119.82
2002-01-28,119.7,120.51,119.12,119.74
2002-02-04,119.83,119.93,118.74,119
2002-02-11,119.08,119.37,118.1,118.52
2002-02-19,119.08,119.37,118.09,118.47
2002-02-25,118.58,120.04,118.4,119.42
2002-03-04,119.38,119.49,116.76,117.94
2002-03-11,117.95,118.43,116.82,117.22
2002-03-18,117.66,118.24,117.05,118.02
2002-03-25,118.13,118.8,117.77,118.74
2002-04-01,118.56,118.75,117.12,117.71
2002-04-08,117.84,118.35,117.18,117.62
2002-04-15,117.48,117.79,116.19,116.26
2002-04-22,116.55,116.78,115,115.01
2002-04-29,114.98,115.39,113.5,113.57
2002-05-06,113.85,115.09,113.39,113.94
2002-05-13,113.77,115.32,112.91,113.06
2002-05-20,113.06,113.38,112.16,112.8
2002-05-28,112.79,112.94,110.88,111.87
2002-06-03,111.93,112.04,110.56,111.02
2002-06-10,111.39,111.47,110.26,110.76
2002-06-17,110.83,111.13,107.96,108.17
2002-06-24,108.07,108.53,105.37,106.15
2002-07-01,105.76,107.73,105.67,107.67
2002-07-08,106.46,107.75,105.44,105.89
2002-07-15,105.36,105.98,103.54,104.02
2002-07-22,104.34,106.82,104.1,106.55
2002-07-29,106.7,107.91,106.28,106.62
2002-08-05,107.02,109,106.55,108.18
2002-08-12,107.76,108.41,106.18,106.75
2002-08-19,106.64,108.48,106.35,107.92
2002-08-26,108.14,108.26,106.27,106.9
2002-09-03,106.43,106.86,105.41,106.85
2002-09-09,106.73,108.28,106.58,108.13
2002-09-16,108.47,109.77,106.78,107.5
2002-09-23,107.52,108.13,107.03,107.44
2002-09-30,107.08,108.18,106.5,107.58
2002-10-07,107.76,108.14,106.71,107.21
2002-10-14,107.05,108.62,106.96,108.52
2002-10-21,108.38,108.74,107.61,107.92
2002-10-28,108.2,108.33,105.75,106.07
2002-11-04,106.09,106.42,104.34,104.47
2002-11-11,104.57,105.65,104.12,105.05
2002-11-18,105.14,106.2,104.71,106.11
2002-11-25,106.27,106.97,106.09,106.37
2002-12-02,106.57,107.31,104.92,105.35
2002-12-09,105.16,105.63,103.83,103.99
2002-12-16,103.88,104.28,103.1,103.49
2002-12-23,103.2,103.98,102.39,102.47
2002-12-30,102.42,103.2,101.8,102.47
2003-01-06,102.28,102.97,101.22,101.31
2003-01-13,101.42,101.7,100.31,100.47
2003-01-21,100.88,100.96,99.13,99.22
2003-01-27,99.23,100.19,98.76,99.91
2003-02-03,100.26,100.44,98.65,99.57
2003-02-10,99.64,100.89,99.41,100.04
2003-02-18,100.25,100.69,99.38,100.09
2003-02-24,100.13,100.45,99.24,99.71
2003-03-03,99.74,99.92,97.57,98.04
2003-03-10,97.91,100.41,97.57,99.99
2003-03-17,99.26,102.15,99.23,101.92
2003-03-24,101.37,101.64,99.79,99.96
2003-03-31,99.95,100.75,98.7,100.45
2003-04-07,100.86,101.81,99.54,100.18
2003-04-14,100.28,100.43,98.68,99.3
2003-04-21,99.21,99.86,98.14,98.36
2003-04-28,98.29,98.98,96.27,96.76
2003-05-05,96.8,96.84,94.68,94.98
2003-05-12,94.55,95.38,94.06,94.08
2003-05-19,93.56,94.01,92.89,93.05
2003-05-27,92.65,93.92,92.21,93.27
2003-06-02,93.73,94.05,92.25,93.48
2003-06-09,93.49,93.67,92.2,92.22
2003-06-16,92.18,94.27,91.88,94.04
2003-06-23,94.06,95.28,93.5,95.15
2003-06-30,95.08,95.34,93.96,94.41
2003-07-07,94.56,96.15,94.49,95.8
2003-07-14,95.99,97.45,95.74,96.51
2003-07-21,96.71,96.87,94.71,94.96
2003-07-28,95.04,97.55,94.79,96.66
2003-08-04,96.56,96.65,95.56,96.36
2003-08-11,96.33,96.82,95.69,96.65
2003-08-18,96.56,99.25,96.53,98.83
2003-08-25,99.01,99.49,97.87,98.1
2003-09-02,98.12,99.37,97.02,97.09
2003-09-08,97.21,97.51,95.78,96.01
2003-09-15,96.13,96.9,94.73,94.96
2003-09-22,93.77,94.4,93.39,93.87
2003-09-29,93.85,94.35,92.08,93.23
2003-10-06,93.14,93.42,91.25,91.52
2003-10-13,91.58,92.98,91.49,92.29
2003-10-20,91.97,92.75,91.01,91.28
2003-10-27,91.43,92.75,91.34,92.73
2003-11-03,92.64,94.13,92.49,93.02
2003-11-10,93.18,93.38,91.2,91.44
2003-11-17,91.07,91.78,90.21,90.6
2003-11-24,90.62,91.72,90.04,90.23
2003-12-01,90.16,90.54,89.06,89.14
2003-12-08,89.09,89.56,88.37,88.49
2003-12-15,89.2,89.45,87.77,88.11
2003-12-22,88.28,88.3,87.43,87.63
2003-12-29,87.68,87.72,86.36,86.67
2004-01-05,86.43,86.69,84.97,85.11
2004-01-12,85.12,87.87,84.8,87.73
2004-01-20,87.41,88.01,85.48,86.56
2004-01-26,86.73,87.86,86.16,87.2
2004-02-02,87.14,87.67,85.84,86.02
2004-02-09,86.26,86.37,84.74,85.56
2004-02-17,85.11,87.41,84.56,87.24
2004-02-23,87.2,88.02,85.99,87.31
2004-03-01,87.1,89.84,87.03,88.18
2004-03-08,88.21,89.42,87.6,89.12
2004-03-15,89.17,89.29,87.36,88.16
2004-03-22,88.2,89.22,87.45,88.89
2004-03-29,88.85,89.2,87.02,88.51
2004-04-05,88.59,89.58,88.08,89.02
2004-04-12,88.93,90.66,88.8,89.94
2004-04-19,89.75,91.37,89.39,91.08
2004-04-26,91.26,91.56,90.23,90.48
2004-05-03,90.63,91.27,89.22,91.13
2004-05-10,91.16,92.29,91.05,91.66
2004-05-17,91.61,91.73,90.07,90.49
2004-05-24,90.52,90.95,88.47,88.95
2004-06-01,88.64,89.47,88.38,88.54
2004-06-07,88.41,89.82,88.04,89.25
2004-06-14,90.21,90.42,89.04,89.08
2004-06-21,89.07,89.65,88.62,88.88
2004-06-28,88.99,89.58,87.94,87.97
2004-07-06,88.19,88.36,87.28,87.42
2004-07-12,87.27,88.1,87.09,87.14
2004-07-19,87.1,89.32,87,89.26
2004-07-26,89.22,90.29,88.76,89.96
2004-08-02,89.71,90.19,88.26,88.36
2004-08-09,88.36,89.29,87.88,87.9
2004-08-16,87.87,88.33,87.66,88.12
2004-08-23,88.15,89.85,88.04,89.77
2004-08-30,89.8,90.07,88.7,89.63
2004-09-07,89.41,89.73,88.11,88.39
2004-09-13,88.29,89.31,88.23,88.91
2004-09-20,88.97,89.28,87.86,88.4
2004-09-27,88.28,88.53,87.35,87.63
2004-10-04,87.72,88.64,87.35,87.45
2004-10-11,87.57,88.57,86.91,87.09
2004-10-18,87.09,87.34,85.82,85.87
2004-10-25,85.47,85.89,84.73,84.91
2004-11-01,84.7,85.66,83.97,84.01
2004-11-08,83.88,84.67,83.65,83.69
2004-11-15,83.69,84.1,83.01,83.31
2004-11-22,83.27,83.54,81.53,81.78
2004-11-29,81.93,82.22,80.94,80.98
2004-12-06,80.96,83.18,80.91,82.55
2004-12-13,82.67,82.74,81.38,82.16
2004-12-20,82.04,82.13,81.34,81.36
2004-12-27,81.28,81.37,80.39,80.85
2005-01-03,81.05,83.79,80.77,83.61
2005-01-10,83.49,83.61,82,83.06
2005-01-18,83.55,84,82.88,83.26
2005-01-24,83.15,84.08,83.01,83.48
2005-01-31,83.6,84.43,83.24,84.39
2005-02-07,84.53,85.44,84.36,84.57
2005-02-14,84.46,84.53,83.36,83.49
2005-02-22,82.78,83.57,82.4,82.66
2005-02-28,82.57,83.41,82.3,82.54
2005-03-07,82.54,82.94,81.28,81.42
2005-03-14,81.32,82.4,81.31,82.13
2005-03-21,82.11,84.22,82.06,84.13
2005-03-28,84.3,84.74,83.56,84.43
2005-04-04,84.5,85.12,84.32,84.47
2005-04-11,84.49,85.32,83.95,84.56
2005-04-18,84.5,84.73,83.36,83.5
2005-04-25,83.51,84.48,83.37,84.43
2005-05-02,84.46,84.69,83.75,84.61
2005-05-09,84.66,86.16,84.22,86.1
2005-05-16,86.22,86.74,85.76,86.63
2005-05-23,86.65,86.93,86.1,86.42
2005-05-31,86.9,88.49,86.86,88.04
2005-06-06,88,88.75,87.15,88.69
2005-06-13,88.72,89.36,87.64,87.73
2005-06-20,88.17,89.35,87.92,88.78
2005-06-27,88.72,90.23,88.32,90.13
2005-07-05,90.67,90.77,89.76,90.25
2005-07-11,90.18,90.24,88.28,89.72
2005-07-18,89.78,90.36,88.44,89.64
2005-07-25,89.75,90.45,89.15,89.35
2005-08-01,89.41,89.44,87.61,88.06
2005-08-08,88.18,88.29,86.76,86.98
2005-08-15,86.89,88.9,86.83,88.58
2005-08-22,88.59,88.66,87.43,87.86
2005-08-29,87.74,88.68,86.02,86.3
2005-09-06,86.64,87.2,86.24,86.89
2005-09-12,86.84,88.3,86.75,88.05
2005-09-19,88.52,89.31,87.75,89.21
2005-09-26,89.38,89.82,89.03,89.52
2005-10-03,89.51,90.24,88.53,89.17
2005-10-10,89.05,90.43,88.93,89.35
2005-10-17,89.52,90.74,89.16,90.31
2005-10-24,90.32,90.43,88.82,89.59
2005-10-31,89.61,91.37,89.4,91.26
2005-11-07,91.39,92.13,91.17,91.98
2005-11-14,91.76,92.63,91.5,91.93
2005-11-21,91.87,92.33,91.15,92.04
2005-11-28,92.05,92.32,90.8,91.95
2005-12-05,92,92.19,91.03,91.25
2005-12-12,91.43,91.51,89.52,89.7
2005-12-19,89.6,91.23,89.58,90.84
2005-12-27,90.9,91.47,90.52,91.17
2006-01-03,90.75,90.94,88.8,88.85
2006-01-09,88.96,89.67,88.73,88.89
2006-01-17,89.11,89.65,88.9,88.95
2006-01-23,88.79,89.4,87.83,89.32
2006-01-30,89.27,90.23,88.69,89.89
2006-02-06,89.86,90.62,89.7,90.55
2006-02-13,90.55,91.02,90.17,90.64
2006-02-21,90.45,90.89,90.09,90.61
2006-02-27,90.86,90.89,89.5,89.66
2006-03-06,89.36,91.16,89.28,90.85
2006-03-13,90.83,90.87,88.85,88.92
2006-03-20,89.07,90.62,88.95,90.07
2006-03-27,90.05,90.45,89.28,89.73
2006-04-03,89.74,90.4,88.44,89.63
2006-04-10,89.6,89.86,89.21,89.62
2006-04-17,88.76,89.16,87.73,88.05
2006-04-24,87.73,87.92,85.95,86.11
2006-05-01,85.93,86.36,85,85.12
2006-05-08,85.09,85.49,83.61,83.96
2006-05-15,83.61,85.35,83.6,84.88
2006-05-22,84.91,85.47,84.27,85.26
2006-05-30,85.07,85.27,83.91,84.05
2006-06-05,84.06,86.06,83.72,85.72
2006-06-12,85.89,86.5,85.66,85.92
2006-06-19,86.01,87.05,85.63,86.82
2006-06-26,86.86,86.89,85.14,85.22
2006-07-03,85.15,85.76,84.77,84.98
2006-07-10,85.03,86.28,84.97,86.09
2006-07-17,86.17,87.33,85.85,85.93
2006-07-24,85.86,86.77,85.32,85.44
2006-07-31,85.39,85.63,84.39,84.57
2006-08-07,84.53,85.58,84.42,85.52
2006-08-14,85.49,85.75,84.61,85.09
2006-08-21,85.02,85.55,84.42,85.38
2006-08-28,85.39,85.46,84.72,84.94
2006-09-05,84.87,86.06,84.67,85.95
2006-09-11,85.97,86.17,85.46,85.99
2006-09-18,86.06,86.14,84.91,85.2
2006-09-25,85.18,86.22,84.97,85.97
2006-10-02,86.01,86.65,85.47,86.44
2006-10-09,86.53,87.3,86.44,87.12
2006-10-16,87.17,87.2,86.14,86.27
2006-10-23,86.3,86.92,85.43,85.56
2006-10-30,85.57,85.91,85.15,85.71
2006-11-06,85.7,85.93,84.7,85.05
2006-11-13,85.03,85.7,84.84,85.37
2006-11-20,85.32,85.48,83.55,83.71
2006-11-27,83.35,83.78,82.36,82.48
2006-12-04,82.33,83.34,82.24,83.33
2006-12-11,83.34,84.14,82.88,84.06
2006-12-18,84.03,84.22,83.21,83.94
2006-12-26,83.84,84.13,83.53,83.72
2007-01-03,84,84.81,83.17,84.63
2007-01-08,84.64,85.4,84.43,85.03
2007-01-16,84.94,85.26,84.64,84.86
2007-01-22,84.9,85.43,84.49,85.28
2007-01-29,85.26,85.38,84.4,84.96
2007-02-05,84.98,85.2,84.65,84.87
2007-02-12,84.83,85.21,83.94,84.09
2007-02-20,84.16,84.53,83.89,84.07
2007-02-26,83.97,84.09,83.36,83.74
2007-03-05,83.65,84.38,83.64,84.24
2007-03-12,84.23,84.28,83.03,83.23
2007-03-19,83.17,83.5,82.65,83.28
2007-03-26,83.39,83.46,82.64,82.93
2007-04-02,82.82,83.21,82.594,82.677
2007-04-09,83.004,83.181,81.969,82.129
2007-04-16,82.025,82.213,81.507,81.643
2007-04-23,81.627,81.926,81.269,81.529
2007-04-30,81.518,82.036,81.251,81.741
2007-05-07,81.61,82.384,81.535,82.116
2007-05-14,82.096,82.397,81.662,82.197
2007-05-21,82.125,82.603,82.084,82.331
2007-05-29,82.347,82.588,82.046,82.322
2007-06-04,82.335,82.919,81.704,82.691
2007-06-11,82.709,83.272,82.62,82.851
2007-06-18,82.836,82.855,82.323,82.336
2007-06-25,82.343,82.48,81.897,81.92
2007-07-02,81.869,81.962,81.24,81.465
2007-07-09,81.461,81.585,80.442,80.576
2007-07-16,80.534,80.666,80.117,80.288
2007-07-23,80.134,81.012,80.016,80.946
2007-07-30,80.975,81.09,80.093,80.177
2007-08-06,80.106,80.919,79.957,80.679
2007-08-13,80.731,82.132,80.621,81.426
2007-08-20,81.316,81.572,80.608,80.667
2007-08-27,80.696,81.052,80.441,80.791
2007-09-04,80.807,81.136,79.841,79.959
2007-09-10,79.913,80,79.302,79.617
2007-09-17,79.662,79.852,78.398,78.597
2007-09-24,78.388,78.688,77.666,77.719
2007-10-01,77.788,78.819,77.657,78.308
2007-10-08,78.323,78.891,77.964,78.224
2007-10-15,78.208,78.339,77.363,77.407
2007-10-22,77.279,78.203,76.977,77.027
2007-10-29,76.869,77.092,76.22,76.337
2007-11-05,76.39,76.499,74.978,75.4
2007-11-12,75.517,76.153,75.349,75.827
2007-11-19,75.777,75.963,74.84,75.054
2007-11-26,75.066,76.181,74.753,76.147
2007-12-03,75.935,76.816,75.595,76.288
2007-12-10,76.295,77.485,75.921,77.436
2007-12-17,77.372,77.854,77.27,77.721
2007-12-24,77.646,77.669,76.164,76.218
2007-12-31,75.98,76.747,75.429,75.793
2008-01-07,76.048,76.516,75.786,75.978
2008-01-14,75.615,76.522,75.199,76.383
2008-01-22,77.112,77.347,75.622,75.973
2008-01-28,75.938,76.022,74.849,75.445
2008-02-04,75.44,77.043,75.282,76.67
2008-02-11,76.453,76.714,75.852,76.101
2008-02-19,76.021,76.529,75.357,75.52
2008-02-25,75.526,75.685,73.56,73.714
2008-03-03,73.638,73.947,72.462,73.027
2008-03-10,72.88,73.402,71.578,71.657
2008-03-17,71.421,72.922,70.698,72.747
2008-03-24,72.749,73.194,71.327,71.678
2008-03-31,71.61,72.841,71.346,72.021
2008-04-07,71.996,72.433,71.415,71.808
2008-04-14,72.249,72.407,71.276,72.012
2008-04-21,71.917,73.03,71.191,72.79
2008-04-28,72.717,73.698,72.439,73.5
2008-05-05,73.455,73.836,72.734,73.05
2008-05-12,73.344,73.624,72.687,72.844
2008-05-19,72.884,73.169,71.823,71.888
2008-05-27,71.937,73.217,71.842,72.879
2008-06-02,72.975,73.87,72.338,72.39
2008-06-09,72.353,74.314,72.13,74.146
2008-06-16,73.989,74.178,72.932,73.03
2008-06-23,73.045,73.652,72.286,72.36
2008-06-30,72.3,72.803,72.004,72.742
2008-07-07,72.944,73.158,71.795,72.096
2008-07-14,72.033,72.405,71.314,72.189
2008-07-21,72.108,73.02,71.889,72.86
2008-07-28,72.776,73.538,72.609,73.424
2008-08-04,73.28,75.903,73.196,75.845
2008-08-11,75.887,77.268,75.489,77.18
2008-08-18,76.819,77.413,76.026,76.805
2008-08-25,77.059,77.619,76.554,77.381
2008-09-02,78.023,79.077,77.822,78.932
2008-09-08,78.318,80.375,78.228,78.966
2008-09-15,78.431,79.369,77.26,77.68
2008-09-22,77.449,77.693,75.89,76.953
2008-09-29,77.47,80.933,76.862,80.313
2008-10-06,81.096,83.191,80.399,82.997
2008-10-13,81.93,82.84,80.752,82.413
2008-10-20,82.339,86.965,81.964,86.44
2008-10-27,86.495,87.884,83.104,85.633
2008-11-03,85.221,86.788,83.902,85.907
2008-11-10,85.232,88.147,85.064,86.365
2008-11-17,87.613,88.463,86.137,88.191
2008-11-24,87.359,87.912,84.711,86.517
2008-12-01,86.59,87.701,86.095,87.121
2008-12-08,86.878,86.914,83.21,83.644
2008-12-15,83.005,83.826,77.688,81.298
2008-12-22,80.938,81.494,80.349,80.892
2008-12-29,80.498,81.921,79.631,81.839
2009-01-05,81.734,84.023,81.183,82.663
2009-01-12,82.736,85.137,82.66,84.212
2009-01-20,84.722,86.813,84.696,85.608
2009-01-26,86.031,86.276,83.571,85.999
2009-02-02,86.125,86.548,84.751,85.346
2009-02-09,84.886,86.726,84.465,86.041
2009-02-17,87.518,88.254,86.231,86.488
2009-02-23,86.807,88.49,85.631,88.008
2009-03-02,88.579,89.624,87.88,88.512
2009-03-09,88.423,89.456,87.182,87.428
2009-03-16,87.748,87.766,82.631,83.841
2009-03-23,83.327,85.349,82.887,85.111
2009-03-30,85.245,86.125,84.051,84.165
2009-04-06,83.913,85.904,83.731,85.786
2009-04-13,85.59,86.028,84.452,85.981
2009-04-20,85.887,86.871,84.458,84.714
2009-04-27,84.795,86.006,83.885,84.546
2009-05-04,84.589,84.87,82.385,82.529
2009-05-11,82.361,83.096,81.871,83.024
2009-05-18,83.034,83.22,79.805,79.958
2009-05-26,80.033,81.129,79.183,79.348
2009-06-01,79.105,80.82,78.334,80.67
2009-06-08,80.724,81.466,79.193,80.142
2009-06-15,80.168,81.368,79.973,80.264
2009-06-22,80.347,80.94,79.562,79.878
2009-06-29,79.889,80.612,79.35,80.516
2009-07-06,80.429,80.892,79.692,80.233
2009-07-13,80.208,80.498,79.131,79.347
2009-07-20,79.377,79.533,78.42,78.749
2009-07-27,78.769,79.659,78.22,78.347
2009-08-03,78.337,79.073,77.428,78.975
2009-08-10,78.893,79.395,78.229,78.885
2009-08-17,78.727,79.514,77.754,78.044
2009-08-24,78.008,78.833,77.851,78.366
2009-08-31,78.337,78.943,77.944,78.136
2009-09-08,78.016,78.024,76.457,76.608
2009-09-14,76.655,77.085,76.01,76.425
2009-09-21,76.552,77.108,75.827,76.812
2009-09-28,76.654,77.475,76.494,77.003
2009-10-05,76.986,76.987,75.767,76.431
2009-10-12,76.318,76.668,75.211,75.597
2009-10-19,75.637,75.912,74.94,75.468
2009-10-26,75.448,76.578,75.197,76.3
2009-11-02,76.374,76.817,75.497,75.819
2009-11-09,75.661,75.767,74.774,75.334
2009-11-16,75.148,75.879,74.679,75.656
2009-11-23,75.558,75.578,74.227,74.996
2009-11-30,74.887,75.936,74.266,75.911
2009-12-07,75.692,76.726,75.449,76.573
2009-12-14,76.61,78.141,76.245,77.821
2009-12-21,77.768,78.449,77.496,77.84
2009-12-28,77.683,78.218,77.332,77.86
2010-01-04,77.866,78.19,77.089,77.471
2010-01-11,77.182,77.407,76.601,77.323
2010-01-19,76.977,78.814,76.936,78.277
2010-01-25,78.197,79.496,78.026,79.462
2010-02-01,79.448,80.683,78.68,80.441
2010-02-08,80.45,80.748,79.563,80.316
2010-02-16,80.4,81.342,79.559,80.643
2010-02-22,80.539,81.129,80.088,80.362
2010-03-01,80.421,81.291,79.819,80.432
2010-03-08,80.423,80.859,79.692,79.833
2010-03-15,79.828,80.889,79.507,80.724
2010-03-22,80.85,82.24,80.523,81.676
2010-03-29,81.403,81.696,80.683,80.776
2010-04-05,81.118,81.907,80.874,81.093
2010-04-12,80.403,80.912,80.031,80.824
2010-04-19,80.894,82.074,80.761,81.352
2010-04-26,81.475,82.714,81.168,81.866
2010-05-03,81.813,85.268,81.813,84.45
2010-05-10,83.808,86.29,82.909,86.095
2010-05-17,86.243,87.458,85.131,85.371
2010-05-24,85.627,87.452,85.619,86.48
2010-06-01,86.587,88.34,86.158,88.233
2010-06-07,88.392,88.708,86.943,87.507
2010-06-14,86.965,87.02,85.453,85.699
2010-06-21,85.367,86.415,85.091,85.313
2010-06-28,85.378,86.3,84.132,84.427
2010-07-06,84.589,84.826,83.622,83.947
2010-07-12,83.953,84.557,82.085,82.486
2010-07-19,82.612,83.451,82.177,82.464
2010-07-26,82.616,82.616,81.459,81.539
2010-08-02,81.532,81.554,80.085,80.407
2010-08-09,80.361,82.958,80.265,82.948
2010-08-16,82.871,83.304,81.912,83.057
2010-08-23,83.041,83.559,82.622,82.918
2010-08-30,82.833,83.342,81.988,82.018
2010-09-07,82.109,82.987,82.109,82.698
2010-09-13,82.872,82.874,80.865,81.398
2010-09-20,81.413,81.504,79.255,79.395
2010-09-27,79.31,79.819,78.029,78.088
2010-10-04,78.086,78.687,76.906,77.325
2010-10-11,77.054,77.931,76.144,77.041
2010-10-18,76.984,78.364,76.844,77.472
2010-10-25,77.366,78.273,76.709,77.266
2010-11-01,76.909,77.421,75.631,76.548
2010-11-08,76.506,78.479,76.379,78.082
2010-11-15,78.058,79.461,77.882,78.504
2010-11-22,78.308,80.522,77.975,80.357
2010-11-29,80.328,81.444,79.063,79.377
2010-12-06,79.183,80.405,79.166,80.07
2010-12-13,80.198,80.625,78.819,80.373
2010-12-20,80.46,80.832,80.243,80.496
2010-12-27,80.595,80.664,78.775,79.028
2011-01-03,79.078,81.141,78.892,81.012
2011-01-10,81.119,81.313,78.806,79.162
2011-01-18,79.386,79.5,78.096,78.213
2011-01-24,78.132,78.511,77.594,78.133
2011-01-31,78.268,78.325,76.881,78.044
2011-02-07,78.089,78.697,77.504,78.46
2011-02-14,78.532,78.873,77.525,77.664
2011-02-22,77.697,78.326,76.945,77.275
2011-02-28,77.27,77.394,76.275,76.4
2011-03-07,76.362,77.38,76.124,76.776
2011-03-14,76.558,77.04,75.537,75.718
2011-03-21,75.602,76.282,75.249,76.217
2011-03-28,76.392,76.61,75.664,75.833
2011-04-04,75.893,76.152,74.838,75.066
2011-04-11,74.966,75.204,74.617,74.832
2011-04-18,74.885,75.81,73.735,73.995
2011-04-25,74.081,74.335,72.834,72.933
2011-05-02,72.98,74.925,72.696,74.841
2011-05-09,74.73,75.949,74.402,75.757
2011-05-16,75.888,76.001,74.957,75.435
2011-05-23,75.784,76.366,74.752,74.954
2011-05-31,74.717,74.941,73.698,73.783
2011-06-06,73.707,74.918,73.506,74.795
2011-06-13,74.904,76.015,74.228,74.988
2011-06-20,75.127,75.795,74.497,75.665
2011-06-27,75.664,75.987,74.195,74.349
2011-07-05,74.228,75.416,74.228,75.179
2011-07-11,75.295,76.719,74.69,75.126
2011-07-18,75.199,75.752,73.889,74.201
2011-07-25,74.186,74.507,73.421,73.897
2011-08-01,73.932,75.417,73.582,74.598
2011-08-08,74.388,75.061,73.821,74.607
2011-08-15,74.559,74.609,73.452,74.009
2011-08-22,73.985,74.464,73.572,73.814
2011-08-29,73.725,74.769,73.525,74.756
2011-09-06,74.707,77.276,74.675,77.192
2011-09-12,77.214,77.784,76.066,76.599
2011-09-19,76.549,78.798,76.549,78.501
2011-09-26,78.129,78.863,77.306,78.553
2011-10-03,78.796,79.838,78.061,78.726
2011-10-10,78.755,78.755,76.508,76.623
2011-10-17,76.611,77.552,76.234,76.395
2011-10-24,76.272,76.662,74.724,75.067
2011-10-31,75.063,77.676,74.984,76.962
2011-11-07,76.914,78.165,76.513,76.945
2011-11-14,76.904,78.467,76.751,78.064
2011-11-21,78.03,79.702,77.973,79.686
2011-11-28,79.595,79.609,77.923,78.625
2011-12-05,78.658,79.108,78.107,78.632
2011-12-12,78.716,80.73,78.633,80.256
2011-12-19,80.197,80.493,79.24,79.93
2011-12-27,79.932,80.854,79.708,80.178
2012-01-03,80.207,81.376,79.518,81.254
2012-01-09,81.266,81.784,80.534,81.515
2012-01-17,81.389,81.459,79.999,80.223
2012-01-23,80.155,80.393,78.772,78.902
2012-01-30,78.832,79.571,78.623,78.924
2012-02-06,78.943,79.516,78.364,79.114
2012-02-13,79.008,80.119,78.608,79.331
2012-02-21,79.174,79.38,78.22,78.352
2012-02-27,78.45,79.451,78.095,79.403
2012-03-05,79.449,80.061,79.07,80.041
2012-03-12,80.032,80.738,79.674,79.786
2012-03-19,79.782,79.949,79.214,79.345
2012-03-26,79.318,79.72,78.727,79.004
2012-04-02,78.951,80.177,78.664,80.076
2012-04-09,79.786,80.096,79.208,79.888
2012-04-16,79.88,80.176,79.114,79.194
2012-04-23,79.163,79.648,78.675,78.709
2012-04-30,78.721,79.523,78.603,79.498
2012-05-07,79.506,80.336,79.506,80.264
2012-05-14,80.305,81.758,80.305,81.292
2012-05-21,81.22,82.461,80.899,82.402
2012-05-29,82.263,83.542,82.031,82.89
2012-06-04,82.8,83.075,81.911,82.511
2012-06-11,82.14,82.727,81.481,81.628
2012-06-18,81.962,82.469,81.186,82.256
2012-06-25,82.214,82.879,81.43,81.627
2012-07-02,81.55,83.431,81.534,83.377
2012-07-09,83.282,83.829,82.979,83.349
2012-07-16,83.289,83.644,82.734,83.478
2012-07-23,83.589,84.1,82.343,82.709
2012-07-30,82.61,83.508,82.198,82.375
2012-08-06,82.321,82.87,82.041,82.553
2012-08-13,82.552,82.881,82.196,82.596
2012-08-20,82.59,82.72,81.221,81.593
2012-08-27,81.624,81.823,80.964,81.208
2012-09-04,81.233,81.667,80.151,80.252
2012-09-10,80.174,80.426,78.601,78.847
2012-09-17,78.842,79.66,78.719,79.328
2012-09-24,79.377,80.012,79.334,79.935
2012-10-01,79.884,80.147,79.103,79.337
2012-10-08,79.356,80.205,79.356,79.667
2012-10-15,79.684,79.968,78.935,79.621
2012-10-22,79.629,80.27,79.47,80.068
2012-10-29,80.003,80.61,79.67,80.593
2012-11-05,80.579,81.087,80.28,81.026
2012-11-12,81.059,81.455,80.902,81.257
2012-11-19,81.184,81.265,80.128,80.192
2012-11-26,80.266,80.589,80.021,80.153
2012-12-03,80.226,80.658,79.568,80.408
2012-12-10,80.505,80.573,79.498,79.58
2012-12-17,79.675,79.7,79.008,79.617
2012-12-24,79.551,79.93,79.355,79.678
2012-12-31,79.676,80.868,79.283,80.499
2013-01-07,80.481,80.684,79.435,79.563
2013-01-14,79.543,80.187,79.345,80.036
2013-01-22,80.064,80.15,79.677,79.748
2013-01-28,79.742,79.926,78.918,79.125
2013-02-04,79.203,80.281,79.179,80.246
2013-02-11,80.212,80.621,79.84,80.58
2013-02-19,80.644,81.594,80.271,81.482
2013-02-25,81.479,82.509,81.067,82.313
2013-03-04,82.304,82.924,81.9,82.696
2013-03-11,82.714,83.166,82.051,82.261
2013-03-18,82.512,83.096,82.289,82.376
2013-03-25,82.38,83.302,82.146,82.998
2013-04-01,82.993,83.494,82.273,82.496
2013-04-08,82.629,82.829,82.046,82.311
2013-04-15,82.104,82.784,81.716,82.714
2013-04-22,82.752,83.19,82.393,82.502
2013-04-29,82.475,82.517,81.331,82.125
2013-05-06,82.105,83.438,81.719,83.143
2013-05-13,83.272,84.371,82.957,84.252
2013-05-20,84.197,84.498,83.433,83.7
2013-05-28,83.664,84.368,82.955,83.375
2013-06-03,83.264,83.376,81.077,81.669
2013-06-10,81.692,82.091,80.5,80.67
2013-06-17,80.618,82.524,80.498,82.318
2013-06-24,82.405,83.344,82.241,83.136
2013-07-01,83.176,84.53,82.967,84.449
2013-07-08,84.448,84.753,82.418,82.988
2013-07-15,82.961,83.46,82.342,82.607
2013-07-22,82.614,82.66,81.548,81.657
2013-07-29,81.656,82.494,81.407,81.908
2013-08-05,81.935,82.085,80.868,81.126
2013-08-12,81.125,81.943,81.048,81.257
2013-08-19,81.288,81.719,80.754,81.361
2013-08-26,81.367,82.263,81.106,82.087
2013-09-03,82.301,82.671,82.038,82.146
2013-09-09,82.242,82.307,81.356,81.452
2013-09-16,81.518,81.522,80.06,80.431
2013-09-23,80.411,80.65,80.11,80.523
2013-09-30,80.418,80.418,79.627,80.122
2013-10-07,80.128,80.595,79.837,80.362
2013-10-14,80.413,80.754,79.478,79.654
2013-10-21,79.616,79.82,78.998,79.194
2013-10-28,79.22,80.785,79.154,80.716
2013-11-04,80.691,81.482,80.38,81.303
2013-11-11,81.211,81.464,80.732,80.849
2013-11-18,80.792,81.29,80.487,80.708
2013-11-25,80.643,81.023,80.482,80.68
2013-12-02,80.643,80.993,80.223,80.315
2013-12-09,80.25,80.419,79.757,80.214
2013-12-16,80.187,80.827,79.81,80.575
2013-12-23,80.558,80.617,79.686,80.392
2013-12-30,80.338,80.895,79.929,80.791
2014-01-06,80.873,81.187,80.533,80.658
2014-01-13,80.624,81.295,80.444,81.225
2014-01-21,81.194,81.388,80.153,80.458
2014-01-27,80.478,81.324,80.301,81.311
2014-02-03,81.249,81.323,80.599,80.691
2014-02-10,80.688,80.831,80.065,80.136
2014-02-18,80.168,80.424,79.927,80.237
2014-02-24,80.248,80.578,79.688,79.691
2014-03-03,79.889,80.272,79.433,79.719
2014-03-10,79.715,79.934,79.268,79.446
2014-03-17,79.403,80.354,79.28,80.105
2014-03-24,80.121,80.29,79.752,80.176
2014-03-31,80.19,80.599,79.962,80.423
2014-04-07,80.412,80.45,79.33,79.452
2014-04-14,79.616,79.904,79.562,79.828
2014-04-21,79.863,79.988,79.662,79.749
2014-04-28,79.768,79.918,79.414,79.516
2014-05-05,79.5,79.915,78.906,79.903
2014-05-12,79.864,80.338,79.784,80.043
2014-05-19,80.053,80.443,79.881,80.393
2014-05-27,80.287,80.581,80.171,80.369
2014-06-02,80.4,81.02,80.24,80.41
2014-06-09,80.42,80.9,80.3,80.58
2014-06-16,80.6,80.71,80.15,80.37
2014-06-23,80.33,80.43,80.01,80.04
2014-06-30,80.013,80.315,79.74,80.212
2014-07-07,80.264,80.359,79.976,80.187
2014-07-14,80.191,80.687,80.079,80.524
2014-07-21,80.521,81.084,80.42,81.029
2014-07-28,81.024,81.573,80.977,81.302
2014-08-04,81.304,81.716,81.261,81.389
2014-08-11,81.399,81.693,81.359,81.424
2014-08-18,81.423,82.456,81.384,82.336
2014-08-25,82.455,82.748,82.315,82.748
2014-09-02,82.762,83.943,82.753,83.739
2014-09-08,83.803,84.519,83.797,84.24
2014-09-15,84.182,84.818,83.864,84.735
2014-09-22,84.813,85.687,84.365,85.64
2014-09-29,85.615,86.746,85.45,86.694
2014-10-06,86.638,86.675,84.937,85.912
2014-10-13,85.818,86.011,84.472,85.11
2014-10-20,85.207,85.939,84.743,85.732
2014-10-27,85.685,87.133,85.191,86.917
2014-11-03,87.25,88.19,86.879,87.642
2014-11-10,87.559,88.267,87.223,87.525
2014-11-17,87.54,88.388,87.182,88.31
2014-11-24,88.276,88.44,87.52,88.356
2014-12-01,88.233,89.467,87.783,89.334
2014-12-08,89.116,89.55,87.913,88.363
2014-12-15,88.317,89.654,87.627,89.598
2014-12-22,89.6,90.159,89.37,90.03
2014-12-29,90.047,91.16,89.789,91.08
2015-01-05,91.138,92.528,91.117,91.935
2015-01-12,91.945,93.262,91.514,92.52
2015-01-20,92.69,95.481,92.151,94.762
2015-01-26,95.2,95.331,93.697,94.804
2015-02-02,94.843,94.876,93.25,94.698
2015-02-09,94.679,95.115,93.899,94.201
2015-02-17,94.404,94.792,93.801,94.253
2015-02-23,94.316,95.364,94.059,95.293
2015-03-02,95.258,97.726,95.063,97.615
2015-03-09,97.719,100.39,97.293,100.33
2015-03-16,100.26,100.27,96.628,97.909
2015-03-23,97.804,98.236,96.17,97.291
2015-03-30,97.385,98.665,97.33,97.436
2015-04-06,96.736,99.686,96.329,99.338
2015-04-13,99.35,99.99,97.001,97.52
2015-04-20,97.311,98.455,96.755,96.922
2015-04-27,96.895,97.281,94.399,95.297
2015-05-04,95.216,95.946,93.882,94.794
2015-05-11,94.799,95.258,93.133,93.135
2015-05-18,93.234,96.266,93.234,96.014
2015-05-26,96.37,97.775,96.37,96.907
2015-06-01,96.893,97.68,94.651,96.306
2015-06-08,96.339,96.55,94.322,94.972
2015-06-15,95.202,95.391,93.563,94.085
2015-06-22,94.061,95.665,93.807,95.472
2015-06-29,96.258,96.422,94.681,96.113
2015-07-06,95.942,97.235,95.454,96.025
2015-07-13,95.772,97.977,95.633,97.862
2015-07-20,97.958,98.151,96.887,97.244
2015-07-27,97.201,97.773,96.288,97.336
2015-08-03,97.224,98.334,97.155,97.563
2015-08-10,97.566,97.918,95.926,96.52
2015-08-17,96.587,97.078,94.801,95.008
2015-08-24,94.804,96.324,92.621,96.106
2015-08-31,96.135,96.616,95.19,96.229
2015-09-08,96.154,96.41,95.115,95.194
2015-09-14,95.184,95.845,94.063,94.863
2015-09-21,95.324,96.7,95.039,96.269
2015-09-28,96.256,96.501,95.218,95.83
2015-10-05,95.824,96.169,94.692,94.813
2015-10-12,94.851,94.982,93.806,94.54
2015-10-19,94.68,97.201,94.552,97.127
2015-10-26,97.039,97.818,96.466,96.946
2015-11-02,96.915,99.345,96.635,99.168
2015-11-09,99.188,99.504,98.432,98.998
2015-11-16,98.969,99.853,98.735,99.565
2015-11-23,99.612,100.2,99.312,100.02
2015-11-30,100.08,100.51,97.591,98.354
2015-12-07,98.35,98.903,97.223,97.565
2015-12-14,97.621,99.294,97.19,98.703
2015-12-21,98.723,98.838,97.864,97.984
2015-12-28,97.846,98.778,97.799,98.631
2016-01-04,98.693,99.634,98.049,98.54
2016-01-11,98.374,99.333,98.252,98.956
2016-01-19,99.131,99.799,98.626,99.574
2016-01-25,99.498,99.829,98.425,99.606
2016-02-01,99.544,99.633,96.259,97.031
2016-02-08,96.961,97.476,95.236,95.94
2016-02-16,96.572,97.17,96.382,96.6
2016-02-22,96.735,98.26,96.735,98.148
2016-02-29,98.125,98.582,97.019,97.34
2016-03-07,97.226,98.422,95.938,96.172
2016-03-14,96.202,97.064,94.578,95.086
2016-03-21,95.049,96.364,95.002,96.142
2016-03-28,96.278,96.399,94.319,94.619
2016-04-04,94.617,95.066,94.015,94.235
2016-04-11,94.193,95.2,93.627,94.696
2016-04-18,94.698,95.196,93.923,95.116
2016-04-25,95.108,95.108,93.007,93.082
2016-05-02,93.016,93.962,91.919,93.888
2016-05-09,93.827,94.845,93.684,94.608
2016-05-16,94.572,95.502,94.329,95.334
2016-05-23,95.292,95.779,94.938,95.521
2016-05-31,95.659,95.901,93.855,94.029
2016-06-06,93.868,94.713,93.425,94.571
2016-06-13,94.643,95.318,94.074,94.206
2016-06-20,94.077,96.703,93.019,95.448
2016-06-27,95.529,96.705,95.407,95.649
2016-07-05,95.546,96.697,95.336,96.302
2016-07-11,96.282,96.793,95.831,96.58
2016-07-18,96.672,97.543,96.466,97.467
2016-07-25,97.35,97.569,95.384,95.53
2016-08-01,95.514,96.522,95.003,96.194
2016-08-08,96.222,96.524,95.254,95.722
2016-08-15,95.683,95.801,94.077,94.511
2016-08-22,94.497,95.594,94.214,95.566
2016-08-29,95.464,96.255,95.189,95.844
2016-09-06,95.795,95.861,94.465,95.336
2016-09-12,95.349,96.108,94.935,96.108
2016-09-19,96.04,96.333,95.048,95.477
2016-09-26,95.506,95.96,95.128,95.463
2016-10-03,95.418,97.188,95.418,96.632
2016-10-10,96.471,98.129,96.458,98.019
2016-10-17,98.061,98.813,97.608,98.695
2016-10-24,98.624,99.119,98.242,98.348
2016-10-31,98.324,98.698,96.894,97.065
2016-11-07,96.893,99.132,95.885,99.06
2016-11-14,98.995,101.48,98.995,101.21
2016-11-21,101.29,101.92,100.65,101.49
2016-11-28,101.44,101.83,100.62,100.77
2016-12-05,100.66,101.74,99.43,101.59
2016-12-12,101.69,103.56,100.73,102.95
2016-12-19,102.93,103.65,102.52,103.01
2016-12-27,102.96,103.63,101.91,102.21
2017-01-03,102.87,103.82,101.3,102.22
2017-01-09,102.26,102.95,100.72,101.18
2017-01-17,101.55,101.73,100.26,100.74
2017-01-23,100.72,100.82,99.793,100.53
2017-01-30,100.35,101.02,99.233,99.868
2017-02-06,99.62,101.01,99.62,100.8
2017-02-13,100.85,101.76,100.41,100.95
2017-02-21,100.94,101.72,100.66,101.09
2017-02-27,101.08,102.26,100.69,101.54
2017-03-06,101.44,102.25,101.17,101.25
2017-03-13,101.28,101.79,100.14,100.3
2017-03-20,100.34,100.45,99.527,99.627
2017-03-27,99.433,100.65,98.858,100.35
2017-04-03,100.5,101.26,100.37,101.18
2017-04-10,101.13,101.34,100.01,100.56
2017-04-17,100.5,100.5,99.374,99.977
2017-04-24,98.793,99.332,98.695,99.05
2017-05-01,98.923,99.462,98.543,98.648
2017-05-08,98.498,99.888,98.498,99.252
2017-05-15,99.16,99.262,97.08,97.142
2017-05-22,97.159,97.548,96.797,97.442
2017-05-30,97.635,97.776,96.654,96.715
2017-06-05,96.681,97.5,96.511,97.274
2017-06-12,97.268,97.56,96.323,97.164
2017-06-19,97.113,97.871,97.045,97.264
2017-06-26,97.3,97.467,95.47,95.628
2017-07-03,95.624,96.512,95.624,96.008
2017-07-10,96.038,96.205,95.088,95.153
2017-07-17,95.101,95.348,93.854,93.858
2017-07-24,93.946,94.285,93.152,93.259
2017-07-31,93.361,93.774,92.548,93.542
2017-08-07,93.501,93.888,92.934,93.069
2017-08-14,93.09,94.145,93.048,93.434
2017-08-21,93.427,93.628,92.424,92.74
2017-08-28,92.359,93.347,91.621,92.814
2017-09-05,92.601,92.727,91.011,91.352
2017-09-11,91.436,92.661,91.415,91.872
2017-09-18,91.932,92.697,91.526,92.171
2017-09-25,92.318,93.666,92.206,93.076
2017-10-02,93.291,94.267,93.124,93.8
2017-10-09,93.767,93.844,92.749,93.091
2017-10-16,93.07,93.797,93.055,93.701
2017-10-23,93.836,95.15,93.477,94.916
2017-10-30,94.793,95.015,94.408,94.941
2017-11-06,94.872,95.149,94.258,94.391
2017-11-13,94.409,94.641,93.402,93.662
2017-11-20,93.707,94.165,92.675,92.782
2017-11-27,92.688,93.505,92.496,92.885
2017-12-04,93.215,94.087,93.035,93.901
2017-12-11,93.919,94.219,93.282,93.932
2017-12-18,93.979,94.026,93.163,93.347
2017-12-26,93.253,93.402,92.08,92.124
2018-01-02,92.24,92.261,91.751,91.949
2018-01-08,92.057,92.64,90.934,90.974
2018-01-16,90.443,90.983,90.113,90.572
2018-01-22,90.672,90.697,88.438,89.067
2018-01-29,89.02,89.637,88.555,89.195
2018-02-05,89.194,90.567,89.021,90.442
2018-02-12,90.326,90.432,88.253,89.1
2018-02-20,89.24,90.235,89.217,89.883
2018-02-26,89.882,90.932,89.503,89.935
2018-03-05,89.834,90.357,89.407,90.093
2018-03-12,90.105,90.378,89.561,90.233
2018-03-19,90.202,90.445,89.396,89.436
2018-03-26,89.47,90.178,88.942,90.151
2018-04-02,89.974,90.597,89.822,90.108
2018-04-09,90.066,90.273,89.355,89.8
2018-04-16,89.77,90.477,89.229,90.316
2018-04-23,90.264,91.986,90.264,91.542
2018-04-30,91.529,92.9,91.482,92.566
2018-05-07,92.57,93.416,92.369,92.537
2018-05-14,92.554,93.83,92.243,93.637
2018-05-21,93.665,94.298,93.291,94.188
2018-05-29,94.412,95.025,93.717,94.191
2018-06-04,94.155,94.316,93.213,93.551
2018-06-11,93.537,95.131,93.193,94.789
2018-06-18,94.787,95.529,94.434,94.517
2018-06-25,94.498,95.531,94.171,94.636
2018-07-02,94.626,95.141,93.921,94.036
2018-07-09,93.965,95.241,93.713,94.752
2018-07-16,94.692,95.652,94.296,94.449
2018-07-23,94.433,94.91,94.084,94.675
2018-07-30,94.664,95.368,94.164,95.143
2018-08-06,95.201,96.452,94.994,96.357
2018-08-13,96.325,96.984,96.092,96.101
2018-08-20,96.131,96.402,94.934,95.146
2018-08-27,95.171,95.3,94.434,95.14
2018-09-04,95.138,95.737,94.871,95.365
2018-09-10,95.427,95.564,94.359,94.927
2018-09-17,94.932,94.978,93.814,94.22
2018-09-24,94.23,95.366,93.84,95.132
2018-10-01,95.108,96.121,95.003,95.624
2018-10-08,95.62,96.155,94.954,95.221
2018-10-15,95.349,96.091,94.787,95.713
2018-10-22,95.657,96.86,95.469,96.359
2018-10-29,96.441,97.2,95.989,96.542
2018-11-05,96.441,97.011,95.678,96.905
2018-11-12,97.053,97.693,96.397,96.465
2018-11-19,96.426,96.977,96.042,96.916
2018-11-26,96.93,97.538,96.626,97.272
2018-12-03,97.133,97.205,96.379,96.514
2018-12-10,96.715,97.711,96.364,97.443
2018-12-17,97.43,97.459,96.168,96.956
2018-12-24,96.935,97.116,96.188,96.402
2018-12-31,96.402,96.958,95.82,96.179
2019-01-07,96.16,96.16,95.029,95.67
2019-01-14,95.653,96.394,95.466,96.336
2019-01-22,96.336,96.676,95.738,95.794
2019-01-28,95.788,95.984,95.162,95.579
2019-02-04,95.6,96.693,95.574,96.637
2019-02-11,96.663,97.368,96.619,96.904
2019-02-19,96.812,97.085,96.286,96.507
2019-02-25,96.518,96.604,95.824,96.527
2019-03-04,96.342,97.71,96.331,97.306
2019-03-11,97.394,97.454,96.385,96.595
2019-03-18,96.565,96.806,95.74,96.651
2019-03-25,96.637,97.341,96.411,97.284
2019-04-01,97.178,97.517,96.962,97.395
2019-04-08,97.392,97.396,96.745,96.972
2019-04-15,96.925,97.485,96.788,97.474
2019-04-22,97.375,98.33,97.258,98.006
2019-04-29,98.033,98.104,97.149,97.52
2019-05-06,97.562,97.743,97.132,97.33
2019-05-13,97.3,98.034,97.028,97.995
2019-05-20,97.959,98.371,97.546,97.613
2019-05-28,97.738,98.281,97.608,97.75
2019-06-03,97.636,97.802,96.459,96.544
2019-06-10,96.645,97.583,96.582,97.572
2019-06-17,97.524,97.766,96.093,96.22
2019-06-24,96.182,96.389,95.843,96.13
2019-07-01,96.254,97.443,96.251,97.286
2019-07-08,97.23,97.588,96.722,96.81
2019-07-15,96.836,97.444,96.671,97.151
2019-07-22,97.145,98.088,97.127,98.01
2019-07-29,97.991,98.932,97.896,98.074
2019-08-05,98.107,98.135,97.208,97.491
2019-08-12,97.535,98.339,97.317,98.142
2019-08-19,98.17,98.45,97.169,97.64
2019-08-26,97.593,99.023,97.477,98.916
2019-09-03,99.08,99.37,98.012,98.394
2019-09-09,98.422,99.099,97.858,98.257
2019-09-16,98.12,98.744,98.026,98.513
2019-09-23,98.51,99.308,98.29,99.109
2019-09-30,99.117,99.667,98.639,98.808
2019-10-07,98.82,99.249,98.197,98.301
2019-10-14,98.363,98.645,97.141,97.282
2019-10-21,97.338,97.904,97.146,97.831
2019-10-28,97.849,98.004,97.107,97.239
2019-11-04,97.222,98.404,97.166,98.353
2019-11-11,98.367,98.447,97.964,97.999
2019-11-18,97.98,98.305,97.678,98.27
2019-11-25,98.265,98.544,98.174,98.273
2019-12-02,98.271,98.376,97.355,97.7
2019-12-09,97.677,97.724,96.588,97.172
2019-12-16,97.176,97.758,96.93,97.69
2019-12-23,97.672,97.817,96.915,96.919
2019-12-30,97.015,97.105,96.355,96.838
2020-01-06,96.897,97.584,96.54,97.356
2020-01-13,97.348,97.655,97.085,97.606
2020-01-21,97.633,97.946,97.392,97.853
2020-01-27,97.884,98.188,97.354,97.39
2020-02-03,97.367,98.718,97.367,98.684
2020-02-10,98.699,99.166,98.599,99.124
2020-02-18,99.192,99.91,99.139,99.262
2020-02-24,99.337,99.638,97.96,98.132
2020-03-02,98.122,98.122,95.711,95.951
2020-03-09,96.108,98.81,94.65,98.749
2020-03-16,98.696,102.992,97.446,102.817
2020-03-23,101.947,102.979,98.27,98.365
2020-03-30,98.306,100.853,98.289,100.576
2020-04-06,100.659,100.931,99.362,99.517
2020-04-13,99.487,100.302,98.817,99.782
2020-04-20,99.712,100.867,99.652,100.38
2020-04-27,100.23,100.319,98.645,99.079
2020-05-04,98.565,100.401,98.565,99.734
2020-05-11,99.118,100.556,99.118,100.402
2020-05-18,100.363,100.467,99.002,99.863
2020-05-26,99.765,99.773,97.945,98.344
2020-06-01,98.297,98.322,96.442,96.937
2020-06-08,96.842,97.454,95.716,97.319
2020-06-15,97.088,97.717,96.431,97.623
2020-06-22,97.663,97.739,96.385,97.433
2020-06-29,97.499,97.802,96.81,97.317
2020-07-06,97.151,97.195,96.235,96.652
2020-07-13,96.658,96.701,95.777,95.942
2020-07-20,96.006,96.179,94.334,94.435
2020-07-27,94.346,94.416,92.546,93.349
2020-08-03,93.455,93.991,92.521,93.435
2020-08-10,93.392,93.905,92.928,93.096
2020-08-17,93.095,93.473,92.127,93.247
2020-08-24,93.199,93.364,92.198,92.371
2020-08-31,92.299,93.238,91.746,92.719
2020-09-08,93.054,93.662,92.7,93.333
2020-09-14,93.293,93.592,92.766,92.926
2020-09-21,93.005,94.742,92.749,94.642
2020-09-28,94.577,94.636,93.527,93.844
2020-10-05,93.81,93.9,93.005,93.057
2020-10-12,93.06,93.904,93.014,93.682
2020-10-19,93.722,93.766,92.474,92.768
2020-10-26,92.763,94.102,92.74,94.038
2020-11-02,93.887,94.302,92.184,92.229
2020-11-09,92.235,93.208,92.13,92.755
2020-11-16,92.724,92.844,92.206,92.392
2020-11-23,92.397,92.8,91.758,91.79
2020-11-30,91.782,92.051,90.476,90.701
2020-12-07,90.805,91.238,90.616,90.976
2020-12-14,90.98,90.98,89.73,90.016
2020-12-21,89.924,91.018,89.924,90.323
2020-12-28,90.223,90.378,89.516,89.937
2021-01-04,89.931,90.248,89.209,90.098
2021-01-11,90.066,90.801,89.923,90.772
2021-01-19,90.728,90.762,90.048,90.238
2021-01-25,90.226,90.88,90.083,90.584
2021-02-01,90.533,91.602,90.502,91.042
2021-02-08,91.004,91.235,90.251,90.48
2021-02-16,90.293,91.056,90.118,90.364
2021-02-22,90.34,90.973,89.683,90.879
2021-03-01,90.929,92.192,90.632,91.977
2021-03-08,91.985,92.503,91.365,91.679
2021-03-15,91.663,92.166,91.301,91.919
2021-03-22,91.744,92.917,91.709,92.766
2021-03-29,92.723,93.437,92.72,92.929
2021-04-05,92.891,93.071,91.999,92.163
2021-04-12,92.182,92.33,91.486,91.556
2021-04-19,91.537,91.746,90.81,90.859
2021-04-26,90.832,91.322,90.424,91.28
2021-05-03,91.297,91.436,90.191,90.233
2021-05-10,90.229,90.907,89.982,90.321
2021-05-17,90.304,90.428,89.65,90.017
2021-05-24,90.029,90.441,89.535,90.031
2021-06-01,89.813,90.627,89.663,90.136
2021-06-07,90.134,90.611,89.837,90.555
2021-06-14,90.51,92.405,90.346,92.225
2021-06-21,92.321,92.373,91.513,91.851
2021-06-28,91.811,92.741,91.699,92.226
2021-07-06,92.24,92.845,92.004,92.13
2021-07-12,92.102,92.829,92.083,92.687
2021-07-19,92.712,93.191,92.507,92.912
2021-07-26,92.906,92.959,91.782,92.174
2021-08-02,92.09,92.841,91.817,92.8
2021-08-09,92.779,93.192,92.471,92.518
2021-08-16,92.523,93.729,92.481,93.496
2021-08-23,93.459,93.505,92.629,92.686
2021-08-30,92.681,92.789,91.947,92.035
2021-09-07,92.202,92.862,92.104,92.582
2021-09-13,92.611,93.248,92.322,93.195
2021-09-20,93.246,93.524,92.981,93.327
2021-09-27,93.277,94.503,93.208,94.035
2021-10-04,94.071,94.447,93.678,94.067
2021-10-11,94.104,94.561,93.759,93.937
2021-10-18,93.954,94.171,93.496,93.642
2021-10-25,93.659,94.3,93.278,94.123
2021-11-01,94.134,94.62,93.818,94.32
2021-11-08,94.25,95.265,93.875,95.128
2021-11-15,95.122,96.241,94.967,96.031
2021-11-22,96.066,96.938,95.753,96.043
2021-11-29,96.071,96.642,95.517,96.117
2021-12-06,96.151,96.592,95.849,96.097
2021-12-13,96.05,96.906,95.851,96.565
2021-12-20,96.672,96.69,95.99,96.019
2021-12-27,96.149,96.395,95.57,95.598
2022-01-03,95.67,96.462,95.625,95.719
2022-01-10,95.739,96.229,94.629,95.165
2022-01-18,95.223,95.861,95.129,95.642
2022-01-24,95.636,97.441,95.627,97.27
2022-01-31,97.217,97.297,95.137,95.485
2022-02-07,95.478,96.111,95.173,96.082
2022-02-14,96.034,96.435,95.677,96.043
2022-02-22,96.081,97.735,95.841,96.615
2022-02-28,96.541,98.916,96.541,98.648
2022-03-07,98.509,99.418,97.712,99.124
2022-03-14,99.126,99.292,97.727,98.233
2022-03-21,98.237,98.965,98.157,98.789
2022-03-28,98.807,99.369,97.685,98.632
2022-04-04,98.566,100.189,98.519,99.796
2022-04-11,99.837,100.761,99.571,100.321
2022-04-18,100.5,101.331,99.818,101.22
2022-04-25,101.118,103.928,101.04,102.959
2022-05-02,103.212,104.061,102.352,103.66
2022-05-09,103.659,105.005,103.372,104.563
2022-05-16,104.465,104.643,102.657,103.15
2022-05-23,103.025,103.05,101.433,101.668
2022-05-31,101.435,102.731,101.414,102.14
2022-06-06,102.169,104.23,101.848,104.148
2022-06-13,104.19,105.788,103.418,104.7
2022-06-21,104.442,104.947,103.858,104.185
2022-06-27,104.121,105.635,103.673,105.138
2022-07-05,105.135,107.786,105.051,107.007
2022-07-11,106.895,109.294,106.895,108.063
2022-07-18,107.983,108.036,106.112,106.73
2022-07-25,106.545,107.426,105.542,105.903
2022-08-01,105.828,106.93,105.049,106.621
2022-08-08,106.577,106.804,104.636,105.631
2022-08-15,105.674,108.215,105.552,108.169
2022-08-22,108.103,109.27,107.588,108.803
2022-08-29,108.836,109.977,108.286,109.534
2022-09-06,109.602,110.786,108.36,109.003
2022-09-12,108.6,110.26,107.68,109.764
2022-09-19,109.643,113.228,109.355,113.192
2022-09-26,113.023,114.778,111.576,112.117
2022-10-03,112.173,112.882,110.055,112.795
2022-10-10,112.747,113.92,112.147,113.311
2022-10-17,113.218,113.942,111.703,112.012
2022-10-24,111.876,112.534,109.535,110.752
2022-10-31,110.668,113.148,110.426,110.877
2022-11-07,110.788,111.274,106.281,106.292
2022-11-14,106.416,107.274,105.34,106.93
2022-11-21,106.969,107.993,105.687,105.959
2022-11-28,106.062,107.195,104.377,104.545
2022-12-05,104.506,105.822,104.113,104.81
2022-12-12,104.932,105.249,103.448,104.701
2022-12-19,104.837,104.931,103.752,104.314
2022-12-27,104.118,104.557,103.391,103.522
2023-01-03,103.663,105.631,103.469,103.879
2023-01-09,103.911,103.935,101.988,102.204
2023-01-16,102.18,102.899,101.528,102.012
2023-01-23,101.992,102.428,101.504,101.927
2023-01-30,101.922,103.006,100.82,102.915
2023-02-06,102.992,103.964,102.641,103.63
2023-02-13,103.578,104.667,102.586,103.862
2023-02-20,103.881,105.32,103.76,105.214
2023-02-27,105.26,105.359,104.094,104.521
2023-03-06,104.527,105.883,104.039,104.576
2023-03-13,104.637,105.103,103.443,103.708
2023-03-20,103.864,103.958,101.915,103.116
2023-03-27,103.115,103.229,102.048,102.506
2023-04-03,102.594,103.058,101.415,102.095
2023-04-10,102.198,102.807,100.788,101.552
2023-04-17,101.581,102.231,101.531,101.822
2023-04-24,101.724,102.172,101.013,101.659
2023-05-01,101.672,102.404,101.027,101.214
2023-05-08,101.282,102.714,101.041,102.681
2023-05-15,102.705,103.624,102.201,103.198
2023-05-22,103.193,104.419,102.964,104.206
2023-05-29,104.226,104.699,103.382,104.015
2023-06-05,104.041,104.403,103.295,103.557
2023-06-12,103.553,103.756,102.006,102.243
2023-06-19,102.299,103.166,101.921,102.903
2023-06-26,102.867,103.543,102.32,102.912
2023-07-03,102.921,103.572,102.226,102.272
2023-07-10,102.288,102.564,99.578,99.914
2023-07-17,99.96,101.188,99.589,101.071
2023-07-24,101.085,102.042,100.551,101.622
2023-07-31,101.701,102.843,101.531,102.017
2023-08-07,102.009,102.91,101.784,102.842
2023-08-14,102.853,103.68,102.771,103.375
2023-08-21,103.433,104.447,103.013,104.077
2023-08-28,104.187,104.355,102.936,104.236
2023-09-04,104.264,105.157,104.025,105.09
2023-09-11,105.056,105.435,104.42,105.322
2023-09-18,105.296,105.782,104.665,105.583
2023-09-25,105.572,106.839,105.517,106.121
2023-10-02,106.174,107.348,105.952,106.044
2023-10-09,106.101,106.787,105.535,106.648
2023-10-16,106.579,106.67,105.975,106.163
2023-10-23,106.163,106.894,105.36,106.559
2023-10-30,106.581,107.113,104.941,105.021
2023-11-06,105.069,106.006,104.848,105.861
2023-11-13,105.801,105.956,103.814,103.917
2023-11-20,103.815,104.213,103.178,103.403
2023-11-27,103.415,103.722,102.467,103.268
2023-12-04,103.193,104.263,103.064,104.01
2023-12-11,103.983,104.262,101.77,102.55
2023-12-18,102.594,102.634,101.429,101.698
2023-12-26,101.654,101.771,100.617,101.333
2024-01-02,101.417,103.101,101.34,102.412
2024-01-08,102.435,102.764,102.075,102.404
2024-01-15,102.439,103.692,102.313,103.288
2024-01-22,103.239,103.817,102.77,103.474
2024-01-29,103.474,104.043,102.901,103.962
2024-02-05,103.962,104.604,103.941,104.08
2024-02-12,104.08,104.976,103.895,104.275
2024-02-19,104.275,104.412,103.434,103.961
2024-02-26,103.961,104.292,103.609,103.885
2024-03-04,103.885,103.963,102.358,102.741
2024-03-11,102.741,103.494,102.636,103.446
2024-03-18,103.446,104.496,103.172,104.43
2024-03-25,104.43,104.727,104.012,104.538
2024-04-01,104.487,105.1,103.915,104.286
2024-04-08,104.292,106.109,103.88,106.013
2024-04-15,106.013,106.517,105.741,106.117
2024-04-22,106.118,106.395,105.414,106.092
2024-04-29,106.093,106.49,104.522,105.076
2024-05-06,105.076,105.742,104.867,105.314
2024-05-13,105.307,105.458,104.08,104.497
2024-05-20,104.497,105.119,104.394,104.747
2024-05-27,104.748,105.184,104.335,104.625
2024-06-03,104.625,104.946,103.993,104.934
2024-06-10,104.935,105.805,104.257,105.517
2024-06-17,105.509,105.915,105.125,105.832
2024-06-24,105.832,106.13,105.371,105.849
2024-07-01,105.849,106.054,104.825,104.875
2024-07-08,104.875,105.208,104.041,104.084
2024-07-15,104.084,104.51,103.65,104.365
2024-07-22,104.365,104.555,104.08,104.327
2024-07-29,104.328,104.799,103.125,103.22
2024-08-05,103.221,103.546,102.16,103.154
2024-08-12,103.154,103.31,102.27,102.402
2024-08-19,102.403,102.484,100.602,100.677
2024-08-26,100.678,101.783,100.514,101.732
2024-09-02,101.733,101.917,100.583,101.188
2024-09-09,101.187,101.839,100.883,101.114
2024-09-16,101.035,101.474,100.215,100.738
2024-09-23,100.738,101.229,100.157,100.417
2024-09-30,100.418,102.687,100.179,102.487
2024-10-07,102.487,103.178,102.292,102.915
2024-10-14,102.915,103.874,102.915,103.463
2024-10-21,103.464,104.57,103.421,104.317
2024-10-28,104.317,104.636,103.679,104.317
2024-11-04,104.317,105.441,103.373,104.951
2024-11-11,104.951,107.064,104.934,106.673
2024-11-18,106.672,108.071,106.111,107.49
2024-11-25,107.49,107.504,105.615,105.782
2024-12-02,105.782,106.731,105.42,105.97
2024-12-09,105.97,107.186,105.798,106.945
2024-12-16,106.945,108.541,106.698,107.815
2024-12-23,107.815,108.302,107.683,108.006
2024-12-30,108.006,109.533,107.739,108.922
2025-01-06,108.922,109.966,107.75,109.64
2025-01-13,109.64,110.176,108.602,109.405
2025-01-20,109.405,109.468,107.218,107.465
2025-01-27,107.465,108.565,106.969,108.501
2025-02-03,108.501,109.881,107.296,108.096
2025-02-10,108.096,108.523,106.566,106.793
2025-02-17,106.793,107.381,106.334,106.641
2025-02-24,106.641,107.661,106.126,107.564
2025-03-03,107.564,107.564,103.458,103.905
2025-03-10,103.905,104.091,103.221,103.734
2025-03-17,103.735,104.223,103.197,104.146
2025-03-24,104.147,104.683,103.842,104.011
2025-03-31,104.011,104.392,101.267,102.892
2025-04-07,103.069,103.54,99.014,99.783
2025-04-14,100.02,100.276,99.174,99.404
2025-04-21,99.078,99.939,97.921,99.587
2025-04-28,99.61,100.375,98.901,100.036
2025-05-05,100.002,100.862,99.172,100.424
2025-05-12,100.689,101.977,100.271,100.976
2025-05-19,100.905,100.905,99.047,99.104
2025-05-26,99.089,100.54,98.694,99.443
2025-06-02,99.408,99.42,98.351,99.202
2025-06-09,99.196,99.39,97.602,98.138
2025-06-16,98.261,99.157,97.685,98.774
2025-06-23,99.094,99.421,96.997,97.254
2025-06-30,97.185,97.422,96.377,96.985
2025-07-07,96.957,97.964,96.891,97.868
2025-07-14,97.959,98.95,97.714,98.462
2025-07-21,98.357,98.508,97.109,97.673
2025-07-28,97.577,100.257,97.492,98.684
2025-08-04,98.65,99.074,97.945,98.264
2025-08-11,98.237,98.671,97.626,97.839
2025-08-18,97.792,98.834,97.556,97.732
2025-08-25,97.725,98.733,97.693,97.855
2025-09-01,97.832,98.635,97.43,97.737
2025-09-08,97.79,98.087,97.253,97.615
2025-09-15,97.626,97.809,96.218,97.646
2025-09-22,97.649,98.605,97.199,98.182
2025-09-29,98.165,98.181,97.462,97.711
2025-10-06,97.957,99.563,97.957,98.854
2025-10-13,98.943,99.475,98.03,98.54
2025-10-20,98.668,99.139,98.386,98.938
2025-10-27,98.844,99.844,98.565,99.716
2025-11-03,99.754,100.36,99.398,99.556
2025-11-10,99.628,99.742,98.991,99.273
2025-11-17,99.266,100.395,99.245,100.196
2025-11-24,100.201,100.297,99.376,99.479
2025-12-01,99.48,99.567,98.765,98.986
2025-12-08,98.967,99.312,98.134,98.393
2025-12-15,98.401,98.749,97.869,98.718
2025-12-22,98.666,98.728,97.749,98.053
2025-12-29,98.049,98.499,97.915,98.433
2026-01-05,98.481,99.264,98.161,99.137
2026-01-12,99.165,99.492,98.672,99.375
2026-01-19,99.436,99.468,97.425,97.456
2026-01-26,97.025,97.333,95.551,97.147
2026-02-02,97.185,97.986,97.008,97.681
2026-02-09,97.7,97.761,96.494,96.884
2026-02-16,96.875,98.078,96.875,97.789
2026-02-23,97.698,98.002,97.355,97.646
2026-03-02,97.874,99.683,97.768,98.855
2026-03-09,98.855,100.54,98.492,100.494
2026-03-16,100.427,100.48,98.975,99.503
2026-03-23,99.681,100.206,98.88,100.193
2026-03-30,100.217,100.643,99.298,100.185
2026-04-06,100.181,100.286,98.525,98.697
2026-04-13,99.046,99.183,97.632,98.226
2026-04-20,98.277,98.939,98.006,98.51
2026-04-27,99.332,99.343,97.72,98.211
2026-05-04,98.052,98.579,97.625,97.842
2026-05-11,98.036,99.32,97.85,99.269
2026-05-18,99.278,99.515,98.944,99.319
2026-05-25,99.115,99.544,98.751,98.942
2026-06-01,98.957,100.109,98.919,100.071
2026-06-08,100.145,100.314,99.586,99.806
2026-06-15,99.536,101.127,99.384,100.76
2026-06-22,100.839,101.8,100.76,101.366
2026-06-29,101.368,101.595,100.558,100.878
2026-07-06,100.857,101.275,100.598,100.965