time,open,high,low,close
2024-05-10T15:00:00+08:00,105.272,105.295,105.204,105.268
2024-05-10T19:00:00+08:00,105.267,105.402,105.141,105.384
2024-05-10T23:00:00+08:00,105.387,105.402,105.242,105.3
2024-05-11T03:00:00+08:00,105.3,105.332,105.273,105.314
2024-05-13T05:00:00+08:00,105.31,105.355,105.289,105.346
2024-05-13T09:00:00+08:00,105.349,105.369,105.3,105.335
2024-05-13T13:00:00+08:00,105.338,105.353,105.239,105.245
2024-05-13T17:00:00+08:00,105.25,105.299,105.109,105.123
2024-05-13T21:00:00+08:00,105.123,105.235,105.055,105.194
2024-05-14T01:00:00+08:00,105.197,105.25,105.187,105.217
2024-05-14T05:00:00+08:00,105.217,105.235,105.208,105.213
2024-05-14T07:00:00+08:00,105.204,105.292,105.189,105.275
2024-05-14T11:00:00+08:00,105.274,105.299,105.251,105.264
2024-05-14T15:00:00+08:00,105.264,105.385,105.19,105.207
2024-05-14T19:00:00+08:00,105.212,105.458,104.958,104.974
2024-05-14T23:00:00+08:00,104.974,105.075,104.973,105.013
2024-05-15T03:00:00+08:00,105.012,105.025,104.99,105.021
2024-05-15T07:00:00+08:00,105.047,105.063,104.952,104.958
2024-05-15T11:00:00+08:00,104.958,104.985,104.908,104.913
2024-05-15T15:00:00+08:00,104.915,104.924,104.803,104.876
2024-05-15T19:00:00+08:00,104.879,104.888,104.413,104.578
2024-05-15T23:00:00+08:00,104.575,104.589,104.305,104.344
2024-05-16T03:00:00+08:00,104.346,104.361,104.283,104.283
2024-05-16T07:00:00+08:00,104.206,104.26,104.08,104.185
2024-05-16T11:00:00+08:00,104.184,104.325,104.155,104.319
2024-05-16T15:00:00+08:00,104.319,104.433,104.262,104.392
2024-05-16T19:00:00+08:00,104.391,104.626,104.373,104.469
2024-05-16T23:00:00+08:00,104.471,104.502,104.412,104.462
2024-05-17T03:00:00+08:00,104.464,104.522,104.46,104.491
2024-05-17T07:00:00+08:00,104.5,104.665,104.49,104.637
2024-05-17T11:00:00+08:00,104.638,104.643,104.539,104.57
2024-05-17T15:00:00+08:00,104.567,104.79,104.531,104.777
2024-05-17T19:00:00+08:00,104.777,104.798,104.41,104.421
2024-05-17T23:00:00+08:00,104.423,104.506,104.392,104.445
2024-05-18T03:00:00+08:00,104.446,104.505,104.439,104.497
2024-05-20T05:00:00+08:00,104.497,104.522,104.452,104.473
2024-05-20T09:00:00+08:00,104.475,104.507,104.402,104.425
2024-05-20T13:00:00+08:00,104.424,104.506,104.394,104.451
2024-05-20T17:00:00+08:00,104.453,104.649,104.449,104.626
2024-05-20T21:00:00+08:00,104.626,104.626,104.503,104.534
2024-05-21T01:00:00+08:00,104.535,104.624,104.491,104.62
2024-05-21T05:00:00+08:00,104.618,104.626,104.596,104.624
2024-05-21T07:00:00+08:00,104.596,104.703,104.596,104.661
2024-05-21T11:00:00+08:00,104.659,104.677,104.564,104.592
2024-05-21T15:00:00+08:00,104.592,104.604,104.477,104.535
2024-05-21T19:00:00+08:00,104.538,104.769,104.5,104.564
2024-05-21T23:00:00+08:00,104.565,104.708,104.559,104.661
2024-05-22T03:00:00+08:00,104.665,104.676,104.608,104.622
2024-05-22T07:00:00+08:00,104.617,104.649,104.557,104.606
2024-05-22T11:00:00+08:00,104.607,104.673,104.559,104.58
2024-05-22T15:00:00+08:00,104.583,104.783,104.57,104.774
2024-05-22T19:00:00+08:00,104.773,104.931,104.729,104.823
2024-05-22T23:00:00+08:00,104.822,104.954,104.694,104.933
2024-05-23T03:00:00+08:00,104.934,104.969,104.907,104.91
2024-05-23T07:00:00+08:00,104.902,104.937,104.866,104.877
2024-05-23T11:00:00+08:00,104.876,104.928,104.838,104.875
2024-05-23T15:00:00+08:00,104.879,104.959,104.72,104.749
2024-05-23T19:00:00+08:00,104.748,104.953,104.625,104.939
2024-05-23T23:00:00+08:00,104.944,105.112,104.887,105.108
2024-05-24T03:00:00+08:00,105.108,105.113,105.025,105.048
2024-05-24T07:00:00+08:00,105.035,105.107,105.029,105.091
2024-05-24T11:00:00+08:00,105.092,105.119,105.025,105.062
2024-05-24T15:00:00+08:00,105.061,105.061,104.819,104.848
2024-05-24T19:00:00+08:00,104.847,104.897,104.73,104.749
2024-05-24T23:00:00+08:00,104.748,104.752,104.638,104.723
2024-05-25T03:00:00+08:00,104.724,104.753,104.718,104.747
2024-05-27T05:00:00+08:00,104.748,104.748,104.7,104.72
2024-05-27T09:00:00+08:00,104.72,104.721,104.681,104.704
2024-05-27T13:00:00+08:00,104.705,104.748,104.677,104.713
2024-05-27T17:00:00+08:00,104.712,104.755,104.576,104.68
2024-05-27T21:00:00+08:00,104.684,104.696,104.566,104.583
2024-05-28T01:00:00+08:00,104.584,104.601,104.574,104.593
2024-05-28T05:00:00+08:00,104.594,104.614,104.578,104.582
2024-05-28T07:00:00+08:00,104.577,104.579,104.438,104.447
2024-05-28T11:00:00+08:00,104.445,104.479,104.411,104.464
2024-05-28T15:00:00+08:00,104.466,104.529,104.413,104.422
2024-05-28T19:00:00+08:00,104.424,104.574,104.335,104.452
2024-05-28T23:00:00+08:00,104.45,104.642,104.42,104.614
2024-05-29T03:00:00+08:00,104.612,104.632,104.583,104.613
2024-05-29T07:00:00+08:00,104.643,104.724,104.639,104.721
2024-05-29T11:00:00+08:00,104.721,104.745,104.623,104.651
2024-05-29T15:00:00+08:00,104.65,104.798,104.589,104.727
2024-05-29T19:00:00+08:00,104.731,105.033,104.657,105.009
2024-05-29T23:00:00+08:00,105.009,105.112,104.99,105.099
2024-05-30T03:00:00+08:00,105.099,105.143,105.098,105.117
2024-05-30T07:00:00+08:00,105.128,105.176,105.084,105.137
2024-05-30T11:00:00+08:00,105.142,105.184,105.091,105.096
2024-05-30T15:00:00+08:00,105.097,105.112,104.896,104.914
2024-05-30T19:00:00+08:00,104.912,104.936,104.632,104.669
2024-05-30T23:00:00+08:00,104.673,104.732,104.635,104.718
2024-05-31T03:00:00+08:00,104.716,104.798,104.716,104.744
2024-05-31T07:00:00+08:00,104.764,104.897,104.729,104.893
2024-05-31T11:00:00+08:00,104.894,104.894,104.797,104.813
2024-05-31T15:00:00+08:00,104.813,104.899,104.648,104.653
2024-05-31T19:00:00+08:00,104.653,104.667,104.361,104.571
2024-05-31T23:00:00+08:00,104.578,104.72,104.563,104.671
2024-06-01T03:00:00+08:00,104.674,104.684,104.596,104.625
2024-06-03T05:00:00+08:00,104.625,104.634,104.516,104.525
2024-06-03T09:00:00+08:00,104.523,104.635,104.507,104.607
2024-06-03T13:00:00+08:00,104.609,104.732,104.573,104.7
2024-06-03T17:00:00+08:00,104.698,104.767,104.554,104.592
2024-06-03T21:00:00+08:00,104.589,104.593,104.147,104.211
2024-06-04T01:00:00+08:00,104.212,104.251,104.063,104.064
2024-06-04T05:00:00+08:00,104.064,104.09,104.044,104.045
2024-06-04T07:00:00+08:00,104.054,104.108,103.993,104.075
2024-06-04T11:00:00+08:00,104.08,104.141,104.043,104.115
2024-06-04T15:00:00+08:00,104.121,104.317,104.101,104.28
2024-06-04T19:00:00+08:00,104.281,104.333,104.121,104.147
2024-06-04T23:00:00+08:00,104.148,104.186,104.038,104.109
2024-06-05T03:00:00+08:00,104.109,104.163,104.108,104.147
2024-06-05T07:00:00+08:00,104.17,104.196,104.125,104.166
2024-06-05T11:00:00+08:00,104.165,104.281,104.163,104.262
2024-06-05T15:00:00+08:00,104.267,104.366,104.239,104.331
2024-06-05T19:00:00+08:00,104.33,104.451,104.14,104.413
2024-06-05T23:00:00+08:00,104.415,104.46,104.251,104.267
2024-06-06T03:00:00+08:00,104.266,104.323,104.255,104.293
2024-06-06T07:00:00+08:00,104.253,104.261,104.049,104.095
2024-06-06T11:00:00+08:00,104.094,104.252,104.071,104.182
2024-06-06T15:00:00+08:00,104.185,104.327,104.155,104.254
2024-06-06T19:00:00+08:00,104.253,104.374,104.095,104.285
2024-06-06T23:00:00+08:00,104.288,104.288,104.089,104.103
2024-06-07T03:00:00+08:00,104.103,104.13,104.087,104.091
2024-06-07T07:00:00+08:00,104.094,104.163,104.087,104.096
2024-06-07T11:00:00+08:00,104.096,104.121,104.043,104.066
2024-06-07T15:00:00+08:00,104.067,104.143,103.999,104.131
2024-06-07T19:00:00+08:00,104.132,104.879,104.025,104.861
2024-06-07T23:00:00+08:00,104.863,104.928,104.829,104.885
2024-06-08T03:00:00+08:00,104.887,104.946,104.871,104.934
2024-06-10T05:00:00+08:00,104.935,105.135,104.935,105.082
2024-06-10T09:00:00+08:00,105.08,105.306,105.057,105.253
2024-06-10T13:00:00+08:00,105.255,105.304,105.142,105.243
2024-06-10T17:00:00+08:00,105.24,105.385,105.152,105.31
2024-06-10T21:00:00+08:00,105.31,105.352,105.15,105.2
2024-06-11T01:00:00+08:00,105.201,105.233,105.113,105.125
2024-06-11T05:00:00+08:00,105.126,105.147,105.102,105.103
2024-06-11T07:00:00+08:00,105.149,105.172,105.121,105.139
2024-06-11T11:00:00+08:00,105.141,105.153,105.095,105.136
2024-06-11T15:00:00+08:00,105.138,105.317,105.129,105.275
2024-06-11T19:00:00+08:00,105.279,105.459,105.266,105.447
2024-06-11T23:00:00+08:00,105.447,105.453,105.222,105.23
2024-06-12T03:00:00+08:00,105.234,105.281,105.18,105.256
2024-06-12T07:00:00+08:00,105.275,105.323,105.244,105.256
2024-06-12T11:00:00+08:00,105.257,105.306,105.22,105.277
2024-06-12T15:00:00+08:00,105.281,105.317,105.125,105.13
2024-06-12T19:00:00+08:00,105.13,105.14,104.271,104.293
2024-06-12T23:00:00+08:00,104.297,104.703,104.257,104.645
2024-06-13T03:00:00+08:00,104.649,104.767,104.609,104.684
2024-06-13T07:00:00+08:00,104.693,104.792,104.672,104.771
2024-06-13T11:00:00+08:00,104.77,104.854,104.764,104.841
2024-06-13T15:00:00+08:00,104.838,104.896,104.731,104.891
2024-06-13T19:00:00+08:00,104.89,105.097,104.642,105.03
2024-06-13T23:00:00+08:00,105.032,105.284,105.019,105.194
2024-06-14T03:00:00+08:00,105.197,105.246,105.184,105.239
2024-06-14T07:00:00+08:00,105.231,105.276,105.2,105.214
2024-06-14T11:00:00+08:00,105.213,105.479,105.179,105.421
2024-06-14T15:00:00+08:00,105.423,105.725,105.4,105.532
2024-06-14T19:00:00+08:00,105.537,105.805,105.49,105.663
2024-06-14T23:00:00+08:00,105.663,105.691,105.495,105.55
2024-06-15T03:00:00+08:00,105.552,105.554,105.492,105.517
2024-06-17T05:00:00+08:00,105.509,105.556,105.488,105.529
2024-06-17T09:00:00+08:00,105.533,105.576,105.515,105.528
2024-06-17T13:00:00+08:00,105.529,105.647,105.515,105.557
2024-06-17T17:00:00+08:00,105.561,105.618,105.504,105.564
2024-06-17T21:00:00+08:00,105.564,105.576,105.408,105.424
2024-06-18T01:00:00+08:00,105.428,105.429,105.306,105.334
2024-06-18T05:00:00+08:00,105.339,105.355,105.329,105.331
2024-06-18T07:00:00+08:00,105.297,105.402,105.259,105.399
2024-06-18T11:00:00+08:00,105.4,105.458,105.362,105.367
2024-06-18T15:00:00+08:00,105.372,105.538,105.361,105.492
2024-06-18T19:00:00+08:00,105.491,105.564,105.125,105.319
2024-06-18T23:00:00+08:00,105.318,105.342,105.227,105.256
2024-06-19T03:00:00+08:00,105.256,105.29,105.249,105.253
2024-06-19T07:00:00+08:00,105.258,105.299,105.232,105.263
2024-06-19T11:00:00+08:00,105.263,105.309,105.23,105.284
2024-06-19T15:00:00+08:00,105.282,105.337,105.154,105.168
2024-06-19T19:00:00+08:00,105.171,105.247,105.153,105.184
2024-06-19T23:00:00+08:00,105.186,105.259,105.174,105.255
2024-06-20T03:00:00+08:00,105.252,105.258,105.217,105.225
2024-06-20T07:00:00+08:00,105.204,105.29,105.203,105.285
2024-06-20T11:00:00+08:00,105.285,105.351,105.248,105.338
2024-06-20T15:00:00+08:00,105.338,105.518,105.308,105.406
2024-06-20T19:00:00+08:00,105.403,105.529,105.382,105.484
2024-06-20T23:00:00+08:00,105.486,105.655,105.475,105.587
2024-06-21T03:00:00+08:00,105.585,105.665,105.583,105.655
2024-06-21T07:00:00+08:00,105.64,105.664,105.552,105.568
2024-06-21T11:00:00+08:00,105.571,105.631,105.536,105.619
2024-06-21T15:00:00+08:00,105.62,105.866,105.62,105.836
2024-06-21T19:00:00+08:00,105.833,105.915,105.724,105.904
2024-06-21T23:00:00+08:00,105.905,105.912,105.784,105.795
2024-06-22T03:00:00+08:00,105.795,105.839,105.777,105.832
2024-06-24T05:00:00+08:00,105.832,105.9,105.804,105.837
2024-06-24T09:00:00+08:00,105.839,105.896,105.807,105.812
2024-06-24T13:00:00+08:00,105.812,105.815,105.634,105.671
2024-06-24T17:00:00+08:00,105.674,105.676,105.504,105.507
2024-06-24T21:00:00+08:00,105.506,105.57,105.374,105.546
2024-06-25T01:00:00+08:00,105.546,105.595,105.451,105.492
2024-06-25T05:00:00+08:00,105.492,105.499,105.481,105.482
2024-06-25T07:00:00+08:00,105.513,105.514,105.429,105.435
2024-06-25T11:00:00+08:00,105.432,105.48,105.371,105.474
2024-06-25T15:00:00+08:00,105.475,105.543,105.449,105.53
2024-06-25T19:00:00+08:00,105.531,105.782,105.528,105.726
2024-06-25T23:00:00+08:00,105.727,105.729,105.592,105.606
2024-06-26T03:00:00+08:00,105.61,105.65,105.586,105.619
2024-06-26T07:00:00+08:00,105.657,105.699,105.609,105.67
2024-06-26T11:00:00+08:00,105.672,105.788,105.644,105.781
2024-06-26T15:00:00+08:00,105.781,105.934,105.767,105.933
2024-06-26T19:00:00+08:00,105.935,106.13,105.878,106.028
2024-06-26T23:00:00+08:00,106.032,106.074,105.956,106.052
2024-06-27T03:00:00+08:00,106.053,106.102,106.042,106.049
2024-06-27T07:00:00+08:00,106.065,106.082,105.943,105.966
2024-06-27T11:00:00+08:00,105.966,105.977,105.865,105.921
2024-06-27T15:00:00+08:00,105.922,106.039,105.848,105.854
2024-06-27T19:00:00+08:00,105.853,105.955,105.708,105.831
2024-06-27T23:00:00+08:00,105.833,105.932,105.829,105.906
2024-06-28T03:00:00+08:00,105.905,105.945,105.894,105.927
2024-06-28T07:00:00+08:00,105.923,106.126,105.873,106.028
2024-06-28T11:00:00+08:00,106.029,106.118,105.986,106.002
2024-06-28T15:00:00+08:00,106.006,106.05,105.842,105.842
2024-06-28T19:00:00+08:00,105.843,106.011,105.784,105.825
2024-06-28T23:00:00+08:00,105.824,105.899,105.745,105.866
2024-06-29T03:00:00+08:00,105.864,105.919,105.846,105.849
2024-07-01T05:00:00+08:00,105.849,105.849,105.631,105.665
2024-07-01T09:00:00+08:00,105.667,105.684,105.543,105.608
2024-07-01T13:00:00+08:00,105.608,105.645,105.425,105.507
2024-07-01T17:00:00+08:00,105.508,105.771,105.508,105.708
2024-07-01T21:00:00+08:00,105.706,105.982,105.531,105.876
2024-07-02T01:00:00+08:00,105.875,105.946,105.796,105.811
2024-07-02T05:00:00+08:00,105.81,105.834,105.802,105.83
2024-07-02T07:00:00+08:00,105.847,105.901,105.831,105.883
2024-07-02T11:00:00+08:00,105.883,105.953,105.882,105.952
2024-07-02T15:00:00+08:00,105.955,106.054,105.938,105.979
2024-07-02T19:00:00+08:00,105.978,106.002,105.711,105.738
2024-07-02T23:00:00+08:00,105.741,105.839,105.716,105.723
2024-07-03T03:00:00+08:00,105.726,105.731,105.661,105.671
2024-07-03T07:00:00+08:00,105.668,105.747,105.631,105.723
2024-07-03T11:00:00+08:00,105.725,105.804,105.708,105.72
2024-07-03T15:00:00+08:00,105.72,105.72,105.593,105.639
2024-07-03T19:00:00+08:00,105.64,105.656,105.049,105.179
2024-07-03T23:00:00+08:00,105.181,105.418,105.141,105.402
2024-07-04T03:00:00+08:00,105.405,105.406,105.331,105.336
2024-07-04T07:00:00+08:00,105.323,105.326,105.232,105.323
2024-07-04T11:00:00+08:00,105.326,105.357,105.281,105.283
2024-07-04T15:00:00+08:00,105.282,105.315,105.187,105.187
2024-07-04T19:00:00+08:00,105.187,105.239,105.13,105.144
2024-07-04T23:00:00+08:00,105.143,105.155,105.102,105.131
2024-07-05T03:00:00+08:00,105.132,105.145,105.117,105.126
2024-07-05T07:00:00+08:00,105.165,105.169,105.047,105.063
2024-07-05T11:00:00+08:00,105.06,105.063,104.974,105.029
2024-07-05T15:00:00+08:00,105.028,105.052,104.921,104.987
2024-07-05T19:00:00+08:00,104.985,105.141,104.825,105.011
2024-07-05T23:00:00+08:00,105.013,105.042,104.873,104.876
2024-07-06T03:00:00+08:00,104.877,104.894,104.843,104.875
2024-07-08T05:00:00+08:00,104.875,105.007,104.875,104.986
2024-07-08T09:00:00+08:00,104.986,105.002,104.851,104.917
2024-07-08T13:00:00+08:00,104.916,105.034,104.861,104.913
2024-07-08T17:00:00+08:00,104.911,105.004,104.807,104.815
2024-07-08T21:00:00+08:00,104.813,104.969,104.801,104.938
2024-07-09T01:00:00+08:00,104.938,105.034,104.929,105.024
2024-07-09T05:00:00+08:00,105.022,105.022,105.006,105.014
2024-07-09T07:00:00+08:00,104.99,105.098,104.955,105.036
2024-07-09T11:00:00+08:00,105.037,105.042,104.979,105.016
2024-07-09T15:00:00+08:00,105.018,105.089,104.969,105.035
2024-07-09T19:00:00+08:00,105.037,105.15,104.989,105.121
2024-07-09T23:00:00+08:00,105.125,105.208,105.088,105.127
2024-07-10T03:00:00+08:00,105.127,105.149,105.105,105.122
2024-07-10T07:00:00+08:00,105.122,105.174,105.106,105.126
2024-07-10T11:00:00+08:00,105.127,105.137,105.067,105.077
2024-07-10T15:00:00+08:00,105.075,105.167,105.055,105.079
2024-07-10T19:00:00+08:00,105.082,105.094,104.996,105.062
2024-07-10T23:00:00+08:00,105.059,105.108,105.007,105.048
2024-07-11T03:00:00+08:00,105.052,105.063,104.981,104.984
2024-07-11T07:00:00+08:00,104.987,104.993,104.915,104.946
2024-07-11T11:00:00+08:00,104.949,104.994,104.93,104.984
2024-07-11T15:00:00+08:00,104.987,104.995,104.826,104.862
2024-07-11T19:00:00+08:00,104.863,104.895,104.077,104.322
2024-07-11T23:00:00+08:00,104.326,104.524,104.3,104.44
2024-07-12T03:00:00+08:00,104.441,104.501,104.434,104.501
2024-07-12T07:00:00+08:00,104.518,104.546,104.33,104.523
2024-07-12T11:00:00+08:00,104.522,104.527,104.422,104.518
2024-07-12T15:00:00+08:00,104.517,104.545,104.315,104.321
2024-07-12T19:00:00+08:00,104.318,104.43,104.045,104.053
2024-07-12T23:00:00+08:00,104.053,104.143,104.041,104.093
2024-07-13T03:00:00+08:00,104.097,104.112,104.049,104.084
2024-07-15T05:00:00+08:00,104.084,104.319,104.084,104.264
2024-07-15T09:00:00+08:00,104.267,104.293,104.195,104.214
2024-07-15T13:00:00+08:00,104.215,104.293,104.08,104.08
2024-07-15T17:00:00+08:00,104.085,104.194,104.039,104.139
2024-07-15T21:00:00+08:00,104.138,104.192,104.03,104.134
2024-07-16T01:00:00+08:00,104.137,104.275,104.132,104.266
2024-07-16T05:00:00+08:00,104.267,104.267,104.237,104.254
2024-07-16T07:00:00+08:00,104.246,104.362,104.242,104.347
2024-07-16T11:00:00+08:00,104.347,104.4,104.317,104.364
2024-07-16T15:00:00+08:00,104.359,104.362,104.239,104.278
2024-07-16T19:00:00+08:00,104.28,104.51,104.197,104.439
2024-07-16T23:00:00+08:00,104.441,104.441,104.261,104.271
2024-07-17T03:00:00+08:00,104.27,104.279,104.209,104.243
2024-07-17T07:00:00+08:00,104.221,104.294,104.188,104.212
2024-07-17T11:00:00+08:00,104.21,104.242,104.14,104.19
2024-07-17T15:00:00+08:00,104.192,104.214,103.662,103.807
2024-07-17T19:00:00+08:00,103.806,103.83,103.65,103.815
2024-07-17T23:00:00+08:00,103.813,103.878,103.739,103.749
2024-07-18T03:00:00+08:00,103.747,103.772,103.723,103.743
2024-07-18T07:00:00+08:00,103.697,103.804,103.653,103.778
2024-07-18T11:00:00+08:00,103.778,103.841,103.718,103.784
2024-07-18T15:00:00+08:00,103.785,103.85,103.734,103.799
2024-07-18T19:00:00+08:00,103.804,104.025,103.772,103.957
2024-07-18T23:00:00+08:00,103.959,104.2,103.952,104.173
2024-07-19T03:00:00+08:00,104.175,104.228,104.162,104.178
2024-07-19T07:00:00+08:00,104.16,104.282,104.13,104.227
2024-07-19T11:00:00+08:00,104.228,104.341,104.226,104.272
2024-07-19T15:00:00+08:00,104.279,104.399,104.207,104.333
2024-07-19T19:00:00+08:00,104.333,104.386,104.265,104.301
2024-07-19T23:00:00+08:00,104.298,104.42,104.286,104.396
2024-07-20T03:00:00+08:00,104.394,104.411,104.36,104.365
2024-07-22T05:00:00+08:00,104.365,104.365,104.181,104.26
2024-07-22T09:00:00+08:00,104.258,104.357,104.249,104.327
2024-07-22T13:00:00+08:00,104.328,104.348,104.217,104.259
2024-07-22T17:00:00+08:00,104.262,104.392,104.19,104.349
2024-07-22T21:00:00+08:00,104.352,104.424,104.309,104.34
2024-07-23T01:00:00+08:00,104.343,104.343,104.294,104.299
2024-07-23T05:00:00+08:00,104.299,104.312,104.281,104.281
2024-07-23T07:00:00+08:00,104.308,104.313,104.24,104.268
2024-07-23T11:00:00+08:00,104.268,104.349,104.204,104.326
2024-07-23T15:00:00+08:00,104.328,104.47,104.256,104.416
2024-07-23T19:00:00+08:00,104.417,104.535,104.359,104.525
2024-07-23T23:00:00+08:00,104.525,104.526,104.416,104.448
2024-07-24T03:00:00+08:00,104.449,104.476,104.426,104.467
2024-07-24T07:00:00+08:00,104.477,104.542,104.435,104.499
2024-07-24T11:00:00+08:00,104.497,104.506,104.366,104.443
2024-07-24T15:00:00+08:00,104.442,104.555,104.376,104.398
2024-07-24T19:00:00+08:00,104.403,104.432,104.122,104.19
2024-07-24T23:00:00+08:00,104.188,104.405,104.16,104.39
2024-07-25T03:00:00+08:00,104.391,104.418,104.324,104.329
2024-07-25T07:00:00+08:00,104.375,104.397,104.243,104.266
2024-07-25T11:00:00+08:00,104.269,104.344,104.193,104.334
2024-07-25T15:00:00+08:00,104.334,104.374,104.08,104.183
2024-07-25T19:00:00+08:00,104.186,104.455,104.167,104.276
2024-07-25T23:00:00+08:00,104.277,104.359,104.176,104.354
2024-07-26T03:00:00+08:00,104.359,104.419,104.316,104.399
2024-07-26T07:00:00+08:00,104.355,104.367,104.249,104.328
2024-07-26T11:00:00+08:00,104.327,104.335,104.256,104.315
2024-07-26T15:00:00+08:00,104.319,104.45,104.304,104.365
2024-07-26T19:00:00+08:00,104.369,104.436,104.207,104.311
2024-07-26T23:00:00+08:00,104.31,104.362,104.235,104.316
2024-07-27T03:00:00+08:00,104.318,104.334,104.295,104.327
2024-07-29T05:00:00+08:00,104.328,104.403,104.207,104.235
2024-07-29T09:00:00+08:00,104.237,104.28,104.138,104.255
2024-07-29T13:00:00+08:00,104.259,104.527,104.224,104.521
2024-07-29T17:00:00+08:00,104.519,104.628,104.413,104.606
2024-07-29T21:00:00+08:00,104.607,104.752,104.553,104.576
2024-07-30T01:00:00+08:00,104.573,104.593,104.535,104.572
2024-07-30T05:00:00+08:00,104.578,104.578,104.555,104.569
2024-07-30T07:00:00+08:00,104.558,104.649,104.553,104.608
2024-07-30T11:00:00+08:00,104.613,104.705,104.557,104.666
2024-07-30T15:00:00+08:00,104.671,104.691,104.539,104.553
2024-07-30T19:00:00+08:00,104.556,104.799,104.553,104.728
2024-07-30T23:00:00+08:00,104.729,104.738,104.486,104.554
2024-07-31T03:00:00+08:00,104.557,104.58,104.449,104.451
2024-07-31T07:00:00+08:00,104.426,104.489,104.353,104.402
2024-07-31T11:00:00+08:00,104.407,104.531,104.281,104.34
2024-07-31T15:00:00+08:00,104.343,104.444,104.098,104.12
2024-07-31T19:00:00+08:00,104.119,104.206,103.926,104.156
2024-07-31T23:00:00+08:00,104.158,104.368,104.074,104.096
2024-08-01T03:00:00+08:00,104.1,104.106,103.983,104.015
2024-08-01T07:00:00+08:00,104.073,104.079,103.863,104.033
2024-08-01T11:00:00+08:00,104.035,104.227,103.938,104.167
2024-08-01T15:00:00+08:00,104.163,104.429,104.136,104.37
2024-08-01T19:00:00+08:00,104.372,104.412,104.092,104.311
2024-08-01T23:00:00+08:00,104.313,104.447,104.297,104.42
2024-08-02T03:00:00+08:00,104.422,104.436,104.331,104.343
2024-08-02T07:00:00+08:00,104.307,104.426,104.302,104.373
2024-08-02T11:00:00+08:00,104.372,104.375,104.193,104.26
2024-08-02T15:00:00+08:00,104.266,104.334,104.094,104.1
2024-08-02T19:00:00+08:00,104.1,104.1,103.125,103.158
2024-08-02T23:00:00+08:00,103.162,103.356,103.128,103.208
2024-08-03T03:00:00+08:00,103.207,103.252,103.181,103.22
2024-08-05T05:00:00+08:00,103.221,103.277,103.033,103.106
2024-08-05T09:00:00+08:00,103.107,103.132,102.648,102.748
2024-08-05T13:00:00+08:00,102.749,103.02,102.414,102.609
2024-08-05T17:00:00+08:00,102.611,102.715,102.16,102.308
2024-08-05T21:00:00+08:00,102.31,102.792,102.204,102.715
2024-08-06T01:00:00+08:00,102.715,102.841,102.636,102.737
2024-08-06T05:00:00+08:00,102.74,102.755,102.672,102.675
2024-08-06T07:00:00+08:00,102.78,102.967,102.7,102.832
2024-08-06T11:00:00+08:00,102.83,103.008,102.8,102.966
2024-08-06T15:00:00+08:00,102.969,103.173,102.928,103.15
2024-08-06T19:00:00+08:00,103.156,103.225,102.886,102.907
2024-08-06T23:00:00+08:00,102.906,103.061,102.906,102.97
2024-08-07T03:00:00+08:00,102.971,103.02,102.887,102.93
2024-08-07T07:00:00+08:00,102.954,103.316,102.916,103.221
2024-08-07T11:00:00+08:00,103.22,103.368,103.187,103.187
2024-08-07T15:00:00+08:00,103.191,103.305,103.083,103.205
2024-08-07T19:00:00+08:00,103.208,103.273,103.077,103.138
2024-08-07T23:00:00+08:00,103.139,103.241,103.114,103.198
2024-08-08T03:00:00+08:00,103.195,103.221,103.158,103.187
2024-08-08T07:00:00+08:00,103.092,103.148,102.998,103.074
2024-08-08T11:00:00+08:00,103.075,103.092,102.947,102.956
2024-08-08T15:00:00+08:00,102.955,103.148,102.916,103.098
2024-08-08T19:00:00+08:00,103.102,103.546,103.039,103.329
2024-08-08T23:00:00+08:00,103.335,103.338,103.208,103.208
2024-08-09T03:00:00+08:00,103.209,103.244,103.2,103.236
2024-08-09T07:00:00+08:00,103.265,103.302,103.171,103.214
2024-08-09T11:00:00+08:00,103.217,103.227,103.117,103.123
2024-08-09T15:00:00+08:00,103.121,103.23,103.099,103.22
2024-08-09T19:00:00+08:00,103.221,103.255,103.028,103.093
2024-08-09T23:00:00+08:00,103.096,103.166,103.049,103.135
2024-08-10T03:00:00+08:00,103.135,103.173,103.119,103.154
2024-08-12T05:00:00+08:00,103.154,103.236,103.149,103.169
2024-08-12T09:00:00+08:00,103.168,103.235,103.125,103.187
2024-08-12T13:00:00+08:00,103.19,103.243,103.132,103.21
2024-08-12T17:00:00+08:00,103.209,103.274,103.155,103.259
2024-08-12T21:00:00+08:00,103.257,103.31,103.094,103.211
2024-08-13T01:00:00+08:00,103.21,103.212,103.095,103.131
2024-08-13T05:00:00+08:00,103.13,103.142,103.115,103.129
2024-08-13T07:00:00+08:00,103.093,103.179,103.074,103.12
2024-08-13T11:00:00+08:00,103.122,103.159,103.085,103.15
2024-08-13T15:00:00+08:00,103.152,103.272,103.131,103.201
2024-08-13T19:00:00+08:00,103.204,103.21,102.86,102.903
2024-08-13T23:00:00+08:00,102.902,102.964,102.558,102.559
2024-08-14T03:00:00+08:00,102.563,102.662,102.55,102.603
2024-08-14T07:00:00+08:00,102.61,102.675,102.556,102.607
2024-08-14T11:00:00+08:00,102.605,102.72,102.6,102.642
2024-08-14T15:00:00+08:00,102.641,102.672,102.419,102.449
2024-08-14T19:00:00+08:00,102.449,102.65,102.27,102.361
2024-08-14T23:00:00+08:00,102.363,102.615,102.355,102.568
2024-08-15T03:00:00+08:00,102.572,102.622,102.565,102.569
2024-08-15T07:00:00+08:00,102.626,102.686,102.583,102.639
2024-08-15T11:00:00+08:00,102.64,102.645,102.538,102.546
2024-08-15T15:00:00+08:00,102.547,102.643,102.542,102.579
2024-08-15T19:00:00+08:00,102.58,103.227,102.536,102.928
2024-08-15T23:00:00+08:00,102.928,103.046,102.859,102.977
2024-08-16T03:00:00+08:00,102.979,103.072,102.962,103.041
2024-08-16T07:00:00+08:00,103.035,103.051,102.911,102.93
2024-08-16T11:00:00+08:00,102.932,102.981,102.876,102.938
2024-08-16T15:00:00+08:00,102.937,102.969,102.753,102.755
2024-08-16T19:00:00+08:00,102.754,102.838,102.631,102.754
2024-08-16T23:00:00+08:00,102.754,102.773,102.457,102.464
2024-08-17T03:00:00+08:00,102.462,102.489,102.393,102.402
2024-08-19T05:00:00+08:00,102.403,102.484,102.38,102.407
2024-08-19T09:00:00+08:00,102.408,102.427,102.135,102.174
2024-08-19T13:00:00+08:00,102.172,102.184,102.001,102.17
2024-08-19T17:00:00+08:00,102.17,102.26,102.12,102.182
2024-08-19T21:00:00+08:00,102.184,102.272,101.899,101.94
2024-08-20T01:00:00+08:00,101.944,101.972,101.851,101.863
2024-08-20T05:00:00+08:00,101.863,101.882,101.85,101.85
2024-08-20T07:00:00+08:00,101.878,101.975,101.769,101.964
2024-08-20T11:00:00+08:00,101.961,102.009,101.889,101.912
2024-08-20T15:00:00+08:00,101.917,101.96,101.761,101.802
2024-08-20T19:00:00+08:00,101.805,101.861,101.477,101.533
2024-08-20T23:00:00+08:00,101.534,101.655,101.437,101.439
2024-08-21T03:00:00+08:00,101.442,101.45,101.361,101.379
2024-08-21T07:00:00+08:00,101.347,101.463,101.31,101.427
2024-08-21T11:00:00+08:00,101.427,101.545,101.419,101.52
2024-08-21T15:00:00+08:00,101.519,101.599,101.419,101.482
2024-08-21T19:00:00+08:00,101.479,101.634,101.345,101.399
2024-08-21T23:00:00+08:00,101.399,101.399,100.923,101.039
2024-08-22T03:00:00+08:00,101.039,101.201,101.039,101.136
2024-08-22T07:00:00+08:00,101.133,101.271,101.093,101.238
2024-08-22T11:00:00+08:00,101.237,101.252,101.159,101.183
2024-08-22T15:00:00+08:00,101.186,101.299,101.091,101.225
2024-08-22T19:00:00+08:00,101.226,101.625,101.224,101.468
2024-08-22T23:00:00+08:00,101.47,101.607,101.445,101.508
2024-08-23T03:00:00+08:00,101.508,101.566,101.486,101.519
2024-08-23T07:00:00+08:00,101.461,101.502,101.297,101.348
2024-08-23T11:00:00+08:00,101.351,101.391,101.259,101.285
2024-08-23T15:00:00+08:00,101.291,101.458,101.273,101.413
2024-08-23T19:00:00+08:00,101.414,101.554,100.809,100.89
2024-08-23T23:00:00+08:00,100.896,100.948,100.602,100.716
2024-08-24T03:00:00+08:00,100.718,100.73,100.642,100.677
2024-08-26T05:00:00+08:00,100.678,100.719,100.536,100.604
2024-08-26T09:00:00+08:00,100.608,100.725,100.534,100.713
2024-08-26T13:00:00+08:00,100.717,100.763,100.638,100.709
2024-08-26T17:00:00+08:00,100.708,100.884,100.702,100.814
2024-08-26T21:00:00+08:00,100.816,100.923,100.707,100.798
2024-08-27T01:00:00+08:00,100.794,100.91,100.748,100.88
2024-08-27T05:00:00+08:00,100.885,100.886,100.856,100.859
2024-08-27T07:00:00+08:00,100.816,100.93,100.816,100.871
2024-08-27T11:00:00+08:00,100.87,100.899,100.804,100.892
2024-08-27T15:00:00+08:00,100.889,100.909,100.736,100.827
2024-08-27T19:00:00+08:00,100.826,100.905,100.699,100.734
2024-08-27T23:00:00+08:00,100.73,100.787,100.514,100.552
2024-08-28T03:00:00+08:00,100.556,100.591,100.543,100.551
2024-08-28T07:00:00+08:00,100.553,100.728,100.553,100.728
2024-08-28T11:00:00+08:00,100.728,100.955,100.708,100.865
2024-08-28T15:00:00+08:00,100.869,101.006,100.772,100.986
2024-08-28T19:00:00+08:00,100.986,101.161,100.896,100.955
2024-08-28T23:00:00+08:00,100.953,101.177,100.946,101.094
2024-08-29T03:00:00+08:00,101.095,101.123,101.031,101.038
2024-08-29T07:00:00+08:00,100.996,101.032,100.932,100.976
2024-08-29T11:00:00+08:00,100.974,100.984,100.885,100.97
2024-08-29T15:00:00+08:00,100.969,101.357,100.957,101.159
2024-08-29T19:00:00+08:00,101.16,101.578,101.145,101.478
2024-08-29T23:00:00+08:00,101.478,101.5,101.277,101.341
2024-08-30T03:00:00+08:00,101.344,101.397,101.332,101.371
2024-08-30T07:00:00+08:00,101.379,101.417,101.32,101.401
2024-08-30T11:00:00+08:00,101.4,101.413,101.328,101.33
2024-08-30T15:00:00+08:00,101.329,101.426,101.245,101.409
2024-08-30T19:00:00+08:00,101.409,101.648,101.337,101.517
2024-08-30T23:00:00+08:00,101.516,101.783,101.496,101.696
2024-08-31T03:00:00+08:00,101.699,101.735,101.658,101.732
2024-09-02T05:00:00+08:00,101.733,101.799,101.666,101.69
2024-09-02T09:00:00+08:00,101.688,101.758,101.647,101.707
2024-09-02T13:00:00+08:00,101.705,101.74,101.569,101.655
2024-09-02T17:00:00+08:00,101.655,101.75,101.611,101.676
2024-09-02T21:00:00+08:00,101.68,101.742,101.647,101.679
2024-09-03T01:00:00+08:00,101.681,101.681,101.638,101.647
2024-09-03T05:00:00+08:00,101.65,101.668,101.639,101.644
2024-09-03T07:00:00+08:00,101.664,101.768,101.639,101.697
2024-09-03T11:00:00+08:00,101.697,101.773,101.676,101.676
2024-09-03T15:00:00+08:00,101.678,101.859,101.626,101.845
2024-09-03T19:00:00+08:00,101.848,101.866,101.561,101.786
2024-09-03T23:00:00+08:00,101.79,101.917,101.748,101.825
2024-09-04T03:00:00+08:00,101.826,101.83,101.737,101.773
2024-09-04T07:00:00+08:00,101.686,101.735,101.648,101.687
2024-09-04T11:00:00+08:00,101.687,101.711,101.591,101.628
2024-09-04T15:00:00+08:00,101.633,101.702,101.571,101.664
2024-09-04T19:00:00+08:00,101.667,101.778,101.238,101.276
2024-09-04T23:00:00+08:00,101.28,101.459,101.26,101.359
2024-09-05T03:00:00+08:00,101.362,101.366,101.262,101.269
2024-09-05T07:00:00+08:00,101.282,101.339,101.232,101.312
2024-09-05T11:00:00+08:00,101.312,101.351,101.203,101.244
2024-09-05T15:00:00+08:00,101.244,101.322,101.143,101.161
2024-09-05T19:00:00+08:00,101.162,101.372,100.964,101.336
2024-09-05T23:00:00+08:00,101.338,101.343,101.023,101.106
2024-09-06T03:00:00+08:00,101.107,101.126,101.049,101.057
2024-09-06T07:00:00+08:00,101.058,101.058,101.006,101.031
2024-09-06T11:00:00+08:00,101.032,101.035,100.865,100.866
2024-09-06T15:00:00+08:00,100.871,101.015,100.843,101.012
2024-09-06T19:00:00+08:00,101.009,101.395,100.583,101.052
2024-09-06T23:00:00+08:00,101.057,101.335,100.758,101.178
2024-09-07T03:00:00+08:00,101.179,101.214,101.165,101.188
2024-09-09T05:00:00+08:00,101.187,101.253,101.14,101.247
2024-09-09T09:00:00+08:00,101.25,101.34,101.174,101.331
2024-09-09T13:00:00+08:00,101.329,101.588,101.326,101.583
2024-09-09T17:00:00+08:00,101.584,101.696,101.504,101.624
2024-09-09T21:00:00+08:00,101.629,101.629,101.487,101.501
2024-09-10T01:00:00+08:00,101.499,101.651,101.455,101.643
2024-09-10T05:00:00+08:00,101.641,101.643,101.605,101.607
2024-09-10T07:00:00+08:00,101.635,101.722,101.633,101.682
2024-09-10T11:00:00+08:00,101.681,101.681,101.564,101.564
2024-09-10T15:00:00+08:00,101.563,101.694,101.561,101.567
2024-09-10T19:00:00+08:00,101.566,101.767,101.543,101.734
2024-09-10T23:00:00+08:00,101.737,101.744,101.61,101.629
2024-09-11T03:00:00+08:00,101.633,101.685,101.601,101.659
2024-09-11T07:00:00+08:00,101.659,101.683,101.42,101.516
2024-09-11T11:00:00+08:00,101.515,101.545,101.267,101.39
2024-09-11T15:00:00+08:00,101.394,101.463,101.345,101.391
2024-09-11T19:00:00+08:00,101.392,101.82,101.361,101.699
2024-09-11T23:00:00+08:00,101.701,101.732,101.647,101.685
2024-09-12T03:00:00+08:00,101.684,101.747,101.633,101.719
2024-09-12T07:00:00+08:00,101.775,101.838,101.748,101.786
2024-09-12T11:00:00+08:00,101.785,101.789,101.676,101.789
2024-09-12T15:00:00+08:00,101.787,101.839,101.691,101.7
2024-09-12T19:00:00+08:00,101.705,101.772,101.513,101.567
2024-09-12T23:00:00+08:00,101.571,101.627,101.356,101.366
2024-09-13T03:00:00+08:00,101.369,101.371,101.225,101.235
2024-09-13T07:00:00+08:00,101.199,101.199,101.014,101.059
2024-09-13T11:00:00+08:00,101.06,101.161,101.006,101.118
2024-09-13T15:00:00+08:00,101.119,101.196,100.897,101.025
2024-09-13T19:00:00+08:00,101.024,101.123,100.883,100.973
2024-09-13T23:00:00+08:00,100.971,101.129,100.951,101.113
2024-09-14T03:00:00+08:00,101.114,101.137,101.083,101.114
2024-09-16T05:00:00+08:00,101.035,101.051,100.951,100.97
2024-09-16T09:00:00+08:00,100.974,100.996,100.8,100.874
2024-09-16T13:00:00+08:00,100.877,100.889,100.631,100.66
2024-09-16T17:00:00+08:00,100.662,100.764,100.587,100.692
2024-09-16T21:00:00+08:00,100.695,100.824,100.604,100.712
2024-09-17T01:00:00+08:00,100.713,100.805,100.658,100.665
2024-09-17T05:00:00+08:00,100.664,100.709,100.661,100.707
2024-09-17T07:00:00+08:00,100.757,100.758,100.664,100.7
2024-09-17T11:00:00+08:00,100.701,100.765,100.654,100.742
2024-09-17T15:00:00+08:00,100.742,100.754,100.567,100.667
2024-09-17T19:00:00+08:00,100.669,100.938,100.584,100.855
2024-09-17T23:00:00+08:00,100.857,100.999,100.842,100.892
2024-09-18T03:00:00+08:00,100.894,101.028,100.884,101.012
2024-09-18T07:00:00+08:00,100.936,100.936,100.816,100.827
2024-09-18T11:00:00+08:00,100.829,100.893,100.806,100.869
2024-09-18T15:00:00+08:00,100.868,100.88,100.698,100.775
2024-09-18T19:00:00+08:00,100.775,100.96,100.701,100.903
2024-09-18T23:00:00+08:00,100.901,100.958,100.215,100.596
2024-09-19T03:00:00+08:00,100.596,101.146,100.585,100.933
2024-09-19T07:00:00+08:00,101.008,101.474,101.006,101.147
2024-09-19T11:00:00+08:00,101.148,101.18,100.718,100.718
2024-09-19T15:00:00+08:00,100.716,100.756,100.518,100.595
2024-09-19T19:00:00+08:00,100.594,101.064,100.531,100.886
2024-09-19T23:00:00+08:00,100.885,100.909,100.58,100.613
2024-09-20T03:00:00+08:00,100.616,100.658,100.599,100.634
2024-09-20T07:00:00+08:00,100.685,100.704,100.58,100.617
2024-09-20T11:00:00+08:00,100.617,100.62,100.407,100.549
2024-09-20T15:00:00+08:00,100.552,100.844,100.492,100.837
2024-09-20T19:00:00+08:00,100.837,100.99,100.609,100.946
2024-09-20T23:00:00+08:00,100.945,101.015,100.627,100.723
2024-09-21T03:00:00+08:00,100.722,100.8,100.702,100.738
2024-09-23T05:00:00+08:00,100.738,100.825,100.715,100.789
2024-09-23T09:00:00+08:00,100.789,100.842,100.748,100.768
2024-09-23T13:00:00+08:00,100.772,101.229,100.735,101.158
2024-09-23T17:00:00+08:00,101.161,101.161,100.894,100.926
2024-09-23T21:00:00+08:00,100.926,101.011,100.75,100.809
2024-09-24T01:00:00+08:00,100.81,100.949,100.761,100.939
2024-09-24T05:00:00+08:00,100.937,100.938,100.908,100.908
2024-09-24T07:00:00+08:00,100.969,100.99,100.886,100.96
2024-09-24T11:00:00+08:00,100.961,101.049,100.883,100.972
2024-09-24T15:00:00+08:00,100.978,101.011,100.759,100.824
2024-09-24T19:00:00+08:00,100.827,100.879,100.525,100.62
2024-09-24T23:00:00+08:00,100.623,100.674,100.458,100.466
2024-09-25T03:00:00+08:00,100.469,100.479,100.34,100.349
2024-09-25T07:00:00+08:00,100.278,100.344,100.224,100.272
2024-09-25T11:00:00+08:00,100.27,100.371,100.239,100.358
2024-09-25T15:00:00+08:00,100.362,100.528,100.31,100.488
2024-09-25T19:00:00+08:00,100.488,100.628,100.27,100.594
2024-09-25T23:00:00+08:00,100.594,100.991,100.568,100.912
2024-09-26T03:00:00+08:00,100.912,100.984,100.899,100.92
2024-09-26T07:00:00+08:00,100.931,100.946,100.894,100.93
2024-09-26T11:00:00+08:00,100.929,100.952,100.894,100.922
2024-09-26T15:00:00+08:00,100.926,100.964,100.851,100.853
2024-09-26T19:00:00+08:00,100.853,100.97,100.82,100.892
2024-09-26T23:00:00+08:00,100.892,100.912,100.505,100.52
2024-09-27T03:00:00+08:00,100.52,100.584,100.482,100.567
2024-09-27T07:00:00+08:00,100.589,100.752,100.586,100.675
2024-09-27T11:00:00+08:00,100.674,100.884,100.459,100.593
2024-09-27T15:00:00+08:00,100.596,100.762,100.428,100.503
2024-09-27T19:00:00+08:00,100.504,100.551,100.157,100.348
2024-09-27T23:00:00+08:00,100.349,100.551,100.349,100.381
2024-09-28T03:00:00+08:00,100.383,100.453,100.377,100.417
2024-09-30T05:00:00+08:00,100.418,100.458,100.38,100.418
2024-09-30T09:00:00+08:00,100.416,100.483,100.384,100.405
2024-09-30T13:00:00+08:00,100.403,100.432,100.179,100.205
2024-09-30T17:00:00+08:00,100.204,100.388,100.199,100.355
2024-09-30T21:00:00+08:00,100.357,100.708,100.347,100.583
2024-10-01T01:00:00+08:00,100.585,100.924,100.497,100.758
2024-10-01T05:00:00+08:00,100.759,100.776,100.749,100.757
2024-10-01T07:00:00+08:00,100.74,100.854,100.697,100.77
2024-10-01T11:00:00+08:00,100.773,100.865,100.758,100.835
2024-10-01T15:00:00+08:00,100.836,101.121,100.809,101.096
2024-10-01T19:00:00+08:00,101.095,101.248,101.006,101.167
2024-10-01T23:00:00+08:00,101.169,101.391,101.155,101.194
2024-10-02T03:00:00+08:00,101.195,101.232,101.157,101.209
2024-10-02T07:00:00+08:00,101.238,101.274,101.176,101.248
2024-10-02T11:00:00+08:00,101.251,101.312,101.197,101.247
2024-10-02T15:00:00+08:00,101.245,101.337,101.156,101.333
2024-10-02T19:00:00+08:00,101.332,101.681,101.254,101.677
2024-10-02T23:00:00+08:00,101.679,101.69,101.512,101.678
2024-10-03T03:00:00+08:00,101.675,101.69,101.584,101.601
2024-10-03T07:00:00+08:00,101.638,101.799,101.627,101.757
2024-10-03T11:00:00+08:00,101.759,101.883,101.751,101.828
2024-10-03T15:00:00+08:00,101.827,101.927,101.78,101.859
2024-10-03T19:00:00+08:00,101.861,102.099,101.814,102.036
2024-10-03T23:00:00+08:00,102.034,102.059,101.879,101.989
2024-10-04T03:00:00+08:00,101.991,101.992,101.931,101.941
2024-10-04T07:00:00+08:00,101.908,101.935,101.878,101.9
2024-10-04T11:00:00+08:00,101.898,101.938,101.813,101.854
2024-10-04T15:00:00+08:00,101.856,101.951,101.837,101.881
2024-10-04T19:00:00+08:00,101.882,102.649,101.818,102.512
2024-10-04T23:00:00+08:00,102.514,102.687,102.482,102.52
2024-10-05T03:00:00+08:00,102.518,102.535,102.467,102.487
2024-10-07T05:00:00+08:00,102.487,102.602,102.468,102.496
2024-10-07T09:00:00+08:00,102.495,102.52,102.427,102.52
2024-10-07T13:00:00+08:00,102.519,102.582,102.424,102.523
2024-10-07T17:00:00+08:00,102.524,102.62,102.395,102.457
2024-10-07T21:00:00+08:00,102.459,102.536,102.389,102.406
2024-10-08T01:00:00+08:00,102.408,102.559,102.368,102.49
2024-10-08T05:00:00+08:00,102.49,102.499,102.476,102.484
2024-10-08T07:00:00+08:00,102.459,102.491,102.373,102.395
2024-10-08T11:00:00+08:00,102.394,102.441,102.36,102.439
2024-10-08T15:00:00+08:00,102.441,102.477,102.292,102.394
2024-10-08T19:00:00+08:00,102.399,102.59,102.361,102.565
2024-10-08T23:00:00+08:00,102.567,102.639,102.494,102.548
2024-10-09T03:00:00+08:00,102.547,102.571,102.458,102.474
2024-10-09T07:00:00+08:00,102.485,102.552,102.459,102.545
2024-10-09T11:00:00+08:00,102.545,102.632,102.521,102.625
2024-10-09T15:00:00+08:00,102.63,102.723,102.59,102.616
2024-10-09T19:00:00+08:00,102.622,102.872,102.609,102.816
2024-10-09T23:00:00+08:00,102.814,102.928,102.741,102.926
2024-10-10T03:00:00+08:00,102.929,102.935,102.871,102.877
2024-10-10T07:00:00+08:00,102.879,102.899,102.839,102.875
2024-10-10T11:00:00+08:00,102.876,102.924,102.839,102.89
2024-10-10T15:00:00+08:00,102.892,102.967,102.831,102.852
2024-10-10T19:00:00+08:00,102.849,103.104,102.72,102.985
2024-10-10T23:00:00+08:00,102.983,103.178,102.901,102.988
2024-10-11T03:00:00+08:00,102.986,102.996,102.848,102.879
2024-10-11T07:00:00+08:00,102.878,102.928,102.835,102.875
2024-10-11T11:00:00+08:00,102.873,102.947,102.856,102.883
2024-10-11T15:00:00+08:00,102.882,102.96,102.769,102.937
2024-10-11T19:00:00+08:00,102.935,102.993,102.775,102.892
2024-10-11T23:00:00+08:00,102.896,102.897,102.81,102.889
2024-10-12T03:00:00+08:00,102.888,102.944,102.886,102.915
2024-10-14T05:00:00+08:00,102.915,103.105,102.915,103.04
2024-10-14T09:00:00+08:00,103.044,103.078,102.988,103.028
2024-10-14T13:00:00+08:00,103.029,103.056,102.965,103.034
2024-10-14T17:00:00+08:00,103.039,103.231,102.969,103.226
2024-10-14T21:00:00+08:00,103.228,103.275,103.078,103.264
2024-10-15T01:00:00+08:00,103.266,103.358,103.188,103.196
2024-10-15T05:00:00+08:00,103.197,103.218,103.197,103.213
2024-10-15T07:00:00+08:00,103.209,103.24,103.163,103.223
2024-10-15T11:00:00+08:00,103.223,103.345,103.216,103.265
2024-10-15T15:00:00+08:00,103.267,103.313,103.042,103.137
2024-10-15T19:00:00+08:00,103.141,103.194,103.031,103.129
2024-10-15T23:00:00+08:00,103.132,103.333,103.102,103.26
2024-10-16T03:00:00+08:00,103.26,103.265,103.199,103.226
2024-10-16T07:00:00+08:00,103.258,103.283,103.182,103.189
2024-10-16T11:00:00+08:00,103.188,103.394,103.172,103.379
2024-10-16T15:00:00+08:00,103.38,103.397,103.245,103.302
2024-10-16T19:00:00+08:00,103.305,103.476,103.193,103.414
2024-10-16T23:00:00+08:00,103.412,103.59,103.402,103.59
2024-10-17T03:00:00+08:00,103.588,103.608,103.474,103.524
2024-10-17T07:00:00+08:00,103.556,103.56,103.473,103.507
2024-10-17T11:00:00+08:00,103.508,103.629,103.508,103.625
2024-10-17T15:00:00+08:00,103.625,103.657,103.495,103.508
2024-10-17T19:00:00+08:00,103.511,103.874,103.444,103.77
2024-10-17T23:00:00+08:00,103.768,103.84,103.669,103.824
2024-10-18T03:00:00+08:00,103.824,103.837,103.765,103.766
2024-10-18T07:00:00+08:00,103.809,103.809,103.676,103.69
2024-10-18T11:00:00+08:00,103.691,103.711,103.588,103.625
2024-10-18T15:00:00+08:00,103.628,103.698,103.603,103.633
2024-10-18T19:00:00+08:00,103.63,103.655,103.494,103.554
2024-10-18T23:00:00+08:00,103.553,103.594,103.456,103.493
2024-10-19T03:00:00+08:00,103.494,103.518,103.456,103.463
2024-10-21T05:00:00+08:00,103.464,103.489,103.443,103.48
2024-10-21T09:00:00+08:00,103.48,103.521,103.421,103.515
2024-10-21T13:00:00+08:00,103.513,103.655,103.474,103.607
2024-10-21T17:00:00+08:00,103.607,103.694,103.551,103.582
2024-10-21T21:00:00+08:00,103.586,103.955,103.583,103.934
2024-10-22T01:00:00+08:00,103.938,104.016,103.906,103.985
2024-10-22T05:00:00+08:00,103.989,103.989,103.957,103.962
2024-10-22T07:00:00+08:00,103.971,103.981,103.916,103.975
2024-10-22T11:00:00+08:00,103.977,103.989,103.854,103.89
2024-10-22T15:00:00+08:00,103.891,104.004,103.816,103.906
2024-10-22T19:00:00+08:00,103.902,104.086,103.889,104.016
2024-10-22T23:00:00+08:00,104.015,104.086,103.972,104.075
2024-10-23T03:00:00+08:00,104.075,104.127,104.056,104.062
2024-10-23T07:00:00+08:00,104.091,104.191,104.09,104.104
2024-10-23T11:00:00+08:00,104.108,104.264,104.1,104.259
2024-10-23T15:00:00+08:00,104.262,104.407,104.261,104.402
2024-10-23T19:00:00+08:00,104.405,104.57,104.383,104.481
2024-10-23T23:00:00+08:00,104.479,104.545,104.393,104.43
2024-10-24T03:00:00+08:00,104.432,104.438,104.368,104.423
2024-10-24T07:00:00+08:00,104.426,104.455,104.329,104.348
2024-10-24T11:00:00+08:00,104.347,104.366,104.281,104.32
2024-10-24T15:00:00+08:00,104.324,104.399,104.133,104.173
2024-10-24T19:00:00+08:00,104.172,104.252,104.113,104.22
2024-10-24T23:00:00+08:00,104.221,104.244,104.012,104.058
2024-10-25T03:00:00+08:00,104.06,104.079,104.016,104.019
2024-10-25T07:00:00+08:00,104.045,104.109,104.021,104.039
2024-10-25T11:00:00+08:00,104.043,104.135,104.02,104.117
2024-10-25T15:00:00+08:00,104.117,104.131,103.984,104.049
2024-10-25T19:00:00+08:00,104.052,104.092,103.935,104.031
2024-10-25T23:00:00+08:00,104.033,104.281,103.991,104.256
2024-10-26T03:00:00+08:00,104.261,104.34,104.26,104.317
2024-10-28T05:00:00+08:00,104.317,104.458,104.317,104.456
2024-10-28T09:00:00+08:00,104.458,104.564,104.444,104.523
2024-10-28T13:00:00+08:00,104.524,104.573,104.235,104.245
2024-10-28T17:00:00+08:00,104.244,104.313,104.116,104.205
2024-10-28T21:00:00+08:00,104.202,104.294,104.15,104.285
2024-10-29T01:00:00+08:00,104.29,104.338,104.255,104.312
2024-10-29T05:00:00+08:00,104.308,104.308,104.286,104.302
2024-10-29T07:00:00+08:00,104.312,104.312,104.231,104.284
2024-10-29T11:00:00+08:00,104.284,104.351,104.262,104.291
2024-10-29T15:00:00+08:00,104.291,104.373,104.214,104.344
2024-10-29T19:00:00+08:00,104.343,104.636,104.294,104.386
2024-10-29T23:00:00+08:00,104.385,104.543,104.292,104.316
2024-10-30T03:00:00+08:00,104.32,104.343,104.257,104.283
2024-10-30T07:00:00+08:00,104.25,104.282,104.186,104.271
2024-10-30T11:00:00+08:00,104.273,104.322,104.197,104.228
2024-10-30T15:00:00+08:00,104.226,104.296,103.982,104.182
2024-10-30T19:00:00+08:00,104.181,104.436,104.02,104.125
2024-10-30T23:00:00+08:00,104.126,104.189,103.976,103.993
2024-10-31T03:00:00+08:00,103.996,104.124,103.996,104.097
2024-10-31T07:00:00+08:00,104.085,104.218,104.084,104.181
2024-10-31T11:00:00+08:00,104.18,104.183,103.985,104.02
2024-10-31T15:00:00+08:00,104.023,104.067,103.872,103.959
2024-10-31T19:00:00+08:00,103.965,104.193,103.82,104.059
2024-10-31T23:00:00+08:00,104.061,104.191,103.945,103.976
2024-11-01T03:00:00+08:00,103.978,103.999,103.876,103.89
2024-11-01T07:00:00+08:00,103.862,103.967,103.845,103.953
2024-11-01T11:00:00+08:00,103.954,104.044,103.943,103.998
2024-11-01T15:00:00+08:00,104.003,104.171,103.965,104.106
2024-11-01T19:00:00+08:00,104.108,104.144,103.679,104.106
2024-11-01T23:00:00+08:00,104.11,104.309,104.093,104.283
2024-11-02T03:00:00+08:00,104.283,104.349,104.26,104.317
2024-11-04T06:00:00+08:00,104.317,104.317,103.744,103.772
2024-11-04T10:00:00+08:00,103.774,103.806,103.63,103.693
2024-11-04T14:00:00+08:00,103.695,103.837,103.668,103.737
2024-11-04T18:00:00+08:00,103.735,103.779,103.576,103.674
2024-11-04T22:00:00+08:00,103.675,103.885,103.608,103.799
2024-11-05T02:00:00+08:00,103.802,103.921,103.793,103.894
2024-11-05T06:00:00+08:00,103.896,103.896,103.877,103.881
2024-11-05T08:00:00+08:00,103.913,103.956,103.876,103.929
2024-11-05T12:00:00+08:00,103.929,103.945,103.784,103.807
2024-11-05T16:00:00+08:00,103.804,103.847,103.694,103.705
2024-11-05T20:00:00+08:00,103.706,103.784,103.575,103.67
2024-11-06T00:00:00+08:00,103.669,103.679,103.373,103.423
2024-11-06T04:00:00+08:00,103.424,103.464,103.408,103.452
2024-11-06T08:00:00+08:00,103.7,105.192,103.7,104.973
2024-11-06T12:00:00+08:00,104.976,105.311,104.54,105.067
2024-11-06T16:00:00+08:00,105.071,105.308,104.699,105.264
2024-11-06T20:00:00+08:00,105.263,105.441,105.025,105.054
2024-11-07T00:00:00+08:00,105.054,105.172,104.902,105.088
2024-11-07T04:00:00+08:00,105.087,105.167,105.059,105.117
2024-11-07T08:00:00+08:00,105.155,105.252,104.97,104.981
2024-11-07T12:00:00+08:00,104.984,105.034,104.697,104.868
2024-11-07T16:00:00+08:00,104.866,104.917,104.718,104.859
2024-11-07T20:00:00+08:00,104.865,104.874,104.187,104.286
2024-11-08T00:00:00+08:00,104.287,104.657,104.262,104.508
2024-11-08T04:00:00+08:00,104.512,104.527,104.271,104.36
2024-11-08T08:00:00+08:00,104.447,104.557,104.427,104.523
2024-11-08T12:00:00+08:00,104.521,104.566,104.453,104.496
2024-11-08T16:00:00+08:00,104.498,104.659,104.344,104.46
2024-11-08T20:00:00+08:00,104.458,104.803,104.453,104.727
2024-11-09T00:00:00+08:00,104.729,105.208,104.711,104.997
2024-11-09T04:00:00+08:00,105.001,105.031,104.911,104.951
2024-11-11T06:00:00+08:00,104.951,105.062,104.934,105.009
2024-11-11T10:00:00+08:00,105.011,105.141,104.968,105.061
2024-11-11T14:00:00+08:00,105.062,105.422,105.005,105.313
2024-11-11T18:00:00+08:00,105.313,105.682,105.269,105.582
2024-11-11T22:00:00+08:00,105.587,105.705,105.493,105.56
2024-11-12T02:00:00+08:00,105.561,105.583,105.483,105.502
2024-11-12T06:00:00+08:00,105.505,105.524,105.488,105.519
2024-11-12T08:00:00+08:00,105.492,105.652,105.487,105.651
2024-11-12T12:00:00+08:00,105.652,105.824,105.574,105.735
2024-11-12T16:00:00+08:00,105.739,105.915,105.714,105.833
2024-11-12T20:00:00+08:00,105.834,106.048,105.766,105.998
2024-11-13T00:00:00+08:00,106.001,106.178,105.957,106.023
2024-11-13T04:00:00+08:00,106.025,106.044,105.899,105.964
2024-11-13T08:00:00+08:00,106.017,106.05,105.887,105.986
2024-11-13T12:00:00+08:00,105.984,106.136,105.961,106.136
2024-11-13T16:00:00+08:00,106.139,106.205,105.86,105.863
2024-11-13T20:00:00+08:00,105.859,106.499,105.718,106.239
2024-11-14T00:00:00+08:00,106.243,106.535,106.221,106.481
2024-11-14T04:00:00+08:00,106.485,106.537,106.454,106.483
2024-11-14T08:00:00+08:00,106.497,106.679,106.465,106.668
2024-11-14T12:00:00+08:00,106.67,106.775,106.577,106.622
2024-11-14T16:00:00+08:00,106.621,107.064,106.557,106.814
2024-11-14T20:00:00+08:00,106.816,106.959,106.444,106.468
2024-11-15T00:00:00+08:00,106.467,106.714,106.382,106.673
2024-11-15T04:00:00+08:00,106.672,107.015,106.672,106.867
2024-11-15T08:00:00+08:00,106.902,106.962,106.745,106.81
2024-11-15T12:00:00+08:00,106.81,106.859,106.576,106.643
2024-11-15T16:00:00+08:00,106.643,106.675,106.413,106.452
2024-11-15T20:00:00+08:00,106.45,106.903,106.331,106.751
2024-11-16T00:00:00+08:00,106.75,106.767,106.513,106.687
2024-11-16T04:00:00+08:00,106.688,106.863,106.67,106.673
2024-11-18T06:00:00+08:00,106.672,106.751,106.549,106.656
2024-11-18T10:00:00+08:00,106.659,106.78,106.626,106.696
2024-11-18T14:00:00+08:00,106.695,106.729,106.502,106.543
2024-11-18T18:00:00+08:00,106.543,106.813,106.542,106.55
2024-11-18T22:00:00+08:00,106.552,106.597,106.259,106.277
2024-11-19T02:00:00+08:00,106.275,106.31,106.131,106.205
2024-11-19T06:00:00+08:00,106.209,106.242,106.199,106.232
2024-11-19T08:00:00+08:00,106.259,106.272,106.121,106.163
2024-11-19T12:00:00+08:00,106.161,106.369,106.125,106.338
2024-11-19T16:00:00+08:00,106.338,106.632,106.223,106.445
2024-11-19T20:00:00+08:00,106.449,106.453,106.111,106.203
2024-11-20T00:00:00+08:00,106.207,106.387,106.162,106.206
2024-11-20T04:00:00+08:00,106.205,106.225,106.149,106.153
2024-11-20T08:00:00+08:00,106.12,106.269,106.113,106.252
2024-11-20T12:00:00+08:00,106.256,106.393,106.217,106.384
2024-11-20T16:00:00+08:00,106.381,106.713,106.381,106.616
2024-11-20T20:00:00+08:00,106.617,106.851,106.5,106.819
2024-11-21T00:00:00+08:00,106.818,106.918,106.652,106.68
2024-11-21T04:00:00+08:00,106.681,106.715,106.63,106.633
2024-11-21T08:00:00+08:00,106.594,106.604,106.519,106.52
2024-11-21T12:00:00+08:00,106.521,106.675,106.474,106.637
2024-11-21T16:00:00+08:00,106.64,106.742,106.537,106.709
2024-11-21T20:00:00+08:00,106.707,106.762,106.461,106.756
2024-11-22T00:00:00+08:00,106.761,107.156,106.735,106.972
2024-11-22T04:00:00+08:00,106.974,107.078,106.946,107.031
2024-11-22T08:00:00+08:00,107.056,107.102,106.997,107.027
2024-11-22T12:00:00+08:00,107.032,107.209,106.987,107.013
2024-11-22T16:00:00+08:00,107.015,108.071,106.924,107.493
2024-11-22T20:00:00+08:00,107.495,107.682,107.357,107.564
2024-11-23T00:00:00+08:00,107.566,107.71,107.438,107.555
2024-11-23T04:00:00+08:00,107.552,107.583,107.489,107.49
2024-11-25T06:00:00+08:00,107.49,107.49,106.812,106.914
2024-11-25T10:00:00+08:00,106.915,106.993,106.8,106.965
2024-11-25T14:00:00+08:00,106.976,107.246,106.883,106.938
2024-11-25T18:00:00+08:00,106.94,107.092,106.583,106.595
2024-11-25T22:00:00+08:00,106.595,107.142,106.583,106.989
2024-11-26T02:00:00+08:00,106.99,106.995,106.768,106.897
2024-11-26T06:00:00+08:00,106.902,106.92,106.831,106.831
2024-11-26T08:00:00+08:00,107.485,107.504,107.063,107.068
2024-11-26T12:00:00+08:00,107.071,107.162,106.958,107.154
2024-11-26T16:00:00+08:00,107.158,107.166,106.738,106.798
2024-11-26T20:00:00+08:00,106.799,107.015,106.494,106.995
2024-11-27T00:00:00+08:00,106.997,107.194,106.957,107.012
2024-11-27T04:00:00+08:00,107.017,107.031,106.858,106.877
2024-11-27T08:00:00+08:00,106.824,106.907,106.793,106.854
2024-11-27T12:00:00+08:00,106.854,106.924,106.615,106.679
2024-11-27T16:00:00+08:00,106.681,106.69,106.333,106.428
2024-11-27T20:00:00+08:00,106.428,106.48,105.95,106.023
2024-11-28T00:00:00+08:00,106.028,106.164,105.856,106.083
2024-11-28T04:00:00+08:00,106.086,106.13,106.021,106.022
2024-11-28T08:00:00+08:00,106.16,106.247,106.102,106.221
2024-11-28T12:00:00+08:00,106.218,106.375,106.173,106.307
2024-11-28T16:00:00+08:00,106.308,106.416,106.175,106.246
2024-11-28T20:00:00+08:00,106.245,106.345,106.136,106.176
2024-11-29T00:00:00+08:00,106.178,106.217,106.133,106.137
2024-11-29T04:00:00+08:00,106.137,106.179,106.134,106.15
2024-11-29T08:00:00+08:00,105.948,106.025,105.842,105.848
2024-11-29T12:00:00+08:00,105.851,105.926,105.615,105.796
2024-11-29T16:00:00+08:00,105.797,106.023,105.785,105.943
2024-11-29T20:00:00+08:00,105.94,106.101,105.911,105.96
2024-11-30T00:00:00+08:00,105.959,106.128,105.732,105.737
2024-11-30T04:00:00+08:00,105.738,105.783,105.691,105.782
2024-12-02T06:00:00+08:00,105.782,106.237,105.782,106.228
2024-12-02T10:00:00+08:00,106.226,106.364,106.21,106.307
2024-12-02T14:00:00+08:00,106.307,106.447,106.141,106.31
2024-12-02T18:00:00+08:00,106.307,106.459,106.121,106.362
2024-12-02T22:00:00+08:00,106.35,106.731,106.287,106.489
2024-12-03T02:00:00+08:00,106.488,106.516,106.234,106.4
2024-12-03T06:00:00+08:00,106.401,106.415,106.376,106.382
2024-12-03T08:00:00+08:00,106.476,106.57,106.405,106.518
2024-12-03T12:00:00+08:00,106.518,106.602,106.329,106.438
2024-12-03T16:00:00+08:00,106.436,106.442,106.159,106.253
2024-12-03T20:00:00+08:00,106.253,106.411,106.093,106.256
2024-12-04T00:00:00+08:00,106.254,106.384,106.087,106.364
2024-12-04T04:00:00+08:00,106.369,106.381,106.292,106.341
2024-12-04T08:00:00+08:00,106.432,106.525,106.33,106.502
2024-12-04T12:00:00+08:00,106.503,106.537,106.205,106.402
2024-12-04T16:00:00+08:00,106.403,106.656,106.365,106.464
2024-12-04T20:00:00+08:00,106.467,106.72,106.134,106.231
2024-12-05T00:00:00+08:00,106.229,106.386,106.09,106.32
2024-12-05T04:00:00+08:00,106.322,106.399,106.308,106.354
2024-12-05T08:00:00+08:00,106.344,106.371,106.236,106.245
2024-12-05T12:00:00+08:00,106.243,106.304,106.079,106.097
2024-12-05T16:00:00+08:00,106.099,106.249,106.012,106.124
2024-12-05T20:00:00+08:00,106.127,106.246,105.727,105.848
2024-12-06T00:00:00+08:00,105.851,105.987,105.699,105.714
2024-12-06T04:00:00+08:00,105.715,105.773,105.704,105.725
2024-12-06T08:00:00+08:00,105.79,105.901,105.742,105.779
2024-12-06T12:00:00+08:00,105.78,105.867,105.737,105.742
2024-12-06T16:00:00+08:00,105.744,105.896,105.683,105.764
2024-12-06T20:00:00+08:00,105.768,106.1,105.42,105.956
2024-12-07T00:00:00+08:00,105.951,106.159,105.856,106.054
2024-12-07T04:00:00+08:00,106.054,106.057,105.956,105.97
2024-12-09T06:00:00+08:00,105.97,106.067,105.946,106.057
2024-12-09T10:00:00+08:00,106.056,106.214,106.021,106.195
2024-12-09T14:00:00+08:00,106.197,106.208,105.903,105.973
2024-12-09T18:00:00+08:00,105.978,106.071,105.832,105.912
2024-12-09T22:00:00+08:00,105.916,106.046,105.798,106.041
2024-12-10T02:00:00+08:00,106.044,106.214,106.033,106.159
2024-12-10T06:00:00+08:00,106.161,106.177,106.138,106.172
2024-12-10T08:00:00+08:00,106.182,106.245,106.098,106.138
2024-12-10T12:00:00+08:00,106.141,106.265,106.04,106.256
2024-12-10T16:00:00+08:00,106.252,106.414,106.232,106.343
2024-12-10T20:00:00+08:00,106.344,106.637,106.324,106.592
2024-12-11T00:00:00+08:00,106.589,106.622,106.349,106.399
2024-12-11T04:00:00+08:00,106.398,106.433,106.358,106.38
2024-12-11T08:00:00+08:00,106.367,106.383,106.268,106.35
2024-12-11T12:00:00+08:00,106.353,106.684,106.331,106.668
2024-12-11T16:00:00+08:00,106.67,106.806,106.474,106.645
2024-12-11T20:00:00+08:00,106.644,106.764,106.317,106.682
2024-12-12T00:00:00+08:00,106.681,106.793,106.492,106.713
2024-12-12T04:00:00+08:00,106.709,106.732,106.621,106.621
2024-12-12T08:00:00+08:00,106.565,106.583,106.492,106.555
2024-12-12T12:00:00+08:00,106.56,106.602,106.354,106.504
2024-12-12T16:00:00+08:00,106.505,106.658,106.475,106.6
2024-12-12T20:00:00+08:00,106.601,106.962,106.506,106.878
2024-12-13T00:00:00+08:00,106.881,106.96,106.542,106.955
2024-12-13T04:00:00+08:00,106.955,107.041,106.94,107.005
2024-12-13T08:00:00+08:00,106.97,107.118,106.944,107.111
2024-12-13T12:00:00+08:00,107.111,107.186,107.038,107.132
2024-12-13T16:00:00+08:00,107.134,107.152,106.938,106.989
2024-12-13T20:00:00+08:00,106.994,107.089,106.719,107.04
2024-12-14T00:00:00+08:00,107.045,107.059,106.913,107.002
2024-12-14T04:00:00+08:00,107.002,107.022,106.931,106.945
2024-12-16T06:00:00+08:00,106.945,106.981,106.81,106.841
2024-12-16T10:00:00+08:00,106.839,106.909,106.794,106.811
2024-12-16T14:00:00+08:00,106.815,106.928,106.759,106.9
2024-12-16T18:00:00+08:00,106.898,107.047,106.888,106.894
2024-12-16T22:00:00+08:00,106.892,107.167,106.763,106.844
2024-12-17T02:00:00+08:00,106.843,106.9,106.748,106.853
2024-12-17T06:00:00+08:00,106.854,106.869,106.844,106.86
2024-12-17T08:00:00+08:00,106.815,106.862,106.698,106.852
2024-12-17T12:00:00+08:00,106.855,106.986,106.848,106.951
2024-12-17T16:00:00+08:00,106.954,107.084,106.94,106.986
2024-12-17T20:00:00+08:00,106.987,107.01,106.83,106.911
2024-12-18T00:00:00+08:00,106.912,106.964,106.757,106.956
2024-12-18T04:00:00+08:00,106.958,107.01,106.924,106.937
2024-12-18T08:00:00+08:00,106.931,106.96,106.885,106.936
2024-12-18T12:00:00+08:00,106.943,106.99,106.823,106.956
2024-12-18T16:00:00+08:00,106.956,107.027,106.883,106.953
2024-12-18T20:00:00+08:00,106.958,107.162,106.896,107.136
2024-12-19T00:00:00+08:00,107.141,108.039,106.963,108.027
2024-12-19T04:00:00+08:00,108.031,108.269,107.977,108.202
2024-12-19T08:00:00+08:00,108.103,108.119,107.986,108.088
2024-12-19T12:00:00+08:00,108.089,108.125,107.968,108.038
2024-12-19T16:00:00+08:00,108.042,108.095,107.821,107.945
2024-12-19T20:00:00+08:00,107.948,108.282,107.869,108.254
2024-12-20T00:00:00+08:00,108.257,108.485,108.196,108.409
2024-12-20T04:00:00+08:00,108.409,108.428,108.344,108.425
2024-12-20T08:00:00+08:00,108.481,108.485,108.381,108.436
2024-12-20T12:00:00+08:00,108.436,108.541,108.206,108.217
2024-12-20T16:00:00+08:00,108.217,108.27,108.098,108.155
2024-12-20T20:00:00+08:00,108.154,108.17,107.892,108.047
2024-12-21T00:00:00+08:00,108.051,108.06,107.587,107.62
2024-12-21T04:00:00+08:00,107.626,107.858,107.606,107.815
2024-12-23T06:00:00+08:00,107.815,107.839,107.723,107.747
2024-12-23T10:00:00+08:00,107.746,107.75,107.683,107.745
2024-12-23T14:00:00+08:00,107.747,107.989,107.724,107.985
2024-12-23T18:00:00+08:00,107.981,108.235,107.977,108.167
2024-12-23T22:00:00+08:00,108.173,108.281,108.004,108.158
2024-12-24T02:00:00+08:00,108.156,108.159,108.015,108.083
2024-12-24T06:00:00+08:00,108.088,108.093,108.063,108.081
2024-12-24T08:00:00+08:00,108.158,108.208,108.057,108.188
2024-12-24T12:00:00+08:00,108.189,108.199,108.111,108.196
2024-12-24T16:00:00+08:00,108.194,108.217,108.07,108.192
2024-12-24T20:00:00+08:00,108.197,108.229,108.044,108.226
2024-12-25T00:00:00+08:00,108.225,108.3,108.171,108.202
2024-12-25T04:00:00+08:00,108.199,108.209,107.922,108.123
2024-12-26T08:00:00+08:00,108.173,108.178,108.108,108.131
2024-12-26T12:00:00+08:00,108.129,108.245,108.125,108.193
2024-12-26T16:00:00+08:00,108.195,108.244,108.143,108.175
2024-12-26T20:00:00+08:00,108.173,108.302,108.157,108.215
2024-12-27T00:00:00+08:00,108.216,108.234,108.028,108.129
2024-12-27T04:00:00+08:00,108.13,108.146,108.074,108.077
2024-12-27T08:00:00+08:00,108.082,108.185,108.07,108.13
2024-12-27T12:00:00+08:00,108.132,108.202,108.063,108.085
2024-12-27T16:00:00+08:00,108.089,108.172,107.893,107.91
2024-12-27T20:00:00+08:00,107.915,108.099,107.866,108.006
2024-12-28T00:00:00+08:00,108.011,108.127,107.919,107.999
2024-12-28T04:00:00+08:00,107.997,108.053,107.997,108.006
2024-12-30T06:00:00+08:00,108.006,108.011,107.94,107.993
2024-12-30T10:00:00+08:00,107.988,108.029,107.974,107.995
2024-12-30T14:00:00+08:00,107.998,108.137,107.904,107.942
2024-12-30T18:00:00+08:00,107.945,108.273,107.739,108.269
2024-12-30T22:00:00+08:00,108.267,108.377,108.09,108.156
2024-12-31T02:00:00+08:00,108.155,108.156,108.026,108.035
2024-12-31T06:00:00+08:00,108.039,108.08,108.035,108.075
2024-12-31T08:00:00+08:00,108.091,108.093,107.92,107.976
2024-12-31T12:00:00+08:00,107.973,108.032,107.911,107.932
2024-12-31T16:00:00+08:00,107.93,108.071,107.866,108.036
2024-12-31T20:00:00+08:00,108.035,108.458,108,108.44
2025-01-01T00:00:00+08:00,108.439,108.583,108.392,108.487
2025-01-01T04:00:00+08:00,108.491,108.491,108.412,108.48
2025-01-02T08:00:00+08:00,108.526,108.563,108.306,108.318
2025-01-02T12:00:00+08:00,108.316,108.398,108.267,108.368
2025-01-02T16:00:00+08:00,108.366,108.835,108.321,108.702
2025-01-02T20:00:00+08:00,108.702,109.18,108.675,109.166
2025-01-03T00:00:00+08:00,109.171,109.533,109.157,109.393
2025-01-03T04:00:00+08:00,109.396,109.396,109.234,109.256
2025-01-03T08:00:00+08:00,109.204,109.218,109.138,109.168
2025-01-03T12:00:00+08:00,109.169,109.223,109.054,109.08
2025-01-03T16:00:00+08:00,109.082,109.167,108.927,108.969
2025-01-03T20:00:00+08:00,108.968,109.206,108.922,109.076
2025-01-04T00:00:00+08:00,109.076,109.11,108.903,108.951
2025-01-04T04:00:00+08:00,108.953,108.976,108.896,108.922
2025-01-06T06:00:00+08:00,108.922,109.069,108.875,108.883
2025-01-06T10:00:00+08:00,108.885,108.915,108.833,108.912
2025-01-06T14:00:00+08:00,108.916,108.923,108.438,108.545
2025-01-06T18:00:00+08:00,108.55,108.753,107.75,107.925
2025-01-06T22:00:00+08:00,107.928,108.486,107.849,108.263
2025-01-07T02:00:00+08:00,108.262,108.369,108.217,108.237
2025-01-07T06:00:00+08:00,108.241,108.279,108.226,108.279
2025-01-07T08:00:00+08:00,108.339,108.427,108.245,108.245
2025-01-07T12:00:00+08:00,108.247,108.265,107.954,108.015
2025-01-07T16:00:00+08:00,108.013,108.137,107.848,108.066
2025-01-07T20:00:00+08:00,108.066,108.585,108.042,108.437
2025-01-08T00:00:00+08:00,108.435,108.595,108.357,108.542
2025-01-08T04:00:00+08:00,108.544,108.704,108.537,108.68
2025-01-08T08:00:00+08:00,108.622,108.673,108.569,108.645
2025-01-08T12:00:00+08:00,108.646,108.795,108.552,108.777
2025-01-08T16:00:00+08:00,108.775,109.378,108.727,109.148
2025-01-08T20:00:00+08:00,109.153,109.318,109.06,109.148
2025-01-09T00:00:00+08:00,109.15,109.211,108.952,109.09
2025-01-09T04:00:00+08:00,109.09,109.102,108.987,109.009
2025-01-09T08:00:00+08:00,109.085,109.087,108.94,109.034
2025-01-09T12:00:00+08:00,109.037,109.319,109.017,109.304
2025-01-09T16:00:00+08:00,109.303,109.375,109.048,109.165
2025-01-09T20:00:00+08:00,109.166,109.203,108.991,109.17
2025-01-10T00:00:00+08:00,109.174,109.239,109.145,109.179
2025-01-10T04:00:00+08:00,109.183,109.189,109.13,109.163
2025-01-10T08:00:00+08:00,109.231,109.238,109.14,109.209
2025-01-10T12:00:00+08:00,109.21,109.379,109.196,109.239
2025-01-10T16:00:00+08:00,109.236,109.276,109.077,109.171
2025-01-10T20:00:00+08:00,109.176,109.966,109.081,109.566
2025-01-11T00:00:00+08:00,109.568,109.791,109.56,109.651
2025-01-11T04:00:00+08:00,109.651,109.724,109.608,109.64
2025-01-13T06:00:00+08:00,109.64,109.732,109.596,109.65
2025-01-13T10:00:00+08:00,109.652,109.977,109.63,109.859
2025-01-13T14:00:00+08:00,109.857,110.176,109.75,110.053
2025-01-13T18:00:00+08:00,110.054,110.109,109.775,109.899
2025-01-13T22:00:00+08:00,109.904,110.072,109.817,109.828
2025-01-14T02:00:00+08:00,109.828,109.96,109.598,109.606
2025-01-14T06:00:00+08:00,109.611,109.629,109.346,109.504
2025-01-14T08:00:00+08:00,109.57,109.677,109.532,109.576
2025-01-14T12:00:00+08:00,109.574,109.651,109.414,109.524
2025-01-14T16:00:00+08:00,109.524,109.625,109.333,109.61
2025-01-14T20:00:00+08:00,109.61,109.756,109.29,109.29
2025-01-15T00:00:00+08:00,109.291,109.466,109.204,109.273
2025-01-15T04:00:00+08:00,109.271,109.286,109.178,109.189
2025-01-15T08:00:00+08:00,109.232,109.296,109.212,109.226
2025-01-15T12:00:00+08:00,109.227,109.291,109.04,109.063
2025-01-15T16:00:00+08:00,109.064,109.202,108.971,109.11
2025-01-15T20:00:00+08:00,109.111,109.203,108.602,108.96
2025-01-16T00:00:00+08:00,108.965,109.382,108.963,109.09
2025-01-16T04:00:00+08:00,109.094,109.137,109.036,109.079
2025-01-16T08:00:00+08:00,109.073,109.14,108.973,109.073
2025-01-16T12:00:00+08:00,109.075,109.194,109.02,109.067
2025-01-16T16:00:00+08:00,109.069,109.17,109.043,109.098
2025-01-16T20:00:00+08:00,109.098,109.384,108.95,108.976
2025-01-17T00:00:00+08:00,108.978,109.106,108.827,108.957
2025-01-17T04:00:00+08:00,108.958,108.999,108.928,108.957
2025-01-17T08:00:00+08:00,108.927,108.989,108.895,108.982
2025-01-17T12:00:00+08:00,108.981,109.249,108.981,109.185
2025-01-17T16:00:00+08:00,109.187,109.187,108.982,109.04
2025-01-17T20:00:00+08:00,109.042,109.401,108.834,109.107
2025-01-18T00:00:00+08:00,109.107,109.381,109.107,109.346
2025-01-18T04:00:00+08:00,109.351,109.423,109.309,109.405
2025-01-20T06:00:00+08:00,109.405,109.468,109.178,109.198
2025-01-20T10:00:00+08:00,109.193,109.238,109.046,109.106
2025-01-20T14:00:00+08:00,109.105,109.187,108.982,109.165
2025-01-20T18:00:00+08:00,109.169,109.169,108.234,108.235
2025-01-20T22:00:00+08:00,108.239,108.647,107.952,108.368
2025-01-21T02:00:00+08:00,108.367,108.392,107.917,108.079
2025-01-21T06:00:00+08:00,108.081,108.104,108.06,108.068
2025-01-21T08:00:00+08:00,107.983,108.748,107.965,108.327
2025-01-21T12:00:00+08:00,108.33,108.573,108.208,108.524
2025-01-21T16:00:00+08:00,108.524,108.794,108.524,108.715
2025-01-21T20:00:00+08:00,108.716,108.766,108.135,108.229
2025-01-22T00:00:00+08:00,108.229,108.244,107.925,108.062
2025-01-22T04:00:00+08:00,108.066,108.1,107.92,108.077
2025-01-22T08:00:00+08:00,107.986,108.156,107.967,108.134
2025-01-22T12:00:00+08:00,108.134,108.236,108.037,108.162
2025-01-22T16:00:00+08:00,108.159,108.175,107.749,107.897
2025-01-22T20:00:00+08:00,107.898,108.212,107.873,108.177
2025-01-23T00:00:00+08:00,108.176,108.251,108.138,108.166
2025-01-23T04:00:00+08:00,108.169,108.277,108.134,108.277
2025-01-23T08:00:00+08:00,108.247,108.367,108.186,108.263
2025-01-23T12:00:00+08:00,108.263,108.416,108.234,108.34
2025-01-23T16:00:00+08:00,108.344,108.425,108.167,108.327
2025-01-23T20:00:00+08:00,108.327,108.414,108.177,108.298
2025-01-24T00:00:00+08:00,108.3,108.51,107.922,108.046
2025-01-24T04:00:00+08:00,108.048,108.161,108,108.115
2025-01-24T08:00:00+08:00,108.091,108.192,107.777,107.801
2025-01-24T12:00:00+08:00,107.806,107.828,107.559,107.72
2025-01-24T16:00:00+08:00,107.718,107.733,107.276,107.586
2025-01-24T20:00:00+08:00,107.587,107.759,107.256,107.279
2025-01-25T00:00:00+08:00,107.284,107.478,107.218,107.443
2025-01-25T04:00:00+08:00,107.444,107.515,107.432,107.465
2025-01-27T06:00:00+08:00,107.465,107.697,107.465,107.684
2025-01-27T10:00:00+08:00,107.683,107.8,107.587,107.74
2025-01-27T14:00:00+08:00,107.743,107.81,107.353,107.384
2025-01-27T18:00:00+08:00,107.381,107.381,106.969,107.104
2025-01-27T22:00:00+08:00,107.102,107.409,107.053,107.371
2025-01-28T02:00:00+08:00,107.373,107.447,107.319,107.331
2025-01-28T06:00:00+08:00,107.33,107.453,107.323,107.427
2025-01-28T08:00:00+08:00,107.711,107.955,107.686,107.94
2025-01-28T12:00:00+08:00,107.938,107.987,107.815,107.934
2025-01-28T16:00:00+08:00,107.934,108.02,107.788,107.98
2025-01-28T20:00:00+08:00,107.984,108.054,107.804,107.976
2025-01-29T00:00:00+08:00,107.975,108.003,107.846,107.865
2025-01-29T04:00:00+08:00,107.867,107.922,107.864,107.915
2025-01-29T08:00:00+08:00,107.891,107.962,107.82,107.837
2025-01-29T12:00:00+08:00,107.835,108.002,107.749,107.991
2025-01-29T16:00:00+08:00,107.986,108.175,107.865,108.125
2025-01-29T20:00:00+08:00,108.129,108.295,107.911,107.966
2025-01-30T00:00:00+08:00,107.969,108.25,107.883,107.999
2025-01-30T04:00:00+08:00,107.999,108.079,107.902,107.943
2025-01-30T08:00:00+08:00,107.857,107.905,107.814,107.849
2025-01-30T12:00:00+08:00,107.852,107.979,107.829,107.858
2025-01-30T16:00:00+08:00,107.862,108.105,107.839,108.105
2025-01-30T20:00:00+08:00,108.103,108.107,107.5,107.766
2025-01-31T00:00:00+08:00,107.765,107.969,107.733,107.797
2025-01-31T04:00:00+08:00,107.798,108.243,107.757,108.182
2025-01-31T08:00:00+08:00,108.158,108.217,108.085,108.197
2025-01-31T12:00:00+08:00,108.197,108.239,107.981,108.044
2025-01-31T16:00:00+08:00,108.044,108.366,108.029,108.315
2025-01-31T20:00:00+08:00,108.312,108.44,108.132,108.158
2025-02-01T00:00:00+08:00,108.162,108.478,107.785,108.369
2025-02-01T04:00:00+08:00,108.375,108.565,108.282,108.501
2025-02-03T06:00:00+08:00,108.501,109.798,108.501,109.635
2025-02-03T10:00:00+08:00,109.637,109.881,109.577,109.602
2025-02-03T14:00:00+08:00,109.604,109.795,109.398,109.576
2025-02-03T18:00:00+08:00,109.578,109.579,108.989,109.214
2025-02-03T22:00:00+08:00,109.212,109.374,108.57,108.994
2025-02-04T02:00:00+08:00,108.999,109.088,108.337,108.417
2025-02-04T06:00:00+08:00,108.425,108.487,108.403,108.424
2025-02-04T08:00:00+08:00,108.675,108.763,108.627,108.724
2025-02-04T12:00:00+08:00,108.724,109.038,108.675,108.731
2025-02-04T16:00:00+08:00,108.734,108.76,108.43,108.644
2025-02-04T20:00:00+08:00,108.647,108.674,107.978,108.033
2025-02-05T00:00:00+08:00,108.034,108.124,107.933,107.959
2025-02-05T04:00:00+08:00,107.964,108.034,107.919,107.999
2025-02-05T08:00:00+08:00,108.053,108.053,107.843,107.899
2025-02-05T12:00:00+08:00,107.9,107.988,107.643,107.71
2025-02-05T16:00:00+08:00,107.717,107.776,107.373,107.525
2025-02-05T20:00:00+08:00,107.53,107.659,107.296,107.41
2025-02-06T00:00:00+08:00,107.413,107.6,107.392,107.579
2025-02-06T04:00:00+08:00,107.583,107.668,107.578,107.622
2025-02-06T08:00:00+08:00,107.618,107.7,107.535,107.679
2025-02-06T12:00:00+08:00,107.684,107.843,107.666,107.83
2025-02-06T16:00:00+08:00,107.832,108.056,107.81,107.976
2025-02-06T20:00:00+08:00,107.98,108.097,107.827,107.844
2025-02-07T00:00:00+08:00,107.848,107.885,107.579,107.689
2025-02-07T04:00:00+08:00,107.69,107.716,107.643,107.704
2025-02-07T08:00:00+08:00,107.699,107.783,107.684,107.756
2025-02-07T12:00:00+08:00,107.759,107.826,107.692,107.703
2025-02-07T16:00:00+08:00,107.704,107.813,107.591,107.771
2025-02-07T20:00:00+08:00,107.77,108.112,107.516,107.903
2025-02-08T00:00:00+08:00,107.905,108.318,107.867,108.04
2025-02-08T04:00:00+08:00,108.041,108.145,107.993,108.096
2025-02-10T06:00:00+08:00,108.096,108.418,108.096,108.384
2025-02-10T10:00:00+08:00,108.385,108.44,108.214,108.269
2025-02-10T14:00:00+08:00,108.272,108.365,108.13,108.198
2025-02-10T18:00:00+08:00,108.201,108.346,108.091,108.214
2025-02-10T22:00:00+08:00,108.211,108.334,108.186,108.268
2025-02-11T02:00:00+08:00,108.267,108.344,108.244,108.331
2025-02-11T06:00:00+08:00,108.329,108.35,108.307,108.333
2025-02-11T08:00:00+08:00,108.336,108.463,108.335,108.415
2025-02-11T12:00:00+08:00,108.414,108.421,108.312,108.389
2025-02-11T16:00:00+08:00,108.393,108.419,108.225,108.279
2025-02-11T20:00:00+08:00,108.284,108.304,108.088,108.123
2025-02-12T00:00:00+08:00,108.125,108.127,107.782,107.963
2025-02-12T04:00:00+08:00,107.965,107.965,107.882,107.922
2025-02-12T08:00:00+08:00,108.009,108.059,107.954,108.03
2025-02-12T12:00:00+08:00,108.033,108.095,107.913,107.942
2025-02-12T16:00:00+08:00,107.943,108.036,107.864,107.936
2025-02-12T20:00:00+08:00,107.937,108.523,107.919,108.064
2025-02-13T00:00:00+08:00,108.065,108.292,107.627,107.937
2025-02-13T04:00:00+08:00,107.94,108.03,107.881,107.968
2025-02-13T08:00:00+08:00,107.917,107.996,107.666,107.691
2025-02-13T12:00:00+08:00,107.69,107.693,107.502,107.61
2025-02-13T16:00:00+08:00,107.612,107.818,107.557,107.752
2025-02-13T20:00:00+08:00,107.75,107.945,107.344,107.368
2025-02-14T00:00:00+08:00,107.373,107.842,107.252,107.312
2025-02-14T04:00:00+08:00,107.312,107.328,107.033,107.066
2025-02-14T08:00:00+08:00,107.12,107.153,107.001,107.101
2025-02-14T12:00:00+08:00,107.102,107.182,106.962,107.036
2025-02-14T16:00:00+08:00,107.04,107.04,106.831,107.005
2025-02-14T20:00:00+08:00,107.008,107.086,106.566,106.632
2025-02-15T00:00:00+08:00,106.633,106.756,106.613,106.709
2025-02-15T04:00:00+08:00,106.714,106.815,106.712,106.793
2025-02-17T06:00:00+08:00,106.793,106.848,106.629,106.643
2025-02-17T10:00:00+08:00,106.642,106.774,106.625,106.725
2025-02-17T14:00:00+08:00,106.726,106.899,106.688,106.862
2025-02-17T18:00:00+08:00,106.863,106.875,106.737,106.828
2025-02-17T22:00:00+08:00,106.827,106.86,106.715,106.727
2025-02-18T02:00:00+08:00,106.732,106.757,106.711,106.729
2025-02-18T06:00:00+08:00,106.728,106.776,106.725,106.74
2025-02-18T08:00:00+08:00,106.815,106.965,106.805,106.959
2025-02-18T12:00:00+08:00,106.96,107.052,106.868,106.933
2025-02-18T16:00:00+08:00,106.935,106.986,106.858,106.92
2025-02-18T20:00:00+08:00,106.918,107.067,106.862,106.863
2025-02-19T00:00:00+08:00,106.865,107.123,106.846,107.054
2025-02-19T04:00:00+08:00,107.056,107.089,106.989,107.021
2025-02-19T08:00:00+08:00,107.031,107.088,106.979,106.986
2025-02-19T12:00:00+08:00,106.984,107.016,106.879,106.964
2025-02-19T16:00:00+08:00,106.965,107.242,106.938,107.202
2025-02-19T20:00:00+08:00,107.205,107.231,107.027,107.162
2025-02-20T00:00:00+08:00,107.164,107.381,107.112,107.172
2025-02-20T04:00:00+08:00,107.174,107.211,107.159,107.163
2025-02-20T08:00:00+08:00,107.117,107.153,106.99,107.015
2025-02-20T12:00:00+08:00,107.012,107.06,106.946,106.983
2025-02-20T16:00:00+08:00,106.982,106.999,106.835,106.919
2025-02-20T20:00:00+08:00,106.921,106.948,106.555,106.565
2025-02-21T00:00:00+08:00,106.568,106.663,106.356,106.371
2025-02-21T04:00:00+08:00,106.371,106.414,106.334,106.334
2025-02-21T08:00:00+08:00,106.464,106.571,106.4,106.413
2025-02-21T12:00:00+08:00,106.415,106.549,106.382,106.51
2025-02-21T16:00:00+08:00,106.512,106.707,106.494,106.654
2025-02-21T20:00:00+08:00,106.651,106.746,106.433,106.691
2025-02-22T00:00:00+08:00,106.686,106.717,106.55,106.611
2025-02-22T04:00:00+08:00,106.615,106.667,106.594,106.641
2025-02-24T06:00:00+08:00,106.641,106.641,106.185,106.206
2025-02-24T10:00:00+08:00,106.204,106.269,106.126,106.234
2025-02-24T14:00:00+08:00,106.239,106.62,106.237,106.591
2025-02-24T18:00:00+08:00,106.593,106.699,106.535,106.637
2025-02-24T22:00:00+08:00,106.638,106.745,106.502,106.591
2025-02-25T02:00:00+08:00,106.592,106.727,106.463,106.674
2025-02-25T06:00:00+08:00,106.674,106.712,106.658,106.701
2025-02-25T08:00:00+08:00,106.768,106.789,106.604,106.623
2025-02-25T12:00:00+08:00,106.623,106.68,106.576,106.669
2025-02-25T16:00:00+08:00,106.669,106.723,106.493,106.494
2025-02-25T20:00:00+08:00,106.494,106.501,106.189,106.39
2025-02-26T00:00:00+08:00,106.39,106.519,106.241,106.308
2025-02-26T04:00:00+08:00,106.308,106.315,106.232,106.284
2025-02-26T08:00:00+08:00,106.174,106.435,106.174,106.413
2025-02-26T12:00:00+08:00,106.413,106.557,106.395,106.496
2025-02-26T16:00:00+08:00,106.498,106.562,106.352,106.525
2025-02-26T20:00:00+08:00,106.525,106.654,106.362,106.39
2025-02-27T00:00:00+08:00,106.39,106.498,106.159,106.416
2025-02-27T04:00:00+08:00,106.416,106.563,106.416,106.45999908
2025-02-27T08:00:00+08:00,106.45999908,106.69000244,106.45999908,106.68000031
2025-02-27T12:00:00+08:00,106.68000031,106.72000122,106.546,106.591
2025-02-27T16:00:00+08:00,106.595,106.683,106.551,106.651
2025-02-27T20:00:00+08:00,106.656,107.195,106.523,107.162
2025-02-28T00:00:00+08:00,107.164,107.279,107.115,107.245
2025-02-28T04:00:00+08:00,107.245,107.35,107.216,107.292
2025-02-28T08:00:00+08:00,107.251,107.395,107.184,107.355
2025-02-28T12:00:00+08:00,107.356,107.451,107.342,107.388
2025-02-28T16:00:00+08:00,107.389,107.413,107.292,107.355
2025-02-28T20:00:00+08:00,107.357,107.408,107.208,107.351
2025-03-01T00:00:00+08:00,107.354,107.661,107.263,107.614
2025-03-01T04:00:00+08:00,107.613,107.646,107.54,107.564
2025-03-03T06:00:00+08:00,107.564,107.564,107.176,107.204
2025-03-03T10:00:00+08:00,107.205,107.28,107.168,107.254
2025-03-03T14:00:00+08:00,107.257,107.397,107.099,107.106
2025-03-03T18:00:00+08:00,107.111,107.111,106.792,106.82
2025-03-03T22:00:00+08:00,106.825,106.834,106.469,106.541
2025-03-04T02:00:00+08:00,106.543,106.8,106.496,106.545
2025-03-04T06:00:00+08:00,106.549,106.575,106.54,106.556
2025-03-04T08:00:00+08:00,106.562,106.627,106.401,106.612
2025-03-04T12:00:00+08:00,106.611,106.652,106.446,106.504
2025-03-04T16:00:00+08:00,106.508,106.55,105.994,105.994
2025-03-04T20:00:00+08:00,105.996,106.384,105.878,106.197
2025-03-05T00:00:00+08:00,106.199,106.275,105.739,105.743
2025-03-05T04:00:00+08:00,105.74,105.741,105.526,105.531
2025-03-05T08:00:00+08:00,105.618,105.773,105.558,105.656
2025-03-05T12:00:00+08:00,105.654,105.657,105.204,105.207
2025-03-05T16:00:00+08:00,105.203,105.306,104.85,105.142
2025-03-05T20:00:00+08:00,105.144,105.144,104.397,104.536
2025-03-06T00:00:00+08:00,104.534,104.558,104.298,104.302
2025-03-06T04:00:00+08:00,104.302,104.355,104.259,104.27
2025-03-06T08:00:00+08:00,104.324,104.363,104.115,104.354
2025-03-06T12:00:00+08:00,104.358,104.392,104.018,104.183
2025-03-06T16:00:00+08:00,104.182,104.265,104.033,104.126
2025-03-06T20:00:00+08:00,104.125,104.212,103.761,104.028
2025-03-07T00:00:00+08:00,104.028,104.319,103.871,104.061
2025-03-07T04:00:00+08:00,104.067,104.288,104.059,104.135
2025-03-07T08:00:00+08:00,104.11,104.238,103.971,104.042
2025-03-07T12:00:00+08:00,104.042,104.057,103.783,103.871
2025-03-07T16:00:00+08:00,103.869,103.895,103.563,103.75
2025-03-07T20:00:00+08:00,103.749,103.836,103.458,103.613
2025-03-08T00:00:00+08:00,103.621,103.979,103.602,103.838
2025-03-08T04:00:00+08:00,103.84,103.905,103.762,103.905
2025-03-10T05:00:00+08:00,103.905,103.905,103.59,103.614
2025-03-10T09:00:00+08:00,103.611,103.89,103.559,103.882
2025-03-10T13:00:00+08:00,103.884,104.029,103.774,104.002
2025-03-10T17:00:00+08:00,104.008,104.012,103.566,103.76
2025-03-10T21:00:00+08:00,103.761,103.969,103.701,103.935
2025-03-11T01:00:00+08:00,103.929,104.064,103.828,103.923
2025-03-11T05:00:00+08:00,103.924,103.945,103.897,103.903
2025-03-11T07:00:00+08:00,103.836,103.877,103.7,103.73
2025-03-11T11:00:00+08:00,103.728,103.923,103.656,103.765
2025-03-11T15:00:00+08:00,103.769,103.769,103.329,103.563
2025-03-11T19:00:00+08:00,103.567,103.623,103.337,103.426
2025-03-11T23:00:00+08:00,103.431,103.471,103.221,103.287
2025-03-12T03:00:00+08:00,103.29,103.458,103.262,103.416
2025-03-12T07:00:00+08:00,103.422,103.537,103.421,103.533
2025-03-12T11:00:00+08:00,103.537,103.668,103.502,103.658
2025-03-12T15:00:00+08:00,103.664,103.706,103.441,103.587
2025-03-12T19:00:00+08:00,103.586,103.783,103.355,103.487
2025-03-12T23:00:00+08:00,103.49,103.635,103.352,103.612
2025-03-13T03:00:00+08:00,103.613,103.62,103.534,103.57
2025-03-13T07:00:00+08:00,103.605,103.622,103.508,103.527
2025-03-13T11:00:00+08:00,103.526,103.672,103.526,103.654
2025-03-13T15:00:00+08:00,103.654,103.764,103.57,103.724
2025-03-13T19:00:00+08:00,103.723,104.08,103.696,103.729
2025-03-13T23:00:00+08:00,103.733,103.849,103.658,103.829
2025-03-14T03:00:00+08:00,103.826,103.879,103.8,103.833
2025-03-14T07:00:00+08:00,103.835,104.019,103.801,103.979
2025-03-14T11:00:00+08:00,103.976,104.046,103.912,104.023
2025-03-14T15:00:00+08:00,104.029,104.091,103.574,103.679
2025-03-14T19:00:00+08:00,103.679,103.823,103.571,103.746
2025-03-14T23:00:00+08:00,103.746,103.805,103.65,103.717
2025-03-15T03:00:00+08:00,103.721,103.744,103.676,103.734
2025-03-17T05:00:00+08:00,103.735,103.775,103.678,103.743
2025-03-17T09:00:00+08:00,103.744,103.787,103.649,103.748
2025-03-17T13:00:00+08:00,103.75,103.812,103.678,103.708
2025-03-17T17:00:00+08:00,103.707,103.741,103.46,103.547
2025-03-17T21:00:00+08:00,103.549,103.573,103.298,103.363
2025-03-18T01:00:00+08:00,103.362,103.447,103.341,103.405
2025-03-18T05:00:00+08:00,103.408,103.428,103.395,103.406
2025-03-18T07:00:00+08:00,103.443,103.56,103.428,103.559
2025-03-18T11:00:00+08:00,103.559,103.614,103.479,103.482
2025-03-18T15:00:00+08:00,103.485,103.513,103.232,103.373
2025-03-18T19:00:00+08:00,103.37,103.675,103.342,103.495
2025-03-18T23:00:00+08:00,103.499,103.617,103.197,103.242
2025-03-19T03:00:00+08:00,103.245,103.275,103.199,103.243
2025-03-19T07:00:00+08:00,103.272,103.362,103.253,103.296
2025-03-19T11:00:00+08:00,103.294,103.486,103.274,103.46
2025-03-19T15:00:00+08:00,103.466,103.723,103.436,103.625
2025-03-19T19:00:00+08:00,103.626,103.746,103.489,103.736
2025-03-19T23:00:00+08:00,103.734,103.906,103.394,103.428
2025-03-20T03:00:00+08:00,103.433,103.631,103.403,103.46
2025-03-20T07:00:00+08:00,103.431,103.446,103.321,103.398
2025-03-20T11:00:00+08:00,103.395,103.534,103.353,103.505
2025-03-20T15:00:00+08:00,103.5,103.985,103.499,103.908
2025-03-20T19:00:00+08:00,103.909,104.13,103.81,103.975
2025-03-20T23:00:00+08:00,103.979,104.035,103.828,103.851
2025-03-21T03:00:00+08:00,103.85,103.861,103.77,103.797
2025-03-21T07:00:00+08:00,103.779,103.914,103.757,103.9
2025-03-21T11:00:00+08:00,103.899,104.147,103.88,104.037
2025-03-21T15:00:00+08:00,104.04,104.088,103.925,103.947
2025-03-21T19:00:00+08:00,103.948,104.063,103.759,104.02
2025-03-21T23:00:00+08:00,104.024,104.223,103.982,104.087
2025-03-22T03:00:00+08:00,104.09,104.174,104.056,104.146
2025-03-24T05:00:00+08:00,104.147,104.147,103.982,104.022
2025-03-24T09:00:00+08:00,104.023,104.188,104.023,104.143
2025-03-24T13:00:00+08:00,104.145,104.185,103.865,103.952
2025-03-24T17:00:00+08:00,103.96,104.123,103.842,104.069
2025-03-24T21:00:00+08:00,104.067,104.444,104.056,104.374
2025-03-25T01:00:00+08:00,104.378,104.424,104.21,104.312
2025-03-25T05:00:00+08:00,104.314,104.337,104.3,104.31
2025-03-25T07:00:00+08:00,104.327,104.372,104.265,104.353
2025-03-25T11:00:00+08:00,104.358,104.36,104.239,104.349
2025-03-25T15:00:00+08:00,104.349,104.467,104.053,104.073
2025-03-25T19:00:00+08:00,104.075,104.156,103.944,104.068
2025-03-25T23:00:00+08:00,104.066,104.185,104.014,104.184
2025-03-26T03:00:00+08:00,104.186,104.232,104.153,104.215
2025-03-26T07:00:00+08:00,104.245,104.346,104.198,104.222
2025-03-26T11:00:00+08:00,104.226,104.379,104.217,104.294
2025-03-26T15:00:00+08:00,104.293,104.349,104.184,104.261
2025-03-26T19:00:00+08:00,104.262,104.465,104.221,104.307
2025-03-26T23:00:00+08:00,104.307,104.572,104.274,104.547
2025-03-27T03:00:00+08:00,104.545,104.683,104.515,104.665
2025-03-27T07:00:00+08:00,104.652,104.653,104.316,104.347
2025-03-27T11:00:00+08:00,104.348,104.434,104.253,104.381
2025-03-27T15:00:00+08:00,104.38,104.54,104.38,104.394
2025-03-27T19:00:00+08:00,104.397,104.447,104.243,104.359
2025-03-27T23:00:00+08:00,104.36,104.375,104.07,104.336
2025-03-28T03:00:00+08:00,104.339,104.353,104.251,104.279
2025-03-28T07:00:00+08:00,104.276,104.364,104.233,104.284
2025-03-28T11:00:00+08:00,104.284,104.36,104.259,104.332
2025-03-28T15:00:00+08:00,104.325,104.469,104.205,104.469
2025-03-28T19:00:00+08:00,104.47,104.498,103.972,104.06
2025-03-28T23:00:00+08:00,104.062,104.137,103.896,104.044
2025-03-29T03:00:00+08:00,104.043,104.049,103.947,104.011
2025-03-31T05:00:00+08:00,104.011,104.11,103.851,103.853
2025-03-31T09:00:00+08:00,103.857,103.916,103.765,103.878
2025-03-31T13:00:00+08:00,103.881,104.067,103.752,103.954
2025-03-31T17:00:00+08:00,103.954,104.203,103.928,104.196
2025-03-31T21:00:00+08:00,104.196,104.392,104.077,104.214
2025-04-01T01:00:00+08:00,104.211,104.282,104.151,104.195
2025-04-01T05:00:00+08:00,104.198,104.198,104.16,104.183
2025-04-01T07:00:00+08:00,104.18,104.19,104.071,104.107
2025-04-01T11:00:00+08:00,104.108,104.283,104.028,104.217
2025-04-01T15:00:00+08:00,104.221,104.279,104.019,104.22
2025-04-01T19:00:00+08:00,104.222,104.369,104.065,104.093
2025-04-01T23:00:00+08:00,104.097,104.269,104.07,104.261
2025-04-02T03:00:00+08:00,104.258,104.275,104.152,104.199
2025-04-02T07:00:00+08:00,104.203,104.29,104.158,104.212
2025-04-02T11:00:00+08:00,104.213,104.292,104.168,104.231
2025-04-02T15:00:00+08:00,104.232,104.314,104.074,104.164
2025-04-02T19:00:00+08:00,104.163,104.187,103.735,103.758
2025-04-02T23:00:00+08:00,103.76,103.901,103.686,103.806
2025-04-03T03:00:00+08:00,103.811,104.028,103.366,103.691
2025-04-03T07:00:00+08:00,103.148,103.379,103.013,103.097
2025-04-03T11:00:00+08:00,103.097,103.131,102.404,102.404
2025-04-03T15:00:00+08:00,102.405,102.773,101.372,101.988
2025-04-03T19:00:00+08:00,101.991,102.054,101.267,101.399
2025-04-03T23:00:00+08:00,101.397,102.152,101.395,102.072
2025-04-04T03:00:00+08:00,102.076,102.209,101.927,101.94
2025-04-04T07:00:00+08:00,101.989,102.073,101.773,101.894
2025-04-04T11:00:00+08:00,101.896,102.03,101.54,102.025
2025-04-04T15:00:00+08:00,102.028,102.66,101.89,102.129
2025-04-04T19:00:00+08:00,102.134,102.705,101.787,102.592
2025-04-04T23:00:00+08:00,102.593,103.166,102.405,103.022
2025-04-05T03:00:00+08:00,103.028,103.182,102.859,102.892
2025-04-07T05:00:00+08:00,103.069,103.069,102.464,102.779
2025-04-07T09:00:00+08:00,102.779,103.192,102.635,102.652
2025-04-07T13:00:00+08:00,102.654,102.831,102.182,102.692
2025-04-07T17:00:00+08:00,102.69,103.151,102.663,102.919
2025-04-07T21:00:00+08:00,102.918,103.517,102.892,103.353
2025-04-08T01:00:00+08:00,103.353,103.534,103.096,103.495
2025-04-08T05:00:00+08:00,103.498,103.54,103.401,103.468
2025-04-08T07:00:00+08:00,103.431,103.441,102.876,102.935
2025-04-08T11:00:00+08:00,102.933,103.097,102.779,102.865
2025-04-08T15:00:00+08:00,102.871,103.373,102.848,103.199
2025-04-08T19:00:00+08:00,103.201,103.441,102.866,103.33
2025-04-08T23:00:00+08:00,103.334,103.416,102.847,102.955
2025-04-09T03:00:00+08:00,102.957,103.102,102.753,102.908
2025-04-09T07:00:00+08:00,102.751,102.826,102.284,102.459
2025-04-09T11:00:00+08:00,102.457,102.49,101.916,102.053
2025-04-09T15:00:00+08:00,102.056,102.614,102.013,102.3
2025-04-09T19:00:00+08:00,102.303,102.362,101.837,102.315
2025-04-09T23:00:00+08:00,102.317,103.333,102.126,102.9
2025-04-10T03:00:00+08:00,102.908,103.171,102.789,102.907
2025-04-10T07:00:00+08:00,102.991,103.027,102.658,102.748
2025-04-10T11:00:00+08:00,102.748,102.796,102.535,102.682
2025-04-10T15:00:00+08:00,102.685,102.765,101.889,101.911
2025-04-10T19:00:00+08:00,101.909,101.958,101.092,101.093
2025-04-10T23:00:00+08:00,101.097,101.298,100.7,100.867
2025-04-11T03:00:00+08:00,100.873,101.289,100.842,100.913
2025-04-11T07:00:00+08:00,100.784,100.784,99.705,100.22
2025-04-11T11:00:00+08:00,100.221,100.64,99.861,100.373
2025-04-11T15:00:00+08:00,100.378,100.383,99.014,99.913
2025-04-11T19:00:00+08:00,99.919,100.048,99.321,99.981
2025-04-11T23:00:00+08:00,99.982,100.385,99.88,100.102
2025-04-12T03:00:00+08:00,100.109,100.127,99.759,99.783
2025-04-14T05:00:00+08:00,100.02,100.065,99.671,99.701
2025-04-14T09:00:00+08:00,99.7,99.761,99.351,99.684
2025-04-14T13:00:00+08:00,99.689,99.801,99.208,99.461
2025-04-14T17:00:00+08:00,99.466,99.885,99.326,99.865
2025-04-14T21:00:00+08:00,99.866,100.163,99.519,99.868
2025-04-15T01:00:00+08:00,99.872,99.873,99.554,99.696
2025-04-15T05:00:00+08:00,99.706,99.747,99.626,99.639
2025-04-15T07:00:00+08:00,99.809,99.975,99.695,99.711
2025-04-15T11:00:00+08:00,99.711,99.843,99.559,99.819
2025-04-15T15:00:00+08:00,99.82,99.892,99.479,99.655
2025-04-15T19:00:00+08:00,99.651,100.092,99.651,99.778
2025-04-15T23:00:00+08:00,99.777,100.276,99.775,100.213
2025-04-16T03:00:00+08:00,100.216,100.242,100.1,100.101
2025-04-16T07:00:00+08:00,100.062,100.104,99.789,99.823
2025-04-16T11:00:00+08:00,99.822,99.843,99.398,99.587
2025-04-16T15:00:00+08:00,99.592,99.725,99.354,99.615
2025-04-16T19:00:00+08:00,99.614,99.718,99.396,99.43
2025-04-16T23:00:00+08:00,99.429,99.615,99.371,99.381
2025-04-17T03:00:00+08:00,99.381,99.398,99.174,99.278
2025-04-17T07:00:00+08:00,99.234,99.66,99.222,99.483
2025-04-17T11:00:00+08:00,99.483,99.746,99.461,99.616
2025-04-17T15:00:00+08:00,99.624,99.678,99.415,99.572
2025-04-17T19:00:00+08:00,99.575,99.706,99.269,99.554
2025-04-17T23:00:00+08:00,99.554,99.618,99.364,99.376
2025-04-18T03:00:00+08:00,99.377,99.455,99.355,99.404
2025-04-21T05:00:00+08:00,99.078,99.208,98.539,98.66
2025-04-21T09:00:00+08:00,98.659,98.673,98.249,98.288
2025-04-21T13:00:00+08:00,98.29,98.375,97.983,98.012
2025-04-21T17:00:00+08:00,98.013,98.343,97.921,98.115
2025-04-21T21:00:00+08:00,98.117,98.513,98.11,98.368
2025-04-22T01:00:00+08:00,98.368,98.48,98.248,98.356
2025-04-22T05:00:00+08:00,98.359,98.396,98.318,98.321
2025-04-22T07:00:00+08:00,98.299,98.564,98.266,98.272
2025-04-22T11:00:00+08:00,98.273,98.401,98.013,98.368
2025-04-22T15:00:00+08:00,98.371,98.477,98.297,98.441
2025-04-22T19:00:00+08:00,98.446,98.663,98.354,98.526
2025-04-22T23:00:00+08:00,98.525,98.946,98.469,98.917
2025-04-23T03:00:00+08:00,98.922,99.645,98.877,99.641
2025-04-23T07:00:00+08:00,99.478,99.612,99.037,99.132
2025-04-23T11:00:00+08:00,99.13,99.373,99.115,99.18
2025-04-23T15:00:00+08:00,99.183,99.282,98.863,99.161
2025-04-23T19:00:00+08:00,99.16,99.671,99.021,99.545
2025-04-23T23:00:00+08:00,99.551,99.901,99.352,99.844
2025-04-24T03:00:00+08:00,99.847,99.939,99.77,99.78
2025-04-24T07:00:00+08:00,99.745,99.841,99.549,99.565
2025-04-24T11:00:00+08:00,99.57,99.744,99.562,99.57
2025-04-24T15:00:00+08:00,99.574,99.577,99.244,99.353
2025-04-24T19:00:00+08:00,99.355,99.482,99.269,99.4
2025-04-24T23:00:00+08:00,99.401,99.597,99.328,99.377
2025-04-25T03:00:00+08:00,99.381,99.381,99.223,99.286
2025-04-25T07:00:00+08:00,99.414,99.637,99.402,99.602
2025-04-25T11:00:00+08:00,99.601,99.885,99.52,99.686
2025-04-25T15:00:00+08:00,99.684,99.797,99.513,99.622
2025-04-25T19:00:00+08:00,99.62,99.798,99.509,99.608
2025-04-25T23:00:00+08:00,99.609,99.674,99.447,99.471
2025-04-26T03:00:00+08:00,99.471,99.633,99.464,99.587
2025-04-28T05:00:00+08:00,99.61,99.754,99.583,99.599
2025-04-28T09:00:00+08:00,99.6,99.764,99.506,99.506
2025-04-28T13:00:00+08:00,99.507,99.838,99.457,99.699
2025-04-28T17:00:00+08:00,99.698,99.704,99.449,99.603
2025-04-28T21:00:00+08:00,99.602,99.666,98.988,99.058
2025-04-29T01:00:00+08:00,99.06,99.13,98.901,98.929
2025-04-29T05:00:00+08:00,98.931,98.948,98.924,98.942
2025-04-29T07:00:00+08:00,99.037,99.191,98.948,99.121
2025-04-29T11:00:00+08:00,99.127,99.317,99.115,99.202
2025-04-29T15:00:00+08:00,99.207,99.35,99.044,99.329
2025-04-29T19:00:00+08:00,99.332,99.372,99.007,99.269
2025-04-29T23:00:00+08:00,99.267,99.293,98.985,99.235
2025-04-30T03:00:00+08:00,99.237,99.283,99.155,99.187
2025-04-30T07:00:00+08:00,99.171,99.418,99.143,99.328
2025-04-30T11:00:00+08:00,99.327,99.377,99.143,99.21
2025-04-30T15:00:00+08:00,99.214,99.474,99.214,99.457
2025-04-30T19:00:00+08:00,99.455,99.56,99.272,99.366
2025-04-30T23:00:00+08:00,99.369,99.648,99.306,99.468
2025-05-01T03:00:00+08:00,99.472,99.708,99.437,99.638
2025-05-01T07:00:00+08:00,99.654,99.814,99.613,99.715
2025-05-01T11:00:00+08:00,99.718,100.026,99.69,99.966
2025-05-01T15:00:00+08:00,99.969,100.082,99.741,99.756
2025-05-01T19:00:00+08:00,99.759,100.305,99.696,100.221
2025-05-01T23:00:00+08:00,100.222,100.375,100.15,100.247
2025-05-02T03:00:00+08:00,100.25,100.256,100.14,100.177
2025-05-02T07:00:00+08:00,100.179,100.328,100.068,100.14
2025-05-02T11:00:00+08:00,100.139,100.146,99.861,99.901
2025-05-02T15:00:00+08:00,99.897,99.978,99.629,99.832
2025-05-02T19:00:00+08:00,99.834,100.011,99.397,99.47
2025-05-02T23:00:00+08:00,99.472,100.081,99.472,100.03
2025-05-03T03:00:00+08:00,100.031,100.064,99.958,100.036
2025-05-05T05:00:00+08:00,100.002,100.05,99.831,99.864
2025-05-05T09:00:00+08:00,99.865,99.865,99.629,99.687
2025-05-05T13:00:00+08:00,99.686,99.898,99.606,99.793
2025-05-05T17:00:00+08:00,99.791,99.791,99.475,99.504
2025-05-05T21:00:00+08:00,99.505,99.958,99.464,99.932
2025-05-06T01:00:00+08:00,99.931,99.957,99.754,99.796
2025-05-06T05:00:00+08:00,99.801,99.808,99.769,99.779
2025-05-06T07:00:00+08:00,99.832,100.097,99.773,99.868
2025-05-06T11:00:00+08:00,99.866,99.896,99.682,99.742
2025-05-06T15:00:00+08:00,99.741,99.819,99.497,99.623
2025-05-06T19:00:00+08:00,99.626,99.65,99.258,99.463
2025-05-06T23:00:00+08:00,99.462,99.549,99.237,99.238
2025-05-07T03:00:00+08:00,99.243,99.395,99.172,99.395
2025-05-07T07:00:00+08:00,99.504,99.63,99.404,99.532
2025-05-07T11:00:00+08:00,99.534,99.568,99.286,99.297
2025-05-07T15:00:00+08:00,99.303,99.561,99.301,99.399
2025-05-07T19:00:00+08:00,99.4,99.476,99.323,99.368
2025-05-07T23:00:00+08:00,99.369,99.741,99.352,99.614
2025-05-08T03:00:00+08:00,99.62,99.972,99.62,99.869
2025-05-08T07:00:00+08:00,99.847,99.903,99.609,99.708
2025-05-08T11:00:00+08:00,99.706,100.139,99.609,100.107
2025-05-08T15:00:00+08:00,100.111,100.21,99.962,100.118
2025-05-08T19:00:00+08:00,100.115,100.201,99.839,100.177
2025-05-08T23:00:00+08:00,100.181,100.717,100.087,100.64
2025-05-09T03:00:00+08:00,100.644,100.764,100.609,100.636
2025-05-09T07:00:00+08:00,100.642,100.862,100.597,100.679
2025-05-09T11:00:00+08:00,100.681,100.682,100.448,100.494
2025-05-09T15:00:00+08:00,100.501,100.526,100.342,100.446
2025-05-09T19:00:00+08:00,100.449,100.459,100.086,100.261
2025-05-09T23:00:00+08:00,100.261,100.395,100.219,100.338
2025-05-10T03:00:00+08:00,100.34,100.437,100.329,100.424
2025-05-12T05:00:00+08:00,100.689,100.716,100.525,100.547
2025-05-12T09:00:00+08:00,100.55,100.689,100.51,100.607
2025-05-12T13:00:00+08:00,100.603,101.792,100.537,101.405
2025-05-12T17:00:00+08:00,101.409,101.937,101.376,101.597
2025-05-12T21:00:00+08:00,101.596,101.839,101.426,101.837
2025-05-13T01:00:00+08:00,101.835,101.977,101.728,101.806
2025-05-13T05:00:00+08:00,101.803,101.808,101.758,101.778
2025-05-13T07:00:00+08:00,101.725,101.76,101.579,101.654
2025-05-13T11:00:00+08:00,101.655,101.679,101.495,101.574
2025-05-13T15:00:00+08:00,101.574,101.648,101.47,101.604
2025-05-13T19:00:00+08:00,101.607,101.611,101.208,101.221
2025-05-13T23:00:00+08:00,101.221,101.261,100.993,101.002
2025-05-14T03:00:00+08:00,101.002,101.016,100.91,100.93
2025-05-14T07:00:00+08:00,100.953,101.022,100.85,100.932
2025-05-14T11:00:00+08:00,100.929,100.991,100.83,100.94
2025-05-14T15:00:00+08:00,100.939,100.968,100.271,100.513
2025-05-14T19:00:00+08:00,100.519,100.81,100.496,100.745
2025-05-14T23:00:00+08:00,100.745,101.081,100.728,101.039
2025-05-15T03:00:00+08:00,101.04,101.138,101.016,101.016
2025-05-15T07:00:00+08:00,100.968,101.055,100.825,100.863
2025-05-15T11:00:00+08:00,100.864,100.93,100.596,100.596
2025-05-15T15:00:00+08:00,100.6,100.879,100.589,100.812
2025-05-15T19:00:00+08:00,100.815,100.98,100.605,100.881
2025-05-15T23:00:00+08:00,100.885,100.957,100.793,100.877
2025-05-16T03:00:00+08:00,100.876,100.912,100.787,100.808
2025-05-16T07:00:00+08:00,100.772,100.79,100.606,100.677
2025-05-16T11:00:00+08:00,100.678,100.71,100.521,100.577
2025-05-16T15:00:00+08:00,100.585,100.839,100.536,100.764
2025-05-16T19:00:00+08:00,100.764,101.128,100.694,101.093
2025-05-16T23:00:00+08:00,101.091,101.259,101.065,101.092
2025-05-17T03:00:00+08:00,101.093,101.126,100.963,100.976
2025-05-19T05:00:00+08:00,100.905,100.905,100.668,100.681
2025-05-19T09:00:00+08:00,100.685,100.882,100.665,100.825
2025-05-19T13:00:00+08:00,100.826,100.87,100.281,100.294
2025-05-19T17:00:00+08:00,100.297,100.313,100.064,100.288
2025-05-19T21:00:00+08:00,100.291,100.457,100.226,100.424
2025-05-20T01:00:00+08:00,100.42,100.511,100.344,100.365
2025-05-20T05:00:00+08:00,100.369,100.387,100.347,100.383
2025-05-20T07:00:00+08:00,100.434,100.58,100.301,100.464
2025-05-20T11:00:00+08:00,100.465,100.484,100.17,100.225
2025-05-20T15:00:00+08:00,100.231,100.33,100.05,100.324
2025-05-20T19:00:00+08:00,100.325,100.483,100.15,100.163
2025-05-20T23:00:00+08:00,100.164,100.328,100.062,100.116
2025-05-21T03:00:00+08:00,100.122,100.122,100.006,100.012
2025-05-21T07:00:00+08:00,99.987,99.993,99.666,99.686
2025-05-21T11:00:00+08:00,99.687,99.711,99.423,99.581
2025-05-21T15:00:00+08:00,99.586,99.805,99.4,99.57
2025-05-21T19:00:00+08:00,99.572,99.724,99.443,99.516
2025-05-21T23:00:00+08:00,99.512,99.57,99.336,99.559
2025-05-22T03:00:00+08:00,99.56,99.701,99.513,99.688
2025-05-22T07:00:00+08:00,99.643,99.664,99.44,99.489
2025-05-22T11:00:00+08:00,99.491,99.646,99.472,99.612
2025-05-22T15:00:00+08:00,99.611,99.867,99.472,99.852
2025-05-22T19:00:00+08:00,99.854,99.943,99.653,99.924
2025-05-22T23:00:00+08:00,99.925,100.118,99.856,99.958
2025-05-23T03:00:00+08:00,99.96,99.96,99.889,99.897
2025-05-23T07:00:00+08:00,99.883,99.94,99.636,99.657
2025-05-23T11:00:00+08:00,99.658,99.691,99.555,99.645
2025-05-23T15:00:00+08:00,99.65,99.661,99.305,99.37
2025-05-23T19:00:00+08:00,99.372,99.584,99.135,99.26
2025-05-23T23:00:00+08:00,99.258,99.359,99.047,99.112
2025-05-24T03:00:00+08:00,99.116,99.151,99.068,99.104
2025-05-26T05:00:00+08:00,99.089,99.162,98.898,98.902
2025-05-26T09:00:00+08:00,98.902,98.965,98.694,98.798
2025-05-26T13:00:00+08:00,98.796,98.998,98.731,98.989
2025-05-26T17:00:00+08:00,98.989,99.107,98.969,99.068
2025-05-26T21:00:00+08:00,99.069,99.085,98.986,98.993
2025-05-27T01:00:00+08:00,98.991,99.036,98.976,98.986
2025-05-27T05:00:00+08:00,98.987,99.013,98.932,98.932
2025-05-27T07:00:00+08:00,98.955,98.966,98.778,98.911
2025-05-27T11:00:00+08:00,98.913,99.196,98.857,99.196
2025-05-27T15:00:00+08:00,99.197,99.443,99.145,99.418
2025-05-27T19:00:00+08:00,99.422,99.521,99.204,99.487
2025-05-27T23:00:00+08:00,99.487,99.615,99.479,99.521
2025-05-28T03:00:00+08:00,99.522,99.615,99.511,99.559
2025-05-28T07:00:00+08:00,99.527,99.814,99.441,99.787
2025-05-28T11:00:00+08:00,99.786,99.873,99.694,99.782
2025-05-28T15:00:00+08:00,99.787,99.8,99.484,99.615
2025-05-28T19:00:00+08:00,99.618,99.887,99.593,99.81
2025-05-28T23:00:00+08:00,99.809,99.957,99.773,99.873
2025-05-29T03:00:00+08:00,99.879,99.923,99.859,99.876
2025-05-29T07:00:00+08:00,100.537,100.54,100.203,100.299
2025-05-29T11:00:00+08:00,100.301,100.412,100.078,100.095
2025-05-29T15:00:00+08:00,100.097,100.112,99.876,99.918
2025-05-29T19:00:00+08:00,99.92,100.046,99.339,99.477
2025-05-29T23:00:00+08:00,99.476,99.484,99.217,99.279
2025-05-30T03:00:00+08:00,99.279,99.391,99.265,99.332
2025-05-30T07:00:00+08:00,99.246,99.464,99.129,99.458
2025-05-30T11:00:00+08:00,99.457,99.552,99.385,99.459
2025-05-30T15:00:00+08:00,99.458,99.632,99.454,99.572
2025-05-30T19:00:00+08:00,99.576,99.668,99.321,99.431
2025-05-30T23:00:00+08:00,99.432,99.476,99.284,99.329
2025-05-31T03:00:00+08:00,99.333,99.451,99.315,99.443
2025-06-02T05:00:00+08:00,99.408,99.42,99.19,99.224
2025-06-02T09:00:00+08:00,99.221,99.337,99.112,99.246
2025-06-02T13:00:00+08:00,99.253,99.261,98.679,98.807
2025-06-02T17:00:00+08:00,98.809,98.871,98.683,98.81
2025-06-02T21:00:00+08:00,98.813,98.935,98.612,98.856
2025-06-03T01:00:00+08:00,98.859,98.885,98.654,98.686
2025-06-03T05:00:00+08:00,98.691,98.716,98.687,98.708
2025-06-03T07:00:00+08:00,98.585,98.898,98.583,98.853
2025-06-03T11:00:00+08:00,98.853,98.939,98.782,98.805
2025-06-03T15:00:00+08:00,98.804,99.04,98.765,99.033
2025-06-03T19:00:00+08:00,99.033,99.328,99.026,99.11
2025-06-03T23:00:00+08:00,99.114,99.309,99.103,99.227
2025-06-04T03:00:00+08:00,99.231,99.303,99.22,99.249
2025-06-04T07:00:00+08:00,99.177,99.283,99.081,99.223
2025-06-04T11:00:00+08:00,99.223,99.392,99.182,99.211
2025-06-04T15:00:00+08:00,99.21,99.261,99.035,99.22
2025-06-04T19:00:00+08:00,99.221,99.247,98.723,98.745
2025-06-04T23:00:00+08:00,98.747,98.847,98.673,98.787
2025-06-05T03:00:00+08:00,98.789,98.879,98.775,98.818
2025-06-05T07:00:00+08:00,98.796,98.892,98.689,98.833
2025-06-05T11:00:00+08:00,98.831,98.941,98.779,98.92
2025-06-05T15:00:00+08:00,98.923,98.932,98.723,98.788
2025-06-05T19:00:00+08:00,98.788,98.863,98.351,98.629
2025-06-05T23:00:00+08:00,98.631,98.847,98.62,98.74
2025-06-06T03:00:00+08:00,98.741,98.817,98.703,98.712
2025-06-06T07:00:00+08:00,98.699,98.836,98.655,98.804
2025-06-06T11:00:00+08:00,98.805,98.911,98.753,98.859
2025-06-06T15:00:00+08:00,98.862,99.031,98.851,98.941
2025-06-06T19:00:00+08:00,98.94,99.357,98.885,99.241
2025-06-06T23:00:00+08:00,99.243,99.303,99.143,99.19
2025-06-07T03:00:00+08:00,99.192,99.232,99.151,99.202
2025-06-09T05:00:00+08:00,99.196,99.219,99.074,99.214
2025-06-09T09:00:00+08:00,99.211,99.212,98.947,98.998
2025-06-09T13:00:00+08:00,98.995,99.05,98.83,98.893
2025-06-09T17:00:00+08:00,98.895,99.173,98.817,99.131
2025-06-09T21:00:00+08:00,99.134,99.227,98.928,98.944
2025-06-10T01:00:00+08:00,98.942,99.027,98.908,99.011
2025-06-10T05:00:00+08:00,99.011,99.013,98.989,99.005
2025-06-10T07:00:00+08:00,98.982,99.302,98.895,99.175
2025-06-10T11:00:00+08:00,99.178,99.24,99.048,99.217
2025-06-10T15:00:00+08:00,99.219,99.39,99.025,99.029
2025-06-10T19:00:00+08:00,99.029,99.055,98.862,99.019
2025-06-10T23:00:00+08:00,99.023,99.127,99.005,99.097
2025-06-11T03:00:00+08:00,99.1,99.112,98.975,99.044
2025-06-11T07:00:00+08:00,98.959,99.194,98.939,99.126
2025-06-11T11:00:00+08:00,99.127,99.205,99.073,99.191
2025-06-11T15:00:00+08:00,99.193,99.221,98.947,99.014
2025-06-11T19:00:00+08:00,99.017,99.104,98.58,98.691
2025-06-11T23:00:00+08:00,98.692,98.732,98.525,98.629
2025-06-12T03:00:00+08:00,98.635,98.7,98.582,98.583
2025-06-12T07:00:00+08:00,98.46,98.519,98.285,98.416
2025-06-12T11:00:00+08:00,98.414,98.423,98.247,98.324
2025-06-12T15:00:00+08:00,98.328,98.496,97.8,97.882
2025-06-12T19:00:00+08:00,97.888,97.949,97.602,97.938
2025-06-12T23:00:00+08:00,97.938,98.037,97.903,97.921
2025-06-13T03:00:00+08:00,97.925,97.948,97.829,97.836
2025-06-13T07:00:00+08:00,97.812,98.15,97.621,98.087
2025-06-13T11:00:00+08:00,98.086,98.394,98.086,98.207
2025-06-13T15:00:00+08:00,98.21,98.586,98.083,98.485
2025-06-13T19:00:00+08:00,98.487,98.58,98.18,98.181
2025-06-13T23:00:00+08:00,98.184,98.232,98.001,98.184
2025-06-14T03:00:00+08:00,98.188,98.214,98.112,98.138
2025-06-16T05:00:00+08:00,98.261,98.344,98.186,98.272
2025-06-16T09:00:00+08:00,98.272,98.365,98.195,98.28
2025-06-16T13:00:00+08:00,98.282,98.282,97.936,97.995
2025-06-16T17:00:00+08:00,97.994,98.031,97.921,97.935
2025-06-16T21:00:00+08:00,97.932,97.961,97.685,97.919
2025-06-17T01:00:00+08:00,97.917,98.197,97.911,98.142
2025-06-17T05:00:00+08:00,98.14,98.154,98.106,98.139
2025-06-17T07:00:00+08:00,98.194,98.277,98.156,98.18
2025-06-17T11:00:00+08:00,98.182,98.205,98.069,98.155
2025-06-17T15:00:00+08:00,98.162,98.239,98.089,98.097
2025-06-17T19:00:00+08:00,98.096,98.536,98.022,98.435
2025-06-17T23:00:00+08:00,98.436,98.841,98.328,98.819
2025-06-18T03:00:00+08:00,98.824,98.87,98.745,98.822
2025-06-18T07:00:00+08:00,98.869,98.869,98.691,98.711
2025-06-18T11:00:00+08:00,98.71,98.72,98.56,98.588
2025-06-18T15:00:00+08:00,98.591,98.731,98.509,98.717
2025-06-18T19:00:00+08:00,98.719,98.787,98.534,98.666
2025-06-18T23:00:00+08:00,98.665,98.913,98.483,98.905
2025-06-19T03:00:00+08:00,98.907,99.01,98.824,98.85
2025-06-19T07:00:00+08:00,98.879,99.098,98.85,99.065
2025-06-19T11:00:00+08:00,99.062,99.157,98.953,99.007
2025-06-19T15:00:00+08:00,99.008,99.076,98.88,98.972
2025-06-19T19:00:00+08:00,98.973,99.067,98.864,99.021
2025-06-19T23:00:00+08:00,99.021,99.104,98.843,98.861
2025-06-20T03:00:00+08:00,98.864,98.869,98.752,98.784
2025-06-20T07:00:00+08:00,98.671,98.691,98.582,98.631
2025-06-20T11:00:00+08:00,98.635,98.681,98.538,98.665
2025-06-20T15:00:00+08:00,98.67,98.698,98.543,98.624
2025-06-20T19:00:00+08:00,98.625,98.893,98.615,98.789
2025-06-20T23:00:00+08:00,98.791,98.797,98.595,98.707
2025-06-21T03:00:00+08:00,98.705,98.837,98.686,98.774
2025-06-23T05:00:00+08:00,99.094,99.113,98.87,99.023
2025-06-23T09:00:00+08:00,99.027,99.163,98.907,99.078
2025-06-23T13:00:00+08:00,99.082,99.198,98.885,99.189
2025-06-23T17:00:00+08:00,99.19,99.421,99.189,99.276
2025-06-23T21:00:00+08:00,99.279,99.295,98.544,98.635
2025-06-24T01:00:00+08:00,98.636,98.664,98.348,98.384
2025-06-24T05:00:00+08:00,98.384,98.409,98.347,98.349
2025-06-24T07:00:00+08:00,98.158,98.276,98.136,98.17
2025-06-24T11:00:00+08:00,98.168,98.171,97.969,98.078
2025-06-24T15:00:00+08:00,98.081,98.253,97.933,98.079
2025-06-24T19:00:00+08:00,98.083,98.168,97.707,97.895
2025-06-24T23:00:00+08:00,97.895,97.998,97.766,97.859
2025-06-25T03:00:00+08:00,97.859,97.978,97.844,97.97
2025-06-25T07:00:00+08:00,97.935,97.962,97.814,97.897
2025-06-25T11:00:00+08:00,97.901,98.037,97.88,98.014
2025-06-25T15:00:00+08:00,98.016,98.151,97.981,98.089
2025-06-25T19:00:00+08:00,98.088,98.201,97.957,97.978
2025-06-25T23:00:00+08:00,97.98,98.002,97.679,97.679
2025-06-26T03:00:00+08:00,97.683,97.751,97.646,97.709
2025-06-26T07:00:00+08:00,97.546,97.605,97.402,97.434
2025-06-26T11:00:00+08:00,97.436,97.546,97.268,97.329
2025-06-26T15:00:00+08:00,97.334,97.366,96.997,97.219
2025-06-26T19:00:00+08:00,97.222,97.41,97.144,97.249
2025-06-26T23:00:00+08:00,97.253,97.359,97.001,97.147
2025-06-27T03:00:00+08:00,97.149,97.361,97.148,97.347
2025-06-27T07:00:00+08:00,97.334,97.411,97.249,97.286
2025-06-27T11:00:00+08:00,97.287,97.419,97.17,97.17
2025-06-27T15:00:00+08:00,97.169,97.317,97.125,97.243
2025-06-27T19:00:00+08:00,97.241,97.354,97,97.271
2025-06-27T23:00:00+08:00,97.271,97.498,97.163,97.4
2025-06-28T03:00:00+08:00,97.405,97.408,97.243,97.254
2025-06-30T05:00:00+08:00,97.185,97.299,97.122,97.27
2025-06-30T09:00:00+08:00,97.268,97.289,97.101,97.108
2025-06-30T13:00:00+08:00,97.11,97.25,96.974,97.164
2025-06-30T17:00:00+08:00,97.166,97.318,97.131,97.284
2025-06-30T21:00:00+08:00,97.284,97.316,96.896,96.953
2025-07-01T01:00:00+08:00,96.952,96.986,96.768,96.775
2025-07-01T05:00:00+08:00,96.775,96.925,96.775,96.785
2025-07-01T07:00:00+08:00,96.78,96.816,96.614,96.739
2025-07-01T11:00:00+08:00,96.742,96.796,96.692,96.768
2025-07-01T15:00:00+08:00,96.771,96.844,96.377,96.493
2025-07-01T19:00:00+08:00,96.494,96.839,96.45,96.809
2025-07-01T23:00:00+08:00,96.809,96.949,96.792,96.819
2025-07-02T03:00:00+08:00,96.823,96.829,96.637,96.652
2025-07-02T07:00:00+08:00,96.641,96.777,96.621,96.684
2025-07-02T11:00:00+08:00,96.682,96.888,96.658,96.834
2025-07-02T15:00:00+08:00,96.833,96.976,96.821,96.932
2025-07-02T19:00:00+08:00,96.933,97.152,96.819,97.051
2025-07-02T23:00:00+08:00,97.054,97.061,96.761,96.776
2025-07-03T03:00:00+08:00,96.778,96.817,96.747,96.774
2025-07-03T07:00:00+08:00,96.75,96.82,96.689,96.788
2025-07-03T11:00:00+08:00,96.789,96.878,96.754,96.754
2025-07-03T15:00:00+08:00,96.759,96.86,96.7,96.811
2025-07-03T19:00:00+08:00,96.81,97.422,96.787,97.148
2025-07-03T23:00:00+08:00,97.148,97.232,97.038,97.18
2025-07-04T03:00:00+08:00,97.182,97.206,97.099,97.127
2025-07-04T07:00:00+08:00,97.089,97.107,96.999,97.037
2025-07-04T11:00:00+08:00,97.04,97.045,96.859,96.883
2025-07-04T15:00:00+08:00,96.889,97.007,96.883,96.955
2025-07-04T19:00:00+08:00,96.956,97.045,96.918,96.987
2025-07-04T23:00:00+08:00,96.989,97.012,96.949,96.966
2025-07-05T03:00:00+08:00,96.963,97.01,96.949,96.985
2025-07-07T05:00:00+08:00,96.957,97.018,96.891,96.961
2025-07-07T09:00:00+08:00,96.963,97.15,96.948,97.137
2025-07-07T13:00:00+08:00,97.139,97.424,97.081,97.42
2025-07-07T17:00:00+08:00,97.419,97.439,97.316,97.408
2025-07-07T21:00:00+08:00,97.407,97.66,97.257,97.628
2025-07-08T01:00:00+08:00,97.625,97.667,97.439,97.552
2025-07-08T05:00:00+08:00,97.551,97.552,97.516,97.517
2025-07-08T07:00:00+08:00,97.358,97.436,97.284,97.351
2025-07-08T11:00:00+08:00,97.349,97.395,97.256,97.345
2025-07-08T15:00:00+08:00,97.351,97.501,97.179,97.479
2025-07-08T19:00:00+08:00,97.484,97.838,97.409,97.766
2025-07-08T23:00:00+08:00,97.768,97.786,97.495,97.516
2025-07-09T03:00:00+08:00,97.514,97.562,97.475,97.512
2025-07-09T07:00:00+08:00,97.547,97.695,97.523,97.645
2025-07-09T11:00:00+08:00,97.646,97.718,97.501,97.512
2025-07-09T15:00:00+08:00,97.511,97.664,97.501,97.649
2025-07-09T19:00:00+08:00,97.651,97.748,97.457,97.56
2025-07-09T23:00:00+08:00,97.559,97.639,97.508,97.555
2025-07-10T03:00:00+08:00,97.555,97.576,97.47,97.47
2025-07-10T07:00:00+08:00,97.444,97.451,97.271,97.361
2025-07-10T11:00:00+08:00,97.366,97.451,97.342,97.396
2025-07-10T15:00:00+08:00,97.4,97.467,97.367,97.427
2025-07-10T19:00:00+08:00,97.425,97.921,97.418,97.775
2025-07-10T23:00:00+08:00,97.774,97.801,97.637,97.652
2025-07-11T03:00:00+08:00,97.654,97.664,97.57,97.578
2025-07-11T07:00:00+08:00,97.573,97.875,97.555,97.866
2025-07-11T11:00:00+08:00,97.868,97.894,97.765,97.86
2025-07-11T15:00:00+08:00,97.863,97.863,97.709,97.75
2025-07-11T19:00:00+08:00,97.754,97.964,97.664,97.829
2025-07-11T23:00:00+08:00,97.832,97.864,97.75,97.853
2025-07-12T03:00:00+08:00,97.851,97.935,97.828,97.868
2025-07-14T05:00:00+08:00,97.959,98.03,97.794,97.797
2025-07-14T09:00:00+08:00,97.795,97.979,97.765,97.968
2025-07-14T13:00:00+08:00,97.97,98.1,97.864,97.922
2025-07-14T17:00:00+08:00,97.923,97.957,97.815,97.914
2025-07-14T21:00:00+08:00,97.914,98.132,97.867,98.107
2025-07-15T01:00:00+08:00,98.105,98.136,98.058,98.114
2025-07-15T05:00:00+08:00,98.113,98.125,98.094,98.101
2025-07-15T07:00:00+08:00,98.137,98.137,98.02,98.041
2025-07-15T11:00:00+08:00,98.039,98.058,97.957,98.029
2025-07-15T15:00:00+08:00,98.029,98.078,97.931,97.981
2025-07-15T19:00:00+08:00,97.98,98.548,97.938,98.518
2025-07-15T23:00:00+08:00,98.516,98.699,98.503,98.616
2025-07-16T03:00:00+08:00,98.618,98.653,98.61,98.636
2025-07-16T07:00:00+08:00,98.583,98.63,98.53,98.592
2025-07-16T11:00:00+08:00,98.591,98.627,98.443,98.445
2025-07-16T15:00:00+08:00,98.448,98.587,98.437,98.532
2025-07-16T19:00:00+08:00,98.532,98.912,98.501,98.678
2025-07-16T23:00:00+08:00,98.679,98.68,97.714,98.393
2025-07-17T03:00:00+08:00,98.389,98.44,98.274,98.279
2025-07-17T07:00:00+08:00,98.349,98.532,98.335,98.519
2025-07-17T11:00:00+08:00,98.518,98.812,98.459,98.739
2025-07-17T15:00:00+08:00,98.741,98.802,98.594,98.73
2025-07-17T19:00:00+08:00,98.731,98.95,98.645,98.699
2025-07-17T23:00:00+08:00,98.7,98.768,98.601,98.735
2025-07-18T03:00:00+08:00,98.733,98.734,98.611,98.615
2025-07-18T07:00:00+08:00,98.487,98.509,98.391,98.431
2025-07-18T11:00:00+08:00,98.432,98.575,98.422,98.503
2025-07-18T15:00:00+08:00,98.501,98.512,98.316,98.327
2025-07-18T19:00:00+08:00,98.33,98.334,98.099,98.286
2025-07-18T23:00:00+08:00,98.287,98.511,98.223,98.482
2025-07-19T03:00:00+08:00,98.484,98.518,98.45,98.462
2025-07-21T05:00:00+08:00,98.357,98.477,98.344,98.473
2025-07-21T09:00:00+08:00,98.479,98.508,98.398,98.405
2025-07-21T13:00:00+08:00,98.407,98.415,98.167,98.253
2025-07-21T17:00:00+08:00,98.248,98.312,97.992,98.045
2025-07-21T21:00:00+08:00,98.05,98.124,97.7,97.802
2025-07-22T01:00:00+08:00,97.805,97.901,97.791,97.847
2025-07-22T05:00:00+08:00,97.852,97.865,97.841,97.848
2025-07-22T07:00:00+08:00,97.868,97.952,97.842,97.885
2025-07-22T11:00:00+08:00,97.885,97.982,97.876,97.936
2025-07-22T15:00:00+08:00,97.937,97.991,97.765,97.843
2025-07-22T19:00:00+08:00,97.84,97.898,97.533,97.565
2025-07-22T23:00:00+08:00,97.569,97.613,97.305,97.39
2025-07-23T03:00:00+08:00,97.394,97.415,97.348,97.399
2025-07-23T07:00:00+08:00,97.474,97.527,97.36,97.496
2025-07-23T11:00:00+08:00,97.493,97.56,97.397,97.432
2025-07-23T15:00:00+08:00,97.435,97.47,97.337,97.459
2025-07-23T19:00:00+08:00,97.458,97.606,97.401,97.429
2025-07-23T23:00:00+08:00,97.43,97.505,97.196,97.213
2025-07-24T03:00:00+08:00,97.22,97.247,97.189,97.206
2025-07-24T07:00:00+08:00,97.181,97.274,97.109,97.149
2025-07-24T11:00:00+08:00,97.148,97.292,97.116,97.292
2025-07-24T15:00:00+08:00,97.293,97.436,97.213,97.396
2025-07-24T19:00:00+08:00,97.399,97.523,97.148,97.322
2025-07-24T23:00:00+08:00,97.326,97.441,97.277,97.376
2025-07-25T03:00:00+08:00,97.377,97.55,97.343,97.517
2025-07-25T07:00:00+08:00,97.454,97.63,97.434,97.601
2025-07-25T11:00:00+08:00,97.598,97.618,97.429,97.522
2025-07-25T15:00:00+08:00,97.521,97.748,97.47,97.721
2025-07-25T19:00:00+08:00,97.721,97.905,97.691,97.749
2025-07-25T23:00:00+08:00,97.753,97.836,97.639,97.644
2025-07-26T03:00:00+08:00,97.645,97.7,97.632,97.673
2025-07-28T05:00:00+08:00,97.577,97.641,97.511,97.541
2025-07-28T09:00:00+08:00,97.539,97.683,97.492,97.647
2025-07-28T13:00:00+08:00,97.647,98.153,97.647,98.092
2025-07-28T17:00:00+08:00,98.094,98.316,98.054,98.161
2025-07-28T21:00:00+08:00,98.16,98.57,98.128,98.567
2025-07-29T01:00:00+08:00,98.57,98.685,98.556,98.664
2025-07-29T05:00:00+08:00,98.669,98.675,98.644,98.664
2025-07-29T07:00:00+08:00,98.64,98.711,98.584,98.596
2025-07-29T11:00:00+08:00,98.597,99.009,98.587,99.007
2025-07-29T15:00:00+08:00,99.009,99.048,98.663,98.763
2025-07-29T19:00:00+08:00,98.768,99.141,98.758,99.074
2025-07-29T23:00:00+08:00,99.078,99.09,98.828,98.886
2025-07-30T03:00:00+08:00,98.888,98.935,98.83,98.898
2025-07-30T07:00:00+08:00,98.921,98.923,98.703,98.77
2025-07-30T11:00:00+08:00,98.769,98.925,98.704,98.797
2025-07-30T15:00:00+08:00,98.799,98.974,98.726,98.925
2025-07-30T19:00:00+08:00,98.925,99.57,98.915,99.416
2025-07-30T23:00:00+08:00,99.418,99.815,99.235,99.815
2025-07-31T03:00:00+08:00,99.816,99.983,99.744,99.887
2025-07-31T07:00:00+08:00,99.798,99.825,99.72,99.738
2025-07-31T11:00:00+08:00,99.736,99.88,99.524,99.544
2025-07-31T15:00:00+08:00,99.549,99.952,99.547,99.822
2025-07-31T19:00:00+08:00,99.823,100.101,99.724,99.821
2025-07-31T23:00:00+08:00,99.821,100.056,99.79,99.966
2025-08-01T03:00:00+08:00,99.968,100.098,99.928,100.05
2025-08-01T07:00:00+08:00,100.011,100.145,99.957,100.099
2025-08-01T11:00:00+08:00,100.101,100.104,99.914,99.978
2025-08-01T15:00:00+08:00,99.982,100.257,99.941,100.112
2025-08-01T19:00:00+08:00,100.115,100.256,98.679,98.944
2025-08-01T23:00:00+08:00,98.94,99.197,98.867,99.141
2025-08-02T03:00:00+08:00,99.143,99.152,98.611,98.684
2025-08-04T05:00:00+08:00,98.65,98.903,98.603,98.89
2025-08-04T09:00:00+08:00,98.893,98.956,98.696,98.777
2025-08-04T13:00:00+08:00,98.776,98.98,98.724,98.911
2025-08-04T17:00:00+08:00,98.909,98.93,98.614,98.718
2025-08-04T21:00:00+08:00,98.719,98.846,98.592,98.735
2025-08-05T01:00:00+08:00,98.735,98.802,98.698,98.743
2025-08-05T05:00:00+08:00,98.745,98.764,98.72,98.729
2025-08-05T07:00:00+08:00,98.623,98.851,98.585,98.825
2025-08-05T11:00:00+08:00,98.824,98.932,98.793,98.891
2025-08-05T15:00:00+08:00,98.897,99.047,98.8,98.96
2025-08-05T19:00:00+08:00,98.965,99.074,98.803,98.808
2025-08-05T23:00:00+08:00,98.812,98.828,98.671,98.782
2025-08-06T03:00:00+08:00,98.784,98.83,98.736,98.756
2025-08-06T07:00:00+08:00,98.745,98.837,98.683,98.789
2025-08-06T11:00:00+08:00,98.79,98.79,98.664,98.729
2025-08-06T15:00:00+08:00,98.731,98.829,98.542,98.557
2025-08-06T19:00:00+08:00,98.559,98.625,98.365,98.429
2025-08-06T23:00:00+08:00,98.429,98.463,98.128,98.177
2025-08-07T03:00:00+08:00,98.174,98.295,98.169,98.193
2025-08-07T07:00:00+08:00,98.19,98.312,98.181,98.252
2025-08-07T11:00:00+08:00,98.253,98.291,98.036,98.061
2025-08-07T15:00:00+08:00,98.061,98.201,97.945,98.134
2025-08-07T19:00:00+08:00,98.138,98.451,98.067,98.385
2025-08-07T23:00:00+08:00,98.386,98.473,98.223,98.399
2025-08-08T03:00:00+08:00,98.398,98.413,98.029,98.049
2025-08-08T07:00:00+08:00,97.982,98.162,97.959,98.111
2025-08-08T11:00:00+08:00,98.112,98.271,98.091,98.199
2025-08-08T15:00:00+08:00,98.195,98.351,98.084,98.303
2025-08-08T19:00:00+08:00,98.303,98.335,98.156,98.21
2025-08-08T23:00:00+08:00,98.213,98.248,98.113,98.179
2025-08-09T03:00:00+08:00,98.182,98.305,98.176,98.264
2025-08-11T05:00:00+08:00,98.237,98.277,98.208,98.236
2025-08-11T09:00:00+08:00,98.235,98.248,98.034,98.06
2025-08-11T13:00:00+08:00,98.059,98.236,98.038,98.174
2025-08-11T17:00:00+08:00,98.179,98.51,98.157,98.461
2025-08-11T21:00:00+08:00,98.459,98.671,98.413,98.545
2025-08-12T01:00:00+08:00,98.541,98.61,98.477,98.505
2025-08-12T05:00:00+08:00,98.505,98.521,98.483,98.497
2025-08-12T07:00:00+08:00,98.507,98.541,98.448,98.466
2025-08-12T11:00:00+08:00,98.465,98.553,98.438,98.553
2025-08-12T15:00:00+08:00,98.553,98.596,98.438,98.545
2025-08-12T19:00:00+08:00,98.548,98.622,98.136,98.201
2025-08-12T23:00:00+08:00,98.205,98.218,97.897,98.097
2025-08-13T03:00:00+08:00,98.099,98.131,98.043,98.053
2025-08-13T07:00:00+08:00,98.043,98.13,97.998,98.046
2025-08-13T11:00:00+08:00,98.049,98.078,97.918,97.948
2025-08-13T15:00:00+08:00,97.949,97.949,97.626,97.727
2025-08-13T19:00:00+08:00,97.728,97.882,97.663,97.695
2025-08-13T23:00:00+08:00,97.696,97.875,97.688,97.84
2025-08-14T03:00:00+08:00,97.84,97.862,97.777,97.786
2025-08-14T07:00:00+08:00,97.754,97.77,97.632,97.734
2025-08-14T11:00:00+08:00,97.733,97.827,97.683,97.826
2025-08-14T15:00:00+08:00,97.827,97.937,97.752,97.781
2025-08-14T19:00:00+08:00,97.783,98.243,97.77,98.077
2025-08-14T23:00:00+08:00,98.08,98.322,98.073,98.254
2025-08-15T03:00:00+08:00,98.256,98.256,98.181,98.195
2025-08-15T07:00:00+08:00,98.184,98.214,98.091,98.094
2025-08-15T11:00:00+08:00,98.095,98.096,97.972,97.986
2025-08-15T15:00:00+08:00,97.984,97.986,97.848,97.89
2025-08-15T19:00:00+08:00,97.889,98.003,97.725,97.762
2025-08-15T23:00:00+08:00,97.762,97.884,97.729,97.852
2025-08-16T03:00:00+08:00,97.856,97.874,97.815,97.839
2025-08-18T05:00:00+08:00,97.792,97.886,97.775,97.874
2025-08-18T09:00:00+08:00,97.879,97.932,97.809,97.821
2025-08-18T13:00:00+08:00,97.822,98.057,97.812,97.971
2025-08-18T17:00:00+08:00,97.971,98.089,97.935,98.03
2025-08-18T21:00:00+08:00,98.032,98.186,97.991,98.169
2025-08-19T01:00:00+08:00,98.166,98.177,98.1,98.16
2025-08-19T05:00:00+08:00,98.162,98.166,98.133,98.133
2025-08-19T07:00:00+08:00,98.149,98.317,98.103,98.213
2025-08-19T11:00:00+08:00,98.214,98.228,98.047,98.047
2025-08-19T15:00:00+08:00,98.048,98.078,97.94,97.977
2025-08-19T19:00:00+08:00,97.979,98.172,97.947,98.131
2025-08-19T23:00:00+08:00,98.129,98.301,98.098,98.266
2025-08-20T03:00:00+08:00,98.264,98.293,98.252,98.282
2025-08-20T07:00:00+08:00,98.292,98.441,98.292,98.414
2025-08-20T11:00:00+08:00,98.416,98.416,98.285,98.327
2025-08-20T15:00:00+08:00,98.328,98.36,98.184,98.255
2025-08-20T19:00:00+08:00,98.258,98.319,98.09,98.128
2025-08-20T23:00:00+08:00,98.128,98.267,98.079,98.218
2025-08-21T03:00:00+08:00,98.222,98.287,98.19,98.218
2025-08-21T07:00:00+08:00,98.254,98.313,98.227,98.281
2025-08-21T11:00:00+08:00,98.278,98.42,98.256,98.394
2025-08-21T15:00:00+08:00,98.395,98.442,98.184,98.295
2025-08-21T19:00:00+08:00,98.299,98.613,98.241,98.563
2025-08-21T23:00:00+08:00,98.561,98.684,98.504,98.62
2025-08-22T03:00:00+08:00,98.621,98.665,98.616,98.622
2025-08-22T07:00:00+08:00,98.602,98.701,98.584,98.652
2025-08-22T11:00:00+08:00,98.651,98.834,98.651,98.778
2025-08-22T15:00:00+08:00,98.776,98.776,98.693,98.739
2025-08-22T19:00:00+08:00,98.737,98.752,97.739,97.746
2025-08-22T23:00:00+08:00,97.748,97.778,97.556,97.716
2025-08-23T03:00:00+08:00,97.72,97.761,97.687,97.732
2025-08-25T05:00:00+08:00,97.725,97.949,97.714,97.927
2025-08-25T09:00:00+08:00,97.925,97.966,97.841,97.855
2025-08-25T13:00:00+08:00,97.855,97.935,97.75,97.87
2025-08-25T17:00:00+08:00,97.87,98.002,97.859,97.898
2025-08-25T21:00:00+08:00,97.897,98.203,97.839,98.176
2025-08-26T01:00:00+08:00,98.179,98.543,98.168,98.439
2025-08-26T05:00:00+08:00,98.446,98.453,98.416,98.434
2025-08-26T07:00:00+08:00,98.471,98.502,98.103,98.303
2025-08-26T11:00:00+08:00,98.305,98.481,98.276,98.418
2025-08-26T15:00:00+08:00,98.421,98.563,98.244,98.266
2025-08-26T19:00:00+08:00,98.269,98.314,98.125,98.179
2025-08-26T23:00:00+08:00,98.181,98.306,98.085,98.224
2025-08-27T03:00:00+08:00,98.227,98.289,98.181,98.212
2025-08-27T07:00:00+08:00,98.245,98.374,98.238,98.339
2025-08-27T11:00:00+08:00,98.338,98.477,98.325,98.395
2025-08-27T15:00:00+08:00,98.399,98.699,98.387,98.694
2025-08-27T19:00:00+08:00,98.695,98.733,98.512,98.538
2025-08-27T23:00:00+08:00,98.539,98.539,98.155,98.231
2025-08-28T03:00:00+08:00,98.235,98.247,98.176,98.184
2025-08-28T07:00:00+08:00,98.118,98.165,98.058,98.062
2025-08-28T11:00:00+08:00,98.065,98.183,98.05,98.138
2025-08-28T15:00:00+08:00,98.142,98.227,97.896,97.918
2025-08-28T19:00:00+08:00,97.917,98.056,97.836,97.941
2025-08-28T23:00:00+08:00,97.943,98.003,97.736,97.813
2025-08-29T03:00:00+08:00,97.817,97.899,97.804,97.897
2025-08-29T07:00:00+08:00,97.869,98.037,97.856,97.987
2025-08-29T11:00:00+08:00,97.988,98.024,97.951,97.986
2025-08-29T15:00:00+08:00,97.987,98.028,97.826,98.006
2025-08-29T19:00:00+08:00,98.011,98.134,97.718,97.725
2025-08-29T23:00:00+08:00,97.723,97.813,97.693,97.77
2025-08-30T03:00:00+08:00,97.771,97.88,97.752,97.855
2025-09-01T05:00:00+08:00,97.832,97.859,97.787,97.792
2025-09-01T09:00:00+08:00,97.796,97.873,97.658,97.72
2025-09-01T13:00:00+08:00,97.72,97.723,97.537,97.544
2025-09-01T17:00:00+08:00,97.545,97.729,97.536,97.718
2025-09-01T21:00:00+08:00,97.721,97.776,97.653,97.726
2025-09-02T01:00:00+08:00,97.725,97.747,97.66,97.677
2025-09-02T05:00:00+08:00,97.679,97.709,97.675,97.694
2025-09-02T07:00:00+08:00,97.646,97.855,97.624,97.815
2025-09-02T11:00:00+08:00,97.816,97.902,97.789,97.809
2025-09-02T15:00:00+08:00,97.807,98.447,97.789,98.397
2025-09-02T19:00:00+08:00,98.396,98.595,98.049,98.18
2025-09-02T23:00:00+08:00,98.18,98.423,98.15,98.397
2025-09-03T03:00:00+08:00,98.396,98.4,98.293,98.305
2025-09-03T07:00:00+08:00,98.396,98.492,98.38,98.473
2025-09-03T11:00:00+08:00,98.476,98.513,98.335,98.412
2025-09-03T15:00:00+08:00,98.411,98.635,98.191,98.335
2025-09-03T19:00:00+08:00,98.338,98.374,98.044,98.152
2025-09-03T23:00:00+08:00,98.152,98.171,98.014,98.141
2025-09-04T03:00:00+08:00,98.14,98.195,98.129,98.146
2025-09-04T07:00:00+08:00,98.15,98.23,98.08,98.217
2025-09-04T11:00:00+08:00,98.216,98.258,98.178,98.242
2025-09-04T15:00:00+08:00,98.239,98.322,98.173,98.235
2025-09-04T19:00:00+08:00,98.235,98.435,98.208,98.421
2025-09-04T23:00:00+08:00,98.425,98.44,98.312,98.347
2025-09-05T03:00:00+08:00,98.345,98.348,98.261,98.265
2025-09-05T07:00:00+08:00,98.238,98.256,98.093,98.137
2025-09-05T11:00:00+08:00,98.138,98.167,98.067,98.122
2025-09-05T15:00:00+08:00,98.128,98.147,97.933,97.964
2025-09-05T19:00:00+08:00,97.966,98.066,97.43,97.599
2025-09-05T23:00:00+08:00,97.602,97.782,97.431,97.768
2025-09-06T03:00:00+08:00,97.77,97.795,97.713,97.737
2025-09-08T05:00:00+08:00,97.79,97.942,97.786,97.864
2025-09-08T09:00:00+08:00,97.862,97.896,97.807,97.84
2025-09-08T13:00:00+08:00,97.84,97.846,97.579,97.678
2025-09-08T17:00:00+08:00,97.676,97.758,97.565,97.594
2025-09-08T21:00:00+08:00,97.597,97.656,97.472,97.603
2025-09-09T01:00:00+08:00,97.604,97.648,97.418,97.448
2025-09-09T05:00:00+08:00,97.447,97.474,97.438,97.443
2025-09-09T07:00:00+08:00,97.381,97.423,97.324,97.387
2025-09-09T11:00:00+08:00,97.39,97.429,97.259,97.373
2025-09-09T15:00:00+08:00,97.376,97.517,97.253,97.382
2025-09-09T19:00:00+08:00,97.385,97.648,97.351,97.6
2025-09-09T23:00:00+08:00,97.599,97.801,97.596,97.787
2025-09-10T03:00:00+08:00,97.788,97.815,97.744,97.744
2025-09-10T07:00:00+08:00,97.831,97.908,97.769,97.769
2025-09-10T11:00:00+08:00,97.771,97.883,97.693,97.865
2025-09-10T15:00:00+08:00,97.866,97.932,97.695,97.806
2025-09-10T19:00:00+08:00,97.807,97.878,97.595,97.626
2025-09-10T23:00:00+08:00,97.627,97.806,97.61,97.778
2025-09-11T03:00:00+08:00,97.78,97.869,97.78,97.805
2025-09-11T07:00:00+08:00,97.786,97.864,97.772,97.846
2025-09-11T11:00:00+08:00,97.846,97.963,97.818,97.917
2025-09-11T15:00:00+08:00,97.916,98.036,97.881,97.989
2025-09-11T19:00:00+08:00,97.99,98.087,97.49,97.6
2025-09-11T23:00:00+08:00,97.598,97.629,97.473,97.531
2025-09-12T03:00:00+08:00,97.532,97.556,97.498,97.5
2025-09-12T07:00:00+08:00,97.518,97.646,97.518,97.624
2025-09-12T11:00:00+08:00,97.625,97.674,97.551,97.553
2025-09-12T15:00:00+08:00,97.56,97.785,97.491,97.621
2025-09-12T19:00:00+08:00,97.624,97.864,97.609,97.664
2025-09-12T23:00:00+08:00,97.668,97.794,97.545,97.548
2025-09-13T03:00:00+08:00,97.551,97.661,97.546,97.615
2025-09-15T05:00:00+08:00,97.629,97.688,97.607,97.644
2025-09-15T09:00:00+08:00,97.646,97.667,97.564,97.581
2025-09-15T13:00:00+08:00,97.578,97.702,97.492,97.546
2025-09-15T17:00:00+08:00,97.547,97.554,97.305,97.321
2025-09-15T21:00:00+08:00,97.324,97.462,97.273,97.381
2025-09-16T01:00:00+08:00,97.38,97.387,97.273,97.356
2025-09-16T05:00:00+08:00,97.36,97.36,97.318,97.343
2025-09-16T07:00:00+08:00,97.338,97.388,97.232,97.241
2025-09-16T11:00:00+08:00,97.239,97.256,97.108,97.136
2025-09-16T15:00:00+08:00,97.136,97.149,96.963,97.045
2025-09-16T19:00:00+08:00,97.043,97.143,96.724,96.732
2025-09-16T23:00:00+08:00,96.734,96.852,96.556,96.633
2025-09-17T03:00:00+08:00,96.637,96.7,96.621,96.656
2025-09-17T07:00:00+08:00,96.617,96.754,96.586,96.726
2025-09-17T11:00:00+08:00,96.726,96.754,96.689,96.718
2025-09-17T15:00:00+08:00,96.724,96.844,96.718,96.805
2025-09-17T19:00:00+08:00,96.803,96.839,96.669,96.742
2025-09-17T23:00:00+08:00,96.744,96.998,96.218,96.873
2025-09-18T03:00:00+08:00,96.877,97.072,96.718,97.015
2025-09-18T07:00:00+08:00,96.926,97.099,96.922,96.995
2025-09-18T11:00:00+08:00,96.993,97.311,96.969,97.218
2025-09-18T15:00:00+08:00,97.219,97.22,96.837,96.911
2025-09-18T19:00:00+08:00,96.911,97.604,96.902,97.425
2025-09-18T23:00:00+08:00,97.426,97.479,97.301,97.346
2025-09-19T03:00:00+08:00,97.348,97.403,97.323,97.362
2025-09-19T07:00:00+08:00,97.344,97.47,97.329,97.416
2025-09-19T11:00:00+08:00,97.416,97.549,97.27,97.512
2025-09-19T15:00:00+08:00,97.512,97.629,97.428,97.562
2025-09-19T19:00:00+08:00,97.567,97.809,97.505,97.574
2025-09-19T23:00:00+08:00,97.575,97.694,97.564,97.644
2025-09-20T03:00:00+08:00,97.642,97.692,97.62,97.646
2025-09-22T05:00:00+08:00,97.649,97.813,97.634,97.746
2025-09-22T09:00:00+08:00,97.744,97.823,97.701,97.788
2025-09-22T13:00:00+08:00,97.79,97.796,97.505,97.547
2025-09-22T17:00:00+08:00,97.547,97.568,97.392,97.421
2025-09-22T21:00:00+08:00,97.421,97.558,97.375,97.4
2025-09-23T01:00:00+08:00,97.399,97.416,97.305,97.306
2025-09-23T05:00:00+08:00,97.311,97.353,97.299,97.3
2025-09-23T07:00:00+08:00,97.318,97.355,97.199,97.319
2025-09-23T11:00:00+08:00,97.321,97.395,97.286,97.354
2025-09-23T15:00:00+08:00,97.36,97.456,97.229,97.326
2025-09-23T19:00:00+08:00,97.33,97.424,97.26,97.34
2025-09-23T23:00:00+08:00,97.341,97.413,97.205,97.263
2025-09-24T03:00:00+08:00,97.262,97.289,97.209,97.215
2025-09-24T07:00:00+08:00,97.239,97.362,97.221,97.356
2025-09-24T11:00:00+08:00,97.356,97.467,97.328,97.452
2025-09-24T15:00:00+08:00,97.453,97.716,97.413,97.713
2025-09-24T19:00:00+08:00,97.714,97.921,97.676,97.814
2025-09-24T23:00:00+08:00,97.812,97.913,97.797,97.873
2025-09-25T03:00:00+08:00,97.874,97.903,97.833,97.839
2025-09-25T07:00:00+08:00,97.819,97.846,97.752,97.775
2025-09-25T11:00:00+08:00,97.776,97.861,97.737,97.793
2025-09-25T15:00:00+08:00,97.794,97.914,97.761,97.81
2025-09-25T19:00:00+08:00,97.814,98.39,97.813,98.385
2025-09-25T23:00:00+08:00,98.385,98.605,98.338,98.553
2025-09-26T03:00:00+08:00,98.55,98.556,98.434,98.45
2025-09-26T07:00:00+08:00,98.495,98.53,98.369,98.389
2025-09-26T11:00:00+08:00,98.391,98.416,98.341,98.357
2025-09-26T15:00:00+08:00,98.362,98.512,98.308,98.495
2025-09-26T19:00:00+08:00,98.501,98.501,98.166,98.238
2025-09-26T23:00:00+08:00,98.243,98.28,98.134,98.151
2025-09-27T03:00:00+08:00,98.154,98.196,98.135,98.182
2025-09-29T05:00:00+08:00,98.165,98.181,98.002,98.013
2025-09-29T09:00:00+08:00,98.013,98.07,97.903,97.943
2025-09-29T13:00:00+08:00,97.942,98.016,97.867,97.922
2025-09-29T17:00:00+08:00,97.926,98.06,97.793,97.801
2025-09-29T21:00:00+08:00,97.8,97.972,97.774,97.921
2025-09-30T01:00:00+08:00,97.917,97.979,97.895,97.938
2025-09-30T05:00:00+08:00,97.939,97.957,97.931,97.936
2025-09-30T07:00:00+08:00,97.91,98.045,97.897,97.971
2025-09-30T11:00:00+08:00,97.969,97.983,97.774,97.808
2025-09-30T15:00:00+08:00,97.81,97.85,97.668,97.793
2025-09-30T19:00:00+08:00,97.793,97.964,97.69,97.704
2025-09-30T23:00:00+08:00,97.706,97.887,97.632,97.773
2025-10-01T03:00:00+08:00,97.776,97.84,97.767,97.794
2025-10-01T07:00:00+08:00,97.819,97.882,97.804,97.815
2025-10-01T11:00:00+08:00,97.82,97.85,97.508,97.553
2025-10-01T15:00:00+08:00,97.554,97.859,97.467,97.78
2025-10-01T19:00:00+08:00,97.779,97.8,97.462,97.618
2025-10-01T23:00:00+08:00,97.618,97.856,97.598,97.705
2025-10-02T03:00:00+08:00,97.707,97.777,97.69,97.703
2025-10-02T07:00:00+08:00,97.704,97.802,97.654,97.702
2025-10-02T11:00:00+08:00,97.703,97.766,97.638,97.667
2025-10-02T15:00:00+08:00,97.672,97.675,97.522,97.571
2025-10-02T19:00:00+08:00,97.575,97.986,97.558,97.936
2025-10-02T23:00:00+08:00,97.938,98.131,97.842,97.845
2025-10-03T03:00:00+08:00,97.848,97.905,97.806,97.857
2025-10-03T07:00:00+08:00,97.853,97.928,97.804,97.881
2025-10-03T11:00:00+08:00,97.885,97.95,97.841,97.906
2025-10-03T15:00:00+08:00,97.909,97.909,97.709,97.771
2025-10-03T19:00:00+08:00,97.769,97.827,97.6,97.717
2025-10-03T23:00:00+08:00,97.72,97.816,97.647,97.723
2025-10-04T03:00:00+08:00,97.721,97.739,97.683,97.711
2025-10-06T05:00:00+08:00,97.957,98.144,97.957,98.088
2025-10-06T09:00:00+08:00,98.08,98.134,98,98.111
2025-10-06T13:00:00+08:00,98.11,98.488,98.075,98.399
2025-10-06T17:00:00+08:00,98.401,98.499,98.231,98.243
2025-10-06T21:00:00+08:00,98.244,98.29,98.03,98.103
2025-10-07T01:00:00+08:00,98.102,98.133,98.069,98.104
2025-10-07T05:00:00+08:00,98.105,98.125,98.089,98.112
2025-10-07T07:00:00+08:00,98.094,98.218,98.093,98.19
2025-10-07T11:00:00+08:00,98.192,98.334,98.133,98.298
2025-10-07T15:00:00+08:00,98.298,98.47,98.294,98.393
2025-10-07T19:00:00+08:00,98.396,98.559,98.389,98.49
2025-10-07T23:00:00+08:00,98.492,98.59,98.366,98.577
2025-10-08T03:00:00+08:00,98.578,98.66,98.567,98.575
2025-10-08T07:00:00+08:00,98.61,98.907,98.591,98.866
2025-10-08T11:00:00+08:00,98.864,98.972,98.846,98.896
2025-10-08T15:00:00+08:00,98.893,98.989,98.764,98.798
2025-10-08T19:00:00+08:00,98.793,98.855,98.693,98.839
2025-10-08T23:00:00+08:00,98.84,99.06,98.839,98.915
2025-10-09T03:00:00+08:00,98.912,98.912,98.821,98.821
2025-10-09T07:00:00+08:00,98.843,98.859,98.7,98.724
2025-10-09T11:00:00+08:00,98.725,99.031,98.699,98.998
2025-10-09T15:00:00+08:00,98.998,99.102,98.852,98.928
2025-10-09T19:00:00+08:00,98.929,99.283,98.864,99.259
2025-10-09T23:00:00+08:00,99.259,99.563,99.253,99.538
2025-10-10T03:00:00+08:00,99.535,99.535,99.371,99.398
2025-10-10T07:00:00+08:00,99.393,99.429,99.325,99.349
2025-10-10T11:00:00+08:00,99.348,99.388,99.274,99.322
2025-10-10T15:00:00+08:00,99.327,99.41,99.208,99.362
2025-10-10T19:00:00+08:00,99.361,99.405,99.218,99.243
2025-10-10T23:00:00+08:00,99.247,99.247,98.839,98.977
2025-10-11T03:00:00+08:00,98.977,99.017,98.813,98.854
2025-10-13T05:00:00+08:00,98.943,99.129,98.936,98.937
2025-10-13T09:00:00+08:00,98.94,98.985,98.859,98.914
2025-10-13T13:00:00+08:00,98.911,99.217,98.834,99.18
2025-10-13T17:00:00+08:00,99.179,99.3,99.077,99.249
2025-10-13T21:00:00+08:00,99.255,99.346,99.193,99.227
2025-10-14T01:00:00+08:00,99.231,99.297,99.202,99.258
2025-10-14T05:00:00+08:00,99.263,99.269,99.232,99.249
2025-10-14T07:00:00+08:00,99.3,99.374,99.23,99.247
2025-10-14T11:00:00+08:00,99.246,99.33,99.07,99.286
2025-10-14T15:00:00+08:00,99.285,99.475,99.25,99.419
2025-10-14T19:00:00+08:00,99.424,99.472,99.134,99.146
2025-10-14T23:00:00+08:00,99.148,99.207,98.988,99.046
2025-10-15T03:00:00+08:00,99.045,99.101,98.999,99.032
2025-10-15T07:00:00+08:00,99.052,99.078,98.842,98.857
2025-10-15T11:00:00+08:00,98.862,98.912,98.743,98.778
2025-10-15T15:00:00+08:00,98.775,98.898,98.734,98.858
2025-10-15T19:00:00+08:00,98.863,98.994,98.813,98.851
2025-10-15T23:00:00+08:00,98.85,98.891,98.655,98.793
2025-10-16T03:00:00+08:00,98.795,98.796,98.664,98.665
2025-10-16T07:00:00+08:00,98.668,98.694,98.417,98.502
2025-10-16T11:00:00+08:00,98.507,98.653,98.493,98.629
2025-10-16T15:00:00+08:00,98.63,98.701,98.547,98.6
2025-10-16T19:00:00+08:00,98.597,98.685,98.428,98.436
2025-10-16T23:00:00+08:00,98.437,98.541,98.298,98.337
2025-10-17T03:00:00+08:00,98.34,98.376,98.305,98.339
2025-10-17T07:00:00+08:00,98.256,98.314,98.175,98.221
2025-10-17T11:00:00+08:00,98.224,98.228,98.03,98.138
2025-10-17T15:00:00+08:00,98.14,98.31,98.104,98.292
2025-10-17T19:00:00+08:00,98.295,98.554,98.246,98.498
2025-10-17T23:00:00+08:00,98.499,98.529,98.375,98.433
2025-10-18T03:00:00+08:00,98.435,98.552,98.407,98.54
2025-10-20T05:00:00+08:00,98.668,98.668,98.474,98.475
2025-10-20T09:00:00+08:00,98.477,98.552,98.393,98.416
2025-10-20T13:00:00+08:00,98.418,98.569,98.386,98.48
2025-10-20T17:00:00+08:00,98.482,98.629,98.444,98.544
2025-10-20T21:00:00+08:00,98.542,98.613,98.451,98.554
2025-10-21T01:00:00+08:00,98.553,98.646,98.538,98.624
2025-10-21T05:00:00+08:00,98.627,98.629,98.592,98.592
2025-10-21T07:00:00+08:00,98.614,98.725,98.507,98.718
2025-10-21T11:00:00+08:00,98.719,98.862,98.687,98.736
2025-10-21T15:00:00+08:00,98.738,98.957,98.707,98.876
2025-10-21T19:00:00+08:00,98.874,98.979,98.808,98.939
2025-10-21T23:00:00+08:00,98.936,98.957,98.782,98.934
2025-10-22T03:00:00+08:00,98.933,98.978,98.915,98.963
2025-10-22T07:00:00+08:00,98.967,98.983,98.866,98.878
2025-10-22T11:00:00+08:00,98.875,98.952,98.841,98.917
2025-10-22T15:00:00+08:00,98.914,99.098,98.898,99.086
2025-10-22T19:00:00+08:00,99.088,99.139,98.887,98.888
2025-10-22T23:00:00+08:00,98.892,98.912,98.786,98.898
2025-10-23T03:00:00+08:00,98.899,98.936,98.877,98.881
2025-10-23T07:00:00+08:00,98.915,99.065,98.915,99.056
2025-10-23T11:00:00+08:00,99.053,99.101,98.978,99.061
2025-10-23T15:00:00+08:00,99.061,99.137,98.976,99.122
2025-10-23T19:00:00+08:00,99.123,99.138,98.916,98.967
2025-10-23T23:00:00+08:00,98.969,99.045,98.933,98.936
2025-10-24T03:00:00+08:00,98.934,98.967,98.912,98.914
2025-10-24T07:00:00+08:00,98.94,99.043,98.893,99.04
2025-10-24T11:00:00+08:00,99.041,99.1,98.989,99.002
2025-10-24T15:00:00+08:00,99.003,99.075,98.901,99.03
2025-10-24T19:00:00+08:00,99.033,99.073,98.728,98.965
2025-10-24T23:00:00+08:00,98.967,99.009,98.9,98.952
2025-10-25T03:00:00+08:00,98.951,98.972,98.87,98.938
2025-10-27T09:00:00+08:00,98.844,98.99,98.84,98.968
2025-10-27T13:00:00+08:00,98.965,98.999,98.867,98.906
2025-10-27T17:00:00+08:00,98.911,98.92,98.729,98.819
2025-10-27T21:00:00+08:00,98.821,98.933,98.8,98.869
2025-10-28T01:00:00+08:00,98.868,98.905,98.769,98.819
2025-10-28T05:00:00+08:00,98.824,98.824,98.791,98.801
2025-10-28T07:00:00+08:00,98.746,98.797,98.638,98.716
2025-10-28T11:00:00+08:00,98.718,98.719,98.565,98.674
2025-10-28T15:00:00+08:00,98.676,98.772,98.627,98.636
2025-10-28T19:00:00+08:00,98.637,98.947,98.632,98.68
2025-10-28T23:00:00+08:00,98.682,98.732,98.622,98.665
2025-10-29T03:00:00+08:00,98.666,98.738,98.638,98.73
2025-10-29T07:00:00+08:00,98.737,98.799,98.624,98.754
2025-10-29T11:00:00+08:00,98.752,98.941,98.748,98.887
2025-10-29T15:00:00+08:00,98.888,99.009,98.802,98.812
2025-10-29T19:00:00+08:00,98.812,98.945,98.748,98.752
2025-10-29T23:00:00+08:00,98.751,99.319,98.638,99.22
2025-10-30T03:00:00+08:00,99.22,99.356,99.101,99.138
2025-10-30T07:00:00+08:00,99.136,99.198,98.997,99.011
2025-10-30T11:00:00+08:00,99.009,99.147,98.915,99.092
2025-10-30T15:00:00+08:00,99.09,99.262,99.074,99.26
2025-10-30T19:00:00+08:00,99.262,99.724,99.225,99.51
2025-10-30T23:00:00+08:00,99.508,99.588,99.456,99.526
2025-10-31T03:00:00+08:00,99.528,99.563,99.492,99.522
2025-10-31T07:00:00+08:00,99.494,99.517,99.416,99.502
2025-10-31T11:00:00+08:00,99.504,99.601,99.471,99.596
2025-10-31T15:00:00+08:00,99.593,99.663,99.496,99.549
2025-10-31T19:00:00+08:00,99.548,99.844,99.514,99.74
2025-10-31T23:00:00+08:00,99.741,99.844,99.687,99.804
2025-11-01T03:00:00+08:00,99.803,99.817,99.704,99.716
2025-11-03T06:00:00+08:00,99.754,99.839,99.731,99.804
2025-11-03T10:00:00+08:00,99.805,99.811,99.72,99.744
2025-11-03T14:00:00+08:00,99.744,99.923,99.708,99.905
2025-11-03T18:00:00+08:00,99.904,99.977,99.84,99.944
2025-11-03T22:00:00+08:00,99.943,99.988,99.737,99.819
2025-11-04T02:00:00+08:00,99.819,99.899,99.79,99.875
2025-11-04T06:00:00+08:00,99.877,99.883,99.867,99.883
2025-11-04T08:00:00+08:00,99.982,100.048,99.892,99.917
2025-11-04T12:00:00+08:00,99.916,99.958,99.743,99.806
2025-11-04T16:00:00+08:00,99.804,100.101,99.791,100.099
2025-11-04T20:00:00+08:00,100.1,100.215,100.027,100.081
2025-11-05T00:00:00+08:00,100.085,100.227,100.052,100.224
2025-11-05T04:00:00+08:00,100.227,100.255,100.182,100.197
2025-11-05T08:00:00+08:00,100.18,100.2,100.059,100.156
2025-11-05T12:00:00+08:00,100.161,100.207,100.114,100.172
2025-11-05T16:00:00+08:00,100.16,100.268,100.096,100.181
2025-11-05T20:00:00+08:00,100.179,100.36,100.145,100.272
2025-11-06T00:00:00+08:00,100.271,100.34,100.19,100.203
2025-11-06T04:00:00+08:00,100.203,100.203,100.149,100.161
2025-11-06T08:00:00+08:00,100.108,100.108,100.025,100.046
2025-11-06T12:00:00+08:00,100.043,100.08,99.989,100.028
2025-11-06T16:00:00+08:00,100.028,100.036,99.889,99.918
2025-11-06T20:00:00+08:00,99.923,99.981,99.735,99.797
2025-11-07T00:00:00+08:00,99.799,99.86,99.671,99.733
2025-11-07T04:00:00+08:00,99.735,99.739,99.689,99.697
2025-11-07T08:00:00+08:00,99.759,99.808,99.737,99.785
2025-11-07T12:00:00+08:00,99.787,99.865,99.787,99.831
2025-11-07T16:00:00+08:00,99.83,99.872,99.643,99.662
2025-11-07T20:00:00+08:00,99.661,99.693,99.398,99.534
2025-11-08T00:00:00+08:00,99.537,99.627,99.415,99.603
2025-11-08T04:00:00+08:00,99.604,99.614,99.535,99.556
2025-11-10T06:00:00+08:00,99.628,99.742,99.621,99.639
2025-11-10T10:00:00+08:00,99.641,99.698,99.58,99.615
2025-11-10T14:00:00+08:00,99.614,99.699,99.455,99.569
2025-11-10T18:00:00+08:00,99.57,99.678,99.481,99.549
2025-11-10T22:00:00+08:00,99.551,99.733,99.55,99.584
2025-11-11T02:00:00+08:00,99.587,99.64,99.552,99.625
2025-11-11T06:00:00+08:00,99.627,99.631,99.609,99.622
2025-11-11T08:00:00+08:00,99.66,99.738,99.645,99.661
2025-11-11T12:00:00+08:00,99.659,99.733,99.599,99.663
2025-11-11T16:00:00+08:00,99.665,99.718,99.538,99.563
2025-11-11T20:00:00+08:00,99.567,99.588,99.287,99.371
2025-11-12T00:00:00+08:00,99.369,99.449,99.335,99.442
2025-11-12T04:00:00+08:00,99.441,99.489,99.407,99.463
2025-11-12T08:00:00+08:00,99.455,99.551,99.455,99.53
2025-11-12T12:00:00+08:00,99.531,99.617,99.464,99.51
2025-11-12T16:00:00+08:00,99.511,99.657,99.473,99.556
2025-11-12T20:00:00+08:00,99.556,99.71,99.447,99.449
2025-11-13T00:00:00+08:00,99.455,99.505,99.418,99.494
2025-11-13T04:00:00+08:00,99.496,99.53,99.462,99.471
2025-11-13T08:00:00+08:00,99.516,99.591,99.464,99.494
2025-11-13T12:00:00+08:00,99.495,99.583,99.339,99.344
2025-11-13T16:00:00+08:00,99.344,99.374,99.152,99.357
2025-11-13T20:00:00+08:00,99.36,99.364,99.068,99.093
2025-11-14T00:00:00+08:00,99.092,99.16,98.991,99.156
2025-11-14T04:00:00+08:00,99.157,99.234,99.134,99.228
2025-11-14T08:00:00+08:00,99.255,99.273,99.111,99.181
2025-11-14T12:00:00+08:00,99.18,99.244,99.113,99.242
2025-11-14T16:00:00+08:00,99.241,99.404,99.158,99.329
2025-11-14T20:00:00+08:00,99.326,99.381,98.992,99.33
2025-11-15T00:00:00+08:00,99.333,99.381,99.252,99.299
2025-11-15T04:00:00+08:00,99.303,99.312,99.257,99.273
2025-11-17T06:00:00+08:00,99.266,99.388,99.245,99.378
2025-11-17T10:00:00+08:00,99.377,99.467,99.376,99.433
2025-11-17T14:00:00+08:00,99.436,99.477,99.292,99.395
2025-11-17T18:00:00+08:00,99.394,99.49,99.352,99.471
2025-11-17T22:00:00+08:00,99.472,99.561,99.43,99.478
2025-11-18T02:00:00+08:00,99.477,99.598,99.472,99.536
2025-11-18T06:00:00+08:00,99.535,99.543,99.519,99.533
2025-11-18T08:00:00+08:00,99.564,99.59,99.497,99.53
2025-11-18T12:00:00+08:00,99.53,99.558,99.43,99.518
2025-11-18T16:00:00+08:00,99.522,99.622,99.4,99.592
2025-11-18T20:00:00+08:00,99.597,99.608,99.396,99.588
2025-11-19T00:00:00+08:00,99.589,99.661,99.538,99.549
2025-11-19T04:00:00+08:00,99.549,99.611,99.537,99.597
2025-11-19T08:00:00+08:00,99.578,99.668,99.56,99.575
2025-11-19T12:00:00+08:00,99.578,99.634,99.494,99.606
2025-11-19T16:00:00+08:00,99.606,99.792,99.547,99.659
2025-11-19T20:00:00+08:00,99.658,100.039,99.628,99.987
2025-11-20T00:00:00+08:00,99.992,100.243,99.985,100.231
2025-11-20T04:00:00+08:00,100.227,100.234,100.096,100.113
2025-11-20T08:00:00+08:00,100.173,100.321,100.13,100.298
2025-11-20T12:00:00+08:00,100.299,100.315,100.235,100.24
2025-11-20T16:00:00+08:00,100.243,100.297,100.152,100.284
2025-11-20T20:00:00+08:00,100.286,100.36,100.028,100.202
2025-11-21T00:00:00+08:00,100.201,100.255,100.091,100.158
2025-11-21T04:00:00+08:00,100.162,100.265,100.153,100.212
2025-11-21T08:00:00+08:00,100.161,100.189,100.122,100.143
2025-11-21T12:00:00+08:00,100.143,100.145,100.033,100.086
2025-11-21T16:00:00+08:00,100.084,100.338,99.99,100.333
2025-11-21T20:00:00+08:00,100.333,100.395,100.132,100.304
2025-11-22T00:00:00+08:00,100.302,100.38,100.142,100.179
2025-11-22T04:00:00+08:00,100.178,100.217,100.135,100.196
2025-11-24T06:00:00+08:00,100.201,100.297,100.194,100.249
2025-11-24T10:00:00+08:00,100.247,100.247,100.111,100.15
2025-11-24T14:00:00+08:00,100.15,100.268,100.098,100.152
2025-11-24T18:00:00+08:00,100.15,100.151,100.011,100.098
2025-11-24T22:00:00+08:00,100.103,100.28,100.085,100.223
2025-11-25T02:00:00+08:00,100.226,100.226,100.129,100.204
2025-11-25T06:00:00+08:00,100.205,100.205,100.16,100.185
2025-11-25T08:00:00+08:00,100.211,100.224,100.11,100.219
2025-11-25T12:00:00+08:00,100.221,100.261,100.118,100.173
2025-11-25T16:00:00+08:00,100.175,100.191,100.021,100.154
2025-11-25T20:00:00+08:00,100.157,100.173,99.698,99.862
2025-11-26T00:00:00+08:00,99.864,99.95,99.654,99.663
2025-11-26T04:00:00+08:00,99.663,99.894,99.657,99.792
2025-11-26T08:00:00+08:00,99.841,99.874,99.614,99.623
2025-11-26T12:00:00+08:00,99.623,99.786,99.602,99.748
2025-11-26T16:00:00+08:00,99.749,99.864,99.727,99.803
2025-11-26T20:00:00+08:00,99.803,99.959,99.619,99.643
2025-11-27T00:00:00+08:00,99.641,99.662,99.555,99.598
2025-11-27T04:00:00+08:00,99.596,99.61,99.556,99.562
2025-11-27T08:00:00+08:00,99.503,99.51,99.406,99.49
2025-11-27T12:00:00+08:00,99.49,99.629,99.433,99.571
2025-11-27T16:00:00+08:00,99.569,99.709,99.547,99.635
2025-11-27T20:00:00+08:00,99.631,99.658,99.53,99.561
2025-11-28T00:00:00+08:00,99.561,99.598,99.516,99.563
2025-11-28T04:00:00+08:00,99.562,99.57,99.53,99.533
2025-11-28T08:00:00+08:00,99.568,99.652,99.538,99.599
2025-11-28T12:00:00+08:00,99.601,99.692,99.567,99.686
2025-11-28T16:00:00+08:00,99.684,99.816,99.671,99.709
2025-11-28T20:00:00+08:00,99.734,99.769,99.377,99.377
2025-11-29T00:00:00+08:00,99.376,99.523,99.376,99.444
2025-11-29T04:00:00+08:00,99.446,99.485,99.427,99.479
2025-12-01T06:00:00+08:00,99.48,99.491,99.317,99.393
2025-12-01T10:00:00+08:00,99.396,99.499,99.383,99.463
2025-12-01T14:00:00+08:00,99.465,99.513,99.279,99.287
2025-12-01T18:00:00+08:00,99.29,99.319,99.009,99.075
2025-12-01T22:00:00+08:00,99.073,99.333,99.073,99.31
2025-12-02T02:00:00+08:00,99.311,99.43,99.294,99.408
2025-12-02T06:00:00+08:00,99.41,99.419,99.397,99.407
2025-12-02T08:00:00+08:00,99.446,99.476,99.395,99.4
2025-12-02T12:00:00+08:00,99.4,99.468,99.379,99.413
2025-12-02T16:00:00+08:00,99.412,99.555,99.396,99.458
2025-12-02T20:00:00+08:00,99.46,99.567,99.379,99.45
2025-12-03T00:00:00+08:00,99.454,99.566,99.329,99.357
2025-12-03T04:00:00+08:00,99.354,99.369,99.315,99.32
2025-12-03T08:00:00+08:00,99.282,99.288,99.216,99.223
2025-12-03T12:00:00+08:00,99.221,99.24,99.102,99.195
2025-12-03T16:00:00+08:00,99.197,99.22,98.968,98.968
2025-12-03T20:00:00+08:00,98.97,99.047,98.885,98.948
2025-12-04T00:00:00+08:00,98.949,98.967,98.82,98.854
2025-12-04T04:00:00+08:00,98.855,98.92,98.848,98.868
2025-12-04T08:00:00+08:00,98.92,99.027,98.908,98.996
2025-12-04T12:00:00+08:00,98.996,99.022,98.935,98.94
2025-12-04T16:00:00+08:00,98.939,98.943,98.777,98.777
2025-12-04T20:00:00+08:00,98.776,98.989,98.765,98.794
2025-12-05T00:00:00+08:00,98.796,99.004,98.796,98.988
2025-12-05T04:00:00+08:00,98.993,99.082,98.99,99.069
2025-12-05T08:00:00+08:00,99.04,99.05,98.984,99.034
2025-12-05T12:00:00+08:00,99.033,99.037,98.807,98.889
2025-12-05T16:00:00+08:00,98.888,99.073,98.882,99.024
2025-12-05T20:00:00+08:00,99.025,99.047,98.881,98.967
2025-12-06T00:00:00+08:00,98.969,99.125,98.953,98.993
2025-12-06T04:00:00+08:00,98.992,99.018,98.959,98.986
2025-12-08T06:00:00+08:00,98.967,99.022,98.885,98.896
2025-12-08T10:00:00+08:00,98.894,98.928,98.875,98.897
2025-12-08T14:00:00+08:00,98.895,98.991,98.794,98.983
2025-12-08T18:00:00+08:00,98.984,99.016,98.922,98.995
2025-12-08T22:00:00+08:00,98.99,99.227,98.932,99.068
2025-12-09T02:00:00+08:00,99.067,99.126,99.047,99.107
2025-12-09T06:00:00+08:00,99.107,99.116,99.095,99.097
2025-12-09T08:00:00+08:00,99.052,99.122,99.016,99.039
2025-12-09T12:00:00+08:00,99.039,99.111,99.012,99.106
2025-12-09T16:00:00+08:00,99.108,99.147,98.954,99.064
2025-12-09T20:00:00+08:00,99.066,99.312,99.058,99.23
2025-12-10T00:00:00+08:00,99.23,99.308,99.13,99.22
2025-12-10T04:00:00+08:00,99.221,99.254,99.194,99.242
2025-12-10T08:00:00+08:00,99.215,99.256,99.208,99.216
2025-12-10T12:00:00+08:00,99.217,99.228,99.077,99.081
2025-12-10T16:00:00+08:00,99.083,99.215,99.018,99.153
2025-12-10T20:00:00+08:00,99.151,99.198,99.011,99.071
2025-12-11T00:00:00+08:00,99.076,99.11,98.767,98.786
2025-12-11T04:00:00+08:00,98.788,98.821,98.592,98.634
2025-12-11T08:00:00+08:00,98.555,98.68,98.537,98.666
2025-12-11T12:00:00+08:00,98.667,98.763,98.635,98.688
2025-12-11T16:00:00+08:00,98.689,98.723,98.49,98.511
2025-12-11T20:00:00+08:00,98.513,98.542,98.161,98.171
2025-12-12T00:00:00+08:00,98.173,98.349,98.134,98.347
2025-12-12T04:00:00+08:00,98.344,98.379,98.3,98.334
2025-12-12T08:00:00+08:00,98.316,98.397,98.296,98.38
2025-12-12T12:00:00+08:00,98.381,98.406,98.317,98.36
2025-12-12T16:00:00+08:00,98.361,98.5,98.329,98.457
2025-12-12T20:00:00+08:00,98.46,98.531,98.348,98.436
2025-12-13T00:00:00+08:00,98.439,98.515,98.323,98.399
2025-12-13T04:00:00+08:00,98.403,98.419,98.347,98.393
2025-12-15T06:00:00+08:00,98.401,98.477,98.353,98.356
2025-12-15T10:00:00+08:00,98.356,98.416,98.316,98.353
2025-12-15T14:00:00+08:00,98.358,98.419,98.293,98.295
2025-12-15T18:00:00+08:00,98.294,98.355,98.197,98.299
2025-12-15T22:00:00+08:00,98.299,98.352,98.136,98.343
2025-12-16T02:00:00+08:00,98.343,98.399,98.275,98.276
2025-12-16T06:00:00+08:00,98.277,98.308,98.248,98.252
2025-12-16T08:00:00+08:00,98.268,98.318,98.205,98.271
2025-12-16T12:00:00+08:00,98.266,98.32,98.243,98.269
2025-12-16T16:00:00+08:00,98.266,98.294,98.159,98.159
2025-12-16T20:00:00+08:00,98.162,98.194,97.869,98.106
2025-12-17T00:00:00+08:00,98.109,98.297,98.012,98.145
2025-12-17T04:00:00+08:00,98.148,98.243,98.101,98.211
2025-12-17T08:00:00+08:00,98.208,98.316,98.175,98.294
2025-12-17T12:00:00+08:00,98.297,98.632,98.29,98.585
2025-12-17T16:00:00+08:00,98.586,98.639,98.493,98.606
2025-12-17T20:00:00+08:00,98.606,98.61,98.242,98.278
2025-12-18T00:00:00+08:00,98.281,98.397,98.253,98.369
2025-12-18T04:00:00+08:00,98.369,98.41,98.351,98.394
2025-12-18T08:00:00+08:00,98.378,98.443,98.343,98.42
2025-12-18T12:00:00+08:00,98.422,98.442,98.348,98.437
2025-12-18T16:00:00+08:00,98.438,98.562,98.418,98.519
2025-12-18T20:00:00+08:00,98.519,98.548,98.173,98.403
2025-12-19T00:00:00+08:00,98.403,98.516,98.28,98.427
2025-12-19T04:00:00+08:00,98.431,98.471,98.408,98.418
2025-12-19T08:00:00+08:00,98.462,98.531,98.42,98.493
2025-12-19T12:00:00+08:00,98.493,98.689,98.474,98.667
2025-12-19T16:00:00+08:00,98.672,98.719,98.603,98.693
2025-12-19T20:00:00+08:00,98.698,98.749,98.5,98.706
2025-12-20T00:00:00+08:00,98.708,98.711,98.565,98.598
2025-12-20T04:00:00+08:00,98.6,98.743,98.579,98.718
2025-12-22T06:00:00+08:00,98.666,98.728,98.61,98.619
2025-12-22T10:00:00+08:00,98.615,98.655,98.582,98.62
2025-12-22T14:00:00+08:00,98.619,98.655,98.481,98.519
2025-12-22T18:00:00+08:00,98.519,98.519,98.323,98.358
2025-12-22T22:00:00+08:00,98.362,98.402,98.197,98.246
2025-12-23T02:00:00+08:00,98.25,98.331,98.249,98.26
2025-12-23T06:00:00+08:00,98.266,98.287,98.24,98.241
2025-12-23T08:00:00+08:00,98.197,98.197,98.064,98.073
2025-12-23T12:00:00+08:00,98.069,98.127,98.027,98.046
2025-12-23T16:00:00+08:00,98.046,98.066,97.854,97.905
2025-12-23T20:00:00+08:00,97.903,98.142,97.852,98.069
2025-12-24T00:00:00+08:00,98.07,98.102,97.937,97.941
2025-12-24T04:00:00+08:00,97.94,97.966,97.879,97.882
2025-12-24T08:00:00+08:00,97.888,97.914,97.749,97.91
2025-12-24T12:00:00+08:00,97.913,97.929,97.791,97.895
2025-12-24T16:00:00+08:00,97.899,97.964,97.796,97.867
2025-12-24T20:00:00+08:00,97.87,97.973,97.861,97.945
2025-12-25T00:00:00+08:00,97.947,98.012,97.926,97.94
2025-12-25T04:00:00+08:00,97.94,97.971,97.936,97.951
2025-12-26T08:00:00+08:00,97.915,97.972,97.895,97.947
2025-12-26T12:00:00+08:00,97.949,98.075,97.931,98.054
2025-12-26T16:00:00+08:00,98.058,98.1,97.991,98.022
2025-12-26T20:00:00+08:00,98.024,98.063,97.859,97.99
2025-12-27T00:00:00+08:00,97.992,98.134,97.975,98.021
2025-12-27T04:00:00+08:00,98.024,98.084,97.985,98.053
2025-12-29T06:00:00+08:00,98.049,98.049,97.931,97.947
2025-12-29T10:00:00+08:00,97.95,98.146,97.94,98.12
2025-12-29T14:00:00+08:00,98.125,98.134,97.915,98.019
2025-12-29T18:00:00+08:00,98.023,98.174,97.981,98.061
2025-12-29T22:00:00+08:00,98.062,98.177,97.916,98.158
2025-12-30T02:00:00+08:00,98.16,98.171,97.993,98.006
2025-12-30T06:00:00+08:00,98.009,98.048,98.002,98.014
2025-12-30T08:00:00+08:00,98.01,98.058,97.995,98.028
2025-12-30T12:00:00+08:00,98.031,98.053,97.946,98.015
2025-12-30T16:00:00+08:00,98.019,98.053,97.939,98.041
2025-12-30T20:00:00+08:00,98.046,98.269,98.04,98.139
2025-12-31T00:00:00+08:00,98.139,98.251,98.086,98.237
2025-12-31T04:00:00+08:00,98.236,98.259,98.207,98.217
2025-12-31T08:00:00+08:00,98.247,98.287,98.214,98.26
2025-12-31T12:00:00+08:00,98.262,98.363,98.262,98.317
2025-12-31T16:00:00+08:00,98.315,98.436,98.257,98.259
2025-12-31T20:00:00+08:00,98.258,98.499,98.176,98.299
2026-01-01T00:00:00+08:00,98.303,98.412,98.262,98.321
2026-01-01T04:00:00+08:00,98.325,98.325,98.223,98.28
2026-01-02T08:00:00+08:00,98.235,98.235,98.145,98.156
2026-01-02T12:00:00+08:00,98.156,98.374,98.156,98.345
2026-01-02T16:00:00+08:00,98.347,98.492,98.322,98.454
2026-01-02T20:00:00+08:00,98.454,98.483,98.196,98.209
2026-01-03T00:00:00+08:00,98.206,98.494,98.187,98.424
2026-01-03T04:00:00+08:00,98.423,98.478,98.403,98.433
2026-01-05T06:00:00+08:00,98.481,98.596,98.471,98.581
2026-01-05T10:00:00+08:00,98.579,98.796,98.573,98.704
2026-01-05T14:00:00+08:00,98.703,98.762,98.6,98.692
2026-01-05T18:00:00+08:00,98.692,98.861,98.576,98.729
2026-01-05T22:00:00+08:00,98.726,98.736,98.319,98.36
2026-01-06T02:00:00+08:00,98.36,98.369,98.251,98.322
2026-01-06T06:00:00+08:00,98.324,98.36,98.315,98.356
2026-01-06T08:00:00+08:00,98.411,98.425,98.199,98.227
2026-01-06T12:00:00+08:00,98.229,98.284,98.161,98.262
2026-01-06T16:00:00+08:00,98.262,98.449,98.181,98.435
2026-01-06T20:00:00+08:00,98.438,98.624,98.344,98.536
2026-01-07T00:00:00+08:00,98.539,98.626,98.501,98.579
2026-01-07T04:00:00+08:00,98.579,98.621,98.549,98.595
2026-01-07T08:00:00+08:00,98.579,98.602,98.508,98.522
2026-01-07T12:00:00+08:00,98.526,98.658,98.497,98.635
2026-01-07T16:00:00+08:00,98.635,98.69,98.541,98.579
2026-01-07T20:00:00+08:00,98.581,98.666,98.507,98.601
2026-01-08T00:00:00+08:00,98.6,98.706,98.577,98.685
2026-01-08T04:00:00+08:00,98.683,98.751,98.67,98.729
2026-01-08T08:00:00+08:00,98.736,98.779,98.679,98.705
2026-01-08T12:00:00+08:00,98.71,98.742,98.684,98.733
2026-01-08T16:00:00+08:00,98.733,98.827,98.722,98.754
2026-01-08T20:00:00+08:00,98.755,98.929,98.739,98.823
2026-01-09T00:00:00+08:00,98.825,98.984,98.816,98.933
2026-01-09T04:00:00+08:00,98.936,98.938,98.838,98.844
2026-01-09T08:00:00+08:00,98.912,98.993,98.9,98.926
2026-01-09T12:00:00+08:00,98.929,99.058,98.919,98.981
2026-01-09T16:00:00+08:00,98.98,99.091,98.962,99.022
2026-01-09T20:00:00+08:00,99.024,99.264,98.896,99.085
2026-01-10T00:00:00+08:00,99.089,99.191,99.059,99.132
2026-01-10T04:00:00+08:00,99.131,99.186,99.111,99.137
2026-01-12T06:00:00+08:00,99.165,99.246,98.851,98.97
2026-01-12T10:00:00+08:00,98.972,99.038,98.906,98.915
2026-01-12T14:00:00+08:00,98.917,98.954,98.705,98.811
2026-01-12T18:00:00+08:00,98.809,98.859,98.672,98.714
2026-01-12T22:00:00+08:00,98.714,98.912,98.711,98.879
2026-01-13T02:00:00+08:00,98.884,98.924,98.851,98.902
2026-01-13T06:00:00+08:00,98.903,98.903,98.873,98.892
2026-01-13T08:00:00+08:00,98.898,98.992,98.898,98.985
2026-01-13T12:00:00+08:00,98.989,99.032,98.922,98.979
2026-01-13T16:00:00+08:00,98.979,99.023,98.906,98.945
2026-01-13T20:00:00+08:00,98.946,99.148,98.853,99.083
2026-01-14T00:00:00+08:00,99.085,99.227,99.061,99.135
2026-01-14T04:00:00+08:00,99.133,99.189,99.122,99.174
2026-01-14T08:00:00+08:00,99.186,99.248,99.122,99.137
2026-01-14T12:00:00+08:00,99.136,99.195,99.099,99.145
2026-01-14T16:00:00+08:00,99.146,99.178,99.02,99.089
2026-01-14T20:00:00+08:00,99.092,99.107,98.942,98.945
2026-01-15T00:00:00+08:00,98.946,99.143,98.933,99.133
2026-01-15T04:00:00+08:00,99.134,99.134,99.051,99.058
2026-01-15T08:00:00+08:00,99.129,99.156,99.086,99.135
2026-01-15T12:00:00+08:00,99.14,99.232,99.127,99.192
2026-01-15T16:00:00+08:00,99.192,99.222,99.094,99.187
2026-01-15T20:00:00+08:00,99.189,99.492,99.16,99.377
2026-01-16T00:00:00+08:00,99.377,99.409,99.286,99.32
2026-01-16T04:00:00+08:00,99.32,99.396,99.307,99.354
2026-01-16T08:00:00+08:00,99.369,99.402,99.264,99.275
2026-01-16T12:00:00+08:00,99.277,99.369,99.265,99.294
2026-01-16T16:00:00+08:00,99.291,99.317,99.188,99.22
2026-01-16T20:00:00+08:00,99.22,99.483,99.163,99.406
2026-01-17T00:00:00+08:00,99.408,99.452,99.309,99.393
2026-01-17T04:00:00+08:00,99.392,99.395,99.348,99.375
2026-01-19T06:00:00+08:00,99.436,99.468,99.057,99.177
2026-01-19T10:00:00+08:00,99.179,99.245,99.085,99.161
2026-01-19T14:00:00+08:00,99.159,99.285,99.061,99.178
2026-01-19T18:00:00+08:00,99.18,99.215,99.093,99.12
2026-01-19T22:00:00+08:00,99.12,99.133,99.016,99.025
2026-01-20T02:00:00+08:00,99.026,99.069,99.006,99.046
2026-01-20T06:00:00+08:00,99.045,99.056,99.028,99.045
2026-01-20T08:00:00+08:00,99.138,99.139,98.935,98.951
2026-01-20T12:00:00+08:00,98.953,98.971,98.726,98.751
2026-01-20T16:00:00+08:00,98.748,98.758,98.405,98.441
2026-01-20T20:00:00+08:00,98.444,98.596,98.246,98.508
2026-01-21T00:00:00+08:00,98.513,98.652,98.393,98.641
2026-01-21T04:00:00+08:00,98.645,98.655,98.54,98.559
2026-01-21T08:00:00+08:00,98.605,98.639,98.454,98.581
2026-01-21T12:00:00+08:00,98.582,98.631,98.524,98.569
2026-01-21T16:00:00+08:00,98.575,98.712,98.56,98.614
2026-01-21T20:00:00+08:00,98.612,98.677,98.384,98.666
2026-01-22T00:00:00+08:00,98.666,98.868,98.601,98.761
2026-01-22T04:00:00+08:00,98.759,98.868,98.753,98.79
2026-01-22T08:00:00+08:00,98.787,98.811,98.729,98.772
2026-01-22T12:00:00+08:00,98.77,98.827,98.723,98.768
2026-01-22T16:00:00+08:00,98.768,98.827,98.666,98.691
2026-01-22T20:00:00+08:00,98.693,98.721,98.437,98.438
2026-01-23T00:00:00+08:00,98.437,98.47,98.312,98.358
2026-01-23T04:00:00+08:00,98.357,98.374,98.262,98.267
2026-01-23T08:00:00+08:00,98.333,98.392,98.297,98.384
2026-01-23T12:00:00+08:00,98.381,98.481,98.259,98.407
2026-01-23T16:00:00+08:00,98.409,98.453,98.296,98.342
2026-01-23T20:00:00+08:00,98.346,98.38,98.147,98.158
2026-01-24T00:00:00+08:00,98.16,98.245,97.557,97.599
2026-01-24T04:00:00+08:00,97.603,97.607,97.425,97.456
2026-01-26T06:00:00+08:00,97.025,97.333,96.949,97.16
2026-01-26T10:00:00+08:00,97.164,97.174,96.995,97.084
2026-01-26T14:00:00+08:00,97.085,97.288,97.023,97.055
2026-01-26T18:00:00+08:00,97.06,97.324,97.04,97.175
2026-01-26T22:00:00+08:00,97.173,97.2,96.806,97.014
2026-01-27T02:00:00+08:00,97.013,97.107,96.934,97.044
2026-01-27T06:00:00+08:00,97.045,97.075,97.037,97.057
2026-01-27T08:00:00+08:00,97.054,97.11,96.918,97.077
2026-01-27T12:00:00+08:00,97.074,97.214,97.057,97.191
2026-01-27T16:00:00+08:00,97.19,97.286,96.871,96.883
2026-01-27T20:00:00+08:00,96.883,96.896,96.252,96.423
2026-01-28T00:00:00+08:00,96.422,96.433,96.137,96.216
2026-01-28T04:00:00+08:00,96.214,96.247,95.551,95.818
2026-01-28T08:00:00+08:00,95.965,96.19,95.951,96.094
2026-01-28T12:00:00+08:00,96.099,96.208,95.859,96.107
2026-01-28T16:00:00+08:00,96.108,96.285,96.002,96.249
2026-01-28T20:00:00+08:00,96.251,96.563,96.12,96.426
2026-01-29T00:00:00+08:00,96.424,96.787,96.378,96.445
2026-01-29T04:00:00+08:00,96.45,96.514,96.335,96.337
2026-01-29T08:00:00+08:00,96.16,96.354,96.075,96.076
2026-01-29T12:00:00+08:00,96.08,96.231,96.016,96.184
2026-01-29T16:00:00+08:00,96.186,96.458,96.096,96.388
2026-01-29T20:00:00+08:00,96.387,96.656,96.157,96.452
2026-01-30T00:00:00+08:00,96.453,96.463,96.201,96.283
2026-01-30T04:00:00+08:00,96.287,96.328,96.15,96.162
2026-01-30T08:00:00+08:00,96.165,96.738,96.165,96.573
2026-01-30T12:00:00+08:00,96.577,96.629,96.417,96.463
2026-01-30T16:00:00+08:00,96.465,96.76,96.366,96.374
2026-01-30T20:00:00+08:00,96.377,96.869,96.32,96.761
2026-01-31T00:00:00+08:00,96.766,97.102,96.753,96.991
2026-01-31T04:00:00+08:00,96.99,97.149,96.987,97.147
2026-02-02T06:00:00+08:00,97.185,97.298,97.008,97.054
2026-02-02T10:00:00+08:00,97.058,97.272,97.029,97.201
2026-02-02T14:00:00+08:00,97.205,97.251,97.058,97.084
2026-02-02T18:00:00+08:00,97.082,97.445,97.029,97.421
2026-02-02T22:00:00+08:00,97.426,97.668,97.349,97.566
2026-02-03T02:00:00+08:00,97.568,97.733,97.556,97.608
2026-02-03T06:00:00+08:00,97.612,97.633,97.599,97.604
2026-02-03T08:00:00+08:00,97.519,97.538,97.432,97.457
2026-02-03T12:00:00+08:00,97.46,97.487,97.34,97.398
2026-02-03T16:00:00+08:00,97.402,97.689,97.384,97.652
2026-02-03T20:00:00+08:00,97.653,97.692,97.406,97.407
2026-02-04T00:00:00+08:00,97.404,97.487,97.298,97.436
2026-02-04T04:00:00+08:00,97.439,97.46,97.342,97.381
2026-02-04T08:00:00+08:00,97.429,97.463,97.334,97.387
2026-02-04T12:00:00+08:00,97.389,97.416,97.314,97.362
2026-02-04T16:00:00+08:00,97.361,97.596,97.309,97.545
2026-02-04T20:00:00+08:00,97.549,97.688,97.406,97.672
2026-02-05T00:00:00+08:00,97.675,97.73,97.543,97.616
2026-02-05T04:00:00+08:00,97.614,97.678,97.608,97.642
2026-02-05T08:00:00+08:00,97.673,97.812,97.629,97.766
2026-02-05T12:00:00+08:00,97.766,97.818,97.698,97.742
2026-02-05T16:00:00+08:00,97.746,97.915,97.672,97.781
2026-02-05T20:00:00+08:00,97.784,97.905,97.607,97.848
2026-02-06T00:00:00+08:00,97.848,97.899,97.746,97.825
2026-02-06T04:00:00+08:00,97.823,97.986,97.814,97.946
2026-02-06T08:00:00+08:00,97.973,97.973,97.834,97.862
2026-02-06T12:00:00+08:00,97.861,97.865,97.754,97.841
2026-02-06T16:00:00+08:00,97.843,97.876,97.785,97.833
2026-02-06T20:00:00+08:00,97.832,97.85,97.559,97.597
2026-02-07T00:00:00+08:00,97.599,97.685,97.586,97.631
2026-02-07T04:00:00+08:00,97.633,97.685,97.598,97.681
2026-02-09T06:00:00+08:00,97.7,97.761,97.481,97.572
2026-02-09T10:00:00+08:00,97.571,97.653,97.489,97.515
2026-02-09T14:00:00+08:00,97.515,97.516,97.291,97.367
2026-02-09T18:00:00+08:00,97.368,97.426,96.999,97.004
2026-02-09T22:00:00+08:00,97.006,97.034,96.837,96.931
2026-02-10T02:00:00+08:00,96.933,96.964,96.793,96.854
2026-02-10T06:00:00+08:00,96.858,96.892,96.856,96.869
2026-02-10T08:00:00+08:00,96.997,97.007,96.791,96.838
2026-02-10T12:00:00+08:00,96.841,96.944,96.824,96.897
2026-02-10T16:00:00+08:00,96.894,96.95,96.799,96.892
2026-02-10T20:00:00+08:00,96.889,96.961,96.609,96.693
2026-02-11T00:00:00+08:00,96.693,96.926,96.685,96.8
2026-02-11T04:00:00+08:00,96.801,96.894,96.788,96.891
2026-02-11T08:00:00+08:00,96.914,96.914,96.637,96.651
2026-02-11T12:00:00+08:00,96.65,96.668,96.494,96.575
2026-02-11T16:00:00+08:00,96.574,96.674,96.494,96.651
2026-02-11T20:00:00+08:00,96.65,97.272,96.642,97.036
2026-02-12T00:00:00+08:00,97.039,97.076,96.695,96.835
2026-02-12T04:00:00+08:00,96.836,96.948,96.825,96.907
2026-02-12T08:00:00+08:00,96.96,96.96,96.774,96.855
2026-02-12T12:00:00+08:00,96.856,97.074,96.823,96.882
2026-02-12T16:00:00+08:00,96.884,96.911,96.765,96.799
2026-02-12T20:00:00+08:00,96.8,96.986,96.754,96.776
2026-02-13T00:00:00+08:00,96.776,97.03,96.744,96.924
2026-02-13T04:00:00+08:00,96.927,96.973,96.892,96.92
2026-02-13T08:00:00+08:00,96.937,97.009,96.897,96.961
2026-02-13T12:00:00+08:00,96.958,97.156,96.949,97.052
2026-02-13T16:00:00+08:00,97.053,97.081,96.98,97.062
2026-02-13T20:00:00+08:00,97.059,97.09,96.85,97.087
2026-02-14T00:00:00+08:00,97.091,97.097,96.802,96.914
2026-02-14T04:00:00+08:00,96.919,96.936,96.833,96.884
2026-02-16T06:00:00+08:00,96.875,96.997,96.875,96.935
2026-02-16T10:00:00+08:00,96.938,96.989,96.917,96.962
2026-02-16T14:00:00+08:00,96.961,97.017,96.906,97
2026-02-16T18:00:00+08:00,97.005,97.097,96.981,97.05
2026-02-16T22:00:00+08:00,97.054,97.12,96.987,97.104
2026-02-17T02:00:00+08:00,97.102,97.103,97.056,97.088
2026-02-17T06:00:00+08:00,97.089,97.099,97.077,97.098
2026-02-17T08:00:00+08:00,97.124,97.147,97.083,97.127
2026-02-17T12:00:00+08:00,97.129,97.247,97.077,97.22
2026-02-17T16:00:00+08:00,97.219,97.278,97.072,97.235
2026-02-17T20:00:00+08:00,97.232,97.546,97.199,97.497
2026-02-18T00:00:00+08:00,97.496,97.501,97.136,97.154
2026-02-18T04:00:00+08:00,97.159,97.172,97.107,97.107
2026-02-18T08:00:00+08:00,97.142,97.247,97.118,97.243
2026-02-18T12:00:00+08:00,97.247,97.302,97.185,97.282
2026-02-18T16:00:00+08:00,97.288,97.328,97.229,97.258
2026-02-18T20:00:00+08:00,97.255,97.479,97.162,97.409
2026-02-19T00:00:00+08:00,97.412,97.732,97.371,97.704
2026-02-19T04:00:00+08:00,97.703,97.742,97.677,97.694
2026-02-19T08:00:00+08:00,97.732,97.757,97.662,97.728
2026-02-19T12:00:00+08:00,97.726,97.777,97.613,97.632
2026-02-19T16:00:00+08:00,97.629,97.793,97.572,97.766
2026-02-19T20:00:00+08:00,97.768,98.074,97.757,97.901
2026-02-20T00:00:00+08:00,97.901,97.963,97.821,97.926
2026-02-20T04:00:00+08:00,97.924,97.927,97.799,97.819
2026-02-20T08:00:00+08:00,97.898,98.002,97.842,97.966
2026-02-20T12:00:00+08:00,97.965,98.025,97.881,98.017
2026-02-20T16:00:00+08:00,98.018,98.078,97.87,97.887
2026-02-20T20:00:00+08:00,97.888,98.002,97.589,97.711
2026-02-21T00:00:00+08:00,97.71,97.903,97.632,97.795
2026-02-21T04:00:00+08:00,97.798,97.822,97.705,97.789
2026-02-23T06:00:00+08:00,97.698,97.705,97.355,97.426
2026-02-23T10:00:00+08:00,97.425,97.521,97.381,97.488
2026-02-23T14:00:00+08:00,97.486,97.643,97.373,97.634
2026-02-23T18:00:00+08:00,97.634,97.853,97.631,97.659
2026-02-23T22:00:00+08:00,97.662,97.702,97.532,97.635
2026-02-24T02:00:00+08:00,97.636,97.749,97.624,97.736
2026-02-24T06:00:00+08:00,97.739,97.739,97.696,97.696
2026-02-24T08:00:00+08:00,97.698,97.882,97.695,97.842
2026-02-24T12:00:00+08:00,97.842,97.949,97.787,97.916
2026-02-24T16:00:00+08:00,97.918,97.957,97.774,97.872
2026-02-24T20:00:00+08:00,97.874,97.986,97.837,97.891
2026-02-25T00:00:00+08:00,97.892,97.897,97.746,97.843
2026-02-25T04:00:00+08:00,97.841,97.9,97.803,97.882
2026-02-25T08:00:00+08:00,97.854,97.867,97.696,97.766
2026-02-25T12:00:00+08:00,97.768,97.796,97.643,97.726
2026-02-25T16:00:00+08:00,97.726,98.002,97.706,97.967
2026-02-25T20:00:00+08:00,97.968,97.972,97.735,97.738
2026-02-26T00:00:00+08:00,97.737,97.75,97.622,97.699
2026-02-26T04:00:00+08:00,97.698,97.717,97.634,97.643
2026-02-26T08:00:00+08:00,97.591,97.617,97.489,97.591
2026-02-26T12:00:00+08:00,97.59,97.655,97.535,97.602
2026-02-26T16:00:00+08:00,97.603,97.762,97.6,97.739
2026-02-26T20:00:00+08:00,97.737,97.887,97.61,97.751
2026-02-27T00:00:00+08:00,97.75,97.984,97.747,97.791
2026-02-27T04:00:00+08:00,97.789,97.823,97.744,97.782
2026-02-27T08:00:00+08:00,97.751,97.824,97.692,97.71
2026-02-27T12:00:00+08:00,97.711,97.799,97.631,97.676
2026-02-27T16:00:00+08:00,97.678,97.792,97.611,97.757
2026-02-27T20:00:00+08:00,97.755,97.851,97.621,97.709
2026-02-28T00:00:00+08:00,97.712,97.728,97.576,97.608
2026-02-28T04:00:00+08:00,97.606,97.685,97.561,97.646
2026-03-02T06:00:00+08:00,97.874,98.094,97.792,97.805
2026-03-02T10:00:00+08:00,97.806,98.035,97.768,98.033
2026-03-02T14:00:00+08:00,98.034,98.566,98.031,98.274
2026-03-02T18:00:00+08:00,98.275,98.557,98.151,98.534
2026-03-02T22:00:00+08:00,98.536,98.753,98.344,98.457
2026-03-03T02:00:00+08:00,98.463,98.652,98.368,98.549
2026-03-03T06:00:00+08:00,98.557,98.588,98.536,98.548
2026-03-03T08:00:00+08:00,98.556,98.587,98.435,98.547
2026-03-03T12:00:00+08:00,98.544,98.889,98.52,98.88
2026-03-03T16:00:00+08:00,98.884,99.384,98.867,99.228
2026-03-03T20:00:00+08:00,99.227,99.683,99.073,99.366
2026-03-04T00:00:00+08:00,99.366,99.392,98.949,99.052
2026-03-04T04:00:00+08:00,99.051,99.082,98.956,99.071
2026-03-04T08:00:00+08:00,99.106,99.329,99.067,99.074
2026-03-04T12:00:00+08:00,99.072,99.243,98.902,98.993
2026-03-04T16:00:00+08:00,98.994,99.157,98.7,98.846
2026-03-04T20:00:00+08:00,98.848,98.983,98.723,98.807
2026-03-05T00:00:00+08:00,98.808,98.916,98.749,98.768
2026-03-05T04:00:00+08:00,98.771,98.851,98.739,98.775
2026-03-05T08:00:00+08:00,98.772,98.979,98.667,98.956
2026-03-05T12:00:00+08:00,98.958,99.161,98.931,99.026
2026-03-05T16:00:00+08:00,99.025,99.201,98.742,98.97
2026-03-05T20:00:00+08:00,98.974,99.32,98.877,99.214
2026-03-06T00:00:00+08:00,99.218,99.413,99.176,99.316
2026-03-06T04:00:00+08:00,99.316,99.335,99.013,99.061
2026-03-06T08:00:00+08:00,99.009,99.048,98.942,98.949
2026-03-06T12:00:00+08:00,98.949,99.106,98.942,98.971
2026-03-06T16:00:00+08:00,98.973,99.365,98.958,99.354
2026-03-06T20:00:00+08:00,99.348,99.435,99.052,99.149
2026-03-07T00:00:00+08:00,99.146,99.149,98.836,98.985
2026-03-07T04:00:00+08:00,98.987,99.031,98.854,98.855
2026-03-09T05:00:00+08:00,98.855,99.633,98.855,99.618
2026-03-09T09:00:00+08:00,99.62,99.695,99.511,99.544
2026-03-09T13:00:00+08:00,99.548,99.586,99.22,99.488
2026-03-09T17:00:00+08:00,99.49,99.504,99.188,99.347
2026-03-09T21:00:00+08:00,99.347,99.386,98.977,99.07
2026-03-10T01:00:00+08:00,99.07,99.186,98.716,98.728
2026-03-10T05:00:00+08:00,98.734,98.752,98.698,98.727
2026-03-10T07:00:00+08:00,98.797,98.902,98.722,98.888
2026-03-10T11:00:00+08:00,98.89,98.939,98.681,98.716
2026-03-10T15:00:00+08:00,98.717,98.826,98.492,98.689
2026-03-10T19:00:00+08:00,98.69,98.814,98.591,98.604
2026-03-10T23:00:00+08:00,98.61,98.892,98.497,98.824
2026-03-11T03:00:00+08:00,98.824,98.954,98.793,98.915
2026-03-11T07:00:00+08:00,98.937,98.967,98.791,98.82
2026-03-11T11:00:00+08:00,98.819,98.826,98.699,98.75
2026-03-11T15:00:00+08:00,98.757,99.078,98.702,98.933
2026-03-11T19:00:00+08:00,98.938,99.184,98.912,99.131
2026-03-11T23:00:00+08:00,99.132,99.299,99.11,99.23
2026-03-12T03:00:00+08:00,99.23,99.279,99.194,99.252
2026-03-12T07:00:00+08:00,99.453,99.516,99.325,99.47
2026-03-12T11:00:00+08:00,99.475,99.528,99.372,99.397
2026-03-12T15:00:00+08:00,99.398,99.441,99.286,99.321
2026-03-12T19:00:00+08:00,99.322,99.665,99.25,99.63
2026-03-12T23:00:00+08:00,99.635,99.741,99.563,99.737
2026-03-13T03:00:00+08:00,99.738,99.759,99.69,99.743
2026-03-13T07:00:00+08:00,99.692,99.747,99.586,99.72
2026-03-13T11:00:00+08:00,99.72,99.957,99.706,99.954
2026-03-13T15:00:00+08:00,99.957,100.299,99.951,100.148
2026-03-13T19:00:00+08:00,100.15,100.186,99.91,100.176
2026-03-13T23:00:00+08:00,100.173,100.394,100.156,100.362
2026-03-14T03:00:00+08:00,100.364,100.54,100.349,100.494
2026-03-16T05:00:00+08:00,100.427,100.48,100.188,100.192
2026-03-16T09:00:00+08:00,100.193,100.313,100.181,100.307
2026-03-16T13:00:00+08:00,100.31,100.462,100.246,100.25
2026-03-16T17:00:00+08:00,100.253,100.277,99.92,100.038
2026-03-16T21:00:00+08:00,100.042,100.042,99.799,99.902
2026-03-17T01:00:00+08:00,99.903,99.929,99.66,99.81
2026-03-17T05:00:00+08:00,99.807,99.824,99.784,99.822
2026-03-17T07:00:00+08:00,99.863,99.969,99.845,99.909
2026-03-17T11:00:00+08:00,99.908,100.115,99.846,100.001
2026-03-17T15:00:00+08:00,100.002,100.021,99.673,99.8
2026-03-17T19:00:00+08:00,99.803,99.823,99.523,99.601
2026-03-17T23:00:00+08:00,99.602,99.718,99.503,99.574
2026-03-18T03:00:00+08:00,99.577,99.606,99.546,99.562
2026-03-18T07:00:00+08:00,99.547,99.614,99.512,99.599
2026-03-18T11:00:00+08:00,99.602,99.608,99.465,99.524
2026-03-18T15:00:00+08:00,99.527,99.708,99.501,99.581
2026-03-18T19:00:00+08:00,99.583,99.981,99.469,99.786
2026-03-18T23:00:00+08:00,99.792,100.086,99.702,100.086
2026-03-19T03:00:00+08:00,100.087,100.314,100.055,100.233
2026-03-19T07:00:00+08:00,100.233,100.247,99.994,100.07
2026-03-19T11:00:00+08:00,100.071,100.225,100.055,100.188
2026-03-19T15:00:00+08:00,100.191,100.306,100.015,100.097
2026-03-19T19:00:00+08:00,100.102,100.182,99.609,99.7
2026-03-19T23:00:00+08:00,99.706,99.837,99.224,99.232
2026-03-20T03:00:00+08:00,99.233,99.256,98.975,99.162
2026-03-20T07:00:00+08:00,99.29,99.395,99.252,99.381
2026-03-20T11:00:00+08:00,99.386,99.476,99.381,99.439
2026-03-20T15:00:00+08:00,99.442,99.638,99.259,99.474
2026-03-20T19:00:00+08:00,99.475,99.793,99.308,99.727
2026-03-20T23:00:00+08:00,99.729,99.731,99.477,99.645
2026-03-21T03:00:00+08:00,99.649,99.669,99.497,99.503
2026-03-23T05:00:00+08:00,99.681,99.724,99.513,99.681
2026-03-23T09:00:00+08:00,99.684,99.719,99.545,99.645
2026-03-23T13:00:00+08:00,99.644,99.89,99.628,99.81
2026-03-23T17:00:00+08:00,99.809,100.148,99.114,99.13
2026-03-23T21:00:00+08:00,99.132,99.407,98.88,99.298
2026-03-24T01:00:00+08:00,99.294,99.33,98.931,99.136
2026-03-24T05:00:00+08:00,99.14,99.154,99.108,99.146
2026-03-24T07:00:00+08:00,99.143,99.407,99.139,99.362
2026-03-24T11:00:00+08:00,99.364,99.447,99.303,99.307
2026-03-24T15:00:00+08:00,99.308,99.408,99.099,99.292
2026-03-24T19:00:00+08:00,99.292,99.506,99.207,99.345
2026-03-24T23:00:00+08:00,99.341,99.622,99.277,99.434
2026-03-25T03:00:00+08:00,99.434,99.434,99.06,99.182
2026-03-25T07:00:00+08:00,99.198,99.299,99.071,99.28
2026-03-25T11:00:00+08:00,99.282,99.422,99.265,99.356
2026-03-25T15:00:00+08:00,99.358,99.429,99.178,99.282
2026-03-25T19:00:00+08:00,99.283,99.556,99.192,99.419
2026-03-25T23:00:00+08:00,99.418,99.644,99.391,99.6
2026-03-26T03:00:00+08:00,99.597,99.665,99.597,99.637
2026-03-26T07:00:00+08:00,99.629,99.7,99.6,99.674
2026-03-26T11:00:00+08:00,99.676,99.7,99.562,99.591
2026-03-26T15:00:00+08:00,99.592,99.754,99.592,99.681
2026-03-26T19:00:00+08:00,99.684,99.933,99.668,99.749
2026-03-26T23:00:00+08:00,99.749,99.96,99.726,99.9
2026-03-27T03:00:00+08:00,99.901,100.01,99.74,99.864
2026-03-27T07:00:00+08:00,99.871,99.961,99.807,99.845
2026-03-27T11:00:00+08:00,99.845,99.899,99.803,99.893
2026-03-27T15:00:00+08:00,99.898,100.07,99.893,100.064
2026-03-27T19:00:00+08:00,100.064,100.149,99.901,99.965
2026-03-27T23:00:00+08:00,99.965,100.206,99.837,100.15
2026-03-28T03:00:00+08:00,100.152,100.193,100.098,100.193
2026-03-30T05:00:00+08:00,100.217,100.342,100.136,100.172
2026-03-30T09:00:00+08:00,100.174,100.222,100.05,100.109
2026-03-30T13:00:00+08:00,100.113,100.3,100.052,100.266
2026-03-30T17:00:00+08:00,100.265,100.39,100.202,100.316
2026-03-30T21:00:00+08:00,100.317,100.614,100.278,100.493
2026-03-31T01:00:00+08:00,100.495,100.568,100.459,100.509
2026-03-31T05:00:00+08:00,100.507,100.534,100.464,100.491
2026-03-31T07:00:00+08:00,100.585,100.643,100.304,100.396
2026-03-31T11:00:00+08:00,100.399,100.509,100.39,100.451
2026-03-31T15:00:00+08:00,100.452,100.549,100.388,100.538
2026-03-31T19:00:00+08:00,100.544,100.55,99.973,100.181
2026-03-31T23:00:00+08:00,100.183,100.238,99.868,99.96
2026-04-01T03:00:00+08:00,99.964,100.014,99.808,99.856
2026-04-01T07:00:00+08:00,99.785,99.883,99.685,99.77
2026-04-01T11:00:00+08:00,99.77,99.853,99.527,99.533
2026-04-01T15:00:00+08:00,99.537,99.691,99.414,99.487
2026-04-01T19:00:00+08:00,99.489,99.528,99.312,99.335
2026-04-01T23:00:00+08:00,99.333,99.659,99.298,99.651
2026-04-02T03:00:00+08:00,99.649,99.669,99.546,99.552
2026-04-02T07:00:00+08:00,99.539,99.96,99.447,99.937
2026-04-02T11:00:00+08:00,99.942,100.172,99.924,100.04
2026-04-02T15:00:00+08:00,100.037,100.24,100.024,100.234
2026-04-02T19:00:00+08:00,100.237,100.263,99.855,99.917
2026-04-02T23:00:00+08:00,99.919,100.062,99.853,100.028
2026-04-03T03:00:00+08:00,100.032,100.06,99.975,100.017
2026-04-03T07:00:00+08:00,99.986,100.065,99.953,100.036
2026-04-03T11:00:00+08:00,100.035,100.077,99.99,100.002
2026-04-03T15:00:00+08:00,100.006,100.007,99.946,99.976
2026-04-03T19:00:00+08:00,99.976,100.166,99.964,100.164
2026-04-03T23:00:00+08:00,100.162,100.221,100.113,100.217
2026-04-04T03:00:00+08:00,100.219,100.223,100.113,100.185
2026-04-06T05:00:00+08:00,100.181,100.286,100.179,100.238
2026-04-06T09:00:00+08:00,100.24,100.275,100.099,100.127
2026-04-06T13:00:00+08:00,100.13,100.145,99.794,99.881
2026-04-06T17:00:00+08:00,99.88,99.994,99.844,99.885
2026-04-06T21:00:00+08:00,99.887,100.047,99.757,99.978
2026-04-07T01:00:00+08:00,99.982,100.07,99.919,99.998
2026-04-07T05:00:00+08:00,100.003,100.005,99.974,99.989
2026-04-07T07:00:00+08:00,100.012,100.156,99.987,100.115
2026-04-07T11:00:00+08:00,100.117,100.125,99.988,99.998
2026-04-07T15:00:00+08:00,100.001,100.063,99.769,99.984
2026-04-07T19:00:00+08:00,99.982,100.022,99.804,99.902
2026-04-07T23:00:00+08:00,99.9,99.961,99.782,99.858
2026-04-08T03:00:00+08:00,99.856,99.872,99.516,99.516
2026-04-08T07:00:00+08:00,98.951,99.06,98.84,98.961
2026-04-08T11:00:00+08:00,98.957,99.006,98.685,98.776
2026-04-08T15:00:00+08:00,98.78,98.968,98.735,98.822
2026-04-08T19:00:00+08:00,98.825,98.86,98.525,98.77
2026-04-08T23:00:00+08:00,98.773,99.134,98.763,99.133
2026-04-09T03:00:00+08:00,99.134,99.179,98.969,98.998
2026-04-09T07:00:00+08:00,99.057,99.157,99.023,99.036
2026-04-09T11:00:00+08:00,99.034,99.132,98.991,99.05
2026-04-09T15:00:00+08:00,99.053,99.117,98.967,99.037
2026-04-09T19:00:00+08:00,99.042,99.054,98.843,98.946
2026-04-09T23:00:00+08:00,98.946,99.012,98.625,98.817
2026-04-10T03:00:00+08:00,98.819,98.842,98.745,98.795
2026-04-10T07:00:00+08:00,98.869,98.932,98.848,98.889
2026-04-10T11:00:00+08:00,98.893,98.963,98.853,98.946
2026-04-10T15:00:00+08:00,98.948,99.007,98.749,98.765
2026-04-10T19:00:00+08:00,98.765,98.773,98.541,98.653
2026-04-10T23:00:00+08:00,98.655,98.778,98.563,98.65
2026-04-11T03:00:00+08:00,98.649,98.713,98.642,98.697
2026-04-13T05:00:00+08:00,99.046,99.183,99.019,99.019
2026-04-13T09:00:00+08:00,99.018,99.073,98.995,99.025
2026-04-13T13:00:00+08:00,99.027,99.066,98.895,98.975
2026-04-13T17:00:00+08:00,98.977,99.038,98.884,98.908
2026-04-13T21:00:00+08:00,98.91,98.92,98.595,98.603
2026-04-14T01:00:00+08:00,98.612,98.624,98.364,98.415
2026-04-14T05:00:00+08:00,98.418,98.439,98.37,98.373
2026-04-14T07:00:00+08:00,98.373,98.414,98.327,98.374
2026-04-14T11:00:00+08:00,98.377,98.393,98.252,98.252
2026-04-14T15:00:00+08:00,98.256,98.265,98.076,98.085
2026-04-14T19:00:00+08:00,98.088,98.102,97.969,97.99
2026-04-14T23:00:00+08:00,97.994,98.154,97.99,98.123
2026-04-15T03:00:00+08:00,98.125,98.143,98.092,98.105
2026-04-15T07:00:00+08:00,98.067,98.23,98.054,98.199
2026-04-15T11:00:00+08:00,98.2,98.223,98.08,98.191
2026-04-15T15:00:00+08:00,98.191,98.285,98.079,98.244
2026-04-15T19:00:00+08:00,98.245,98.284,98.055,98.092
2026-04-15T23:00:00+08:00,98.091,98.121,98.005,98.055
2026-04-16T03:00:00+08:00,98.055,98.099,98.026,98.05
2026-04-16T07:00:00+08:00,98.012,98.068,97.899,97.901
2026-04-16T11:00:00+08:00,97.899,98.092,97.832,98.005
2026-04-16T15:00:00+08:00,98.01,98.268,97.988,98.208
2026-04-16T19:00:00+08:00,98.213,98.291,98.138,98.269
2026-04-16T23:00:00+08:00,98.271,98.292,98.144,98.215
2026-04-17T03:00:00+08:00,98.213,98.233,98.165,98.179
2026-04-17T07:00:00+08:00,98.189,98.28,98.189,98.246
2026-04-17T11:00:00+08:00,98.247,98.291,98.194,98.273
2026-04-17T15:00:00+08:00,98.272,98.272,98.067,98.118
2026-04-17T19:00:00+08:00,98.119,98.138,97.632,97.825
2026-04-17T23:00:00+08:00,97.826,98.136,97.808,98.096
2026-04-18T03:00:00+08:00,98.099,98.24,98.064,98.226
2026-04-20T05:00:00+08:00,98.277,98.306,98.267,98.275
2026-04-20T09:00:00+08:00,98.275,98.368,98.261,98.291
2026-04-20T13:00:00+08:00,98.295,98.395,98.19,98.292
2026-04-20T17:00:00+08:00,98.295,98.318,98.155,98.229
2026-04-20T21:00:00+08:00,98.229,98.26,98.006,98.043
2026-04-21T01:00:00+08:00,98.045,98.107,98.012,98.05
2026-04-21T05:00:00+08:00,98.054,98.068,98.041,98.053
2026-04-21T07:00:00+08:00,98.063,98.136,98.063,98.119
2026-04-21T11:00:00+08:00,98.118,98.163,98.086,98.132
2026-04-21T15:00:00+08:00,98.138,98.309,98.116,98.256
2026-04-21T19:00:00+08:00,98.259,98.314,98.123,98.309
2026-04-21T23:00:00+08:00,98.314,98.567,98.242,98.393
2026-04-22T03:00:00+08:00,98.396,98.567,98.311,98.407
2026-04-22T07:00:00+08:00,98.402,98.403,98.31,98.389
2026-04-22T11:00:00+08:00,98.391,98.407,98.211,98.304
2026-04-22T15:00:00+08:00,98.31,98.364,98.244,98.3
2026-04-22T19:00:00+08:00,98.301,98.527,98.301,98.524
2026-04-22T23:00:00+08:00,98.527,98.598,98.49,98.59
2026-04-23T03:00:00+08:00,98.592,98.643,98.572,98.606
2026-04-23T07:00:00+08:00,98.616,98.737,98.552,98.689
2026-04-23T11:00:00+08:00,98.691,98.714,98.615,98.654
2026-04-23T15:00:00+08:00,98.657,98.801,98.592,98.788
2026-04-23T19:00:00+08:00,98.787,98.803,98.534,98.573
2026-04-23T23:00:00+08:00,98.571,98.939,98.541,98.77
2026-04-24T03:00:00+08:00,98.774,98.844,98.763,98.798
2026-04-24T07:00:00+08:00,98.821,98.87,98.784,98.863
2026-04-24T11:00:00+08:00,98.862,98.915,98.813,98.858
2026-04-24T15:00:00+08:00,98.861,98.88,98.679,98.679
2026-04-24T19:00:00+08:00,98.679,98.725,98.558,98.646
2026-04-24T23:00:00+08:00,98.647,98.679,98.517,98.533
2026-04-25T03:00:00+08:00,98.529,98.544,98.489,98.51
2026-04-27T05:00:00+08:00,99.332,99.343,98.555,98.559
2026-04-27T09:00:00+08:00,98.561,98.561,98.41,98.456
2026-04-27T13:00:00+08:00,98.455,98.546,98.262,98.286
2026-04-27T17:00:00+08:00,98.288,98.35,98.214,98.308
2026-04-27T21:00:00+08:00,98.31,98.451,98.241,98.444
2026-04-28T01:00:00+08:00,98.443,98.504,98.414,98.484
2026-04-28T05:00:00+08:00,98.485,98.497,98.47,98.497
2026-04-28T07:00:00+08:00,98.467,98.594,98.426,98.592
2026-04-28T11:00:00+08:00,98.589,98.719,98.482,98.717
2026-04-28T15:00:00+08:00,98.719,98.769,98.611,98.742
2026-04-28T19:00:00+08:00,98.747,98.874,98.667,98.733
2026-04-28T23:00:00+08:00,98.734,98.734,98.588,98.64
2026-04-29T03:00:00+08:00,98.644,98.674,98.591,98.594
2026-04-29T07:00:00+08:00,98.608,98.675,98.565,98.663
2026-04-29T11:00:00+08:00,98.662,98.754,98.637,98.722
2026-04-29T15:00:00+08:00,98.72,98.761,98.608,98.674
2026-04-29T19:00:00+08:00,98.675,98.898,98.663,98.75
2026-04-29T23:00:00+08:00,98.749,99.05,98.736,98.961
2026-04-30T03:00:00+08:00,98.963,99.003,98.901,98.974
2026-04-30T07:00:00+08:00,98.851,99.019,98.811,98.985
2026-04-30T11:00:00+08:00,98.987,99.093,98.953,98.984
2026-04-30T15:00:00+08:00,98.985,98.985,98.349,98.357
2026-04-30T19:00:00+08:00,98.36,98.533,98.116,98.164
2026-04-30T23:00:00+08:00,98.167,98.213,98.026,98.054
2026-05-01T03:00:00+08:00,98.056,98.11,98.009,98.091
2026-05-01T07:00:00+08:00,98.128,98.184,98.116,98.133
2026-05-01T11:00:00+08:00,98.135,98.24,97.9,97.999
2026-05-01T15:00:00+08:00,98.005,98.113,97.972,98.021
2026-05-01T19:00:00+08:00,98.022,98.022,97.72,97.863
2026-05-01T23:00:00+08:00,97.864,98.221,97.838,98.156
2026-05-02T03:00:00+08:00,98.16,98.244,98.15,98.211
2026-05-04T05:00:00+08:00,98.052,98.202,98.042,98.151
2026-05-04T09:00:00+08:00,98.153,98.215,97.97,98.126
2026-05-04T13:00:00+08:00,98.126,98.292,98.078,98.246
2026-05-04T17:00:00+08:00,98.244,98.481,98.208,98.325
2026-05-04T21:00:00+08:00,98.331,98.536,98.247,98.527
2026-05-05T01:00:00+08:00,98.525,98.533,98.359,98.473
2026-05-05T05:00:00+08:00,98.474,98.486,98.448,98.48
2026-05-05T07:00:00+08:00,98.466,98.551,98.447,98.497
2026-05-05T11:00:00+08:00,98.499,98.579,98.473,98.495
2026-05-05T15:00:00+08:00,98.498,98.547,98.403,98.48
2026-05-05T19:00:00+08:00,98.483,98.545,98.371,98.375
2026-05-05T23:00:00+08:00,98.374,98.469,98.311,98.444
2026-05-06T03:00:00+08:00,98.442,98.501,98.432,98.487
2026-05-06T07:00:00+08:00,98.308,98.342,98.233,98.309
2026-05-06T11:00:00+08:00,98.309,98.317,97.89,98.079
2026-05-06T15:00:00+08:00,98.082,98.16,97.625,97.677
2026-05-06T19:00:00+08:00,97.682,98.015,97.669,97.957
2026-05-06T23:00:00+08:00,97.962,98.084,97.955,98.023
2026-05-07T03:00:00+08:00,98.022,98.053,97.978,98.014
2026-05-07T07:00:00+08:00,98.029,98.056,97.903,97.976
2026-05-07T11:00:00+08:00,97.978,98.058,97.945,98.022
2026-05-07T15:00:00+08:00,98.026,98.026,97.823,97.889
2026-05-07T19:00:00+08:00,97.891,97.925,97.815,97.828
2026-05-07T23:00:00+08:00,97.825,98.163,97.816,98.066
2026-05-08T03:00:00+08:00,98.064,98.282,98.036,98.258
2026-05-08T07:00:00+08:00,98.245,98.277,98.195,98.247
2026-05-08T11:00:00+08:00,98.248,98.254,98.079,98.108
2026-05-08T15:00:00+08:00,98.11,98.134,97.893,97.975
2026-05-08T19:00:00+08:00,97.977,98.015,97.829,97.915
2026-05-08T23:00:00+08:00,97.92,97.972,97.867,97.9
2026-05-09T03:00:00+08:00,97.901,97.92,97.834,97.842
2026-05-11T05:00:00+08:00,98.036,98.077,97.974,97.995
2026-05-11T09:00:00+08:00,97.993,98.15,97.989,98.143
2026-05-11T13:00:00+08:00,98.145,98.153,97.915,97.985
2026-05-11T17:00:00+08:00,97.985,98.042,97.955,97.971
2026-05-11T21:00:00+08:00,97.973,97.973,97.85,97.939
2026-05-12T01:00:00+08:00,97.937,97.989,97.894,97.936
2026-05-12T05:00:00+08:00,97.939,97.948,97.903,97.907
2026-05-12T07:00:00+08:00,97.963,98.145,97.951,98.102
2026-05-12T11:00:00+08:00,98.103,98.21,98.032,98.208
2026-05-12T15:00:00+08:00,98.21,98.328,98.198,98.291
2026-05-12T19:00:00+08:00,98.297,98.413,98.223,98.338
2026-05-12T23:00:00+08:00,98.342,98.46,98.292,98.297
2026-05-13T03:00:00+08:00,98.299,98.321,98.239,98.289
2026-05-13T07:00:00+08:00,98.309,98.359,98.264,98.301
2026-05-13T11:00:00+08:00,98.305,98.435,98.294,98.423
2026-05-13T15:00:00+08:00,98.424,98.588,98.391,98.481
2026-05-13T19:00:00+08:00,98.486,98.598,98.445,98.518
2026-05-13T23:00:00+08:00,98.522,98.551,98.435,98.524
2026-05-14T03:00:00+08:00,98.523,98.523,98.449,98.452
2026-05-14T07:00:00+08:00,98.463,98.501,98.441,98.494
2026-05-14T11:00:00+08:00,98.496,98.523,98.416,98.444
2026-05-14T15:00:00+08:00,98.448,98.555,98.44,98.527
2026-05-14T19:00:00+08:00,98.525,98.738,98.524,98.738
2026-05-14T23:00:00+08:00,98.739,98.843,98.724,98.819
2026-05-15T03:00:00+08:00,98.82,98.907,98.804,98.869
2026-05-15T07:00:00+08:00,98.929,99.097,98.923,99.034
2026-05-15T11:00:00+08:00,99.035,99.202,99.021,99.162
2026-05-15T15:00:00+08:00,99.165,99.293,98.98,99.03
2026-05-15T19:00:00+08:00,99.035,99.294,99.026,99.213
2026-05-15T23:00:00+08:00,99.214,99.32,99.174,99.283
2026-05-16T03:00:00+08:00,99.283,99.313,99.267,99.269
2026-05-18T05:00:00+08:00,99.278,99.404,99.251,99.383
2026-05-18T09:00:00+08:00,99.382,99.409,99.289,99.324
2026-05-18T13:00:00+08:00,99.327,99.35,99.092,99.117
2026-05-18T17:00:00+08:00,99.12,99.248,98.98,99.028
2026-05-18T21:00:00+08:00,99.033,99.172,98.971,99.026
2026-05-19T01:00:00+08:00,99.024,99.194,98.946,98.983
2026-05-19T05:00:00+08:00,98.984,99.004,98.944,98.956
2026-05-19T07:00:00+08:00,98.965,99.116,98.965,99.09
2026-05-19T11:00:00+08:00,99.09,99.165,99.068,99.148
2026-05-19T15:00:00+08:00,99.151,99.311,99.121,99.223
2026-05-19T19:00:00+08:00,99.222,99.434,99.177,99.399
2026-05-19T23:00:00+08:00,99.395,99.422,99.234,99.327
2026-05-20T03:00:00+08:00,99.328,99.334,99.285,99.308
2026-05-20T07:00:00+08:00,99.271,99.412,99.271,99.362
2026-05-20T11:00:00+08:00,99.36,99.409,99.285,99.382
2026-05-20T15:00:00+08:00,99.387,99.471,99.329,99.343
2026-05-20T19:00:00+08:00,99.342,99.472,99.124,99.165
2026-05-20T23:00:00+08:00,99.167,99.223,98.966,99.092
2026-05-21T03:00:00+08:00,99.091,99.146,99.055,99.125
2026-05-21T07:00:00+08:00,99.123,99.219,99.064,99.206
2026-05-21T11:00:00+08:00,99.207,99.221,99.14,99.189
2026-05-21T15:00:00+08:00,99.192,99.356,99.078,99.28
2026-05-21T19:00:00+08:00,99.279,99.515,99.204,99.388
2026-05-21T23:00:00+08:00,99.384,99.477,99.092,99.258
2026-05-22T03:00:00+08:00,99.259,99.259,99.146,99.191
2026-05-22T07:00:00+08:00,99.199,99.271,99.191,99.245
2026-05-22T11:00:00+08:00,99.25,99.298,99.209,99.268
2026-05-22T15:00:00+08:00,99.271,99.358,99.211,99.347
2026-05-22T19:00:00+08:00,99.344,99.412,99.172,99.342
2026-05-22T23:00:00+08:00,99.342,99.36,99.186,99.239
2026-05-23T03:00:00+08:00,99.243,99.349,99.226,99.319
2026-05-25T05:00:00+08:00,99.115,99.122,98.957,99.039
2026-05-25T09:00:00+08:00,99.043,99.052,98.951,99.001
2026-05-25T13:00:00+08:00,99.003,99.106,98.975,98.982
2026-05-25T17:00:00+08:00,98.984,99.014,98.915,98.947
2026-05-25T21:00:00+08:00,98.953,99.022,98.937,98.989
2026-05-26T01:00:00+08:00,98.989,98.996,98.966,98.975
2026-05-26T05:00:00+08:00,98.979,99.014,98.973,99.008
2026-05-26T07:00:00+08:00,98.988,99.086,98.988,99.054
2026-05-26T11:00:00+08:00,99.06,99.12,99.028,99.09
2026-05-26T15:00:00+08:00,99.089,99.164,99.014,99.034
2026-05-26T19:00:00+08:00,99.036,99.213,99.014,99.179
2026-05-26T23:00:00+08:00,99.179,99.251,99.156,99.169
2026-05-27T03:00:00+08:00,99.17,99.185,99.132,99.143
2026-05-27T07:00:00+08:00,99.078,99.14,99.072,99.095
2026-05-27T11:00:00+08:00,99.097,99.124,99.04,99.065
2026-05-27T15:00:00+08:00,99.067,99.137,99.041,99.114
2026-05-27T19:00:00+08:00,99.119,99.245,98.969,99.242
2026-05-27T23:00:00+08:00,99.243,99.26,99.154,99.205
2026-05-28T03:00:00+08:00,99.204,99.234,99.185,99.216
2026-05-28T07:00:00+08:00,99.265,99.369,99.26,99.343
2026-05-28T11:00:00+08:00,99.342,99.544,99.327,99.344
2026-05-28T15:00:00+08:00,99.347,99.41,99.286,99.407
2026-05-28T19:00:00+08:00,99.412,99.412,99.001,99.061
2026-05-28T23:00:00+08:00,99.062,99.062,98.945,99.021
2026-05-29T03:00:00+08:00,99.02,99.036,98.987,98.992
2026-05-29T07:00:00+08:00,98.998,99.048,98.957,99.04
2026-05-29T11:00:00+08:00,99.042,99.108,98.975,98.979
2026-05-29T15:00:00+08:00,98.983,99.186,98.98,99.077
2026-05-29T19:00:00+08:00,99.078,99.094,98.825,98.852
2026-05-29T23:00:00+08:00,98.853,98.936,98.751,98.908
2026-05-30T03:00:00+08:00,98.908,98.944,98.863,98.942
2026-06-01T05:00:00+08:00,98.96,99.056,98.953,99.039
2026-06-01T09:00:00+08:00,99.039,99.081,99.022,99.029
2026-06-01T13:00:00+08:00,99.028,99.031,98.919,98.975
2026-06-01T17:00:00+08:00,98.979,99.088,98.953,99.054
2026-06-01T21:00:00+08:00,99.056,99.385,99.053,99.185
2026-06-02T01:00:00+08:00,99.181,99.224,99.13,99.196
2026-06-02T05:00:00+08:00,99.199,99.199,99.154,99.18
2026-06-02T07:00:00+08:00,99.166,99.226,99.163,99.21
2026-06-02T11:00:00+08:00,99.208,99.213,99.05,99.061
2026-06-02T15:00:00+08:00,99.06,99.158,99.049,99.124
2026-06-02T19:00:00+08:00,99.127,99.184,99.054,99.127
2026-06-02T23:00:00+08:00,99.128,99.329,99.103,99.219
2026-06-03T03:00:00+08:00,99.216,99.231,99.186,99.223
2026-06-03T07:00:00+08:00,99.29,99.306,99.191,99.236
2026-06-03T11:00:00+08:00,99.237,99.373,99.227,99.336
2026-06-03T15:00:00+08:00,99.34,99.402,99.25,99.33
2026-06-03T19:00:00+08:00,99.329,99.516,99.285,99.405
2026-06-03T23:00:00+08:00,99.407,99.552,99.399,99.528
2026-06-04T03:00:00+08:00,99.529,99.55,99.507,99.55
2026-06-04T07:00:00+08:00,99.463,99.478,99.42,99.44
2026-06-04T11:00:00+08:00,99.441,99.499,99.396,99.444
2026-06-04T15:00:00+08:00,99.441,99.533,99.283,99.301
2026-06-04T19:00:00+08:00,99.303,99.319,99.179,99.301
2026-06-04T23:00:00+08:00,99.302,99.425,99.295,99.413
2026-06-05T03:00:00+08:00,99.414,99.468,99.402,99.431
2026-06-05T07:00:00+08:00,99.432,99.459,99.399,99.419
2026-06-05T11:00:00+08:00,99.419,99.427,99.347,99.348
2026-06-05T15:00:00+08:00,99.35,99.354,99.163,99.196
2026-06-05T19:00:00+08:00,99.201,99.863,99.182,99.805
2026-06-05T23:00:00+08:00,99.804,100.105,99.795,100.067
2026-06-06T03:00:00+08:00,100.069,100.109,100.039,100.071
2026-06-08T05:00:00+08:00,100.145,100.174,100,100
2026-06-08T09:00:00+08:00,100,100.167,99.988,100.036
2026-06-08T13:00:00+08:00,100.037,100.158,99.966,100.151
2026-06-08T17:00:00+08:00,100.153,100.214,99.874,99.905
2026-06-08T21:00:00+08:00,99.906,100.013,99.819,99.969
2026-06-09T01:00:00+08:00,99.971,100.048,99.941,100.013
2026-06-09T05:00:00+08:00,100.013,100.013,99.966,100.002
2026-06-09T07:00:00+08:00,100.034,100.057,99.949,99.974
2026-06-09T11:00:00+08:00,99.976,99.995,99.828,99.908
2026-06-09T15:00:00+08:00,99.91,99.963,99.75,99.769
2026-06-09T19:00:00+08:00,99.769,99.837,99.679,99.817
2026-06-09T23:00:00+08:00,99.819,100.077,99.776,99.909
2026-06-10T03:00:00+08:00,99.909,100.008,99.906,99.994
2026-06-10T07:00:00+08:00,100.012,100.032,99.943,99.97
2026-06-10T11:00:00+08:00,99.97,99.97,99.849,99.923
2026-06-10T15:00:00+08:00,99.922,99.939,99.849,99.908
2026-06-10T19:00:00+08:00,99.911,100.015,99.715,99.893
2026-06-10T23:00:00+08:00,99.896,100.017,99.853,99.946
2026-06-11T03:00:00+08:00,99.944,100.085,99.944,100.083
2026-06-11T07:00:00+08:00,100.115,100.115,99.881,99.952
2026-06-11T11:00:00+08:00,99.949,100.012,99.919,100.003
2026-06-11T15:00:00+08:00,100.005,100.159,99.913,100.1
2026-06-11T19:00:00+08:00,100.102,100.249,100.032,100.224
2026-06-11T23:00:00+08:00,100.226,100.314,99.785,99.858
2026-06-12T03:00:00+08:00,99.86,99.86,99.586,99.675
2026-06-12T07:00:00+08:00,99.67,99.839,99.67,99.81
2026-06-12T11:00:00+08:00,99.812,99.881,99.74,99.784
2026-06-12T15:00:00+08:00,99.786,99.909,99.635,99.748
2026-06-12T19:00:00+08:00,99.751,99.87,99.71,99.745
2026-06-12T23:00:00+08:00,99.747,99.78,99.663,99.745
2026-06-13T03:00:00+08:00,99.746,99.812,99.718,99.806
2026-06-15T05:00:00+08:00,99.536,99.56,99.423,99.554
2026-06-15T09:00:00+08:00,99.559,99.604,99.447,99.454
2026-06-15T13:00:00+08:00,99.458,99.592,99.384,99.564
2026-06-15T17:00:00+08:00,99.563,99.567,99.457,99.479
2026-06-15T21:00:00+08:00,99.479,99.601,99.44,99.558
2026-06-16T01:00:00+08:00,99.561,99.714,99.555,99.673
2026-06-16T05:00:00+08:00,99.676,99.685,99.631,99.661
2026-06-16T07:00:00+08:00,99.642,99.721,99.619,99.68
2026-06-16T11:00:00+08:00,99.676,99.791,99.674,99.694
2026-06-16T15:00:00+08:00,99.697,99.711,99.528,99.532
2026-06-16T19:00:00+08:00,99.534,99.701,99.534,99.556
2026-06-16T23:00:00+08:00,99.554,99.613,99.461,99.539
2026-06-17T03:00:00+08:00,99.537,99.582,99.514,99.539
2026-06-17T07:00:00+08:00,99.52,99.556,99.491,99.54
2026-06-17T11:00:00+08:00,99.543,99.582,99.492,99.55
2026-06-17T15:00:00+08:00,99.552,99.631,99.504,99.623
2026-06-17T19:00:00+08:00,99.622,99.743,99.585,99.7
2026-06-17T23:00:00+08:00,99.704,100.112,99.634,100.088
2026-06-18T03:00:00+08:00,100.094,100.574,100.072,100.387
2026-06-18T07:00:00+08:00,100.338,100.359,100.239,100.265
2026-06-18T11:00:00+08:00,100.266,100.337,100.206,100.265
2026-06-18T15:00:00+08:00,100.264,100.749,100.247,100.739
2026-06-18T19:00:00+08:00,100.744,100.807,100.546,100.558
2026-06-18T23:00:00+08:00,100.557,100.851,100.546,100.849
2026-06-19T03:00:00+08:00,100.851,100.918,100.77,100.815
2026-06-19T07:00:00+08:00,100.813,100.875,100.755,100.849
2026-06-19T11:00:00+08:00,100.847,101.127,100.847,100.925
2026-06-19T15:00:00+08:00,100.927,100.941,100.753,100.778
2026-06-19T19:00:00+08:00,100.783,100.85,100.699,100.773
2026-06-19T23:00:00+08:00,100.775,100.833,100.697,100.727
2026-06-20T03:00:00+08:00,100.725,100.764,100.712,100.76
2026-06-22T05:00:00+08:00,100.839,100.885,100.81,100.816
2026-06-22T09:00:00+08:00,100.82,100.936,100.76,100.914
2026-06-22T13:00:00+08:00,100.917,101.017,100.851,100.944
2026-06-22T17:00:00+08:00,100.942,100.946,100.803,100.861
2026-06-22T21:00:00+08:00,100.862,101.056,100.816,100.992
2026-06-23T01:00:00+08:00,100.996,101.076,100.977,101.002
2026-06-23T05:00:00+08:00,101,101.009,100.986,100.997
2026-06-23T07:00:00+08:00,101.005,101.053,100.98,101.033
2026-06-23T11:00:00+08:00,101.036,101.107,100.998,101.076
2026-06-23T15:00:00+08:00,101.077,101.249,100.952,101.213
2026-06-23T19:00:00+08:00,101.218,101.39,101.192,101.351
2026-06-23T23:00:00+08:00,101.351,101.433,101.328,101.408
2026-06-24T03:00:00+08:00,101.407,101.411,101.352,101.389
2026-06-24T07:00:00+08:00,101.37,101.473,101.356,101.468
2026-06-24T11:00:00+08:00,101.472,101.552,101.41,101.541
2026-06-24T15:00:00+08:00,101.54,101.696,101.519,101.68
2026-06-24T19:00:00+08:00,101.685,101.8,101.604,101.701
2026-06-24T23:00:00+08:00,101.702,101.712,101.493,101.608
2026-06-25T03:00:00+08:00,101.608,101.646,101.545,101.586
2026-06-25T07:00:00+08:00,101.597,101.651,101.485,101.527
2026-06-25T11:00:00+08:00,101.529,101.614,101.471,101.605
2026-06-25T15:00:00+08:00,101.606,101.68,101.443,101.659
2026-06-25T19:00:00+08:00,101.658,101.746,101.339,101.403
2026-06-25T23:00:00+08:00,101.408,101.458,101.305,101.431
2026-06-26T03:00:00+08:00,101.429,101.464,101.379,101.44
2026-06-26T07:00:00+08:00,101.503,101.57,101.453,101.532
2026-06-26T11:00:00+08:00,101.531,101.539,101.342,101.403
2026-06-26T15:00:00+08:00,101.402,101.421,101.143,101.199
2026-06-26T19:00:00+08:00,101.202,101.314,101.045,101.31
2026-06-26T23:00:00+08:00,101.314,101.372,101.184,101.357
2026-06-27T03:00:00+08:00,101.358,101.392,101.307,101.366
2026-06-29T05:00:00+08:00,101.368,101.393,101.34,101.348
2026-06-29T09:00:00+08:00,101.349,101.394,101.296,101.381
2026-06-29T13:00:00+08:00,101.385,101.385,101.154,101.31
2026-06-29T17:00:00+08:00,101.311,101.316,101.188,101.255
2026-06-29T21:00:00+08:00,101.253,101.269,101.071,101.106
2026-06-30T01:00:00+08:00,101.109,101.139,101.079,101.121
2026-06-30T05:00:00+08:00,101.124,101.133,101.099,101.111
2026-06-30T07:00:00+08:00,101.122,101.301,101.122,101.283
2026-06-30T11:00:00+08:00,101.285,101.428,101.267,101.276
2026-06-30T15:00:00+08:00,101.279,101.432,101.226,101.301
2026-06-30T19:00:00+08:00,101.306,101.432,101.059,101.071
2026-06-30T23:00:00+08:00,101.072,101.249,101.049,101.186
2026-07-01T03:00:00+08:00,101.191,101.222,101.123,101.172
2026-07-01T07:00:00+08:00,101.218,101.332,101.218,101.319
2026-07-01T11:00:00+08:00,101.318,101.353,101.27,101.317
2026-07-01T15:00:00+08:00,101.32,101.43,101.306,101.336
2026-07-01T19:00:00+08:00,101.337,101.595,101.19,101.289
2026-07-01T23:00:00+08:00,101.292,101.43,101.268,101.391
2026-07-02T03:00:00+08:00,101.392,101.444,101.378,101.412
2026-07-02T07:00:00+08:00,101.402,101.43,101.316,101.367
2026-07-02T11:00:00+08:00,101.371,101.402,101.097,101.208
2026-07-02T15:00:00+08:00,101.212,101.25,100.922,101.051
2026-07-02T19:00:00+08:00,101.053,101.205,100.558,100.764
2026-07-02T23:00:00+08:00,100.765,100.899,100.705,100.857
2026-07-03T03:00:00+08:00,100.861,100.916,100.845,100.848
2026-07-03T07:00:00+08:00,100.913,100.992,100.768,100.807
2026-07-03T11:00:00+08:00,100.806,100.833,100.603,100.691
2026-07-03T15:00:00+08:00,100.694,100.817,100.654,100.774
2026-07-03T19:00:00+08:00,100.779,100.859,100.704,100.823
2026-07-03T23:00:00+08:00,100.824,100.879,100.809,100.843
2026-07-04T03:00:00+08:00,100.846,100.888,100.835,100.878
2026-07-06T05:00:00+08:00,100.857,100.918,100.826,100.87
2026-07-06T09:00:00+08:00,100.874,100.978,100.866,100.948
2026-07-06T13:00:00+08:00,100.951,101.107,100.947,101.069
2026-07-06T17:00:00+08:00,101.068,101.145,101.052,101.118
2026-07-06T21:00:00+08:00,101.122,101.137,100.956,100.967
2026-07-07T01:00:00+08:00,100.967,100.972,100.838,100.871
2026-07-07T05:00:00+08:00,100.873,100.875,100.842,100.855
2026-07-07T07:00:00+08:00,100.842,100.908,100.803,100.876
2026-07-07T11:00:00+08:00,100.873,100.976,100.837,100.952
2026-07-07T15:00:00+08:00,100.954,100.999,100.887,100.923
2026-07-07T19:00:00+08:00,100.928,101.007,100.852,100.922
2026-07-07T23:00:00+08:00,100.924,101.034,100.909,101.021
2026-07-08T03:00:00+08:00,101.027,101.148,101.02,101.121
2026-07-08T07:00:00+08:00,101.158,101.215,101.107,101.117
2026-07-08T11:00:00+08:00,101.119,101.125,100.987,101.016
2026-07-08T15:00:00+08:00,101.016,101.239,100.95,101.125
2026-07-08T19:00:00+08:00,101.126,101.256,101.077,101.141
2026-07-08T23:00:00+08:00,101.143,101.275,100.961,100.989
2026-07-09T03:00:00+08:00,100.989,101.078,100.946,101.066
2026-07-09T07:00:00+08:00,101.035,101.039,100.943,100.996
2026-07-09T11:00:00+08:00,101,101.011,100.786,100.844
2026-07-09T15:00:00+08:00,100.842,101.032,100.839,101.014
2026-07-09T19:00:00+08:00,101.017,101.039,100.84,100.936
2026-07-09T23:00:00+08:00,100.936,100.966,100.847,100.903
2026-07-10T03:00:00+08:00,100.9,100.972,100.897,100.936
2026-07-10T07:00:00+08:00,100.914,100.938,100.598,100.625
2026-07-10T11:00:00+08:00,100.628,100.817,100.614,100.767
2026-07-10T15:00:00+08:00,100.769,100.898,100.764,100.825
2026-07-10T19:00:00+08:00,100.83,100.991,100.766,100.915
2026-07-10T23:00:00+08:00,100.918,100.989,100.727,100.95
2026-07-11T03:00:00+08:00,100.955,100.997,100.945,100.965