time,open,high,low,close
2012-10-24,79.94,80.151,79.82,79.914
2012-10-25,79.962,80.141,79.697,80.044
2012-10-26,80.108,80.27,79.923,80.068
2012-10-29,80.003,80.325,80.003,80.232
2012-10-30,80.229,80.28,79.828,79.931
2012-10-31,79.925,80.003,79.67,79.919
2012-11-01,79.944,80.113,79.859,80.047
2012-11-02,80.024,80.61,80.019,80.593
2012-11-05,80.579,80.843,80.497,80.749
2012-11-06,80.712,80.821,80.556,80.613
2012-11-07,80.638,80.924,80.28,80.759
2012-11-08,80.837,81.001,80.724,80.793
2012-11-09,80.848,81.087,80.611,81.026
2012-11-12,81.059,81.1,80.906,81.035
2012-11-13,81.099,81.241,80.972,81.084
2012-11-14,81.054,81.153,80.902,81.056
2012-11-15,81.148,81.21,80.932,81.078
2012-11-16,81.026,81.455,80.999,81.257
2012-11-19,81.184,81.202,80.793,80.874
2012-11-20,80.998,81.062,80.796,80.957
2012-11-21,80.924,81.265,80.744,80.932
2012-11-23,80.731,80.746,80.128,80.192
2012-11-26,80.266,80.313,80.031,80.251
2012-11-27,80.114,80.473,80.022,80.402
2012-11-28,80.382,80.589,80.236,80.336
2012-11-29,80.322,80.346,80.021,80.204
2012-11-30,80.213,80.333,80.027,80.153
2012-12-03,80.226,80.226,79.799,79.882
2012-12-04,79.889,79.921,79.61,79.644
2012-12-05,79.586,79.855,79.568,79.774
2012-12-06,79.808,80.322,79.733,80.258
2012-12-07,80.253,80.658,80.228,80.408
2012-12-10,80.505,80.573,80.275,80.328
2012-12-11,80.308,80.371,80.003,80.061
2012-12-12,80.063,80.132,79.711,79.815
2012-12-13,79.858,80.04,79.792,79.928
2012-12-14,79.945,79.984,79.498,79.58
2012-12-17,79.675,79.7,79.474,79.568
2012-12-18,79.567,79.606,79.26,79.359
2012-12-19,79.356,79.456,79.008,79.269
2012-12-20,79.369,79.416,79.032,79.261
2012-12-21,79.318,79.654,79.272,79.617
2012-12-24,79.551,79.71,79.371,79.642
2012-12-26,79.674,79.767,79.421,79.621
2012-12-27,79.563,79.789,79.355,79.62
2012-12-28,79.647,79.93,79.587,79.678
2012-12-31,79.676,79.853,79.584,79.769
2013-01-02,79.759,79.933,79.283,79.845
2013-01-03,79.815,80.589,79.795,80.382
2013-01-04,80.564,80.868,80.413,80.499
2013-01-07,80.481,80.684,80.115,80.256
2013-01-08,80.145,80.447,80.107,80.345
2013-01-09,80.292,80.641,80.287,80.557
2013-01-10,80.601,80.674,79.671,79.738
2013-01-11,79.78,79.861,79.435,79.563
2013-01-14,79.543,79.65,79.345,79.488
2013-01-15,79.503,79.872,79.386,79.779
2013-01-16,79.692,79.899,79.608,79.804
2013-01-17,79.855,79.904,79.57,79.649
2013-01-18,79.696,80.187,79.646,80.036
2013-01-22,80.064,80.092,79.694,79.874
2013-01-23,79.877,80.128,79.698,79.92
2013-01-24,79.977,80.15,79.861,79.949
2013-01-25,79.997,80.086,79.677,79.748
2013-01-28,79.742,79.926,79.719,79.767
2013-01-29,79.786,79.859,79.521,79.564
2013-01-30,79.579,79.616,79.183,79.281
2013-01-31,79.246,79.369,79.133,79.207
2013-02-01,79.122,79.299,78.918,79.125
2013-02-04,79.203,79.612,79.179,79.554
2013-02-05,79.588,79.785,79.451,79.488
2013-02-06,79.533,79.864,79.492,79.721
2013-02-07,79.742,80.281,79.539,80.192
2013-02-08,80.243,80.281,79.941,80.246
2013-02-11,80.212,80.401,80.108,80.31
2013-02-12,80.352,80.508,79.916,80.106
2013-02-13,80.037,80.178,79.84,80.091
2013-02-14,80.07,80.621,80.052,80.458
2013-02-15,80.429,80.596,80.216,80.58
2013-02-19,80.644,80.679,80.425,80.468
2013-02-20,80.43,81.116,80.271,81.069
2013-02-21,81.078,81.508,81.034,81.461
2013-02-22,81.356,81.594,81.171,81.482
2013-02-25,81.479,81.916,81.067,81.67
2013-02-26,81.813,81.948,81.584,81.87
2013-02-27,81.878,81.918,81.499,81.602
2013-02-28,81.508,81.998,81.474,81.949
2013-03-01,81.923,82.509,81.78,82.313
2013-03-04,82.304,82.465,82.157,82.195
2013-03-05,82.127,82.243,81.9,82.087
2013-03-06,82.042,82.604,81.925,82.459
2013-03-07,82.567,82.594,81.957,82.081
2013-03-08,82.11,82.924,82.071,82.696
2013-03-11,82.714,82.834,82.522,82.573
2013-03-12,82.658,82.791,82.41,82.584
2013-03-13,82.597,83.055,82.333,82.889
2013-03-14,82.901,83.166,82.427,82.606
2013-03-15,82.537,82.613,82.051,82.261
2013-03-18,82.512,82.881,82.437,82.694
2013-03-19,82.713,83.096,82.622,82.989
2013-03-20,83.044,83.044,82.569,82.779
2013-03-21,82.878,83.021,82.684,82.74
2013-03-22,82.812,82.826,82.289,82.376
2013-03-25,82.38,82.953,82.146,82.828
2013-03-26,82.883,82.98,82.718,82.881
2013-03-27,82.872,83.302,82.841,83.221
2013-03-28,83.204,83.258,82.833,82.998
2013-04-01,82.993,83.181,82.647,82.733
2013-04-02,82.728,82.952,82.493,82.924
2013-04-03,82.901,83.065,82.621,82.718
2013-04-04,82.731,83.494,82.627,82.677
2013-04-05,82.757,82.893,82.273,82.496
2013-04-08,82.629,82.829,82.485,82.752
2013-04-09,82.74,82.74,82.279,82.309
2013-04-10,82.384,82.571,82.229,82.532
2013-04-11,82.524,82.582,82.068,82.247
2013-04-12,82.222,82.491,82.046,82.311
2013-04-15,82.104,82.439,82.104,82.417
2013-04-16,82.323,82.518,81.716,81.749
2013-04-17,81.818,82.701,81.818,82.684
2013-04-18,82.637,82.655,82.349,82.559
2013-04-19,82.559,82.784,82.311,82.714
2013-04-22,82.752,82.906,82.632,82.676
2013-04-23,82.633,83.057,82.52,83.048
2013-04-24,83.015,83.19,82.847,83.048
2013-04-25,82.911,82.936,82.398,82.744
2013-04-26,82.797,82.812,82.393,82.502
2013-04-29,82.475,82.475,82.035,82.147
2013-04-30,82.159,82.269,81.598,81.746
2013-05-01,81.719,81.737,81.331,81.484
2013-05-02,81.62,82.349,81.505,82.224
2013-05-03,82.224,82.517,81.909,82.125
2013-05-06,82.105,82.412,81.982,82.315
2013-05-07,82.324,82.351,82.065,82.253
2013-05-08,82.283,82.323,81.719,81.896
2013-05-09,81.908,82.824,81.782,82.793
2013-05-10,82.685,83.438,82.68,83.143
2013-05-13,83.272,83.36,83.073,83.277
2013-05-14,83.219,83.687,82.957,83.595
2013-05-15,83.62,84.094,83.542,83.83
2013-05-16,83.805,83.995,83.448,83.588
2013-05-17,83.734,84.371,83.73,84.252
2013-05-20,84.197,84.259,83.703,83.736
2013-05-21,83.8,84.2,83.654,83.864
2013-05-22,83.779,84.422,83.464,84.352
2013-05-23,84.366,84.498,83.602,83.8
2013-05-24,83.792,83.961,83.433,83.7
2013-05-28,83.664,84.297,83.646,84.1
2013-05-29,84.335,84.368,83.475,83.66
2013-05-30,83.628,83.708,82.955,83.042
2013-05-31,83.028,83.598,83.019,83.375
2013-06-03,83.264,83.376,82.428,82.656
2013-06-04,82.703,82.976,82.603,82.769
2013-06-05,82.796,82.885,82.491,82.594
2013-06-06,82.523,82.68,81.077,81.537
2013-06-07,81.544,81.847,81.09,81.669
2013-06-10,81.692,82.091,81.598,81.646
2013-06-11,81.692,81.753,81.034,81.113
2013-06-12,81.094,81.308,80.748,80.947
2013-06-13,80.917,80.985,80.5,80.752
2013-06-14,80.756,81.012,80.59,80.67
2013-06-17,80.618,80.875,80.53,80.787
2013-06-18,80.632,80.99,80.558,80.612
2013-06-19,80.725,81.501,80.498,81.428
2013-06-20,81.403,82.145,81.266,81.915
2013-06-21,81.676,82.524,81.604,82.318
2013-06-24,82.405,82.841,82.305,82.425
2013-06-25,82.398,82.723,82.241,82.581
2013-06-26,82.682,83.025,82.507,82.977
2013-06-27,82.935,83.171,82.767,82.902
2013-06-28,82.998,83.344,82.755,83.136
2013-07-01,83.176,83.229,82.968,83.054
2013-07-02,83.001,83.613,82.967,83.544
2013-07-03,83.582,83.717,83.086,83.231
2013-07-05,83.854,84.53,83.828,84.449
2013-07-08,84.448,84.588,84.146,84.193
2013-07-09,84.221,84.753,84.085,84.58
2013-07-10,84.658,84.726,83.072,84.041
2013-07-11,82.608,83.249,82.418,82.746
2013-07-12,82.759,83.239,82.72,82.988
2013-07-15,82.961,83.46,82.884,83.043
2013-07-16,83.11,83.111,82.395,82.498
2013-07-17,82.539,82.886,82.342,82.708
2013-07-18,82.674,83.027,82.617,82.823
2013-07-19,82.799,82.939,82.522,82.607
2013-07-22,82.614,82.66,82.047,82.219
2013-07-23,82.184,82.384,81.926,81.945
2013-07-24,82.015,82.405,81.937,82.291
2013-07-25,82.303,82.398,81.624,81.97
2013-07-26,81.771,81.827,81.548,81.657
2013-07-29,81.656,81.826,81.499,81.663
2013-07-30,81.688,81.976,81.583,81.829
2013-07-31,81.859,82.186,81.407,81.452
2013-08-01,81.665,82.413,81.612,82.336
2013-08-02,82.378,82.494,81.821,81.908
2013-08-05,81.935,82.085,81.751,81.875
2013-08-06,81.883,81.956,81.512,81.603
2013-08-07,81.516,81.818,81.229,81.287
2013-08-08,81.275,81.359,80.868,80.977
2013-08-09,81.042,81.175,80.939,81.126
2013-08-12,81.125,81.507,81.103,81.333
2013-08-13,81.487,81.879,81.404,81.768
2013-08-14,81.763,81.851,81.612,81.711
2013-08-15,81.692,81.943,81.098,81.181
2013-08-16,81.155,81.402,81.048,81.257
2013-08-19,81.288,81.392,81.142,81.226
2013-08-20,81.262,81.344,80.754,80.906
2013-08-21,80.939,81.413,80.896,81.213
2013-08-22,81.384,81.719,81.375,81.488
2013-08-23,81.423,81.66,81.224,81.361
2013-08-26,81.367,81.514,81.267,81.407
2013-08-27,81.366,81.57,81.114,81.166
2013-08-28,81.135,81.596,81.106,81.431
2013-08-29,81.423,82.067,81.384,81.948
2013-08-30,81.991,82.263,81.889,82.087
2013-09-03,82.301,82.516,82.227,82.361
2013-09-04,82.366,82.426,82.076,82.169
2013-09-05,82.203,82.671,82.102,82.633
2013-09-06,82.632,82.632,82.038,82.146
2013-09-09,82.242,82.307,81.697,81.793
2013-09-10,81.82,81.979,81.719,81.821
2013-09-11,81.83,81.939,81.445,81.518
2013-09-12,81.508,81.695,81.356,81.489
2013-09-13,81.543,81.738,81.401,81.452
2013-09-16,81.518,81.522,80.968,81.295
2013-09-17,81.282,81.351,81.107,81.143
2013-09-18,81.158,81.225,80.06,80.237
2013-09-19,80.238,80.453,80.07,80.372
2013-09-20,80.369,80.577,80.298,80.431
2013-09-23,80.411,80.527,80.285,80.449
2013-09-24,80.46,80.621,80.402,80.563
2013-09-25,80.587,80.629,80.288,80.334
2013-09-26,80.364,80.65,80.305,80.523
2013-09-27,80.542,80.594,80.11,80.523
2013-09-30,80.418,80.418,80.03,80.221
2013-10-01,80.265,80.316,79.864,80.141
2013-10-02,80.208,80.279,79.781,79.9
2013-10-03,79.897,79.922,79.627,79.749
2013-10-04,79.723,80.194,79.683,80.122
2013-10-07,80.128,80.141,79.898,79.941
2013-10-08,79.927,80.084,79.837,80.06
2013-10-09,79.907,80.567,79.881,80.376
2013-10-10,80.414,80.595,80.358,80.417
2013-10-11,80.48,80.536,80.244,80.362
2013-10-14,80.413,80.413,80.126,80.263
2013-10-15,80.387,80.703,80.254,80.482
2013-10-16,80.436,80.754,80.281,80.47
2013-10-17,80.522,80.563,79.613,79.649
2013-10-18,79.697,79.761,79.478,79.654
2013-10-21,79.616,79.82,79.616,79.695
2013-10-22,79.738,79.791,79.182,79.23
2013-10-23,79.253,79.388,79.137,79.264
2013-10-24,79.277,79.319,79.081,79.185
2013-10-25,79.2,79.32,78.998,79.194
2013-10-28,79.22,79.384,79.154,79.246
2013-10-29,79.335,79.674,79.29,79.607
2013-10-30,79.605,79.905,79.447,79.777
2013-10-31,79.782,80.273,79.683,80.195
2013-11-01,80.234,80.785,80.234,80.716
2013-11-04,80.691,80.93,80.53,80.553
2013-11-05,80.547,80.809,80.498,80.706
2013-11-06,80.69,80.722,80.38,80.483
2013-11-07,80.518,81.46,80.438,80.845
2013-11-08,80.885,81.482,80.78,81.303
2013-11-11,81.211,81.336,81.055,81.091
2013-11-12,81.099,81.464,81.015,81.192
2013-11-13,81.136,81.282,80.732,80.926
2013-11-14,80.795,81.212,80.737,81.023
2013-11-15,81.037,81.15,80.78,80.849
2013-11-18,80.792,80.923,80.565,80.825
2013-11-19,80.745,80.838,80.487,80.704
2013-11-20,80.584,81.129,80.532,81.112
2013-11-21,81.072,81.29,80.947,81.073
2013-11-22,81.014,81.091,80.644,80.708
2013-11-25,80.643,81.023,80.643,80.92
2013-11-26,80.789,80.904,80.599,80.611
2013-11-27,80.65,80.792,80.482,80.722
2013-11-29,80.587,80.684,80.486,80.68
2013-12-02,80.643,80.958,80.495,80.925
2013-12-03,80.886,80.993,80.495,80.605
2013-12-04,80.637,80.913,80.543,80.619
2013-12-05,80.64,80.825,80.231,80.235
2013-12-06,80.311,80.607,80.223,80.315
2013-12-09,80.25,80.329,80.121,80.134
2013-12-10,80.128,80.176,79.843,79.966
2013-12-11,79.975,80.061,79.757,79.894
2013-12-12,79.904,80.25,79.853,80.206
2013-12-13,80.233,80.419,80.156,80.214
2013-12-16,80.187,80.215,79.919,80.074
2013-12-17,80.103,80.284,79.983,80.061
2013-12-18,80.051,80.619,79.81,80.105
2013-12-19,80.497,80.674,80.47,80.63
2013-12-20,80.712,80.827,80.389,80.575
2013-12-23,80.558,80.558,80.315,80.447
2013-12-24,80.443,80.615,80.431,80.539
2013-12-26,80.608,80.617,80.445,80.484
2013-12-27,80.511,80.521,79.686,80.392
2013-12-30,80.338,80.433,79.929,80
2013-12-31,80.005,80.218,79.965,80.035
2014-01-02,80.143,80.709,80.083,80.63
2014-01-03,80.562,80.895,80.49,80.791
2014-01-06,80.873,80.91,80.537,80.652
2014-01-07,80.679,80.946,80.604,80.833
2014-01-08,80.919,81.166,80.828,81.022
2014-01-09,81.071,81.187,80.847,81.005
2014-01-10,80.954,81.137,80.533,80.658
2014-01-13,80.624,80.752,80.469,80.513
2014-01-14,80.588,80.696,80.444,80.662
2014-01-15,80.664,81.129,80.652,81.027
2014-01-16,81.059,81.119,80.772,80.91
2014-01-17,80.922,81.295,80.908,81.225
2014-01-21,81.194,81.388,81.041,81.098
2014-01-22,81.104,81.214,80.962,81.167
2014-01-23,81.252,81.306,80.407,80.438
2014-01-24,80.481,80.555,80.153,80.458
2014-01-27,80.478,80.562,80.301,80.524
2014-01-28,80.478,80.757,80.39,80.568
2014-01-29,80.65,80.82,80.442,80.505
2014-01-30,80.571,81.135,80.545,81.085
2014-01-31,81.048,81.324,80.991,81.311
2014-02-03,81.249,81.323,80.994,81.009
2014-02-04,81.083,81.217,80.988,81.121
2014-02-05,81.114,81.24,80.898,81.036
2014-02-06,81.04,81.232,80.725,80.906
2014-02-07,80.886,81.007,80.599,80.691
2014-02-10,80.688,80.759,80.59,80.642
2014-02-11,80.64,80.665,80.448,80.638
2014-02-12,80.634,80.831,80.492,80.679
2014-02-13,80.697,80.711,80.194,80.323
2014-02-14,80.324,80.329,80.065,80.136
2014-02-18,80.168,80.227,79.958,80.008
2014-02-19,79.965,80.235,79.927,80.144
2014-02-20,80.202,80.424,80.032,80.286
2014-02-21,80.302,80.41,80.176,80.237
2014-02-24,80.248,80.366,80.108,80.199
2014-02-25,80.219,80.263,80.016,80.137
2014-02-26,80.144,80.524,80.094,80.429
2014-02-27,80.418,80.578,80.234,80.285
2014-02-28,80.285,80.31,79.688,79.691
2014-03-03,79.889,80.102,79.768,80.077
2014-03-04,80.071,80.208,79.918,80.168
2014-03-05,80.136,80.272,80.047,80.109
2014-03-06,80.115,80.199,79.59,79.663
2014-03-07,79.653,79.847,79.433,79.719
2014-03-10,79.715,79.831,79.626,79.768
2014-03-11,79.755,79.934,79.709,79.736
2014-03-12,79.798,79.859,79.547,79.608
2014-03-13,79.587,79.693,79.268,79.62
2014-03-14,79.624,79.697,79.313,79.446
2014-03-17,79.403,79.556,79.28,79.385
2014-03-18,79.381,79.542,79.308,79.414
2014-03-19,79.383,80.111,79.361,79.995
2014-03-20,80.004,80.354,79.923,80.192
2014-03-21,80.191,80.228,80.034,80.105
2014-03-24,80.121,80.29,79.752,79.934
2014-03-25,79.935,80.268,79.859,79.944
2014-03-26,79.944,80.144,79.922,80.032
2014-03-27,80.028,80.2,79.952,80.111
2014-03-28,80.148,80.251,80.059,80.176
2014-03-31,80.19,80.296,79.962,80.1
2014-04-01,80.113,80.134,79.973,80.094
2014-04-02,80.067,80.277,79.999,80.215
2014-04-03,80.223,80.532,80.119,80.475
2014-04-04,80.453,80.599,80.343,80.423
2014-04-07,80.412,80.45,80.192,80.232
2014-04-08,80.22,80.227,79.709,79.752
2014-04-09,79.796,79.875,79.465,79.484
2014-04-10,79.52,79.572,79.33,79.383
2014-04-11,79.408,79.569,79.364,79.452
2014-04-14,79.616,79.83,79.562,79.729
2014-04-15,79.745,79.904,79.685,79.803
2014-04-16,79.789,79.872,79.648,79.803
2014-04-17,79.81,79.876,79.581,79.828
2014-04-21,79.863,79.987,79.788,79.945
2014-04-22,79.958,79.988,79.793,79.905
2014-04-23,79.888,79.924,79.698,79.855
2014-04-24,79.853,79.968,79.748,79.799
2014-04-25,79.753,79.8,79.662,79.749
2014-04-28,79.768,79.842,79.548,79.683
2014-04-29,79.692,79.842,79.589,79.808
2014-04-30,79.813,79.918,79.456,79.474
2014-05-01,79.512,79.544,79.414,79.527
2014-05-02,79.517,79.852,79.469,79.516
2014-05-05,79.5,79.527,79.433,79.486
2014-05-06,79.5,79.515,79.06,79.093
2014-05-07,79.143,79.248,79.087,79.202
2014-05-08,79.23,79.467,78.906,79.361
2014-05-09,79.422,79.915,79.422,79.903
2014-05-12,79.864,79.923,79.784,79.901
2014-05-13,79.901,80.18,79.857,80.143
2014-05-14,80.11,80.125,79.989,80.073
2014-05-15,80.055,80.338,79.925,80.003
2014-05-16,80.008,80.116,79.969,80.043
2014-05-19,80.053,80.078,79.881,79.993
2014-05-20,80.025,80.126,80.003,80.041
2014-05-21,80.04,80.302,79.89,80.095
2014-05-22,80.065,80.278,80.065,80.254
2014-05-23,80.226,80.443,80.226,80.393
2014-05-27,80.287,80.47,80.171,80.352
2014-05-28,80.343,80.581,80.323,80.571
2014-05-29,80.54,80.558,80.363,80.494
2014-05-30,80.488,80.503,80.312,80.369
2014-06-02,80.4,80.68,80.39,80.64
2014-06-03,80.63,80.66,80.43,80.55
2014-06-04,80.57,80.68,80.48,80.66
2014-06-05,80.66,81.02,80.32,80.37
2014-06-06,80.36,80.53,80.24,80.41
2014-06-09,80.42,80.69,80.3,80.65
2014-06-10,80.62,80.86,80.55,80.82
2014-06-11,80.81,80.9,80.67,80.79
2014-06-12,80.76,80.82,80.52,80.58
2014-06-13,80.58,80.71,80.44,80.58
2014-06-16,80.6,80.71,80.42,80.47
2014-06-17,80.45,80.66,80.4,80.63
2014-06-18,80.61,80.67,80.36,80.58
2014-06-19,80.41,80.41,80.15,80.32
2014-06-20,80.31,80.49,80.2,80.37
2014-06-23,80.33,80.4,80.24,80.27
2014-06-24,80.27,80.43,80.19,80.33
2014-06-25,80.32,80.35,80.09,80.22
2014-06-26,80.22,80.38,80.14,80.22
2014-06-27,80.21,80.22,80.01,80.04
2014-06-30,80.013,80.085,79.759,79.775
2014-07-01,79.791,79.87,79.74,79.815
2014-07-02,79.808,79.997,79.801,79.956
2014-07-03,79.948,80.315,79.948,80.212
2014-07-07,80.264,80.359,80.191,80.218
2014-07-08,80.217,80.298,80.144,80.179
2014-07-09,80.171,80.228,79.983,79.993
2014-07-10,80.02,80.196,79.976,80.127
2014-07-11,80.125,80.23,80.029,80.187
2014-07-14,80.191,80.246,80.079,80.188
2014-07-15,80.172,80.414,80.14,80.39
2014-07-16,80.382,80.577,80.38,80.559
2014-07-17,80.528,80.594,80.467,80.505
2014-07-18,80.558,80.687,80.479,80.524
2014-07-21,80.521,80.598,80.42,80.56
2014-07-22,80.556,80.837,80.543,80.781
2014-07-23,80.786,80.832,80.716,80.823
2014-07-24,80.822,80.911,80.732,80.872
2014-07-25,80.859,81.084,80.801,81.029
2014-07-28,81.024,81.053,80.977,81.025
2014-07-29,81.008,81.245,80.991,81.214
2014-07-30,81.211,81.545,81.179,81.432
2014-07-31,81.424,81.573,81.376,81.456
2014-08-01,81.445,81.535,81.188,81.302
2014-08-04,81.304,81.382,81.287,81.328
2014-08-05,81.314,81.626,81.29,81.533
2014-08-06,81.537,81.716,81.401,81.444
2014-08-07,81.419,81.643,81.383,81.524
2014-08-08,81.53,81.597,81.261,81.389
2014-08-11,81.399,81.486,81.399,81.466
2014-08-12,81.465,81.676,81.465,81.5
2014-08-13,81.513,81.676,81.359,81.596
2014-08-14,81.597,81.693,81.405,81.588
2014-08-15,81.601,81.62,81.375,81.424
2014-08-18,81.423,81.61,81.384,81.576
2014-08-19,81.585,81.899,81.585,81.883
2014-08-20,81.875,82.277,81.87,82.226
2014-08-21,82.243,82.364,82.104,82.154
2014-08-22,82.164,82.456,82.06,82.336
2014-08-25,82.455,82.588,82.447,82.549
2014-08-26,82.597,82.698,82.434,82.65
2014-08-27,82.672,82.727,82.403,82.428
2014-08-28,82.47,82.589,82.315,82.477
2014-08-29,82.477,82.748,82.415,82.748
2014-09-02,82.762,83.039,82.753,82.992
2014-09-03,82.97,83.058,82.827,82.865
2014-09-04,82.843,83.865,82.836,83.82
2014-09-05,83.841,83.943,83.559,83.739
2014-09-08,83.803,84.349,83.797,84.232
2014-09-09,84.307,84.519,84.035,84.278
2014-09-10,84.125,84.419,84.046,84.283
2014-09-11,84.205,84.342,84.067,84.298
2014-09-12,84.264,84.411,84.078,84.24
2014-09-15,84.182,84.407,84.151,84.264
2014-09-16,84.239,84.372,83.864,84.074
2014-09-17,84.098,84.782,83.94,84.345
2014-09-18,84.802,84.818,84.221,84.323
2014-09-19,84.275,84.797,84.232,84.735
2014-09-22,84.813,84.861,84.521,84.752
2014-09-23,84.685,84.764,84.365,84.658
2014-09-24,84.718,85.091,84.601,85.037
2014-09-25,85.098,85.485,85.046,85.195
2014-09-26,85.141,85.687,85.113,85.64
2014-09-29,85.615,85.798,85.463,85.591
2014-09-30,85.609,86.218,85.492,85.936
2014-10-01,85.914,86.177,85.781,85.972
2014-10-02,85.862,85.901,85.45,85.601
2014-10-03,85.628,86.746,85.628,86.694
2014-10-06,86.638,86.675,85.64,85.928
2014-10-07,85.778,86.103,85.546,85.672
2014-10-08,85.591,85.92,85.198,85.297
2014-10-09,85.271,85.672,84.937,85.522
2014-10-10,85.551,85.984,85.403,85.912
2014-10-13,85.818,85.818,85.065,85.532
2014-10-14,85.256,85.884,85.256,85.822
2014-10-15,85.902,86.011,84.472,85.147
2014-10-16,84.933,85.434,84.744,84.955
2014-10-17,84.897,85.247,84.762,85.11
2014-10-20,85.207,85.376,84.905,84.953
2014-10-21,85.024,85.409,84.743,85.303
2014-10-22,85.396,85.789,85.232,85.741
2014-10-23,85.742,85.939,85.66,85.843
2014-10-24,85.828,85.91,85.537,85.732
2014-10-27,85.685,85.713,85.407,85.495
2014-10-28,85.565,85.677,85.24,85.408
2014-10-29,85.399,86.045,85.191,85.952
2014-10-30,85.977,86.491,85.977,86.147
2014-10-31,86.19,87.133,86.152,86.917
2014-11-04,87.25,87.3,86.879,86.984
2014-11-05,87.023,87.606,86.936,87.444
2014-11-06,87.411,88.146,87.134,88.012
2014-11-07,88.054,88.19,87.474,87.642
2014-11-10,87.559,87.832,87.223,87.81
2014-11-11,87.804,88.061,87.365,87.531
2014-11-12,87.615,87.898,87.395,87.822
2014-11-13,87.806,87.875,87.617,87.674
2014-11-14,87.827,88.267,87.397,87.525
2014-11-17,87.54,87.999,87.182,87.926
2014-11-18,87.93,87.966,87.513,87.575
2014-11-19,87.679,87.776,87.345,87.647
2014-11-20,87.675,87.943,87.49,87.591
2014-11-21,87.629,88.388,87.448,88.31
2014-11-24,88.276,88.44,88.071,88.151
2014-11-25,88.202,88.331,87.818,87.92
2014-11-26,87.851,88.044,87.52,87.607
2014-11-28,88.072,88.389,87.939,88.356
2014-12-01,88.233,88.451,87.783,87.946
2014-12-02,87.961,88.668,87.954,88.647
2014-12-03,88.603,89.005,88.577,88.956
2014-12-04,88.934,89.122,88.212,88.704
2014-12-05,88.587,89.467,88.575,89.334
2014-12-08,89.116,89.55,88.908,89.041
2014-12-09,89.184,89.27,88.155,88.69
2014-12-10,88.64,88.811,88.192,88.271
2014-12-11,87.947,88.786,87.913,88.663
2014-12-12,88.586,88.642,88.113,88.363
2014-12-15,88.317,88.626,88.171,88.46
2014-12-16,88.454,88.51,87.627,88.125
2014-12-17,88.014,89.135,87.896,89.133
2014-12-18,89.119,89.399,88.921,89.235
2014-12-19,89.253,89.654,89.179,89.598
2014-12-22,89.6,89.794,89.37,89.77
2014-12-23,89.761,90.159,89.631,90.064
2014-12-24,90.051,90.08,89.809,89.967
2014-12-26,89.87,90.076,89.776,90.03
2014-12-29,90.047,90.265,89.789,90.19
2014-12-30,90.184,90.325,89.813,89.991
2014-12-31,89.937,90.304,89.863,90.269
2015-01-02,90.358,91.16,90.331,91.08
2015-01-05,91.138,91.775,91.138,91.378
2015-01-06,91.374,91.808,91.117,91.499
2015-01-07,91.751,92.265,91.652,91.89
2015-01-08,91.953,92.528,91.935,92.368
2015-01-09,92.315,92.497,91.895,91.935
2015-01-12,91.945,92.337,91.725,91.983
2015-01-13,92.073,92.43,91.81,92.31
2015-01-14,92.199,92.418,91.613,92.161
2015-01-15,92.146,92.752,91.514,92.352
2015-01-16,92.094,93.262,92.084,92.52
2015-01-20,92.69,93.099,92.548,93.046
2015-01-21,93.067,93.091,92.151,92.904
2015-01-22,92.887,94.497,92.476,94.077
2015-01-23,94.212,95.481,94.109,94.762
2015-01-26,95.2,95.331,94.592,94.802
2015-01-27,94.925,95.014,93.697,94.022
2015-01-28,94.21,94.694,93.969,94.467
2015-01-29,94.617,95.008,94.327,94.782
2015-01-30,94.658,94.921,94.433,94.804
2015-02-02,94.843,94.876,94.368,94.504
2015-02-03,94.57,94.697,93.25,93.6
2015-02-04,93.741,94.594,93.61,93.986
2015-02-05,94.391,94.551,93.418,93.569
2015-02-06,93.599,94.761,93.524,94.698
2015-02-09,94.679,94.883,94.355,94.449
2015-02-10,94.524,94.877,94.401,94.758
2015-02-11,94.707,95.115,94.639,94.985
2015-02-12,94.886,94.973,93.979,94.094
2015-02-13,94.201,94.309,93.899,94.201
2015-02-17,94.404,94.508,93.801,94.061
2015-02-18,94.146,94.525,93.985,94.198
2015-02-19,94.091,94.453,93.835,94.404
2015-02-20,94.419,94.792,94.048,94.253
2015-02-23,94.316,94.915,94.281,94.569
2015-02-24,94.577,94.985,94.426,94.493
2015-02-25,94.413,94.48,94.127,94.213
2015-02-26,94.195,95.357,94.059,95.292
2015-02-27,95.176,95.364,94.905,95.293
2015-03-02,95.258,95.514,95.063,95.462
2015-03-03,95.494,95.57,95.097,95.383
2015-03-04,95.38,96.059,95.317,95.965
2015-03-05,95.971,96.593,95.839,96.378
2015-03-06,96.362,97.726,96.304,97.615
2015-03-09,97.719,97.781,97.293,97.588
2015-03-10,97.741,98.808,97.741,98.618
2015-03-11,98.648,99.985,98.494,99.795
2015-03-12,99.699,100.06,98.654,99.435
2015-03-13,99.192,100.39,99.192,100.33
2015-03-16,100.26,100.27,99.319,99.604
2015-03-17,99.67,99.829,99.226,99.585
2015-03-18,99.601,99.797,96.628,98.55
2015-03-19,97.8,99.463,97.207,99.26
2015-03-20,99.036,99.121,97.453,97.909
2015-03-23,97.804,98.236,96.832,97.033
2015-03-24,96.925,97.381,96.387,97.193
2015-03-25,97.223,97.297,96.542,96.979
2015-03-26,96.91,97.547,96.17,97.436
2015-03-27,97.378,97.923,96.992,97.291
2015-03-30,97.385,98.07,97.385,97.975
2015-03-31,97.917,98.665,97.832,98.357
2015-04-01,98.423,98.64,97.981,98.185
2015-04-02,98.183,98.284,97.33,97.436
2015-04-06,96.736,97.236,96.329,96.777
2015-04-07,97.058,98.019,96.928,97.83
2015-04-08,97.871,98.197,97.252,97.94
2015-04-09,98.047,99.181,98.037,99.155
2015-04-10,98.968,99.686,98.839,99.338
2015-04-13,99.35,99.99,99.231,99.49
2015-04-14,99.45,99.698,98.371,98.733
2015-04-15,98.782,99.357,98.216,98.319
2015-04-16,98.395,98.724,97.282,97.415
2015-04-17,97.632,97.819,97.001,97.52
2015-04-20,97.311,98.07,97.311,97.941
2015-04-21,97.944,98.455,97.635,98.004
2015-04-22,97.955,98.116,97.429,97.932
2015-04-23,98.053,98.425,97.145,97.278
2015-04-24,97.328,97.558,96.755,96.922
2015-04-27,96.895,97.281,96.467,96.765
2015-04-28,96.79,96.927,96.011,96.092
2015-04-29,96.127,96.184,94.678,95.209
2015-04-30,95.205,95.446,94.399,94.6
2015-05-01,94.825,95.403,94.5,95.297
2015-05-04,95.216,95.637,95.044,95.48
2015-05-05,95.442,95.946,94.877,95.076
2015-05-06,95.179,95.216,93.882,94.087
2015-05-07,94.131,94.825,93.891,94.635
2015-05-08,94.626,95.065,94.324,94.794
2015-05-11,94.799,95.258,94.799,95.011
2015-05-12,95.051,95.16,94.244,94.534
2015-05-13,94.555,94.59,93.461,93.617
2015-05-14,93.663,93.759,93.133,93.457
2015-05-15,93.402,94.026,93.135,93.135
2015-05-18,93.234,94.266,93.234,94.221
2015-05-19,94.125,95.474,94.092,95.267
2015-05-20,95.31,95.837,95.257,95.448
2015-05-21,95.591,95.65,94.968,95.255
2015-05-22,95.395,96.266,94.822,96.014
2015-05-26,96.37,97.355,96.37,97.299
2015-05-27,97.211,97.775,96.891,97.371
2015-05-28,97.282,97.634,96.855,96.965
2015-05-29,96.883,97.189,96.753,96.907
2015-06-01,96.893,97.68,96.893,97.392
2015-06-02,97.44,97.531,95.667,95.835
2015-06-03,95.926,96.508,95.213,95.465
2015-06-04,95.413,95.617,94.651,95.461
2015-06-05,95.777,96.909,95.357,96.306
2015-06-08,96.339,96.55,95.052,95.299
2015-06-09,95.251,95.583,94.845,95.166
2015-06-10,95.14,95.233,94.322,94.646
2015-06-11,94.699,95.595,94.699,94.976
2015-06-12,95.088,95.678,94.686,94.972
2015-06-15,95.202,95.391,94.729,94.81
2015-06-16,94.846,95.226,94.557,94.999
2015-06-17,94.961,95.178,94.114,94.296
2015-06-18,94.22,94.231,93.563,94.042
2015-06-19,94.024,94.498,93.904,94.085
2015-06-22,94.061,94.446,93.807,94.329
2015-06-23,94.297,95.636,94.297,95.432
2015-06-24,95.382,95.538,94.932,95.264
2015-06-25,95.268,95.514,95.088,95.187
2015-06-26,95.17,95.665,95.076,95.472
2015-06-29,96.258,96.369,94.681,94.79
2015-06-30,95.029,95.676,94.847,95.485
2015-07-01,95.602,96.349,95.473,96.31
2015-07-02,96.323,96.422,95.874,96.113
2015-07-06,95.942,96.625,95.942,96.298
2015-07-07,96.283,97.235,96.283,96.865
2015-07-08,96.682,96.876,96.123,96.294
2015-07-09,96.232,96.755,95.974,96.606
2015-07-10,96.372,96.395,95.454,96.025
2015-07-13,95.772,96.861,95.633,96.858
2015-07-14,96.84,97.047,96.265,96.643
2015-07-15,96.653,97.306,96.534,97.166
2015-07-16,97.156,97.756,97.156,97.668
2015-07-17,97.645,97.977,97.417,97.862
2015-07-20,97.958,98.147,97.735,98.029
2015-07-21,98.011,98.151,97.142,97.328
2015-07-22,97.339,97.786,97.108,97.598
2015-07-23,97.452,97.51,96.887,97.115
2015-07-24,97.176,97.622,97.123,97.244
2015-07-27,97.201,97.287,96.288,96.502
2015-07-28,96.573,96.967,96.468,96.772
2015-07-29,96.649,97.254,96.497,96.976
2015-07-30,97.141,97.773,97.141,97.56
2015-07-31,97.467,97.604,96.31,97.336
2015-08-03,97.224,97.582,97.155,97.494
2015-08-04,97.461,98.002,97.214,97.931
2015-08-05,97.912,98.218,97.642,97.958
2015-08-06,97.885,98.162,97.63,97.833
2015-08-07,97.79,98.334,97.511,97.563
2015-08-10,97.566,97.918,97.036,97.159
2015-08-11,97.183,97.593,96.877,97.29
2015-08-12,97.173,97.333,95.926,96.262
2015-08-13,96.338,96.805,96.122,96.445
2015-08-14,96.377,96.675,96.087,96.52
2015-08-17,96.587,96.944,96.51,96.806
2015-08-18,96.837,97.071,96.684,97.04
2015-08-19,97.007,97.078,96.336,96.359
2015-08-20,96.448,96.576,95.711,95.98
2015-08-21,95.81,95.816,94.801,95.008
2015-08-24,94.804,94.956,92.621,93.332
2015-08-25,93.387,94.689,93.387,94.53
2015-08-26,93.956,95.444,93.718,95.1
2015-08-27,95.199,96.031,94.985,95.61
2015-08-28,95.763,96.324,95.379,96.106
2015-08-31,96.135,96.245,95.622,95.824
2015-09-01,95.93,95.93,95.19,95.45
2015-09-02,95.42,95.984,95.42,95.828
2015-09-03,95.958,96.616,95.787,96.405
2015-09-04,96.369,96.58,95.969,96.229
2015-09-08,96.154,96.244,95.729,95.985
2015-09-09,95.841,96.41,95.841,96.012
2015-09-10,95.932,96.195,95.396,95.456
2015-09-11,95.438,95.686,95.115,95.194
2015-09-14,95.184,95.452,94.913,95.246
2015-09-15,95.308,95.677,95.125,95.611
2015-09-16,95.585,95.845,95.161,95.42
2015-09-17,95.295,95.387,94.36,94.55
2015-09-18,94.654,95.383,94.063,94.863
2015-09-21,95.324,95.978,95.039,95.894
2015-09-22,95.918,96.404,95.759,96.283
2015-09-23,96.306,96.548,96.024,96.068
2015-09-24,96.246,96.332,95.458,95.994
2015-09-25,96.248,96.7,96.117,96.269
2015-09-28,96.256,96.501,95.901,96.034
2015-09-29,96.03,96.237,95.708,95.855
2015-09-30,95.923,96.413,95.852,96.35
2015-10-01,96.268,96.49,95.966,96.185
2015-10-02,96.135,96.379,95.218,95.83
2015-10-05,95.824,96.169,95.451,96.106
2015-10-06,96.051,96.164,95.398,95.455
2015-10-07,95.473,95.698,95.327,95.497
2015-10-08,95.567,95.614,94.984,95.318
2015-10-09,95.234,95.34,94.692,94.813
2015-10-12,94.851,94.903,94.619,94.841
2015-10-13,94.896,94.982,94.539,94.759
2015-10-14,94.755,94.759,93.845,93.931
2015-10-15,93.96,94.589,93.806,94.371
2015-10-16,94.472,94.771,94.369,94.54
2015-10-19,94.68,95,94.552,94.928
2015-10-20,94.941,94.952,94.594,94.913
2015-10-21,94.848,95.077,94.722,95.035
2015-10-22,95.039,96.537,94.943,96.378
2015-10-23,96.404,97.201,96.148,97.127
2015-10-26,97.039,97.079,96.679,96.861
2015-10-27,96.807,96.969,96.583,96.906
2015-10-28,96.961,97.818,96.466,97.782
2015-10-29,97.615,97.689,97.19,97.282
2015-10-30,97.2,97.353,96.577,96.946
2015-11-02,96.915,96.965,96.635,96.928
2015-11-03,96.897,97.483,96.77,97.158
2015-11-04,97.195,98.054,97.174,97.95
2015-11-05,97.93,98.135,97.751,97.936
2015-11-06,97.941,99.345,97.893,99.168
2015-11-09,99.188,99.261,98.818,98.979
2015-11-10,99.003,99.504,98.942,99.293
2015-11-11,99.091,99.238,98.778,99.013
2015-11-12,98.826,99.288,98.432,98.649
2015-11-13,98.572,99.214,98.528,98.998
2015-11-16,98.969,99.46,98.868,99.442
2015-11-17,99.396,99.745,99.358,99.631
2015-11-18,99.657,99.853,99.311,99.652
2015-11-19,99.42,99.477,98.735,98.989
2015-11-20,99.109,99.646,98.999,99.565
2015-11-23,99.612,100,99.531,99.803
2015-11-24,99.672,99.785,99.466,99.527
2015-11-25,99.554,100.17,99.312,99.795
2015-11-27,99.86,100.2,99.656,100.02
2015-11-30,100.08,100.31,100.05,100.17
2015-12-01,100.25,100.26,99.719,99.795
2015-12-02,99.832,100.51,99.803,99.993
2015-12-03,100.02,100.47,97.591,97.621
2015-12-04,97.818,98.609,97.754,98.354
2015-12-07,98.35,98.903,98.301,98.655
2015-12-08,98.73,98.763,98.332,98.474
2015-12-09,98.442,98.521,97.223,97.345
2015-12-10,97.409,97.988,97.36,97.939
2015-12-11,97.975,98.095,97.329,97.565
2015-12-14,97.621,97.932,97.275,97.604
2015-12-15,97.642,98.292,97.19,98.217
2015-12-16,98.18,98.601,97.655,97.871
2015-12-17,98.556,99.294,98.528,99.27
2015-12-18,99.013,99.182,98.636,98.703
2015-12-21,98.723,98.838,98.294,98.363
2015-12-22,98.449,98.508,98,98.235
2015-12-23,98.208,98.604,98.185,98.341
2015-12-24,98.339,98.378,97.864,97.984
2015-12-28,97.846,98.032,97.811,97.919
2015-12-29,97.898,98.413,97.799,98.101
2015-12-30,98.202,98.409,98.113,98.266
2015-12-31,98.211,98.778,98.178,98.631
2016-01-04,98.693,99.182,98.049,98.869
2016-01-05,98.872,99.634,98.747,99.404
2016-01-06,99.39,99.577,99.108,99.181
2016-01-07,99.215,99.297,98.169,98.219
2016-01-08,98.31,99.183,98.265,98.54
2016-01-11,98.374,98.895,98.252,98.725
2016-01-12,98.797,99.276,98.573,98.974
2016-01-13,99.032,99.333,98.861,98.933
2016-01-14,98.818,99.257,98.59,99.089
2016-01-15,99.099,99.121,98.378,98.956
2016-01-19,99.131,99.31,98.864,98.991
2016-01-20,99.019,99.185,98.626,99.091
2016-01-21,99.176,99.799,98.909,99.056
2016-01-22,99.178,99.592,99.113,99.574
2016-01-25,99.498,99.547,99.231,99.36
2016-01-26,99.299,99.455,98.996,99.36
2016-01-27,99.027,99.163,98.711,98.902
2016-01-28,98.885,99.105,98.425,98.51
2016-01-29,98.616,99.829,98.576,99.606
2016-02-01,99.544,99.633,98.93,99.009
2016-02-02,98.986,99.086,98.751,98.872
2016-02-03,98.826,98.938,96.885,97.288
2016-02-04,97.297,97.465,96.259,96.474
2016-02-05,96.557,97.265,96.316,97.031
2016-02-08,96.961,97.476,96.542,96.57
2016-02-09,96.72,96.825,95.663,96.071
2016-02-10,96.052,96.72,95.756,95.888
2016-02-11,95.874,95.9,95.236,95.562
2016-02-12,95.496,96.215,95.456,95.94
2016-02-16,96.572,96.99,96.382,96.868
2016-02-17,96.939,97.1,96.626,96.786
2016-02-18,96.894,97.087,96.688,96.951
2016-02-19,96.871,97.17,96.561,96.6
2016-02-22,96.735,97.6,96.735,97.379
2016-02-23,97.352,97.578,97.136,97.481
2016-02-24,97.484,97.916,97.23,97.458
2016-02-25,97.487,97.721,97.223,97.287
2016-02-26,97.399,98.26,97.098,98.148
2016-02-29,98.125,98.373,97.796,98.211
2016-03-01,98.187,98.57,98.092,98.352
2016-03-02,98.259,98.582,98.121,98.214
2016-03-03,98.2,98.35,97.46,97.592
2016-03-04,97.671,98.03,97.019,97.34
2016-03-07,97.226,97.701,97.038,97.071
2016-03-08,97.091,97.269,96.887,97.209
2016-03-09,97.215,97.569,96.931,97.173
2016-03-10,97.231,98.422,95.939,96.066
2016-03-11,96.176,96.72,95.938,96.172
2016-03-14,96.202,96.713,96.135,96.624
2016-03-15,96.592,96.869,96.466,96.633
2016-03-16,96.641,97.064,95.539,95.89
2016-03-17,95.746,95.826,94.65,94.76
2016-03-18,94.765,95.168,94.578,95.086
2016-03-21,95.049,95.414,95.002,95.288
2016-03-22,95.429,95.747,95.257,95.648
2016-03-23,95.63,96.23,95.619,96.046
2016-03-24,96.061,96.364,96.041,96.142
2016-03-28,96.278,96.399,95.836,95.943
2016-03-29,95.945,96.222,95.089,95.16
2016-03-30,95.2,95.222,94.588,94.841
2016-03-31,94.844,95.031,94.319,94.586
2016-04-01,94.644,95.107,94.334,94.619
2016-04-04,94.617,94.829,94.407,94.51
2016-04-05,94.574,94.977,94.447,94.631
2016-04-06,94.594,95.066,94.239,94.43
2016-04-07,94.48,94.666,94.015,94.482
2016-04-08,94.535,94.677,94.093,94.235
2016-04-11,94.193,94.341,93.748,93.95
2016-04-12,93.966,94.393,93.627,93.959
2016-04-13,94.052,94.853,94.002,94.744
2016-04-14,94.814,95.2,94.676,94.902
2016-04-15,94.937,95.052,94.506,94.696
2016-04-18,94.698,94.827,94.384,94.49
2016-04-19,94.487,94.546,93.926,93.976
2016-04-20,94.134,94.593,93.936,94.492
2016-04-21,94.531,94.7,93.923,94.599
2016-04-22,94.622,95.196,94.468,95.116
2016-04-25,95.108,95.108,94.679,94.842
2016-04-26,94.78,94.811,94.205,94.573
2016-04-27,94.533,94.802,94.148,94.387
2016-04-28,94.378,94.582,93.685,93.761
2016-04-29,93.803,93.803,93.007,93.082
2016-05-02,93.016,93.073,92.537,92.626
2016-05-03,92.6,93.109,91.919,92.944
2016-05-04,92.984,93.361,92.85,93.179
2016-05-05,93.216,93.862,93.17,93.78
2016-05-06,93.73,93.962,93.277,93.888
2016-05-09,93.827,94.204,93.803,94.128
2016-05-10,94.134,94.356,94.031,94.29
2016-05-11,94.257,94.257,93.684,93.823
2016-05-12,93.843,94.191,93.799,94.15
2016-05-13,94.126,94.845,94.117,94.608
2016-05-16,94.572,94.682,94.398,94.572
2016-05-17,94.571,94.708,94.329,94.548
2016-05-18,94.565,95.27,94.528,95.08
2016-05-19,95.139,95.502,95.123,95.287
2016-05-20,95.293,95.461,95.174,95.334
2016-05-23,95.292,95.477,95.104,95.231
2016-05-24,95.261,95.66,95.202,95.571
2016-05-25,95.624,95.661,95.33,95.354
2016-05-26,95.421,95.422,94.938,95.168
2016-05-27,95.142,95.779,95.082,95.521
2016-05-31,95.659,95.895,95.463,95.891
2016-06-01,95.82,95.901,95.344,95.455
2016-06-02,95.429,95.609,95.153,95.564
2016-06-03,95.554,95.638,93.855,94.029
2016-06-06,93.868,94.274,93.745,93.902
2016-06-07,94.014,94.094,93.754,93.828
2016-06-08,93.862,93.869,93.425,93.59
2016-06-09,93.55,94.13,93.433,93.953
2016-06-10,94.093,94.713,94.045,94.571
2016-06-13,94.643,94.75,94.243,94.362
2016-06-14,94.359,95.025,94.324,94.928
2016-06-15,94.91,95.043,94.36,94.61
2016-06-16,94.595,95.318,94.205,94.569
2016-06-17,94.572,94.59,94.074,94.206
2016-06-20,94.077,94.176,93.449,93.611
2016-06-21,93.614,94.135,93.425,94.017
2016-06-22,94.05,94.123,93.421,93.716
2016-06-23,93.502,93.614,93.019,93.529
2016-06-24,93.452,96.703,93.452,95.448
2016-06-27,95.529,96.705,95.529,96.544
2016-06-28,96.406,96.406,95.769,96.245
2016-06-29,96.041,96.2,95.592,95.769
2016-06-30,95.663,96.417,95.443,96.143
2016-07-01,95.891,96.078,95.407,95.649
2016-07-05,95.546,96.254,95.336,96.166
2016-07-06,96.258,96.496,95.977,96.053
2016-07-07,96.137,96.338,95.92,96.328
2016-07-08,96.286,96.697,95.826,96.302
2016-07-11,96.282,96.793,96.274,96.571
2016-07-12,96.55,96.644,96.07,96.441
2016-07-13,96.51,96.598,96.093,96.216
2016-07-14,96.27,96.368,95.831,96.077
2016-07-15,96.112,96.731,95.912,96.58
2016-07-18,96.672,96.713,96.466,96.562
2016-07-19,96.543,97.148,96.522,97.063
2016-07-20,97.056,97.323,96.989,97.201
2016-07-21,97.129,97.206,96.733,97
2016-07-22,96.915,97.543,96.825,97.467
2016-07-25,97.35,97.569,97.219,97.286
2016-07-26,97.282,97.316,96.853,97.156
2016-07-27,97.133,97.53,96.67,97.053
2016-07-28,96.728,96.771,96.287,96.739
2016-07-29,96.628,96.628,95.384,95.53
2016-08-01,95.514,95.824,95.514,95.713
2016-08-02,95.771,95.846,95.003,95.064
2016-08-03,95.134,95.609,95.134,95.563
2016-08-04,95.539,95.904,95.424,95.758
2016-08-05,95.785,96.522,95.547,96.194
2016-08-08,96.222,96.474,96.149,96.401
2016-08-09,96.375,96.524,96.077,96.183
2016-08-10,96.124,96.124,95.442,95.65
2016-08-11,95.569,95.973,95.505,95.857
2016-08-12,95.918,95.994,95.254,95.722
2016-08-15,95.683,95.801,95.468,95.629
2016-08-16,95.613,95.659,94.426,94.791
2016-08-17,94.804,95.102,94.51,94.718
2016-08-18,94.699,94.699,94.077,94.157
2016-08-19,94.234,94.628,94.217,94.511
2016-08-22,94.497,94.958,94.443,94.519
2016-08-23,94.55,94.583,94.214,94.539
2016-08-24,94.553,94.909,94.505,94.786
2016-08-25,94.78,94.83,94.591,94.772
2016-08-26,94.714,95.594,94.246,95.566
2016-08-29,95.464,95.834,95.464,95.58
2016-08-30,95.57,96.143,95.526,96.054
2016-08-31,96.014,96.255,95.902,96.022
2016-09-01,95.988,96.239,95.595,95.653
2016-09-02,95.66,95.958,95.189,95.844
2016-09-06,95.795,95.861,94.767,94.823
2016-09-07,94.897,95.061,94.69,94.956
2016-09-08,94.942,95.142,94.465,95.027
2016-09-09,94.945,95.579,94.803,95.336
2016-09-12,95.349,95.447,94.935,95.095
2016-09-13,95.117,95.672,95.075,95.633
2016-09-14,95.562,95.662,95.198,95.327
2016-09-15,95.335,95.563,95.083,95.288
2016-09-16,95.232,96.108,95.219,96.108
2016-09-19,96.04,96.055,95.645,95.841
2016-09-20,95.83,96.042,95.597,96.019
2016-09-21,95.998,96.333,95.445,95.66
2016-09-22,95.504,95.532,95.048,95.448
2016-09-23,95.365,95.683,95.34,95.477
2016-09-26,95.506,95.531,95.128,95.297
2016-09-27,95.322,95.669,95.241,95.435
2016-09-28,95.45,95.739,95.365,95.431
2016-09-29,95.368,95.681,95.332,95.535
2016-09-30,95.508,95.96,95.342,95.463
2016-10-03,95.418,95.802,95.418,95.695
2016-10-04,95.724,96.442,95.724,96.169
2016-10-05,96.103,96.314,95.957,96.125
2016-10-06,96.15,96.769,96.115,96.765
2016-10-07,97.136,97.188,96.401,96.632
2016-10-10,96.471,96.973,96.458,96.929
2016-10-11,96.895,97.758,96.895,97.69
2016-10-12,97.545,98.043,97.455,97.966
2016-10-13,97.989,98.129,97.499,97.516
2016-10-14,97.528,98.122,97.511,98.019
2016-10-17,98.061,98.169,97.812,97.888
2016-10-18,97.866,97.964,97.608,97.895
2016-10-19,97.89,97.965,97.634,97.92
2016-10-20,97.851,98.404,97.656,98.315
2016-10-21,98.317,98.813,98.306,98.695
2016-10-24,98.624,98.846,98.537,98.756
2016-10-25,98.762,99.119,98.607,98.719
2016-10-26,98.692,98.844,98.335,98.629
2016-10-27,98.62,99.026,98.503,98.888
2016-10-28,98.923,98.936,98.242,98.348
2016-10-31,98.324,98.698,98.292,98.445
2016-11-01,98.394,98.483,97.64,97.699
2016-11-02,97.754,97.804,97.178,97.398
2016-11-03,97.378,97.456,97.041,97.157
2016-11-04,97.162,97.35,96.894,97.065
2016-11-07,96.893,97.866,96.893,97.781
2016-11-08,97.754,97.995,97.554,97.861
2016-11-09,97.662,98.704,95.885,98.504
2016-11-10,98.608,99.081,98.311,98.785
2016-11-11,98.852,99.132,98.539,99.06
2016-11-14,98.995,100.22,98.995,100.11
2016-11-15,99.8,100.26,99.45,100.23
2016-11-16,100.17,100.57,99.898,100.41
2016-11-17,100.25,101.01,99.96,100.89
2016-11-18,100.99,101.48,100.83,101.21
2016-11-21,101.29,101.4,100.74,101.05
2016-11-22,100.79,101.32,100.65,101.04
2016-11-23,100.94,101.91,100.89,101.7
2016-11-25,101.82,101.92,101.21,101.49
2016-11-28,101.44,101.6,100.64,101.33
2016-11-29,101.17,101.64,100.86,100.93
2016-11-30,100.86,101.83,100.84,101.5
2016-12-01,101.51,101.59,100.87,101.04
2016-12-02,100.89,101.11,100.62,100.77
2016-12-05,100.66,101.54,99.849,100.09
2016-12-06,100.14,100.58,99.984,100.49
2016-12-07,100.48,100.6,100.13,100.23
2016-12-08,100.19,101.25,99.43,101.1
2016-12-09,101.08,101.74,101.01,101.59
2016-12-12,101.69,101.78,100.84,101.03
2016-12-13,100.9,101.16,100.75,101.07
2016-12-14,101.03,102.35,100.73,101.76
2016-12-15,102.25,103.56,102.16,103.02
2016-12-16,103.15,103.27,102.62,102.95
2016-12-19,102.93,103.21,102.52,103.14
2016-12-20,103.16,103.65,103.03,103.29
2016-12-21,103.26,103.38,102.77,103.02
2016-12-22,103.04,103.14,102.59,103.09
2016-12-23,103.07,103.23,102.88,103.01
2016-12-27,102.96,103.15,102.95,103.02
2016-12-28,103.01,103.63,102.87,103.3
2016-12-29,103.2,103.25,102.6,102.68
2016-12-30,102.14,102.59,101.91,102.21
2017-01-03,102.87,103.82,102.59,103.21
2017-01-04,103.18,103.44,102.39,102.7
2017-01-05,102.43,102.51,101.3,101.52
2017-01-06,101.42,102.29,101.37,102.22
2017-01-09,102.26,102.52,101.8,101.93
2017-01-10,101.85,102.1,101.51,102.01
2017-01-11,102.06,102.95,101.28,101.78
2017-01-12,101.66,101.8,100.72,101.35
2017-01-13,101.49,101.67,101.01,101.18
2017-01-17,101.55,101.62,100.26,100.33
2017-01-18,100.44,101.34,100.32,100.93
2017-01-19,101.34,101.73,100.97,101.15
2017-01-20,101.15,101.5,100.7,100.74
2017-01-23,100.72,100.72,99.899,100.16
2017-01-24,100.07,100.43,99.922,100.35
2017-01-25,100.32,100.41,99.835,100.03
2017-01-26,99.906,100.73,99.793,100.38
2017-01-27,100.47,100.82,100.32,100.53
2017-01-30,100.35,101.02,100.17,100.43
2017-01-31,100.33,100.51,99.43,99.512
2017-02-01,99.558,100.04,99.502,99.641
2017-02-02,99.737,99.873,99.233,99.79
2017-02-03,99.799,100.26,99.563,99.868
2017-02-06,99.62,100.25,99.62,99.907
2017-02-07,99.933,100.72,99.913,100.26
2017-02-08,100.44,100.64,100.06,100.28
2017-02-09,100.23,100.68,100.08,100.65
2017-02-10,100.66,101.01,100.58,100.8
2017-02-13,100.85,101.11,100.58,100.96
2017-02-14,100.97,101.38,100.7,101.25
2017-02-15,101.21,101.76,101,101.18
2017-02-16,101.07,101.07,100.41,100.44
2017-02-17,100.54,100.96,100.45,100.95
2017-02-21,100.94,101.6,100.91,101.37
2017-02-22,101.39,101.72,101.17,101.22
2017-02-23,101.37,101.44,100.87,101.05
2017-02-24,100.96,101.17,100.66,101.09
2017-02-27,101.08,101.27,100.69,101.13
2017-02-28,101.21,101.4,100.78,101.12
2017-03-01,101.44,101.97,101.23,101.78
2017-03-02,101.91,102.26,101.78,102.2
2017-03-03,102.12,102.17,101.34,101.54
2017-03-06,101.44,101.75,101.22,101.64
2017-03-07,101.68,101.91,101.53,101.81
2017-03-08,101.79,102.19,101.71,102.07
2017-03-09,102.11,102.25,101.7,101.85
2017-03-10,102,102,101.17,101.25
2017-03-13,101.28,101.39,101.01,101.31
2017-03-14,101.41,101.79,101.34,101.77
2017-03-15,101.72,101.72,100.49,100.74
2017-03-16,100.55,100.75,100.21,100.36
2017-03-17,100.25,100.47,100.14,100.3
2017-03-20,100.34,100.45,100.02,100.41
2017-03-21,100.38,100.38,99.66,99.813
2017-03-22,99.686,99.928,99.547,99.677
2017-03-23,99.741,99.868,99.631,99.76
2017-03-24,99.772,100,99.527,99.627
2017-03-27,99.433,99.433,98.858,99.166
2017-03-28,99.224,99.794,99.115,99.712
2017-03-29,99.706,100.13,99.666,99.998
2017-03-30,99.96,100.6,99.925,100.41
2017-03-31,100.48,100.65,100.25,100.35
2017-04-03,100.5,100.69,100.37,100.54
2017-04-04,100.5,100.73,100.42,100.54
2017-04-05,100.53,100.85,100.41,100.56
2017-04-06,100.52,100.77,100.38,100.67
2017-04-07,100.74,101.26,100.52,101.18
2017-04-10,101.13,101.34,100.94,101.02
2017-04-11,100.96,101.08,100.58,100.71
2017-04-12,100.74,100.82,100.09,100.78
2017-04-13,100.16,100.6,100.01,100.56
2017-04-17,100.5,100.5,100,100.29
2017-04-18,100.35,100.4,99.465,99.499
2017-04-19,99.506,99.893,99.506,99.738
2017-04-20,99.78,99.85,99.374,99.778
2017-04-21,99.841,100.03,99.653,99.977
2017-04-24,98.793,99.326,98.793,99.092
2017-04-25,99.049,99.215,98.695,98.785
2017-04-26,98.847,99.332,98.728,99.045
2017-04-27,98.95,99.331,98.814,99.076
2017-04-28,99.174,99.248,98.716,99.05
2017-05-01,98.923,99.208,98.886,99.077
2017-05-02,99.071,99.224,98.917,98.976
2017-05-03,98.925,99.394,98.893,99.209
2017-05-04,99.343,99.462,98.709,98.797
2017-05-05,98.769,98.975,98.543,98.648
2017-05-08,98.498,99.176,98.498,99.06
2017-05-09,99.139,99.688,99.079,99.658
2017-05-10,99.474,99.724,99.365,99.669
2017-05-11,99.661,99.888,99.486,99.623
2017-05-12,99.631,99.696,99.164,99.252
2017-05-15,99.16,99.262,98.787,98.911
2017-05-16,98.874,98.891,98.08,98.105
2017-05-17,98.096,98.129,97.333,97.575
2017-05-18,97.43,98.073,97.371,97.879
2017-05-19,97.851,97.852,97.08,97.142
2017-05-22,97.159,97.441,96.797,96.984
2017-05-23,96.946,97.419,96.802,97.351
2017-05-24,97.344,97.465,97.025,97.238
2017-05-25,97.075,97.284,96.88,97.248
2017-05-26,97.231,97.548,97.036,97.442
2017-05-30,97.635,97.776,97.223,97.28
2017-05-31,97.427,97.495,96.858,96.922
2017-06-01,96.984,97.319,96.903,97.198
2017-06-02,97.188,97.31,96.654,96.715
2017-06-05,96.681,96.968,96.681,96.799
2017-06-06,96.791,96.799,96.517,96.636
2017-06-07,96.542,96.982,96.511,96.748
2017-06-08,96.702,97.229,96.594,96.918
2017-06-09,97.188,97.5,97.145,97.274
2017-06-12,97.268,97.323,97.043,97.138
2017-06-13,97.169,97.283,96.949,96.975
2017-06-14,97,97.125,96.323,96.939
2017-06-15,96.928,97.557,96.841,97.433
2017-06-16,97.476,97.56,97.097,97.164
2017-06-19,97.113,97.575,97.045,97.548
2017-06-20,97.535,97.871,97.432,97.76
2017-06-21,97.732,97.802,97.516,97.559
2017-06-22,97.536,97.646,97.431,97.593
2017-06-23,97.559,97.584,97.177,97.264
2017-06-26,97.3,97.467,97.114,97.426
2017-06-27,97.428,97.447,96.344,96.394
2017-06-28,96.426,96.617,95.967,96.01
2017-06-29,96.037,96.046,95.531,95.628
2017-06-30,95.539,95.828,95.47,95.628
2017-07-03,95.624,96.239,95.624,96.218
2017-07-05,96.191,96.512,96.068,96.29
2017-07-06,96.188,96.344,95.785,95.802
2017-07-07,95.805,96.152,95.751,96.008
2017-07-10,96.038,96.202,95.954,96.022
2017-07-11,96.072,96.205,95.651,95.669
2017-07-12,95.708,95.98,95.511,95.761
2017-07-13,95.783,95.922,95.464,95.728
2017-07-14,95.8,95.834,95.088,95.153
2017-07-17,95.101,95.348,95.018,95.128
2017-07-18,95.155,95.191,94.476,94.604
2017-07-19,94.69,94.894,94.643,94.779
2017-07-20,94.77,95.167,94.09,94.306
2017-07-21,94.291,94.357,93.854,93.858
2017-07-24,93.946,94.122,93.823,93.977
2017-07-25,94.03,94.123,93.638,94.054
2017-07-26,94.088,94.285,93.37,93.672
2017-07-27,93.458,94.103,93.152,93.864
2017-07-28,93.867,93.946,93.256,93.259
2017-07-31,93.361,93.535,92.784,92.863
2017-08-01,92.892,93.118,92.777,93.043
2017-08-02,93.063,93.16,92.548,92.836
2017-08-03,92.899,93.038,92.679,92.839
2017-08-04,92.752,93.774,92.696,93.542
2017-08-07,93.501,93.541,93.302,93.432
2017-08-08,93.445,93.876,93.238,93.647
2017-08-09,93.557,93.888,93.488,93.548
2017-08-10,93.501,93.805,93.316,93.401
2017-08-11,93.429,93.507,92.934,93.069
2017-08-14,93.09,93.495,93.048,93.411
2017-08-15,93.47,94.139,93.435,93.853
2017-08-16,93.835,94.145,93.468,93.541
2017-08-17,93.443,94.08,93.312,93.622
2017-08-18,93.676,93.762,93.331,93.434
2017-08-21,93.427,93.582,92.997,93.095
2017-08-22,93.136,93.577,93.061,93.545
2017-08-23,93.508,93.628,93.126,93.147
2017-08-24,93.162,93.378,93.139,93.277
2017-08-25,93.268,93.44,92.424,92.74
2017-08-28,92.359,92.55,92.168,92.207
2017-08-29,92.219,92.475,91.621,92.249
2017-08-30,92.295,92.946,92.251,92.884
2017-08-31,92.851,93.347,92.561,92.668
2017-09-01,92.609,92.926,92.1,92.814
2017-09-05,92.601,92.727,92.183,92.252
2017-09-06,92.238,92.375,91.988,92.29
2017-09-07,92.203,92.253,91.405,91.663
2017-09-08,91.489,91.513,91.011,91.352
2017-09-11,91.436,91.985,91.415,91.875
2017-09-12,91.863,92.08,91.769,91.882
2017-09-13,91.884,92.53,91.71,92.52
2017-09-14,92.353,92.661,91.975,92.124
2017-09-15,92.004,92.166,91.577,91.872
2017-09-18,91.932,92.21,91.799,92.047
2017-09-19,91.984,92.049,91.747,91.793
2017-09-20,91.829,92.697,91.526,92.508
2017-09-21,92.473,92.657,92.101,92.259
2017-09-22,92.184,92.221,91.781,92.171
2017-09-25,92.318,92.724,92.206,92.648
2017-09-26,92.6,93.286,92.547,92.966
2017-09-27,93.041,93.607,93.005,93.361
2017-09-28,93.466,93.666,93.073,93.085
2017-09-29,93.166,93.265,92.949,93.076
2017-10-02,93.291,93.658,93.124,93.559
2017-10-03,93.598,93.92,93.431,93.569
2017-10-04,93.592,93.592,93.259,93.458
2017-10-05,93.483,93.99,93.41,93.961
2017-10-06,93.919,94.267,93.771,93.8
2017-10-09,93.767,93.844,93.623,93.675
2017-10-10,93.734,93.737,93.137,93.29
2017-10-11,93.255,93.369,92.898,93.015
2017-10-12,92.953,93.228,92.797,93.057
2017-10-13,93.087,93.239,92.749,93.091
2017-10-16,93.07,93.357,93.07,93.312
2017-10-17,93.315,93.729,93.281,93.486
2017-10-18,93.481,93.797,93.359,93.363
2017-10-19,93.42,93.55,93.055,93.266
2017-10-20,93.164,93.783,93.122,93.701
2017-10-23,93.836,94.017,93.679,93.936
2017-10-24,93.834,93.992,93.682,93.772
2017-10-25,93.938,94.008,93.608,93.711
2017-10-26,93.631,94.717,93.477,94.612
2017-10-27,94.717,95.15,94.717,94.916
2017-10-30,94.793,94.903,94.437,94.56
2017-10-31,94.536,94.703,94.454,94.552
2017-11-01,94.553,94.854,94.512,94.815
2017-11-02,94.797,94.8,94.411,94.685
2017-11-03,94.731,95.015,94.408,94.941
2017-11-06,94.872,95.077,94.688,94.757
2017-11-07,94.723,95.149,94.7,94.913
2017-11-08,94.8,94.965,94.78,94.866
2017-11-09,94.88,94.959,94.415,94.444
2017-11-10,94.497,94.65,94.258,94.391
2017-11-13,94.409,94.641,94.401,94.49
2017-11-14,94.517,94.542,93.746,93.827
2017-11-15,93.861,93.93,93.402,93.813
2017-11-16,93.837,93.998,93.772,93.932
2017-11-17,93.872,93.93,93.508,93.662
2017-11-20,93.707,94.104,93.575,94.08
2017-11-21,94.038,94.165,93.878,93.952
2017-11-22,93.93,93.962,93.212,93.22
2017-11-24,93.125,93.249,92.675,92.782
2017-11-27,92.688,92.98,92.496,92.904
2017-11-28,92.888,93.336,92.827,93.27
2017-11-29,93.218,93.435,92.992,93.164
2017-11-30,93.259,93.505,92.729,93.047
2017-12-01,93.026,93.248,92.604,92.885
2017-12-04,93.215,93.355,93.066,93.188
2017-12-05,93.085,93.488,93.035,93.379
2017-12-06,93.313,93.65,93.171,93.61
2017-12-07,93.537,93.8,93.513,93.795
2017-12-08,93.786,94.087,93.77,93.901
2017-12-11,93.919,93.983,93.666,93.866
2017-12-12,93.911,94.219,93.759,94.101
2017-12-13,94.06,94.107,93.395,93.429
2017-12-14,93.409,93.759,93.282,93.489
2017-12-15,93.647,93.997,93.41,93.932
2017-12-18,93.979,94.026,93.383,93.695
2017-12-19,93.706,93.76,93.428,93.441
2017-12-20,93.497,93.535,93.163,93.313
2017-12-21,93.309,93.5,93.235,93.278
2017-12-22,93.371,93.555,93.306,93.347
2017-12-26,93.253,93.402,93.204,93.257
2017-12-27,93.296,93.309,92.956,93.025
2017-12-28,93.002,93.023,92.573,92.602
2017-12-29,92.668,92.669,92.08,92.124
2018-01-02,92.24,92.246,91.751,91.872
2018-01-03,91.823,92.261,91.805,92.162
2018-01-04,92.215,92.261,91.798,91.853
2018-01-05,91.868,92.1,91.775,91.949
2018-01-08,92.057,92.396,91.882,92.358
2018-01-09,92.342,92.64,92.213,92.528
2018-01-10,92.569,92.583,91.922,92.332
2018-01-11,92.33,92.546,91.787,91.852
2018-01-12,91.848,91.879,90.934,90.974
2018-01-16,90.443,90.826,90.337,90.393
2018-01-17,90.399,90.822,90.113,90.541
2018-01-18,90.781,90.983,90.408,90.498
2018-01-19,90.495,90.704,90.155,90.572
2018-01-22,90.672,90.697,90.347,90.401
2018-01-23,90.389,90.588,90.063,90.124
2018-01-24,90.003,90.113,89.158,89.206
2018-01-25,89.322,89.58,88.438,89.391
2018-01-26,89.404,89.404,88.723,89.067
2018-01-29,89.02,89.619,89.007,89.308
2018-01-30,89.365,89.637,88.912,89.16
2018-01-31,89.1,89.296,88.78,89.133
2018-02-01,89.036,89.328,88.555,88.671
2018-02-02,88.639,89.425,88.591,89.195
2018-02-05,89.194,89.699,89.021,89.554
2018-02-06,89.657,90.034,89.373,89.585
2018-02-07,89.634,90.4,89.468,90.255
2018-02-08,90.267,90.567,90.013,90.229
2018-02-09,90.248,90.563,90.119,90.442
2018-02-12,90.326,90.432,90.073,90.208
2018-02-13,90.093,90.177,89.609,89.703
2018-02-14,89.69,90.124,88.944,89.121
2018-02-15,88.957,89.004,88.544,88.593
2018-02-16,88.567,89.226,88.253,89.1
2018-02-20,89.24,89.802,89.217,89.716
2018-02-21,89.713,90.155,89.588,90
2018-02-22,90.159,90.235,89.635,89.736
2018-02-23,89.778,90.059,89.757,89.883
2018-02-26,89.882,90.05,89.503,89.853
2018-02-27,89.804,90.498,89.693,90.355
2018-02-28,90.414,90.698,90.308,90.613
2018-03-01,90.667,90.932,90.207,90.324
2018-03-02,90.246,90.293,89.879,89.935
2018-03-05,89.834,90.216,89.828,90.08
2018-03-06,89.962,90.061,89.427,89.618
2018-03-07,89.508,89.779,89.407,89.637
2018-03-08,89.592,90.232,89.442,90.179
2018-03-09,90.2,90.357,89.998,90.093
2018-03-12,90.105,90.187,89.84,89.895
2018-03-13,89.914,90.112,89.591,89.664
2018-03-14,89.698,89.891,89.561,89.704
2018-03-15,89.753,90.166,89.62,90.139
2018-03-16,90.138,90.378,89.891,90.233
2018-03-19,90.202,90.345,89.764,89.765
2018-03-20,89.877,90.445,89.846,90.371
2018-03-21,90.408,90.408,89.634,89.783
2018-03-22,89.651,89.96,89.396,89.857
2018-03-23,89.688,89.737,89.397,89.436
2018-03-26,89.47,89.516,88.979,89.027
2018-03-27,89.021,89.633,88.942,89.372
2018-03-28,89.318,90.147,89.251,90.058
2018-03-29,90.068,90.178,89.899,90.151
2018-04-02,89.974,90.154,89.822,90.052
2018-04-03,90.024,90.275,89.849,90.2
2018-04-04,90.163,90.228,89.917,90.142
2018-04-05,90.088,90.594,90.071,90.46
2018-04-06,90.375,90.597,90.067,90.108
2018-04-09,90.066,90.273,89.818,89.838
2018-04-10,89.828,89.97,89.544,89.587
2018-04-11,89.583,89.67,89.355,89.568
2018-04-12,89.516,89.96,89.443,89.751
2018-04-13,89.758,89.884,89.664,89.8
2018-04-16,89.77,89.85,89.389,89.425
2018-04-17,89.413,89.666,89.229,89.516
2018-04-18,89.505,89.777,89.448,89.623
2018-04-19,89.616,89.952,89.504,89.94
2018-04-20,89.902,90.477,89.888,90.316
2018-04-23,90.264,90.985,90.264,90.946
2018-04-24,90.924,91.076,90.71,90.766
2018-04-25,90.78,91.261,90.75,91.172
2018-04-26,91.211,91.637,90.956,91.561
2018-04-27,91.581,91.986,91.489,91.542
2018-04-30,91.529,91.919,91.482,91.841
2018-05-01,91.809,92.566,91.799,92.449
2018-05-02,92.472,92.834,92.223,92.512
2018-05-03,92.724,92.763,92.345,92.414
2018-05-04,92.434,92.9,92.354,92.566
2018-05-07,92.57,92.974,92.448,92.749
2018-05-08,92.766,93.28,92.654,93.12
2018-05-09,93.067,93.416,92.841,93.04
2018-05-10,93.083,93.164,92.541,92.65
2018-05-11,92.694,92.837,92.369,92.537
2018-05-14,92.554,92.69,92.243,92.587
2018-05-15,92.651,93.457,92.607,93.219
2018-05-16,93.311,93.632,93.135,93.392
2018-05-17,93.263,93.565,93.118,93.469
2018-05-18,93.496,93.83,93.34,93.637
2018-05-21,93.665,94.058,93.512,93.677
2018-05-22,93.536,93.734,93.291,93.609
2018-05-23,93.549,94.188,93.514,94.003
2018-05-24,93.919,93.978,93.608,93.758
2018-05-25,93.799,94.298,93.751,94.188
2018-05-29,94.412,95.025,94.277,94.833
2018-05-30,94.818,94.965,94.038,94.153
2018-05-31,94.07,94.247,93.717,93.985
2018-06-01,93.95,94.45,93.881,94.191
2018-06-04,94.155,94.195,93.664,94.02
2018-06-05,94.055,94.316,93.782,93.898
2018-06-06,93.878,93.891,93.422,93.66
2018-06-07,93.598,93.598,93.213,93.397
2018-06-08,93.444,93.821,93.388,93.551
2018-06-11,93.537,93.681,93.366,93.576
2018-06-12,93.666,93.911,93.468,93.802
2018-06-13,93.825,94.028,93.524,93.713
2018-06-14,93.497,94.931,93.193,94.772
2018-06-15,94.906,95.131,94.653,94.789
2018-06-18,94.787,95.048,94.703,94.801
2018-06-19,94.737,95.296,94.534,95.085
2018-06-20,94.969,95.299,94.917,95.055
2018-06-21,95.134,95.529,94.68,94.743
2018-06-22,94.859,94.88,94.434,94.517
2018-06-25,94.498,94.698,94.212,94.276
2018-06-26,94.29,94.772,94.171,94.659
2018-06-27,94.667,95.417,94.526,95.268
2018-06-28,95.274,95.531,95.09,95.386
2018-06-29,95.304,95.324,94.47,94.636
2018-07-02,94.626,95.141,94.531,95.035
2018-07-03,94.842,94.978,94.562,94.671
2018-07-05,94.511,94.59,94.177,94.469
2018-07-06,94.364,94.486,93.921,94.036
2018-07-09,93.965,94.206,93.713,94.078
2018-07-10,94.055,94.475,94.018,94.152
2018-07-11,94.202,94.769,94.091,94.72
2018-07-12,94.697,94.941,94.642,94.806
2018-07-13,94.895,95.241,94.671,94.752
2018-07-16,94.692,94.774,94.408,94.511
2018-07-17,94.552,95.064,94.296,94.945
2018-07-18,95.033,95.407,94.958,95.08
2018-07-19,95.078,95.652,94.933,95.154
2018-07-20,95.133,95.28,94.363,94.449
2018-07-23,94.433,94.716,94.207,94.669
2018-07-24,94.669,94.861,94.4,94.608
2018-07-25,94.594,94.665,94.142,94.363
2018-07-26,94.161,94.795,94.084,94.75
2018-07-27,94.762,94.91,94.628,94.675
2018-07-30,94.664,94.756,94.26,94.324
2018-07-31,94.332,94.568,94.164,94.493
2018-08-01,94.556,94.71,94.491,94.624
2018-08-02,94.634,95.189,94.61,95.159
2018-08-03,95.177,95.368,94.98,95.143
2018-08-06,95.201,95.515,95.199,95.357
2018-08-07,95.342,95.368,94.994,95.216
2018-08-08,95.144,95.417,94.994,95.051
2018-08-09,95.1,95.621,95.025,95.504
2018-08-10,95.644,96.452,95.532,96.357
2018-08-13,96.325,96.522,96.158,96.391
2018-08-14,96.326,96.794,96.326,96.731
2018-08-15,96.659,96.984,96.651,96.696
2018-08-16,96.719,96.765,96.316,96.645
2018-08-17,96.608,96.664,96.092,96.101
2018-08-20,96.131,96.402,95.728,95.9
2018-08-21,95.743,95.752,95.079,95.256
2018-08-22,95.21,95.377,94.934,95.146
2018-08-23,95.167,95.709,95.15,95.666
2018-08-24,95.637,95.685,95.026,95.146
2018-08-27,95.171,95.3,94.687,94.779
2018-08-28,94.772,94.912,94.434,94.72
2018-08-29,94.727,94.932,94.527,94.6
2018-08-30,94.531,94.9,94.469,94.723
2018-08-31,94.704,95.224,94.547,95.14
2018-09-04,95.138,95.737,95.138,95.439
2018-09-05,95.403,95.663,95.085,95.184
2018-09-06,95.099,95.208,94.933,95.021
2018-09-07,95.016,95.458,94.871,95.365
2018-09-10,95.427,95.564,95.028,95.15
2018-09-11,95.151,95.353,94.882,95.249
2018-09-12,95.104,95.283,94.733,94.799
2018-09-13,94.83,94.965,94.428,94.518
2018-09-14,94.548,94.998,94.359,94.927
2018-09-17,94.932,94.978,94.44,94.496
2018-09-18,94.605,94.729,94.315,94.64
2018-09-19,94.538,94.727,94.32,94.537
2018-09-20,94.55,94.563,93.829,93.912
2018-09-21,93.894,94.332,93.814,94.22
2018-09-24,94.23,94.368,93.84,94.185
2018-09-25,94.247,94.372,94.009,94.133
2018-09-26,94.17,94.4,93.954,94.193
2018-09-27,94.255,95.007,94.211,94.894
2018-09-28,95.023,95.366,94.923,95.132
2018-10-01,95.108,95.373,95.003,95.298
2018-10-02,95.297,95.744,95.263,95.507
2018-10-03,95.459,96.116,95.256,95.762
2018-10-04,96.053,96.121,95.552,95.751
2018-10-05,95.761,95.945,95.516,95.624
2018-10-08,95.62,96.03,95.593,95.761
2018-10-09,95.753,96.155,95.638,95.668
2018-10-10,95.591,95.79,95.375,95.508
2018-10-11,95.43,95.433,94.986,95.017
2018-10-12,95.04,95.371,94.954,95.221
2018-10-15,95.349,95.371,94.955,95.059
2018-10-16,95.049,95.202,94.787,95.048
2018-10-17,95.091,95.663,95.058,95.575
2018-10-18,95.659,95.994,95.486,95.9
2018-10-19,95.948,96.091,95.544,95.713
2018-10-22,95.657,96.092,95.469,96.013
2018-10-23,96.027,96.158,95.807,95.961
2018-10-24,95.917,96.531,95.909,96.434
2018-10-25,96.359,96.732,96.206,96.679
2018-10-26,96.587,96.86,96.286,96.359
2018-10-29,96.441,96.704,96.348,96.579
2018-10-30,96.662,97.02,96.621,97.011
2018-10-31,96.988,97.2,96.875,97.127
2018-11-01,97.082,97.115,96.198,96.277
2018-11-02,96.306,96.594,95.989,96.542
2018-11-05,96.441,96.677,96.249,96.279
2018-11-06,96.331,96.446,96.145,96.317
2018-11-07,95.994,96.464,95.678,95.997
2018-11-08,96.192,96.738,96.068,96.724
2018-11-09,96.632,97.011,96.623,96.905
2018-11-12,97.053,97.693,96.965,97.542
2018-11-13,97.598,97.661,96.935,97.303
2018-11-14,97.027,97.406,96.747,96.803
2018-11-15,97.006,97.389,96.767,96.927
2018-11-16,97.052,97.059,96.397,96.465
2018-11-19,96.426,96.572,96.12,96.193
2018-11-20,96.2,96.891,96.042,96.836
2018-11-21,96.821,96.869,96.496,96.712
2018-11-23,96.511,96.977,96.403,96.916
2018-11-26,96.93,97.099,96.659,97.074
2018-11-27,97.032,97.497,96.973,97.369
2018-11-28,97.371,97.538,96.687,96.786
2018-11-29,96.845,97.005,96.626,96.778
2018-11-30,96.762,97.311,96.712,97.272
2018-12-03,97.133,97.164,96.713,97.04
2018-12-04,96.936,97.128,96.379,96.965
2018-12-05,97.007,97.203,96.827,97.07
2018-12-06,97.014,97.205,96.551,96.81
2018-12-07,96.804,96.921,96.511,96.514
2018-12-10,96.715,97.24,96.364,97.219
2018-12-11,97.182,97.545,96.871,97.388
2018-12-12,97.38,97.493,96.89,97.044
2018-12-13,97.044,97.292,96.878,97.064
2018-12-14,97.089,97.711,97.082,97.443
2018-12-17,97.43,97.459,97.052,97.1
2018-12-18,97.133,97.166,96.699,97.104
2018-12-19,96.91,97.1,96.554,97.035
2018-12-20,96.986,97.041,96.168,96.276
2018-12-21,96.385,97.047,96.247,96.956
2018-12-24,96.935,96.937,96.377,96.553
2018-12-26,96.584,97.116,96.526,97.05
2018-12-27,96.917,96.939,96.413,96.481
2018-12-28,96.513,96.517,96.188,96.402
2018-12-31,96.402,96.511,95.995,96.173
2019-01-02,96.143,96.958,95.82,96.819
2019-01-03,96.718,96.752,96.208,96.305
2019-01-04,96.276,96.612,96.046,96.179
2019-01-07,96.16,96.16,95.638,95.666
2019-01-08,95.691,96.028,95.682,95.903
2019-01-09,95.812,95.92,95.116,95.219
2019-01-10,95.156,95.616,95.029,95.539
2019-01-11,95.438,95.759,95.195,95.67
2019-01-14,95.653,95.721,95.481,95.61
2019-01-15,95.572,96.261,95.466,96.039
2019-01-16,95.94,96.176,95.857,96.059
2019-01-17,96.068,96.264,95.982,96.065
2019-01-18,96.07,96.394,96.006,96.336
2019-01-22,96.336,96.484,96.217,96.303
2019-01-23,96.315,96.373,96.045,96.123
2019-01-24,96.072,96.676,96.044,96.601
2019-01-25,96.489,96.528,95.738,95.794
2019-01-28,95.788,95.919,95.638,95.746
2019-01-29,95.737,95.866,95.62,95.821
2019-01-30,95.793,95.984,95.253,95.34
2019-01-31,95.354,95.617,95.162,95.578
2019-02-01,95.554,95.657,95.4,95.579
2019-02-04,95.6,95.918,95.574,95.852
2019-02-05,95.825,96.12,95.811,96.067
2019-02-06,96.058,96.425,96.037,96.39
2019-02-07,96.393,96.673,96.378,96.507
2019-02-08,96.604,96.693,96.45,96.637
2019-02-11,96.663,97.117,96.619,97.057
2019-02-12,97.06,97.198,96.652,96.709
2019-02-13,96.73,97.263,96.63,97.129
2019-02-14,97.138,97.285,96.949,96.978
2019-02-15,97.055,97.368,96.832,96.904
2019-02-19,96.812,97.085,96.426,96.52
2019-02-20,96.528,96.648,96.286,96.454
2019-02-21,96.492,96.663,96.36,96.605
2019-02-22,96.588,96.784,96.425,96.507
2019-02-25,96.518,96.604,96.319,96.413
2019-02-26,96.39,96.463,95.948,96.003
2019-02-27,96.06,96.19,95.883,96.154
2019-02-28,96.088,96.283,95.824,96.157
2019-03-01,96.222,96.551,96.07,96.527
2019-03-04,96.342,96.816,96.331,96.682
2019-03-05,96.675,97.008,96.663,96.866
2019-03-06,96.896,96.99,96.782,96.873
2019-03-07,96.831,97.71,96.815,97.667
2019-03-08,97.614,97.639,97.245,97.306
2019-03-11,97.394,97.454,96.919,97.215
2019-03-12,97.053,97.278,96.856,96.935
2019-03-13,97.008,97.021,96.385,96.55
2019-03-14,96.487,96.821,96.474,96.785
2019-03-15,96.719,96.786,96.486,96.595
2019-03-18,96.565,96.628,96.376,96.524
2019-03-19,96.51,96.524,96.291,96.383
2019-03-20,96.397,96.573,95.74,95.761
2019-03-21,95.912,96.625,95.837,96.495
2019-03-22,96.318,96.806,96.211,96.651
2019-03-25,96.637,96.681,96.411,96.566
2019-03-26,96.5,96.845,96.453,96.736
2019-03-27,96.745,96.976,96.684,96.774
2019-03-28,96.966,97.304,96.822,97.202
2019-03-29,97.196,97.341,97.005,97.284
2019-04-01,97.178,97.392,97.032,97.232
2019-04-02,97.333,97.517,97.272,97.361
2019-04-03,97.3,97.324,96.962,97.091
2019-04-04,97.036,97.338,97.019,97.308
2019-04-05,97.298,97.466,97.186,97.395
2019-04-08,97.392,97.396,96.982,97.05
2019-04-09,97.076,97.085,96.858,97.006
2019-04-10,96.993,97.216,96.852,96.946
2019-04-11,96.893,97.194,96.876,97.177
2019-04-12,97.135,97.178,96.745,96.972
2019-04-15,96.925,96.964,96.788,96.942
2019-04-16,96.928,97.091,96.883,97.043
2019-04-17,97.074,97.119,96.818,97.009
2019-04-18,97.012,97.485,96.956,97.474
2019-04-22,97.375,97.413,97.258,97.287
2019-04-23,97.283,97.777,97.28,97.636
2019-04-24,97.595,98.189,97.588,98.173
2019-04-25,98.096,98.322,97.987,98.203
2019-04-26,98.12,98.33,97.851,98.006
2019-04-29,98.033,98.104,97.83,97.857
2019-04-30,97.845,97.892,97.439,97.479
2019-05-01,97.528,97.728,97.149,97.686
2019-05-02,97.627,97.851,97.514,97.832
2019-05-03,97.832,98.102,97.407,97.52
2019-05-06,97.562,97.705,97.462,97.515
2019-05-07,97.523,97.743,97.381,97.628
2019-05-08,97.574,97.677,97.417,97.623
2019-05-09,97.582,97.7,97.238,97.373
2019-05-10,97.429,97.452,97.132,97.33
2019-05-13,97.3,97.384,97.028,97.319
2019-05-14,97.319,97.556,97.271,97.526
2019-05-15,97.529,97.7,97.436,97.569
2019-05-16,97.539,97.882,97.444,97.855
2019-05-17,97.828,98.034,97.765,97.995
2019-05-20,97.959,98.036,97.881,97.933
2019-05-21,97.916,98.134,97.823,98.062
2019-05-22,98.017,98.121,97.892,98.041
2019-05-23,98.062,98.371,97.808,97.856
2019-05-24,97.831,97.906,97.546,97.613
2019-05-28,97.738,97.978,97.696,97.952
2019-05-29,97.925,98.207,97.864,98.144
2019-05-30,98.134,98.281,98.088,98.142
2019-05-31,98.152,98.173,97.608,97.75
2019-06-03,97.636,97.802,97.106,97.142
2019-06-04,97.206,97.335,96.995,97.072
2019-06-05,97.117,97.37,96.749,97.32
2019-06-06,97.289,97.35,96.782,97.044
2019-06-07,97.011,97.179,96.459,96.544
2019-06-10,96.645,96.935,96.63,96.761
2019-06-11,96.747,96.884,96.642,96.686
2019-06-12,96.71,97.018,96.582,97
2019-06-13,96.956,97.082,96.873,97.013
2019-06-14,97.014,97.583,96.942,97.572
2019-06-17,97.524,97.603,97.341,97.558
2019-06-18,97.529,97.766,97.368,97.644
2019-06-19,97.634,97.679,97.087,97.117
2019-06-20,97.175,97.196,96.567,96.629
2019-06-21,96.616,96.711,96.093,96.22
2019-06-24,96.182,96.201,95.97,95.98
2019-06-25,96.001,96.364,95.843,96.14
2019-06-26,96.176,96.344,96.068,96.214
2019-06-27,96.175,96.389,96.138,96.194
2019-06-28,96.192,96.302,96.021,96.13
2019-07-01,96.254,96.867,96.251,96.844
2019-07-02,96.813,96.875,96.604,96.726
2019-07-03,96.732,96.872,96.592,96.768
2019-07-05,96.724,97.443,96.718,97.286
2019-07-08,97.23,97.419,97.163,97.384
2019-07-09,97.384,97.588,97.357,97.489
2019-07-10,97.509,97.552,97.035,97.104
2019-07-11,97.061,97.147,96.795,97.05
2019-07-12,97.078,97.116,96.722,96.81
2019-07-15,96.836,96.969,96.749,96.933
2019-07-16,96.918,97.438,96.915,97.395
2019-07-17,97.364,97.444,97.164,97.223
2019-07-18,97.195,97.264,96.671,96.794
2019-07-19,96.824,97.292,96.756,97.151
2019-07-22,97.145,97.302,97.127,97.257
2019-07-23,97.301,97.742,97.297,97.705
2019-07-24,97.715,97.81,97.554,97.729
2019-07-25,97.686,97.92,97.495,97.818
2019-07-26,97.791,98.088,97.761,98.01
2019-07-29,97.991,98.165,97.896,98.044
2019-07-30,98.068,98.206,98.016,98.05
2019-07-31,98.03,98.683,98.005,98.516
2019-08-01,98.594,98.932,98.269,98.369
2019-08-02,98.411,98.448,98.054,98.074
2019-08-05,98.107,98.135,97.378,97.522
2019-08-06,97.249,97.772,97.208,97.63
2019-08-07,97.561,97.851,97.314,97.544
2019-08-08,97.596,97.737,97.427,97.618
2019-08-09,97.573,97.642,97.361,97.491
2019-08-12,97.535,97.738,97.319,97.38
2019-08-13,97.479,97.847,97.317,97.812
2019-08-14,97.804,98.05,97.665,97.987
2019-08-15,97.953,98.237,97.822,98.144
2019-08-16,98.133,98.339,98.109,98.142
2019-08-19,98.17,98.39,98.134,98.347
2019-08-20,98.364,98.45,98.122,98.19
2019-08-21,98.174,98.326,97.948,98.295
2019-08-22,98.252,98.393,98.083,98.17
2019-08-23,98.187,98.45,97.169,97.64
2019-08-26,97.593,98.091,97.477,98.081
2019-08-27,98.053,98.054,97.858,97.999
2019-08-28,98.009,98.264,97.998,98.21
2019-08-29,98.186,98.55,98.157,98.507
2019-08-30,98.432,99.023,98.407,98.916
2019-09-03,99.08,99.37,98.915,99
2019-09-04,98.962,98.97,98.391,98.451
2019-09-05,98.401,98.535,98.085,98.414
2019-09-06,98.419,98.519,98.012,98.394
2019-09-09,98.422,98.509,98.142,98.281
2019-09-10,98.329,98.463,98.259,98.326
2019-09-11,98.334,98.745,97.861,98.645
2019-09-12,98.633,99.099,98.189,98.309
2019-09-13,98.414,98.429,97.858,98.257
2019-09-16,98.12,98.712,98.026,98.61
2019-09-17,98.649,98.744,98.186,98.261
2019-09-18,98.207,98.693,98.193,98.561
2019-09-19,98.569,98.623,98.2,98.272
2019-09-20,98.34,98.638,98.144,98.513
2019-09-23,98.51,98.832,98.446,98.599
2019-09-24,98.643,98.705,98.29,98.337
2019-09-25,98.38,99.064,98.362,99.037
2019-09-26,98.962,99.276,98.838,99.132
2019-09-27,99.186,99.308,98.986,99.109
2019-09-30,99.117,99.459,99.052,99.377
2019-10-01,99.399,99.667,99.074,99.128
2019-10-02,99.164,99.415,98.96,99.019
2019-10-03,99.028,99.192,98.639,98.864
2019-10-04,98.873,98.996,98.735,98.808
2019-10-07,98.82,99.005,98.741,98.967
2019-10-08,98.977,99.249,98.848,99.133
2019-10-09,99.092,99.161,98.9,99.118
2019-10-10,98.98,99.067,98.619,98.701
2019-10-11,98.704,98.742,98.197,98.301
2019-10-14,98.363,98.531,98.341,98.454
2019-10-15,98.448,98.645,98.209,98.288
2019-10-16,98.32,98.42,97.898,98.002
2019-10-17,97.992,98.113,97.496,97.607
2019-10-18,97.599,97.659,97.141,97.282
2019-10-21,97.338,97.4,97.146,97.328
2019-10-22,97.312,97.573,97.261,97.526
2019-10-23,97.489,97.65,97.42,97.491
2019-10-24,97.457,97.777,97.283,97.631
2019-10-25,97.688,97.904,97.571,97.831
2019-10-28,97.849,97.894,97.674,97.764
2019-10-29,97.755,97.929,97.613,97.69
2019-10-30,97.673,98.004,97.447,97.646
2019-10-31,97.443,97.454,97.22,97.352
2019-11-01,97.298,97.454,97.107,97.239
2019-11-04,97.222,97.576,97.166,97.505
2019-11-05,97.548,98.006,97.469,97.983
2019-11-06,97.936,97.979,97.779,97.952
2019-11-07,97.946,98.234,97.821,98.143
2019-11-08,98.138,98.404,98.103,98.353
2019-11-11,98.367,98.382,98.128,98.2
2019-11-12,98.209,98.423,98.206,98.309
2019-11-13,98.326,98.447,98.292,98.373
2019-11-14,98.338,98.424,98.112,98.163
2019-11-15,98.166,98.234,97.964,97.999
2019-11-18,97.98,97.983,97.678,97.794
2019-11-19,97.807,97.886,97.751,97.856
2019-11-20,97.845,98.038,97.845,97.934
2019-11-21,97.86,98.033,97.727,97.993
2019-11-22,97.929,98.305,97.836,98.27
2019-11-25,98.265,98.381,98.174,98.323
2019-11-26,98.333,98.377,98.229,98.252
2019-11-27,98.297,98.44,98.28,98.37
2019-11-29,98.345,98.544,98.225,98.273
2019-12-02,98.271,98.376,97.811,97.856
2019-12-03,97.891,97.94,97.644,97.737
2019-12-04,97.709,97.788,97.433,97.648
2019-12-05,97.591,97.595,97.358,97.41
2019-12-06,97.38,97.844,97.355,97.7
2019-12-09,97.677,97.724,97.558,97.644
2019-12-10,97.65,97.659,97.401,97.413
2019-12-11,97.512,97.596,97.039,97.078
2019-12-12,97.082,97.519,96.588,97.397
2019-12-13,96.777,97.237,96.719,97.172
2019-12-16,97.176,97.176,96.93,97.019
2019-12-17,97.142,97.295,97.028,97.222
2019-12-18,97.235,97.475,97.221,97.4
2019-12-19,97.403,97.486,97.224,97.379
2019-12-20,97.395,97.758,97.382,97.69
2019-12-23,97.672,97.817,97.583,97.658
2019-12-24,97.663,97.795,97.615,97.654
2019-12-26,97.625,97.708,97.493,97.534
2019-12-27,97.543,97.552,96.915,96.919
2019-12-30,97.015,97.015,96.606,96.74
2019-12-31,96.733,96.733,96.355,96.389
2020-01-02,96.477,96.873,96.425,96.846
2020-01-03,96.788,97.105,96.71,96.838
2020-01-06,96.897,96.897,96.54,96.671
2020-01-07,96.653,97.091,96.621,97.005
2020-01-08,96.825,97.35,96.818,97.299
2020-01-09,97.27,97.556,97.246,97.45
2020-01-10,97.432,97.584,97.295,97.356
2020-01-13,97.348,97.53,97.308,97.345
2020-01-14,97.362,97.562,97.328,97.372
2020-01-15,97.377,97.44,97.158,97.229
2020-01-16,97.184,97.363,97.085,97.32
2020-01-17,97.305,97.655,97.267,97.606
2020-01-21,97.633,97.656,97.392,97.531
2020-01-22,97.622,97.686,97.441,97.527
2020-01-23,97.484,97.802,97.426,97.693
2020-01-24,97.719,97.946,97.667,97.853
2020-01-27,97.884,98,97.783,97.956
2020-01-28,97.951,98.156,97.904,98.018
2020-01-29,97.946,98.188,97.943,97.991
2020-01-30,98.028,98.074,97.791,97.867
2020-01-31,97.866,97.968,97.354,97.39
2020-02-03,97.367,97.887,97.367,97.8
2020-02-04,97.818,98.006,97.787,97.961
2020-02-05,97.941,98.318,97.901,98.301
2020-02-06,98.29,98.572,98.209,98.496
2020-02-07,98.459,98.718,98.417,98.684
2020-02-10,98.699,98.882,98.599,98.832
2020-02-11,98.863,98.952,98.708,98.721
2020-02-12,98.768,99.051,98.705,99.049
2020-02-13,98.99,99.11,98.854,99.067
2020-02-14,99.124,99.166,98.997,99.124
2020-02-18,99.192,99.474,99.139,99.44
2020-02-19,99.434,99.722,99.378,99.705
2020-02-20,99.538,99.91,99.528,99.865
2020-02-21,99.857,99.87,99.231,99.262
2020-02-24,99.337,99.638,99.113,99.359
2020-02-25,99.327,99.388,98.883,98.968
2020-02-26,99.082,99.266,98.913,98.996
2020-02-27,99.018,99.051,98.361,98.508
2020-02-28,98.421,98.658,97.96,98.132
2020-03-02,98.122,98.122,97.181,97.36
2020-03-03,97.563,97.695,96.979,97.153
2020-03-04,97.168,97.594,97.119,97.336
2020-03-05,97.384,97.436,96.515,96.82
2020-03-06,96.614,96.702,95.711,95.951
2020-03-09,96.108,96.108,94.65,94.895
2020-03-10,95.339,96.582,95.226,96.414
2020-03-11,96.329,96.692,95.914,96.507
2020-03-12,96.653,98.311,96.079,97.468
2020-03-13,97.448,98.81,97.335,98.749
2020-03-16,98.696,98.696,97.446,98.069
2020-03-17,98.138,99.832,97.981,99.575
2020-03-18,99.38,101.743,99.154,101.16
2020-03-19,100.789,102.938,100.77,102.755
2020-03-20,102.936,102.992,101.086,102.817
2020-03-23,101.947,102.979,101.653,102.487
2020-03-24,102.131,102.213,101.05,102.039
2020-03-25,101.596,101.91,100.842,101.05
2020-03-26,100.956,101.018,99.239,99.352
2020-03-27,99.291,99.813,98.27,98.365
2020-03-30,98.306,99.319,98.289,99.181
2020-03-31,99.253,99.948,98.893,99.048
2020-04-01,99.01,99.842,98.911,99.673
2020-04-02,99.509,100.409,99.335,100.18
2020-04-03,100.202,100.853,100.143,100.576
2020-04-06,100.659,100.931,100.475,100.685
2020-04-07,100.753,100.79,99.77,99.9
2020-04-08,99.909,100.43,99.902,100.119
2020-04-09,100.134,100.299,99.362,99.517
2020-04-13,99.487,99.63,99.139,99.348
2020-04-14,99.383,99.427,98.825,98.887
2020-04-15,98.818,99.976,98.817,99.461
2020-04-16,99.627,100.302,99.612,100.025
2020-04-17,99.859,100.294,99.621,99.782
2020-04-20,99.712,100.073,99.652,99.955
2020-04-21,99.943,100.478,99.928,100.258
2020-04-22,100.21,100.497,99.897,100.388
2020-04-23,100.448,100.691,100.037,100.433
2020-04-24,100.497,100.867,100.186,100.38
2020-04-27,100.23,100.319,99.833,100.041
2020-04-28,100.056,100.209,99.45,99.865
2020-04-29,99.876,99.885,99.465,99.565
2020-04-30,99.481,99.725,98.805,99.016
2020-05-01,99.126,99.214,98.645,99.079
2020-05-04,98.565,99.599,98.565,99.484
2020-05-05,99.506,99.97,99.299,99.709
2020-05-06,99.795,100.2,99.751,100.091
2020-05-07,100.209,100.401,99.812,99.889
2020-05-08,99.838,99.944,99.097,99.734
2020-05-11,99.118,100.281,99.118,100.236
2020-05-12,100.229,100.44,99.663,99.933
2020-05-13,100.008,100.276,99.577,100.242
2020-05-14,100.187,100.556,100.148,100.466
2020-05-15,100.259,100.488,100.08,100.402
2020-05-18,100.363,100.467,99.58,99.665
2020-05-19,99.619,99.731,99.23,99.371
2020-05-20,99.554,99.562,99.002,99.124
2020-05-21,99.175,99.512,99.023,99.37
2020-05-22,99.421,99.873,99.385,99.863
2020-05-26,99.765,99.773,98.898,98.908
2020-05-27,99.016,99.342,98.716,99.062
2020-05-28,98.913,99.092,98.353,98.383
2020-05-29,98.515,98.547,97.945,98.344
2020-06-01,98.297,98.322,97.787,97.83
2020-06-02,97.841,97.909,97.43,97.673
2020-06-03,97.566,97.626,97.185,97.276
2020-06-04,97.322,97.634,96.572,96.677
2020-06-05,96.743,97.032,96.442,96.937
2020-06-08,96.842,97.069,96.598,96.618
2020-06-09,96.629,97.063,96.226,96.324
2020-06-10,96.431,96.456,95.716,95.959
2020-06-11,96.094,96.827,95.95,96.733
2020-06-12,96.805,97.454,96.492,97.319
2020-06-15,97.088,97.39,96.597,96.706
2020-06-16,96.563,97.252,96.431,96.958
2020-06-17,97.006,97.338,96.801,97.158
2020-06-18,97.077,97.58,96.951,97.421
2020-06-19,97.422,97.717,97.159,97.623
2020-06-22,97.663,97.739,97.005,97.039
2020-06-23,96.932,97.245,96.385,96.646
2020-06-24,96.657,97.24,96.55,97.148
2020-06-25,97.242,97.597,97.163,97.429
2020-06-26,97.35,97.682,97.258,97.433
2020-06-29,97.499,97.646,97.114,97.536
2020-06-30,97.396,97.802,97.23,97.391
2020-07-01,97.391,97.622,97.029,97.196
2020-07-02,97.145,97.34,96.81,97.317
2020-07-06,97.151,97.195,96.569,96.725
2020-07-07,96.751,97.152,96.6,96.881
2020-07-08,96.987,97.052,96.403,96.428
2020-07-09,96.452,96.814,96.235,96.7
2020-07-10,96.752,96.974,96.439,96.652
2020-07-13,96.658,96.68,96.27,96.464
2020-07-14,96.541,96.701,96.179,96.259
2020-07-15,96.172,96.249,95.777,96.081
2020-07-16,96.003,96.402,95.893,96.346
2020-07-17,96.281,96.329,95.901,95.942
2020-07-20,96.006,96.179,95.734,95.832
2020-07-21,95.745,95.917,95.047,95.117
2020-07-22,95.128,95.412,94.829,94.988
2020-07-23,94.98,95.181,94.59,94.692
2020-07-24,94.767,94.833,94.334,94.435
2020-07-27,94.346,94.416,93.476,93.668
2020-07-28,93.581,94.007,93.493,93.696
2020-07-29,93.748,93.799,93.18,93.453
2020-07-30,93.319,93.679,92.929,93.021
2020-07-31,92.824,93.538,92.546,93.349
2020-08-03,93.455,93.991,93.318,93.542
2020-08-04,93.557,93.834,93.227,93.382
2020-08-05,93.232,93.245,92.563,92.868
2020-08-06,92.773,93.086,92.521,92.788
2020-08-07,92.812,93.623,92.763,93.435
2020-08-10,93.392,93.695,93.296,93.582
2020-08-11,93.596,93.741,93.171,93.628
2020-08-12,93.683,93.905,93.268,93.443
2020-08-13,93.365,93.388,92.928,93.335
2020-08-14,93.218,93.409,93.015,93.096
2020-08-17,93.095,93.123,92.77,92.851
2020-08-18,92.821,92.821,92.127,92.271
2020-08-19,92.279,93.053,92.154,92.887
2020-08-20,92.956,93.238,92.726,92.793
2020-08-21,92.722,93.473,92.575,93.247
2020-08-24,93.199,93.344,92.84,93.298
2020-08-25,93.282,93.347,92.967,93.019
2020-08-26,93.021,93.364,92.85,93.006
2020-08-27,92.854,93.319,92.417,93.001
2020-08-28,93.018,93.096,92.198,92.371
2020-08-31,92.299,92.478,91.993,92.144
2020-09-01,92.184,92.399,91.746,92.338
2020-09-02,92.279,92.87,92.208,92.847
2020-09-03,92.66,93.068,92.65,92.739
2020-09-04,92.803,93.238,92.662,92.719
2020-09-08,93.054,93.523,93.002,93.445
2020-09-09,93.581,93.662,93.142,93.255
2020-09-10,93.233,93.451,92.7,93.336
2020-09-11,93.327,93.382,93.096,93.333
2020-09-14,93.293,93.328,92.873,93.052
2020-09-15,93.055,93.142,92.785,93.05
2020-09-16,93.08,93.284,92.783,93.214
2020-09-17,93.147,93.592,92.87,92.97
2020-09-18,92.864,93.012,92.766,92.926
2020-09-21,93.005,93.777,92.749,93.656
2020-09-22,93.553,94.081,93.465,93.988
2020-09-23,93.987,94.428,93.93,94.389
2020-09-24,94.378,94.594,94.196,94.354
2020-09-25,94.319,94.742,94.19,94.642
2020-09-28,94.577,94.636,94.15,94.278
2020-09-29,94.241,94.296,93.824,93.891
2020-09-30,93.849,94.19,93.667,93.886
2020-10-01,93.797,93.917,93.527,93.711
2020-10-02,93.734,94.031,93.687,93.844
2020-10-05,93.81,93.874,93.372,93.513
2020-10-06,93.435,93.851,93.335,93.686
2020-10-07,93.83,93.9,93.56,93.63
2020-10-08,93.609,93.778,93.497,93.605
2020-10-09,93.563,93.588,93.005,93.057
2020-10-12,93.06,93.242,93.014,93.065
2020-10-13,93.033,93.597,93.033,93.531
2020-10-14,93.544,93.667,93.246,93.382
2020-10-15,93.434,93.904,93.368,93.856
2020-10-16,93.802,93.878,93.531,93.682
2020-10-19,93.722,93.766,93.214,93.427
2020-10-20,93.421,93.503,92.997,93.067
2020-10-21,93.048,93.071,92.474,92.611
2020-10-22,92.668,92.973,92.61,92.951
2020-10-23,92.928,93.126,92.664,92.768
2020-10-26,92.763,93.113,92.74,93.045
2020-10-27,93.072,93.133,92.787,92.94
2020-10-28,93.151,93.645,93.047,93.405
2020-10-29,93.458,94.102,93.335,93.955
2020-10-30,93.918,94.077,93.651,94.038
2020-11-02,93.887,94.285,93.887,94.129
2020-11-03,94.051,94.051,93.29,93.553
2020-11-04,93.092,94.302,93.092,93.407
2020-11-05,93.343,93.545,92.485,92.525
2020-11-06,92.572,92.819,92.184,92.229
2020-11-09,92.235,92.962,92.13,92.725
2020-11-10,92.762,92.974,92.604,92.749
2020-11-11,92.7,93.208,92.612,93.043
2020-11-12,93.011,93.136,92.775,92.963
2020-11-13,92.954,93.005,92.709,92.755
2020-11-16,92.724,92.844,92.464,92.642
2020-11-17,92.494,92.608,92.267,92.416
2020-11-18,92.442,92.514,92.213,92.316
2020-11-19,92.56,92.72,92.237,92.294
2020-11-20,92.342,92.432,92.206,92.392
2020-11-23,92.397,92.8,92.016,92.505
2020-11-24,92.526,92.559,92.129,92.226
2020-11-25,92.112,92.26,91.928,91.994
2020-11-27,92.02,92.047,91.758,91.79
2020-11-30,91.782,92.051,91.506,91.869
2020-12-01,91.945,91.945,91.158,91.313
2020-12-02,91.191,91.501,90.991,91.118
2020-12-03,91.055,91.091,90.511,90.714
2020-12-04,90.712,90.872,90.476,90.701
2020-12-07,90.805,91.238,90.617,90.792
2020-12-08,90.899,91.017,90.752,90.965
2020-12-09,90.919,91.2,90.693,91.087
2020-12-10,91.059,91.151,90.666,90.824
2020-12-11,90.738,91.041,90.616,90.976
2020-12-14,90.98,90.98,90.421,90.711
2020-12-15,90.693,90.821,90.423,90.473
2020-12-16,90.492,90.704,90.128,90.45
2020-12-17,90.272,90.272,89.73,89.822
2020-12-18,89.828,90.133,89.828,90.016
2020-12-21,89.924,91.018,89.924,90.043
2020-12-22,90.09,90.718,90.059,90.654
2020-12-23,90.52,90.666,90.156,90.413
2020-12-24,90.278,90.381,90.151,90.323
2020-12-28,90.223,90.378,89.98,90.337
2020-12-29,90.209,90.227,89.853,89.994
2020-12-30,89.979,89.979,89.559,89.68
2020-12-31,89.612,89.978,89.516,89.937
2021-01-04,89.931,89.944,89.423,89.869
2021-01-05,89.903,89.903,89.428,89.436
2021-01-06,89.479,89.802,89.209,89.53
2021-01-07,89.321,89.969,89.321,89.826
2021-01-08,89.832,90.248,89.664,90.098
2021-01-11,90.066,90.728,90.027,90.465
2021-01-12,90.519,90.617,90.03,90.093
2021-01-13,90.001,90.45,89.923,90.355
2021-01-14,90.276,90.578,90.075,90.239
2021-01-15,90.224,90.801,90.223,90.772
2021-01-19,90.728,90.762,90.402,90.498
2021-01-20,90.408,90.697,90.275,90.475
2021-01-21,90.418,90.452,90.048,90.131
2021-01-22,90.051,90.307,90.051,90.238
2021-01-25,90.226,90.519,90.083,90.391
2021-01-26,90.393,90.613,90.117,90.17
2021-01-27,90.154,90.88,90.153,90.647
2021-01-28,90.73,90.863,90.405,90.455
2021-01-29,90.562,90.78,90.363,90.584
2021-02-01,90.533,91.063,90.502,90.98
2021-02-02,91,91.287,90.801,91.197
2021-02-03,91.046,91.309,90.987,91.171
2021-02-04,91.09,91.583,91.085,91.529
2021-02-05,91.494,91.602,90.984,91.042
2021-02-08,91.004,91.235,90.896,90.934
2021-02-09,90.911,90.928,90.426,90.439
2021-02-10,90.492,90.527,90.251,90.371
2021-02-11,90.459,90.474,90.262,90.417
2021-02-12,90.411,90.742,90.38,90.48
2021-02-16,90.293,90.648,90.118,90.509
2021-02-17,90.711,91.056,90.617,90.951
2021-02-18,90.9,90.981,90.541,90.592
2021-02-19,90.57,90.653,90.177,90.364
2021-02-22,90.34,90.575,89.995,90.01
2021-02-23,90.023,90.264,89.943,90.169
2021-02-24,90.101,90.43,89.981,90.176
2021-02-25,90.071,90.288,89.683,90.134
2021-02-26,90.36,90.973,90.132,90.879
2021-03-01,90.929,91.136,90.686,91.039
2021-03-02,91.028,91.394,90.725,90.785
2021-03-03,90.792,91.063,90.632,90.947
2021-03-04,91.01,91.673,90.972,91.631
2021-03-05,91.656,92.192,91.624,91.977
2021-03-08,91.985,92.421,91.842,92.313
2021-03-09,92.463,92.503,91.907,91.958
2021-03-10,92.047,92.241,91.768,91.823
2021-03-11,91.786,91.878,91.365,91.42
2021-03-12,91.427,91.963,91.4,91.679
2021-03-15,91.663,91.965,91.54,91.833
2021-03-16,91.827,92.027,91.679,91.865
2021-03-17,91.858,92.004,91.373,91.442
2021-03-18,91.397,91.904,91.301,91.862
2021-03-19,91.834,92.166,91.657,91.919
2021-03-22,91.744,92.154,91.709,91.742
2021-03-23,91.8,92.395,91.757,92.336
2021-03-24,92.385,92.611,92.34,92.528
2021-03-25,92.598,92.917,92.513,92.809
2021-03-26,92.812,92.872,92.645,92.766
2021-03-29,92.723,92.964,92.72,92.944
2021-03-30,92.912,93.354,92.881,93.297
2021-03-31,93.24,93.437,92.989,93.232
2021-04-01,93.216,93.336,92.875,92.929
2021-04-05,92.891,93.071,92.832,93.022
2021-04-06,92.574,92.788,92.272,92.335
2021-04-07,92.32,92.499,92.137,92.455
2021-04-08,92.416,92.478,91.999,92.059
2021-04-09,92.073,92.413,92.025,92.163
2021-04-12,92.182,92.33,92.01,92.138
2021-04-13,92.076,92.325,91.793,91.852
2021-04-14,91.827,91.829,91.574,91.69
2021-04-15,91.627,91.746,91.493,91.668
2021-04-16,91.659,91.813,91.486,91.556
2021-04-19,91.537,91.746,91.034,91.069
2021-04-20,91.048,91.279,90.856,91.241
2021-04-21,91.206,91.428,91.086,91.155
2021-04-22,91.111,91.419,91,91.333
2021-04-23,91.288,91.298,90.81,90.859
2021-04-26,90.832,90.986,90.682,90.807
2021-04-27,90.877,91.071,90.814,90.909
2021-04-28,90.898,91.128,90.553,90.609
2021-04-29,90.551,90.789,90.424,90.614
2021-04-30,90.631,91.322,90.591,91.28
2021-05-03,91.297,91.387,90.867,90.945
2021-05-04,91.002,91.398,90.986,91.288
2021-05-05,91.278,91.436,91.173,91.308
2021-05-06,91.271,91.379,90.876,90.951
2021-05-07,90.875,90.959,90.191,90.233
2021-05-10,90.229,90.339,90.042,90.212
2021-05-11,90.239,90.357,89.982,90.141
2021-05-12,90.194,90.796,90.163,90.713
2021-05-13,90.747,90.907,90.587,90.752
2021-05-14,90.756,90.803,90.282,90.321
2021-05-17,90.304,90.428,90.147,90.164
2021-05-18,90.18,90.203,89.693,89.75
2021-05-19,89.782,90.287,89.688,90.191
2021-05-20,90.209,90.232,89.748,89.808
2021-05-21,89.778,90.154,89.65,90.017
2021-05-24,90.029,90.103,89.763,89.844
2021-05-25,89.851,89.868,89.535,89.639
2021-05-26,89.694,90.109,89.586,90.042
2021-05-27,90.079,90.179,89.893,89.971
2021-05-28,90.034,90.441,89.982,90.031
2021-06-01,89.813,89.94,89.663,89.831
2021-06-02,89.921,90.246,89.857,89.909
2021-06-03,89.926,90.551,89.887,90.512
2021-06-04,90.467,90.627,90.026,90.136
2021-06-07,90.134,90.301,89.914,89.95
2021-06-08,89.985,90.176,89.955,90.076
2021-06-09,90.132,90.165,89.837,90.12
2021-06-10,90.143,90.31,89.984,90.075
2021-06-11,90.07,90.611,89.957,90.555
2021-06-14,90.51,90.601,90.412,90.522
2021-06-15,90.484,90.675,90.346,90.536
2021-06-16,90.537,91.402,90.441,91.129
2021-06-17,91.425,92.008,91.306,91.889
2021-06-18,91.882,92.405,91.809,92.225
2021-06-21,92.321,92.373,91.829,91.899
2021-06-22,91.877,92.138,91.645,91.756
2021-06-23,91.73,91.902,91.513,91.802
2021-06-24,91.8,91.906,91.661,91.814
2021-06-25,91.826,91.877,91.525,91.851
2021-06-28,91.811,92.015,91.699,91.887
2021-06-29,91.875,92.194,91.855,92.049
2021-06-30,92.079,92.448,92.001,92.436
2021-07-01,92.349,92.601,92.263,92.597
2021-07-02,92.57,92.741,92.177,92.226
2021-07-06,92.24,92.662,92.004,92.546
2021-07-07,92.525,92.845,92.425,92.644
2021-07-08,92.696,92.791,92.244,92.417
2021-07-09,92.36,92.541,92.09,92.13
2021-07-12,92.102,92.42,92.083,92.261
2021-07-13,92.228,92.813,92.14,92.752
2021-07-14,92.802,92.829,92.349,92.41
2021-07-15,92.395,92.694,92.272,92.624
2021-07-16,92.587,92.756,92.53,92.687
2021-07-19,92.712,93.039,92.635,92.891
2021-07-20,92.876,93.17,92.801,92.973
2021-07-21,92.969,93.191,92.726,92.754
2021-07-22,92.803,92.923,92.507,92.822
2021-07-23,92.807,93.024,92.779,92.912
2021-07-26,92.906,92.959,92.531,92.649
2021-07-27,92.626,92.836,92.317,92.432
2021-07-28,92.458,92.749,92.235,92.322
2021-07-29,92.265,92.289,91.856,91.864
2021-07-30,91.851,92.201,91.782,92.174
2021-08-02,92.09,92.171,91.912,92.048
2021-08-03,92.056,92.155,91.894,92.081
2021-08-04,92.039,92.308,91.817,92.27
2021-08-05,92.277,92.351,92.115,92.244
2021-08-06,92.265,92.841,92.261,92.8
2021-08-09,92.779,92.989,92.719,92.945
2021-08-10,92.977,93.139,92.939,93.055
2021-08-11,93.066,93.192,92.801,92.922
2021-08-12,92.888,93.035,92.846,93.035
2021-08-13,92.966,93.011,92.471,92.518
2021-08-16,92.523,92.661,92.481,92.628
2021-08-17,92.617,93.165,92.611,93.13
2021-08-18,93.144,93.264,92.956,93.136
2021-08-19,93.14,93.584,93.14,93.568
2021-08-20,93.563,93.729,93.434,93.496
2021-08-23,93.459,93.505,92.948,92.958
2021-08-24,92.987,93.084,92.806,92.893
2021-08-25,92.883,93.126,92.805,92.825
2021-08-26,92.83,93.078,92.81,93.062
2021-08-27,93.033,93.181,92.629,92.686
2021-08-30,92.681,92.788,92.598,92.653
2021-08-31,92.705,92.749,92.403,92.626
2021-09-01,92.663,92.789,92.378,92.449
2021-09-02,92.511,92.535,92.21,92.225
2021-09-03,92.224,92.26,91.947,92.035
2021-09-07,92.202,92.569,92.104,92.512
2021-09-08,92.541,92.862,92.473,92.653
2021-09-09,92.708,92.761,92.38,92.479
2021-09-10,92.534,92.649,92.33,92.582
2021-09-13,92.611,92.885,92.566,92.675
2021-09-14,92.619,92.68,92.322,92.623
2021-09-15,92.676,92.68,92.422,92.548
2021-09-16,92.461,92.964,92.458,92.932
2021-09-17,92.876,93.248,92.765,93.195
2021-09-20,93.246,93.453,93.185,93.276
2021-09-21,93.239,93.285,93.052,93.204
2021-09-22,93.225,93.514,92.992,93.462
2021-09-23,93.48,93.524,92.981,93.033
2021-09-24,93.072,93.419,93.046,93.327
2021-09-27,93.277,93.49,93.208,93.383
2021-09-28,93.412,93.806,93.363,93.766
2021-09-29,93.724,94.432,93.672,94.338
2021-09-30,94.353,94.503,94.109,94.23
2021-10-01,94.305,94.393,93.988,94.035
2021-10-04,94.071,94.104,93.678,93.776
2021-10-05,93.832,94.065,93.807,93.975
2021-10-06,93.99,94.447,93.984,94.266
2021-10-07,94.228,94.282,94.082,94.217
2021-10-08,94.207,94.336,93.939,94.067
2021-10-11,94.104,94.401,94.029,94.316
2021-10-12,94.37,94.561,94.229,94.516
2021-10-13,94.518,94.531,94.002,94.08
2021-10-14,94.023,94.087,93.759,93.956
2021-10-15,94.034,94.066,93.847,93.937
2021-10-18,93.954,94.171,93.869,93.953
2021-10-19,93.946,93.947,93.504,93.734
2021-10-20,93.808,93.879,93.541,93.558
2021-10-21,93.582,93.79,93.496,93.77
2021-10-22,93.75,93.786,93.536,93.642
2021-10-25,93.659,93.964,93.484,93.813
2021-10-26,93.842,94.022,93.705,93.949
2021-10-27,93.966,94.007,93.693,93.802
2021-10-28,93.884,93.969,93.278,93.345
2021-10-29,93.359,94.3,93.322,94.123
2021-11-01,94.134,94.309,93.858,93.879
2021-11-02,93.926,94.132,93.818,94.09
2021-11-03,94.122,94.212,93.82,93.864
2021-11-04,93.858,94.473,93.825,94.347
2021-11-05,94.337,94.62,94.186,94.32
2021-11-08,94.25,94.378,93.994,94.049
2021-11-09,94.091,94.153,93.875,93.955
2021-11-10,93.983,94.903,93.967,94.85
2021-11-11,94.844,95.196,94.841,95.178
2021-11-12,95.183,95.265,94.997,95.128
2021-11-15,95.122,95.595,94.967,95.407
2021-11-16,95.467,95.978,95.4,95.915
2021-11-17,95.939,96.241,95.726,95.828
2021-11-18,95.798,95.841,95.518,95.544
2021-11-19,95.585,96.239,95.58,96.031
2021-11-22,96.066,96.549,96.038,96.548
2021-11-23,96.456,96.609,96.309,96.491
2021-11-24,96.525,96.938,96.435,96.875
2021-11-26,96.722,96.77,95.753,96.043
2021-11-29,96.071,96.445,96.071,96.341
2021-11-30,96.224,96.642,95.517,95.994
2021-12-01,95.936,96.136,95.67,96.028
2021-12-02,96.074,96.175,95.827,96.156
2021-12-03,96.117,96.448,95.967,96.117
2021-12-06,96.151,96.427,96.125,96.328
2021-12-07,96.299,96.592,96.172,96.369
2021-12-08,96.256,96.379,95.849,95.894
2021-12-09,95.96,96.338,95.96,96.271
2021-12-10,96.215,96.427,95.976,96.097
2021-12-13,96.05,96.445,96.05,96.317
2021-12-14,96.352,96.587,96.099,96.571
2021-12-15,96.55,96.906,96.297,96.511
2021-12-16,96.433,96.446,95.851,96.042
2021-12-17,96.004,96.689,95.877,96.565
2021-12-20,96.672,96.69,96.335,96.551
2021-12-21,96.536,96.639,96.341,96.491
2021-12-22,96.468,96.602,96.02,96.076
2021-12-23,96.033,96.277,95.99,96.019
2021-12-27,96.149,96.257,96.048,96.093
2021-12-28,96.065,96.278,95.996,96.202
2021-12-29,96.15,96.395,95.764,95.929
2021-12-30,95.887,96.223,95.86,95.968
2021-12-31,95.986,96.107,95.57,95.598
2022-01-03,95.67,96.327,95.625,96.213
2022-01-04,96.186,96.462,96.032,96.262
2022-01-05,96.308,96.334,95.886,96.171
2022-01-06,96.203,96.387,96.035,96.32
2022-01-07,96.261,96.295,95.712,95.719
2022-01-10,95.739,96.229,95.739,95.991
2022-01-11,95.929,96.07,95.583,95.624
2022-01-12,95.579,95.69,94.907,94.915
2022-01-13,94.991,95.022,94.66,94.79
2022-01-14,94.871,95.266,94.629,95.165
2022-01-18,95.223,95.83,95.129,95.732
2022-01-19,95.771,95.791,95.492,95.51
2022-01-20,95.587,95.861,95.419,95.735
2022-01-21,95.809,95.838,95.495,95.642
2022-01-24,95.636,96.127,95.627,95.918
2022-01-25,95.934,96.272,95.897,95.948
2022-01-26,95.962,96.536,95.911,96.39
2022-01-27,96.545,97.292,96.533,97.255
2022-01-28,97.25,97.441,97.055,97.27
2022-01-31,97.217,97.297,96.518,96.54
2022-02-01,96.702,96.722,96.235,96.385
2022-02-02,96.268,96.301,95.806,95.936
2022-02-03,96.022,96.25,95.237,95.379
2022-02-04,95.307,95.701,95.137,95.485
2022-02-07,95.478,95.631,95.354,95.399
2022-02-08,95.429,95.75,95.398,95.643
2022-02-09,95.589,95.674,95.383,95.494
2022-02-10,95.568,96.002,95.173,95.553
2022-02-11,95.941,96.111,95.641,96.082
2022-02-14,96.034,96.435,95.906,96.374
2022-02-15,96.244,96.287,95.957,95.989
2022-02-16,96.007,96.062,95.677,95.701
2022-02-17,95.772,96.107,95.711,95.8
2022-02-18,95.831,96.165,95.729,96.043
2022-02-22,96.081,96.257,95.841,96.025
2022-02-23,96.04,96.236,95.848,96.19
2022-02-24,96.223,97.735,96.223,97.137
2022-02-25,97.003,97.221,96.523,96.615
2022-02-28,96.541,97.421,96.541,96.707
2022-03-01,96.765,97.576,96.626,97.409
2022-03-02,97.369,97.829,97.293,97.385
2022-03-03,97.471,97.953,97.429,97.785
2022-03-04,98.043,98.916,97.836,98.648
2022-03-07,98.509,99.418,98.509,99.293
2022-03-08,99.244,99.323,98.708,99.062
2022-03-09,99.116,99.116,97.853,97.968
2022-03-10,98.06,98.596,97.712,98.507
2022-03-11,98.361,99.157,98.267,99.124
2022-03-14,99.126,99.292,98.682,98.999
2022-03-15,99.126,99.2,98.638,99.097
2022-03-16,98.889,99.079,98.295,98.618
2022-03-17,98.503,98.508,97.727,97.974
2022-03-18,97.999,98.623,97.837,98.233
2022-03-21,98.237,98.528,98.157,98.498
2022-03-22,98.491,98.965,98.323,98.493
2022-03-23,98.475,98.883,98.388,98.622
2022-03-24,98.635,98.957,98.595,98.789
2022-03-25,98.749,98.834,98.4,98.789
2022-03-28,98.807,99.369,98.796,99.091
2022-03-29,99.076,99.295,98.037,98.404
2022-03-30,98.37,98.43,97.685,97.792
2022-03-31,97.833,98.396,97.69,98.312
2022-04-01,98.335,98.744,98.309,98.632
2022-04-04,98.566,99.082,98.519,99
2022-04-05,98.997,99.524,98.838,99.472
2022-04-06,99.471,99.769,99.313,99.599
2022-04-07,99.65,99.832,99.399,99.751
2022-04-08,99.823,100.189,99.743,99.796
2022-04-11,99.837,100.049,99.615,99.932
2022-04-12,100.035,100.333,99.74,100.292
2022-04-13,100.341,100.523,99.832,99.875
2022-04-14,99.792,100.761,99.571,100.321
2022-04-18,100.5,100.864,100.459,100.781
2022-04-19,100.833,101.028,100.696,100.961
2022-04-20,100.98,101.035,100.22,100.39
2022-04-21,100.349,100.638,99.818,100.578
2022-04-22,100.62,101.331,100.473,101.22
2022-04-25,101.118,101.856,101.04,101.752
2022-04-26,101.727,102.363,101.51,102.303
2022-04-27,102.277,103.282,102.222,102.954
2022-04-28,103.037,103.928,102.979,103.623
2022-04-29,103.673,103.673,102.818,102.959
2022-05-02,103.212,103.747,103.107,103.744
2022-05-03,103.596,103.673,103.029,103.465
2022-05-04,103.464,103.615,102.457,102.587
2022-05-05,102.677,103.942,102.352,103.752
2022-05-06,103.558,104.061,103.186,103.66
2022-05-09,103.659,104.187,103.392,103.651
2022-05-10,103.727,103.978,103.499,103.92
2022-05-11,103.904,104.105,103.372,103.846
2022-05-12,104.008,104.925,103.877,104.851
2022-05-13,104.769,105.005,104.465,104.563
2022-05-16,104.465,104.643,104.138,104.187
2022-05-17,104.166,104.23,103.226,103.36
2022-05-18,103.337,103.931,103.194,103.81
2022-05-19,103.832,103.877,102.657,102.724
2022-05-20,102.903,103.261,102.771,103.15
2022-05-23,103.025,103.05,102.04,102.076
2022-05-24,102.108,102.316,101.646,101.857
2022-05-25,101.772,102.449,101.728,102.056
2022-05-26,102.02,102.266,101.738,101.829
2022-05-27,101.718,101.936,101.433,101.668
2022-05-31,101.435,102.166,101.414,101.752
2022-06-01,101.761,102.731,101.738,102.498
2022-06-02,102.548,102.618,101.737,101.824
2022-06-03,101.75,102.225,101.644,102.14
2022-06-06,102.169,102.469,101.848,102.437
2022-06-07,102.491,102.839,102.26,102.318
2022-06-08,102.389,102.776,102.269,102.542
2022-06-09,102.562,103.367,102.152,103.223
2022-06-10,103.337,104.23,103.047,104.148
2022-06-13,104.19,105.285,104.19,105.078
2022-06-14,105.19,105.652,104.622,105.518
2022-06-15,105.348,105.788,104.66,105.158
2022-06-16,104.898,105.493,103.418,103.631
2022-06-17,103.881,105.085,103.833,104.7
2022-06-21,104.442,104.536,103.938,104.435
2022-06-22,104.431,104.947,103.858,104.197
2022-06-23,104.212,104.769,104.06,104.431
2022-06-24,104.378,104.513,103.954,104.185
2022-06-27,104.121,104.212,103.673,103.939
2022-06-28,103.971,104.606,103.77,104.506
2022-06-29,104.463,105.149,104.356,105.106
2022-06-30,105.056,105.541,104.645,104.685
2022-07-01,104.775,105.635,104.742,105.138
2022-07-05,105.135,106.792,105.051,106.535
2022-07-06,106.493,107.264,106.358,107.096
2022-07-07,107.066,107.235,106.714,107.13
2022-07-08,107.044,107.786,106.805,107.007
2022-07-11,106.895,108.268,106.895,108.021
2022-07-12,108.183,108.562,107.843,108.072
2022-07-13,108.185,108.583,107.477,107.957
2022-07-14,108.139,109.294,108.139,108.544
2022-07-15,108.669,108.712,107.912,108.063
2022-07-18,107.983,108.036,106.892,107.366
2022-07-19,107.494,107.627,106.404,106.682
2022-07-20,106.674,107.255,106.386,107.076
2022-07-21,107.085,107.323,106.415,106.91
2022-07-22,106.586,107.359,106.112,106.73
2022-07-25,106.545,106.883,106.187,106.483
2022-07-26,106.452,107.283,106.201,107.189
2022-07-27,107.13,107.426,106.264,106.452
2022-07-28,106.37,106.975,106.059,106.351
2022-07-29,106.208,106.661,105.542,105.903
2022-08-01,105.828,106.025,105.241,105.45
2022-08-02,105.364,106.352,105.049,106.241
2022-08-03,106.434,106.819,105.974,106.506
2022-08-04,106.476,106.511,105.668,105.693
2022-08-05,105.721,106.93,105.694,106.621
2022-08-08,106.577,106.804,106.093,106.435
2022-08-09,106.335,106.408,105.969,106.374
2022-08-10,106.341,106.403,104.636,105.196
2022-08-11,105.209,105.461,104.646,105.09
2022-08-12,105.157,105.882,105.087,105.631
2022-08-15,105.674,106.551,105.552,106.546
2022-08-16,106.48,106.943,106.318,106.5
2022-08-17,106.45,106.89,106.31,106.574
2022-08-18,106.675,107.56,106.505,107.484
2022-08-19,107.498,108.215,107.467,108.169
2022-08-22,108.103,109.097,108.08,109.046
2022-08-23,109.001,109.27,108.077,108.624
2022-08-24,108.518,109.112,108.363,108.677
2022-08-25,108.625,108.69,107.991,108.47
2022-08-26,108.466,108.873,107.588,108.803
2022-08-29,108.836,109.478,108.491,108.835
2022-08-30,108.696,109.111,108.286,108.773
2022-08-31,108.753,109.202,108.379,108.7
2022-09-01,108.836,109.977,108.767,109.691
2022-09-02,109.643,109.721,108.933,109.534
2022-09-06,109.602,110.553,109.378,110.214
2022-09-07,110.317,110.786,109.526,109.84
2022-09-08,109.673,110.243,109.334,109.707
2022-09-09,109.575,109.575,108.36,109.003
2022-09-12,108.6,108.86,107.81,108.33
2022-09-13,108.228,110.012,107.68,110.01
2022-09-14,109.974,109.974,109.275,109.658
2022-09-15,109.607,109.921,109.42,109.739
2022-09-16,109.802,110.26,109.475,109.764
2022-09-19,109.643,110.175,109.489,109.737
2022-09-20,109.581,110.293,109.355,110.215
2022-09-21,110.162,111.578,110.132,110.642
2022-09-22,111.48,111.814,110.462,111.353
2022-09-23,111.239,113.228,111.078,113.192
2022-09-26,113.023,114.527,112.942,114.103
2022-09-27,114.02,114.472,113.332,114.106
2022-09-28,114.185,114.778,112.561,112.604
2022-09-29,113.014,113.789,111.766,112.254
2022-09-30,111.748,112.673,111.576,112.117
2022-10-03,112.173,112.543,111.47,111.745
2022-10-04,111.588,111.886,110.055,110.065
2022-10-05,110.225,111.735,110.092,111.074
2022-10-06,111.018,112.311,110.779,112.258
2022-10-07,112.249,112.882,111.948,112.795
2022-10-10,112.747,113.333,112.621,113.144
2022-10-11,113.08,113.5,112.41,113.221
2022-10-12,113.306,113.592,113.052,113.32
2022-10-13,113.236,113.92,112.147,112.363
2022-10-14,112.474,113.42,112.162,113.311
2022-10-17,113.218,113.221,111.922,112.039
2022-10-18,112.072,112.455,111.773,112.13
2022-10-19,111.911,113.095,111.911,112.984
2022-10-20,112.99,113.094,112.165,112.881
2022-10-21,112.939,113.942,111.703,112.012
2022-10-24,111.876,112.534,111.474,111.989
2022-10-25,111.817,112.127,110.759,110.95
2022-10-26,110.956,111.135,109.63,109.7
2022-10-27,109.619,110.617,109.535,110.587
2022-10-28,110.499,111.044,110.288,110.752
2022-10-31,110.668,111.665,110.668,111.527
2022-11-01,111.517,111.78,110.719,111.481
2022-11-02,111.535,112.149,110.426,111.345
2022-11-03,112.165,113.148,111.818,112.93
2022-11-04,112.974,112.993,110.715,110.877
2022-11-07,110.788,111.274,110.05,110.12
2022-11-08,110.055,110.61,109.366,109.636
2022-11-09,109.651,110.643,109.452,110.549
2022-11-10,110.299,110.992,107.714,108.206
2022-11-11,108.235,108.44,106.281,106.292
2022-11-14,106.416,107.274,106.416,106.66
2022-11-15,106.997,107.104,105.34,106.404
2022-11-16,106.581,106.784,105.859,106.281
2022-11-17,106.267,107.24,106.098,106.694
2022-11-18,106.693,107.043,106.337,106.93
2022-11-21,106.969,107.993,106.894,107.835
2022-11-22,107.697,107.747,107.121,107.222
2022-11-23,107.076,107.223,106.03,106.076
2022-11-25,105.955,106.423,105.687,105.959
2022-11-28,106.062,106.746,105.321,106.681
2022-11-29,106.573,106.881,106.058,106.822
2022-11-30,106.723,107.195,105.778,105.95
2022-12-01,105.697,105.896,104.662,104.728
2022-12-02,104.821,105.585,104.377,104.545
2022-12-05,104.506,105.399,104.113,105.289
2022-12-06,105.156,105.63,104.891,105.578
2022-12-07,105.634,105.822,104.876,105.1
2022-12-08,105.201,105.433,104.724,104.774
2022-12-09,104.856,105.136,104.483,104.81
2022-12-12,104.932,105.249,104.669,105.131
2022-12-13,104.991,105.095,103.586,103.98
2022-12-14,104.074,104.163,103.448,103.77
2022-12-15,103.668,104.879,103.541,104.558
2022-12-16,104.45,104.838,104.21,104.701
2022-12-19,104.837,104.931,104.134,104.721
2022-12-20,104.727,104.788,103.777,103.965
2022-12-21,103.953,104.383,103.853,104.162
2022-12-22,104.216,104.598,103.752,104.433
2022-12-23,104.393,104.536,104.124,104.314
2022-12-27,104.118,104.399,103.887,104.179
2022-12-28,104.328,104.557,103.846,104.463
2022-12-29,104.374,104.449,103.78,103.836
2022-12-30,103.95,104.104,103.391,103.522
2023-01-03,103.663,104.859,103.469,104.518
2023-01-04,104.581,104.597,103.831,104.248
2023-01-05,104.071,105.272,103.985,105.042
2023-01-06,105.051,105.631,103.869,103.879
2023-01-09,103.911,103.935,102.944,103.001
2023-01-10,103.294,103.49,103.033,103.236
2023-01-11,103.221,103.482,103.111,103.188
2023-01-12,103.061,103.29,102.078,102.246
2023-01-13,102.21,102.654,101.988,102.204
2023-01-16,102.18,102.557,101.773,102.388
2023-01-17,102.321,102.556,101.937,102.39
2023-01-18,102.465,102.899,101.528,102.363
2023-01-19,102.381,102.481,101.991,102.058
2023-01-20,102.075,102.552,101.938,102.012
2023-01-23,101.992,102.275,101.589,102.138
2023-01-24,101.988,102.428,101.716,101.918
2023-01-25,102.005,102.118,101.576,101.641
2023-01-26,101.578,102.18,101.504,101.839
2023-01-27,101.715,102.189,101.682,101.927
2023-01-30,101.922,102.314,101.659,102.276
2023-01-31,102.192,102.607,102.008,102.097
2023-02-01,102.095,102.185,101.036,101.217
2023-02-02,100.85,101.908,100.82,101.75
2023-02-03,101.83,103.006,101.546,102.915
2023-02-06,102.992,103.765,102.992,103.621
2023-02-07,103.537,103.964,103.001,103.427
2023-02-08,103.267,103.521,103.002,103.409
2023-02-09,103.433,103.554,102.641,103.221
2023-02-10,103.255,103.683,102.899,103.63
2023-02-13,103.578,103.837,103.237,103.345
2023-02-14,103.218,103.518,102.586,103.233
2023-02-15,103.214,104.11,103.163,103.923
2023-02-16,103.882,104.234,103.533,103.856
2023-02-17,104.2,104.667,103.84,103.862
2023-02-20,103.881,104.089,103.76,103.858
2023-02-21,103.914,104.262,103.774,104.176
2023-02-22,104.128,104.595,104.006,104.585
2023-02-23,104.499,104.779,104.308,104.598
2023-02-24,104.555,105.32,104.421,105.214
2023-02-27,105.26,105.359,104.546,104.673
2023-02-28,104.63,105.002,104.417,104.869
2023-03-01,105.042,105.094,104.094,104.483
2023-03-02,104.385,105.18,104.385,105.027
2023-03-03,104.936,105,104.485,104.521
2023-03-06,104.527,104.691,104.163,104.35
2023-03-07,104.297,105.654,104.123,105.615
2023-03-08,105.674,105.883,105.365,105.658
2023-03-09,105.622,105.729,105.153,105.309
2023-03-10,105.125,105.352,104.039,104.576
2023-03-13,104.637,104.637,103.484,103.595
2023-03-14,103.673,104.049,103.497,103.597
2023-03-15,103.736,105.103,103.443,104.646
2023-03-16,104.623,104.74,104.203,104.418
2023-03-17,104.411,104.445,103.687,103.708
2023-03-20,103.864,103.958,103.275,103.281
2023-03-21,103.311,103.515,103.002,103.256
2023-03-22,103.195,103.265,102.065,102.346
2023-03-23,102.496,102.635,101.915,102.532
2023-03-24,102.6,103.357,102.503,103.116
2023-03-27,103.115,103.229,102.83,102.857
2023-03-28,102.752,102.764,102.38,102.43
2023-03-29,102.489,102.786,102.373,102.64
2023-03-30,102.621,102.781,102.071,102.144
2023-03-31,102.196,102.63,102.048,102.506
2023-04-03,102.594,103.058,101.982,102.093
2023-04-04,102.006,102.275,101.459,101.586
2023-04-05,101.516,101.993,101.415,101.852
2023-04-06,101.834,102.138,101.755,101.822
2023-04-07,101.94,102.297,101.879,102.095
2023-04-10,102.198,102.807,101.988,102.578
2023-04-11,102.519,102.519,102.014,102.204
2023-04-12,102.13,102.158,101.449,101.5
2023-04-13,101.471,101.598,100.846,101.011
2023-04-14,101.002,101.747,100.788,101.552
2023-04-17,101.581,102.231,101.531,102.103
2023-04-18,102.104,102.142,101.639,101.745
2023-04-19,101.705,102.228,101.656,101.968
2023-04-20,101.993,102.126,101.632,101.84
2023-04-21,101.798,102.119,101.646,101.822
2023-04-24,101.724,101.909,101.322,101.348
2023-04-25,101.257,101.949,101.199,101.863
2023-04-26,101.815,101.891,101.013,101.467
2023-04-27,101.396,101.802,101.283,101.503
2023-04-28,101.473,102.172,101.423,101.659
2023-05-01,101.672,102.189,101.624,102.151
2023-05-02,102.145,102.404,101.884,101.958
2023-05-03,101.858,101.924,101.073,101.343
2023-05-04,101.202,101.635,101.027,101.399
2023-05-05,101.342,101.775,101.124,101.214
2023-05-08,101.282,101.417,101.041,101.377
2023-05-09,101.403,101.835,101.359,101.605
2023-05-10,101.617,101.806,101.215,101.477
2023-05-11,101.411,102.153,101.304,102.058
2023-05-12,102.095,102.714,101.937,102.681
2023-05-15,102.705,102.752,102.382,102.434
2023-05-16,102.433,102.687,102.201,102.564
2023-05-17,102.609,103.114,102.537,102.882
2023-05-18,102.905,103.624,102.795,103.584
2023-05-19,103.51,103.618,102.998,103.198
2023-05-22,103.193,103.369,102.964,103.198
2023-05-23,103.274,103.65,103.163,103.488
2023-05-24,103.543,103.914,103.354,103.887
2023-05-25,103.855,104.312,103.839,104.251
2023-05-26,104.231,104.419,103.848,104.206
2023-05-29,104.226,104.305,104.044,104.264
2023-05-30,104.299,104.534,103.879,104.165
2023-05-31,104.054,104.699,104.013,104.326
2023-06-01,104.146,104.5,103.496,103.56
2023-06-02,103.563,104.087,103.382,104.015
2023-06-05,104.041,104.403,103.933,104.002
2023-06-06,104.01,104.367,103.816,104.125
2023-06-07,104.12,104.299,103.661,104.099
2023-06-08,104.066,104.073,103.299,103.343
2023-06-09,103.3,103.606,103.295,103.557
2023-06-12,103.553,103.756,103.242,103.654
2023-06-13,103.576,103.624,103.047,103.338
2023-06-14,103.324,103.402,102.663,102.948
2023-06-15,102.964,103.375,102.091,102.115
2023-06-16,102.122,102.427,102.006,102.243
2023-06-19,102.299,102.554,102.252,102.522
2023-06-20,102.481,102.785,102.322,102.54
2023-06-21,102.496,102.705,102.022,102.071
2023-06-22,102.03,102.467,101.921,102.386
2023-06-23,102.383,103.166,102.376,102.903
2023-06-26,102.867,102.867,102.612,102.692
2023-06-27,102.737,102.802,102.32,102.492
2023-06-28,102.514,103.145,102.469,102.905
2023-06-29,102.957,103.437,102.783,103.342
2023-06-30,103.345,103.543,102.751,102.912
2023-07-03,102.921,103.273,102.75,102.988
2023-07-04,102.971,103.113,102.882,102.988
2023-07-05,103.076,103.39,102.955,103.373
2023-07-06,103.352,103.572,102.918,103.166
2023-07-07,103.081,103.186,102.226,102.272
2023-07-10,102.288,102.564,101.95,101.972
2023-07-11,101.941,101.97,101.651,101.732
2023-07-12,101.594,101.609,100.511,100.521
2023-07-13,100.521,100.61,99.741,99.77
2023-07-14,99.75,100.015,99.578,99.914
2023-07-17,99.96,100.181,99.753,99.842
2023-07-18,99.889,100.105,99.589,99.941
2023-07-19,99.979,100.535,99.925,100.281
2023-07-20,100.276,100.969,100.018,100.88
2023-07-21,100.781,101.188,100.723,101.071
2023-07-24,101.085,101.425,100.889,101.346
2023-07-25,101.423,101.648,101.186,101.349
2023-07-26,101.321,101.437,100.863,100.887
2023-07-27,101.105,101.84,100.551,101.773
2023-07-28,101.687,102.042,101.357,101.622
2023-07-31,101.701,101.905,101.531,101.855
2023-08-01,101.873,102.433,101.851,102.303
2023-08-02,101.961,102.779,101.959,102.59
2023-08-03,102.586,102.843,102.365,102.542
2023-08-04,102.454,102.619,101.742,102.017
2023-08-07,102.009,102.384,101.967,102.047
2023-08-08,102.067,102.796,102.065,102.528
2023-08-09,102.549,102.581,102.294,102.49
2023-08-10,102.481,102.654,101.784,102.524
2023-08-11,102.617,102.91,102.419,102.842
2023-08-14,102.853,103.458,102.771,103.19
2023-08-15,103.15,103.274,102.817,103.209
2023-08-16,103.211,103.525,102.944,103.431
2023-08-17,103.475,103.598,103.061,103.572
2023-08-18,103.401,103.68,103.225,103.375
2023-08-21,103.433,103.502,103.139,103.3
2023-08-22,103.326,103.716,103.013,103.563
2023-08-23,103.58,103.981,103.303,103.419
2023-08-24,103.356,104.027,103.273,103.982
2023-08-25,104.095,104.447,103.741,104.077
2023-08-28,104.187,104.211,103.971,104.058
2023-08-29,103.92,104.355,103.365,103.531
2023-08-30,103.444,103.698,102.936,103.157
2023-08-31,103.102,103.74,103.009,103.619
2023-09-01,103.616,104.291,103.272,104.236
2023-09-04,104.264,104.273,104.025,104.112
2023-09-05,104.127,104.907,104.107,104.807
2023-09-06,104.749,105.024,104.593,104.861
2023-09-07,104.862,105.157,104.804,105.059
2023-09-08,105.063,105.096,104.663,105.09
2023-09-11,105.056,105.056,104.42,104.569
2023-09-12,104.556,104.918,104.46,104.711
2023-09-13,104.577,104.966,104.514,104.766
2023-09-14,104.737,105.435,104.561,105.405
2023-09-15,105.384,105.413,105.081,105.322
2023-09-18,105.296,105.361,105.022,105.202
2023-09-19,105.081,105.206,104.815,105.157
2023-09-20,105.109,105.441,104.665,105.12
2023-09-21,105.437,105.738,105.278,105.363
2023-09-22,105.384,105.782,105.318,105.583
2023-09-25,105.572,106.097,105.517,105.998
2023-09-26,105.941,106.261,105.864,106.231
2023-09-27,106.216,106.839,106.165,106.666
2023-09-28,106.676,106.755,106.021,106.224
2023-09-29,106.149,106.244,105.658,106.121
2023-10-02,106.174,107.034,106.044,106.904
2023-10-03,107.026,107.348,106.908,107
2023-10-04,107.059,107.243,106.509,106.799
2023-10-05,106.768,106.857,106.322,106.332
2023-10-06,106.364,106.974,105.952,106.044
2023-10-09,106.101,106.6,106.024,106.083
2023-10-10,106.033,106.248,105.661,105.825
2023-10-11,105.732,106.014,105.559,105.82
2023-10-12,105.674,106.602,105.535,106.599
2023-10-13,106.524,106.787,106.29,106.648
2023-10-16,106.579,106.627,106.184,106.243
2023-10-17,106.256,106.525,106.023,106.25
2023-10-18,106.218,106.636,106.013,106.565
2023-10-19,106.539,106.67,105.975,106.253
2023-10-20,106.255,106.418,106.07,106.163
2023-10-23,106.163,106.334,105.517,105.536
2023-10-24,105.614,106.319,105.36,106.27
2023-10-25,106.245,106.57,106.139,106.528
2023-10-26,106.582,106.894,106.529,106.602
2023-10-27,106.585,106.801,106.324,106.559
2023-10-30,106.581,106.704,106.063,106.12
2023-10-31,106.164,106.859,105.906,106.663
2023-11-01,106.67,107.113,106.613,106.884
2023-11-02,106.504,106.511,105.812,106.124
2023-11-03,106.202,106.224,104.941,105.021
2023-11-06,105.069,105.293,104.848,105.215
2023-11-07,105.27,105.775,105.269,105.542
2023-11-08,105.539,105.872,105.449,105.593
2023-11-09,105.534,105.966,105.377,105.91
2023-11-10,105.929,106.006,105.743,105.861
2023-11-13,105.801,105.956,105.587,105.631
2023-11-14,105.647,105.732,103.987,104.053
2023-11-15,104.216,104.511,103.981,104.394
2023-11-16,104.358,104.557,104.007,104.349
2023-11-17,104.397,104.55,103.814,103.917
2023-11-20,103.815,103.972,103.379,103.438
2023-11-21,103.466,103.709,103.178,103.565
2023-11-22,103.548,104.213,103.48,103.92
2023-11-23,103.855,103.883,103.535,103.768
2023-11-24,103.748,103.843,103.356,103.403
2023-11-27,103.415,103.531,103.188,103.199
2023-11-28,103.125,103.322,102.61,102.746
2023-11-29,102.654,103.009,102.467,102.765
2023-11-30,102.827,103.59,102.719,103.497
2023-12-01,103.355,103.722,103.115,103.268
2023-12-04,103.193,103.852,103.064,103.712
2023-12-05,103.555,104.092,103.546,104.05
2023-12-06,103.991,104.233,103.867,104.153
2023-12-07,104.114,104.2,103.272,103.541
2023-12-08,103.637,104.263,103.435,104.01
2023-12-11,103.983,104.262,103.932,104.095
2023-12-12,104.033,104.096,103.487,103.865
2023-12-13,103.822,104.031,102.777,102.869
2023-12-14,102.775,102.803,101.77,101.956
2023-12-15,102.097,102.643,101.839,102.55
2023-12-18,102.594,102.634,102.377,102.561
2023-12-19,102.47,102.629,102.065,102.167
2023-12-20,102.192,102.544,102.156,102.408
2023-12-21,102.394,102.449,101.735,101.843
2023-12-22,101.763,101.895,101.429,101.698
2023-12-26,101.654,101.771,101.442,101.466
2023-12-27,101.548,101.574,100.832,100.986
2023-12-28,100.867,101.297,100.617,101.229
2023-12-29,101.196,101.422,101.066,101.333
2024-01-02,101.417,102.252,101.34,102.2
2024-01-03,102.15,102.726,102.075,102.494
2024-01-04,102.457,102.527,102.145,102.422
2024-01-05,102.395,103.101,101.908,102.412
2024-01-08,102.435,102.62,102.075,102.209
2024-01-09,102.223,102.657,102.108,102.57
2024-01-10,102.482,102.641,102.342,102.362
2024-01-11,102.297,102.764,102.158,102.291
2024-01-12,102.298,102.587,102.087,102.404
2024-01-15,102.439,102.674,102.313,102.599
2024-01-16,102.742,103.425,102.742,103.357
2024-01-17,103.363,103.692,103.262,103.45
2024-01-18,103.369,103.629,103.147,103.536
2024-01-19,103.372,103.546,103.236,103.288
2024-01-22,103.239,103.371,103.114,103.331
2024-01-23,103.353,103.817,102.982,103.617
2024-01-24,103.506,103.548,102.77,103.236
2024-01-25,103.354,103.684,103.12,103.574
2024-01-26,103.515,103.729,103.146,103.474
2024-01-29,103.474,103.824,103.403,103.459
2024-01-30,103.437,103.614,103.31,103.418
2024-01-31,103.419,103.741,102.942,103.512
2024-02-01,103.512,103.811,103.02,103.066
2024-02-02,102.993,104.043,102.901,103.962
2024-02-05,103.962,104.604,103.962,104.453
2024-02-06,104.436,104.589,104.137,104.138
2024-02-07,104.15,104.165,103.941,104.052
2024-02-08,104.027,104.434,103.955,104.136
2024-02-09,104.144,104.261,103.954,104.08
2024-02-12,104.08,104.279,103.895,104.132
2024-02-13,104.175,104.963,103.967,104.859
2024-02-14,104.835,104.976,104.657,104.712
2024-02-15,104.66,104.714,104.182,104.278
2024-02-16,104.298,104.672,104.168,104.275
2024-02-19,104.275,104.373,104.14,104.14
2024-02-20,104.316,104.412,103.796,104.054
2024-02-21,104.037,104.213,103.943,103.997
2024-02-22,103.914,104.129,103.434,103.944
2024-02-23,103.946,104.052,103.769,103.961
2024-02-26,103.961,104.018,103.71,103.781
2024-02-27,103.779,103.923,103.609,103.805
2024-02-28,103.843,104.242,103.807,103.915
2024-02-29,103.92,104.201,103.656,104.146
2024-03-01,104.126,104.292,103.842,103.885
2024-03-04,103.885,103.963,103.728,103.835
2024-03-05,103.849,103.949,103.58,103.77
2024-03-06,103.814,103.893,103.201,103.352
2024-03-07,103.312,103.352,102.794,102.796
2024-03-08,102.732,102.898,102.358,102.741
2024-03-11,102.741,102.933,102.636,102.849
2024-03-12,102.818,103.177,102.724,102.925
2024-03-13,102.925,103.021,102.666,102.794
2024-03-14,102.764,103.396,102.736,103.361
2024-03-15,103.387,103.494,103.301,103.446
2024-03-18,103.446,103.649,103.335,103.581
2024-03-19,103.587,104.059,103.576,103.822
2024-03-20,103.841,104.149,103.379,103.379
2024-03-21,103.244,104.054,103.172,103.969
2024-03-22,103.992,104.496,103.922,104.43
2024-03-25,104.43,104.475,104.144,104.223
2024-03-26,104.22,104.336,104.012,104.295
2024-03-27,104.295,104.457,104.216,104.295
2024-03-28,104.435,104.727,104.305,104.538
2024-04-01,104.487,105.075,104.423,104.964
2024-04-02,105.004,105.1,104.682,104.752
2024-04-03,104.772,104.843,104.227,104.227
2024-04-04,104.226,104.263,103.915,104.208
2024-04-05,104.209,104.693,104.135,104.286
2024-04-08,104.292,104.437,104.098,104.122
2024-04-09,104.12,104.203,103.88,104.11
2024-04-10,104.097,105.3,104.024,105.19
2024-04-11,105.184,105.527,105.03,105.258
2024-04-12,105.276,106.109,105.237,106.013
2024-04-15,106.013,106.245,105.839,106.182
2024-04-16,106.174,106.517,106.069,106.372
2024-04-17,106.328,106.438,105.872,105.919
2024-04-18,105.93,106.182,105.741,106.157
2024-04-19,106.193,106.348,105.849,106.117
2024-04-22,106.118,106.395,105.981,106.12
2024-04-23,106.124,106.241,105.614,105.685
2024-04-24,105.694,105.95,105.592,105.822
2024-04-25,105.821,105.997,105.508,105.572
2024-04-26,105.576,106.188,105.414,106.092
2024-04-29,106.093,106.093,105.462,105.634
2024-04-30,105.672,106.345,105.667,106.307
2024-05-01,106.315,106.49,105.435,105.631
2024-05-02,105.731,105.897,105.298,105.344
2024-05-03,105.312,105.372,104.522,105.076
2024-05-06,105.076,105.202,104.867,105.087
2024-05-07,105.144,105.446,105.033,105.38
2024-05-08,105.424,105.644,105.389,105.501
2024-05-09,105.523,105.742,105.199,105.202
2024-05-10,105.205,105.402,105.141,105.314
2024-05-13,105.307,105.369,105.055,105.213
2024-05-14,105.204,105.458,104.958,105.021
2024-05-15,105.047,105.063,104.283,104.283
2024-05-16,104.206,104.626,104.08,104.491
2024-05-17,104.5,104.798,104.392,104.497
2024-05-20,104.497,104.649,104.394,104.624
2024-05-21,104.596,104.769,104.477,104.622
2024-05-22,104.617,104.969,104.557,104.91
2024-05-23,104.902,105.113,104.625,105.048
2024-05-24,105.035,105.119,104.638,104.747
2024-05-27,104.748,104.755,104.566,104.582
2024-05-28,104.577,104.642,104.335,104.613
2024-05-29,104.643,105.143,104.589,105.117
2024-05-30,105.128,105.184,104.632,104.744
2024-05-31,104.764,104.899,104.361,104.625
2024-06-03,104.625,104.767,104.044,104.045
2024-06-04,104.054,104.333,103.993,104.147
2024-06-05,104.17,104.46,104.125,104.293
2024-06-06,104.253,104.374,104.049,104.091
2024-06-07,104.094,104.946,103.999,104.934
2024-06-10,104.935,105.385,104.935,105.103
2024-06-11,105.149,105.459,105.095,105.256
2024-06-12,105.275,105.323,104.257,104.684
2024-06-13,104.693,105.284,104.642,105.239
2024-06-14,105.231,105.805,105.179,105.517
2024-06-17,105.509,105.647,105.306,105.331
2024-06-18,105.297,105.564,105.125,105.253
2024-06-19,105.258,105.337,105.153,105.225
2024-06-20,105.204,105.665,105.203,105.655
2024-06-21,105.64,105.915,105.536,105.832
2024-06-24,105.832,105.9,105.374,105.482
2024-06-25,105.513,105.782,105.371,105.619
2024-06-26,105.657,106.13,105.609,106.049
2024-06-27,106.065,106.082,105.708,105.927
2024-06-28,105.923,106.126,105.745,105.849
2024-07-01,105.849,105.982,105.425,105.83
2024-07-02,105.847,106.054,105.661,105.671
2024-07-03,105.668,105.804,105.049,105.336
2024-07-04,105.323,105.357,105.102,105.126
2024-07-05,105.165,105.169,104.825,104.875
2024-07-08,104.875,105.034,104.801,105.014
2024-07-09,104.99,105.208,104.955,105.122
2024-07-10,105.122,105.174,104.981,104.984
2024-07-11,104.987,104.995,104.077,104.501
2024-07-12,104.518,104.546,104.041,104.084
2024-07-15,104.084,104.319,104.03,104.254
2024-07-16,104.246,104.51,104.197,104.243
2024-07-17,104.221,104.294,103.65,103.743
2024-07-18,103.697,104.228,103.653,104.178
2024-07-19,104.16,104.42,104.13,104.365
2024-07-22,104.365,104.424,104.181,104.281
2024-07-23,104.308,104.535,104.204,104.467
2024-07-24,104.477,104.555,104.122,104.329
2024-07-25,104.375,104.455,104.08,104.399
2024-07-26,104.355,104.45,104.207,104.327
2024-07-29,104.328,104.752,104.138,104.569
2024-07-30,104.558,104.799,104.449,104.451
2024-07-31,104.426,104.531,103.926,104.015
2024-08-01,104.073,104.447,103.863,104.343
2024-08-02,104.307,104.426,103.125,103.22
2024-08-05,103.221,103.277,102.16,102.675
2024-08-06,102.78,103.225,102.7,102.93
2024-08-07,102.954,103.368,102.916,103.187
2024-08-08,103.092,103.546,102.916,103.236
2024-08-09,103.265,103.302,103.028,103.154
2024-08-12,103.154,103.31,103.094,103.129
2024-08-13,103.093,103.272,102.55,102.603
2024-08-14,102.61,102.72,102.27,102.569
2024-08-15,102.626,103.227,102.536,103.041
2024-08-16,103.035,103.051,102.393,102.402
2024-08-19,102.403,102.484,101.85,101.85
2024-08-20,101.878,102.009,101.361,101.379
2024-08-21,101.347,101.634,100.923,101.136
2024-08-22,101.133,101.625,101.091,101.519
2024-08-23,101.461,101.554,100.602,100.677
2024-08-26,100.678,100.923,100.534,100.859
2024-08-27,100.816,100.93,100.514,100.551
2024-08-28,100.553,101.177,100.553,101.038
2024-08-29,100.996,101.578,100.885,101.371
2024-08-30,101.379,101.783,101.245,101.732
2024-09-02,101.733,101.799,101.569,101.644
2024-09-03,101.664,101.917,101.561,101.773
2024-09-04,101.686,101.778,101.238,101.269
2024-09-05,101.282,101.372,100.964,101.057
2024-09-06,101.058,101.395,100.583,101.188
2024-09-09,101.187,101.696,101.14,101.607
2024-09-10,101.635,101.767,101.543,101.659
2024-09-11,101.659,101.82,101.267,101.719
2024-09-12,101.775,101.839,101.225,101.235
2024-09-13,101.199,101.199,100.883,101.114
2024-09-16,101.035,101.101,100.587,100.707
2024-09-17,100.757,101.028,100.567,101.012
2024-09-18,100.936,101.146,100.215,100.933
2024-09-19,101.008,101.474,100.518,100.634
2024-09-20,100.685,101.015,100.407,100.738
2024-09-23,100.738,101.229,100.715,100.908
2024-09-24,100.969,101.049,100.34,100.349
2024-09-25,100.278,100.991,100.224,100.92
2024-09-26,100.931,100.97,100.482,100.567
2024-09-27,100.589,100.884,100.157,100.417
2024-09-30,100.418,100.924,100.179,100.757
2024-10-01,100.74,101.391,100.697,101.209
2024-10-02,101.238,101.69,101.156,101.601
2024-10-03,101.638,102.099,101.627,101.941
2024-10-04,101.908,102.687,101.813,102.487
2024-10-07,102.487,102.62,102.368,102.484
2024-10-08,102.459,102.639,102.292,102.474
2024-10-09,102.485,102.935,102.459,102.877
2024-10-10,102.879,103.178,102.72,102.879
2024-10-11,102.878,102.993,102.769,102.915
2024-10-14,102.915,103.358,102.915,103.213
2024-10-15,103.209,103.345,103.031,103.226
2024-10-16,103.258,103.608,103.172,103.524
2024-10-17,103.556,103.874,103.444,103.766
2024-10-18,103.809,103.809,103.456,103.463
2024-10-21,103.464,104.016,103.421,103.962
2024-10-22,103.971,104.127,103.816,104.062
2024-10-23,104.091,104.57,104.09,104.423
2024-10-24,104.426,104.455,104.012,104.019
2024-10-25,104.045,104.34,103.935,104.317
2024-10-28,104.317,104.573,104.116,104.302
2024-10-29,104.312,104.636,104.214,104.283
2024-10-30,104.25,104.436,103.976,104.097
2024-10-31,104.085,104.218,103.82,103.89
2024-11-01,103.862,104.349,103.679,104.317
2024-11-04,104.317,104.317,103.576,103.881
2024-11-05,103.913,103.956,103.373,103.452
2024-11-06,103.7,105.441,103.7,105.117
2024-11-07,105.155,105.252,104.187,104.36
2024-11-08,104.447,105.208,104.344,104.951
2024-11-11,104.951,105.705,104.934,105.519
2024-11-12,105.492,106.178,105.487,105.964
2024-11-13,106.017,106.537,105.718,106.483
2024-11-14,106.497,107.064,106.382,106.867
2024-11-15,106.902,106.96,106.331,106.673
2024-11-18,106.672,106.813,106.131,106.232
2024-11-19,106.259,106.632,106.111,106.153
2024-11-20,106.12,106.918,106.113,106.633
2024-11-21,106.594,107.156,106.461,107.031
2024-11-22,107.056,108.071,106.924,107.49
2024-11-25,107.49,107.49,106.583,106.831
2024-11-26,107.485,107.504,106.494,106.877
2024-11-27,106.824,106.924,105.856,106.022
2024-11-28,106.16,106.416,106.102,106.15
2024-11-29,105.948,106.128,105.615,105.782
2024-12-02,105.782,106.731,105.782,106.382
2024-12-03,106.476,106.602,106.087,106.341
2024-12-04,106.432,106.72,106.09,106.354
2024-12-05,106.344,106.371,105.699,105.725
2024-12-06,105.79,106.159,105.42,105.97
2024-12-09,105.97,106.214,105.798,106.172
2024-12-10,106.182,106.637,106.04,106.38
2024-12-11,106.367,106.806,106.268,106.621
2024-12-12,106.565,107.041,106.354,107.005
2024-12-13,106.97,107.186,106.719,106.945
2024-12-16,106.945,107.167,106.748,106.86
2024-12-17,106.815,107.084,106.698,106.937
2024-12-18,106.931,108.269,106.823,108.202
2024-12-19,108.103,108.485,107.821,108.425
2024-12-20,108.481,108.541,107.587,107.815
2024-12-23,107.815,108.281,107.683,108.081
2024-12-24,108.158,108.3,107.922,108.123
2024-12-26,108.173,108.302,108.028,108.077
2024-12-27,108.082,108.202,107.866,108.006
2024-12-30,108.006,108.377,107.739,108.075
2024-12-31,108.091,108.583,107.866,108.48
2025-01-02,108.526,109.533,108.267,109.256
2025-01-03,109.204,109.223,108.896,108.922
2025-01-06,108.922,109.069,107.75,108.279
2025-01-07,108.339,108.704,107.848,108.68
2025-01-08,108.622,109.378,108.552,109.009
2025-01-09,109.085,109.375,108.94,109.163
2025-01-10,109.231,109.966,109.077,109.64
2025-01-13,109.64,110.176,109.346,109.504
2025-01-14,109.57,109.756,109.178,109.189
2025-01-15,109.232,109.382,108.602,109.079
2025-01-16,109.073,109.384,108.827,108.957
2025-01-17,108.927,109.423,108.834,109.405
2025-01-20,109.405,109.468,107.917,108.068
2025-01-21,107.983,108.794,107.92,108.077
2025-01-22,107.986,108.277,107.749,108.277
2025-01-23,108.247,108.51,107.922,108.115
2025-01-24,108.091,108.192,107.218,107.465
2025-01-27,107.465,107.81,106.969,107.427
2025-01-28,107.711,108.054,107.686,107.915
2025-01-29,107.891,108.295,107.749,107.943
2025-01-30,107.857,108.243,107.5,108.182
2025-01-31,108.158,108.565,107.785,108.501
2025-02-03,108.501,109.881,108.337,108.424
2025-02-04,108.675,109.038,107.919,107.999
2025-02-05,108.053,108.053,107.296,107.622
2025-02-06,107.618,108.097,107.535,107.704
2025-02-07,107.699,108.318,107.516,108.096
2025-02-10,108.096,108.44,108.091,108.333
2025-02-11,108.336,108.463,107.782,107.922
2025-02-12,108.009,108.523,107.627,107.968
2025-02-13,107.917,107.996,107.033,107.066
2025-02-14,107.12,107.182,106.566,106.793
2025-02-17,106.793,106.899,106.625,106.74
2025-02-18,106.815,107.123,106.805,107.021
2025-02-19,107.031,107.381,106.879,107.163
2025-02-20,107.117,107.153,106.334,106.334
2025-02-21,106.464,106.746,106.382,106.641
2025-02-24,106.641,106.745,106.126,106.7
2025-02-25,106.768,106.789,106.189,106.285
2025-02-26,106.174,106.654,106.159,106.47
2025-02-27,106.527,107.35,106.521,107.292
2025-02-28,107.251,107.661,107.184,107.564
2025-03-03,107.564,107.564,106.469,106.556
2025-03-04,106.562,106.652,105.526,105.531
2025-03-05,105.618,105.773,104.259,104.27
2025-03-06,104.324,104.392,103.761,104.135
2025-03-07,104.11,104.238,103.458,103.905
2025-03-10,103.905,104.064,103.559,103.903
2025-03-11,103.836,103.923,103.221,103.416
2025-03-12,103.422,103.783,103.352,103.57
2025-03-13,103.605,104.08,103.508,103.833
2025-03-14,103.835,104.091,103.571,103.734
2025-03-17,103.735,103.812,103.298,103.406
2025-03-18,103.443,103.675,103.197,103.243
2025-03-19,103.272,103.906,103.253,103.46
2025-03-20,103.431,104.13,103.321,103.797
2025-03-21,103.779,104.223,103.757,104.146
2025-03-24,104.147,104.444,103.842,104.31
2025-03-25,104.327,104.467,103.944,104.215
2025-03-26,104.245,104.683,104.184,104.665
2025-03-27,104.652,104.653,104.07,104.279
2025-03-28,104.276,104.498,103.896,104.011
2025-03-31,104.011,104.392,103.752,104.183
2025-04-01,104.18,104.369,104.019,104.199
2025-04-02,104.203,104.314,103.366,103.691
2025-04-03,103.148,103.379,101.267,101.94
2025-04-04,101.989,103.182,101.54,102.892
2025-04-07,103.069,103.54,102.182,103.468
2025-04-08,103.431,103.441,102.753,102.908
2025-04-09,102.751,103.333,101.837,102.907
2025-04-10,102.991,103.027,100.7,100.913
2025-04-11,100.784,100.784,99.014,99.783
2025-04-14,100.02,100.163,99.208,99.639
2025-04-15,99.809,100.276,99.479,100.101
2025-04-16,100.062,100.104,99.174,99.278
2025-04-17,99.234,99.746,99.222,99.404
2025-04-21,99.078,99.208,97.921,98.321
2025-04-22,98.299,99.645,98.013,99.641
2025-04-23,99.478,99.939,98.863,99.78
2025-04-24,99.745,99.841,99.223,99.286
2025-04-25,99.414,99.885,99.402,99.587
2025-04-28,99.61,99.838,98.901,98.942
2025-04-29,99.037,99.372,98.948,99.187
2025-04-30,99.171,99.708,99.143,99.638
2025-05-01,99.654,100.375,99.613,100.177
2025-05-02,100.179,100.328,99.397,100.036
2025-05-05,100.002,100.05,99.464,99.779
2025-05-06,99.832,100.097,99.172,99.395
2025-05-07,99.504,99.972,99.286,99.869
2025-05-08,99.847,100.764,99.609,100.636
2025-05-09,100.642,100.862,100.086,100.424
2025-05-12,100.689,101.977,100.51,101.778
2025-05-13,101.725,101.76,100.91,100.93
2025-05-14,100.953,101.138,100.271,101.016
2025-05-15,100.968,101.055,100.589,100.808
2025-05-16,100.772,101.259,100.521,100.976
2025-05-19,100.905,100.905,100.064,100.383
2025-05-20,100.434,100.58,100.006,100.012
2025-05-21,99.987,99.993,99.336,99.688
2025-05-22,99.643,100.118,99.44,99.897
2025-05-23,99.883,99.94,99.047,99.104
2025-05-26,99.089,99.162,98.694,98.932
2025-05-27,98.955,99.615,98.778,99.559
2025-05-28,99.527,99.957,99.441,99.876
2025-05-29,100.537,100.54,99.217,99.332
2025-05-30,99.246,99.668,99.129,99.443
2025-06-02,99.408,99.42,98.612,98.708
2025-06-03,98.585,99.328,98.583,99.249
2025-06-04,99.177,99.392,98.673,98.818
2025-06-05,98.796,98.941,98.351,98.712
2025-06-06,98.699,99.357,98.655,99.202
2025-06-09,99.196,99.227,98.817,99.005
2025-06-10,98.982,99.39,98.862,99.044
2025-06-11,98.959,99.221,98.525,98.583
2025-06-12,98.46,98.519,97.602,97.836
2025-06-13,97.812,98.586,97.621,98.138
2025-06-16,98.261,98.365,97.685,98.139
2025-06-17,98.194,98.87,98.022,98.822
2025-06-18,98.869,99.01,98.483,98.85
2025-06-19,98.879,99.157,98.752,98.784
2025-06-20,98.671,98.893,98.538,98.774
2025-06-23,99.094,99.421,98.347,98.349
2025-06-24,98.158,98.276,97.707,97.97
2025-06-25,97.935,98.201,97.646,97.709
2025-06-26,97.546,97.605,96.997,97.347
2025-06-27,97.334,97.498,97,97.254
2025-06-30,97.185,97.318,96.768,96.785
2025-07-01,96.78,96.949,96.377,96.652
2025-07-02,96.641,97.152,96.621,96.774
2025-07-03,96.75,97.422,96.689,97.127
2025-07-04,97.089,97.107,96.859,96.985
2025-07-07,96.957,97.667,96.891,97.517
2025-07-08,97.358,97.838,97.179,97.512
2025-07-09,97.547,97.748,97.457,97.47
2025-07-10,97.444,97.921,97.271,97.578
2025-07-11,97.573,97.964,97.555,97.868
2025-07-14,97.959,98.136,97.765,98.101
2025-07-15,98.137,98.699,97.931,98.636
2025-07-16,98.583,98.912,97.714,98.279
2025-07-17,98.349,98.95,98.335,98.615
2025-07-18,98.487,98.575,98.099,98.462
2025-07-21,98.357,98.508,97.7,97.848
2025-07-22,97.868,97.991,97.305,97.399
2025-07-23,97.474,97.606,97.189,97.206
2025-07-24,97.181,97.55,97.109,97.517
2025-07-25,97.454,97.905,97.429,97.673
2025-07-28,97.577,98.685,97.492,98.664
2025-07-29,98.64,99.141,98.584,98.898
2025-07-30,98.921,99.983,98.703,99.887
2025-07-31,99.798,100.101,99.524,100.05
2025-08-01,100.011,100.257,98.611,98.684
2025-08-04,98.65,98.98,98.592,98.729
2025-08-05,98.623,99.074,98.585,98.756
2025-08-06,98.745,98.837,98.128,98.193
2025-08-07,98.19,98.473,97.945,98.049
2025-08-08,97.982,98.351,97.959,98.264
2025-08-11,98.237,98.671,98.034,98.497
2025-08-12,98.507,98.622,97.897,98.053
2025-08-13,98.043,98.13,97.626,97.786
2025-08-14,97.754,98.322,97.632,98.195
2025-08-15,98.184,98.214,97.725,97.839
2025-08-18,97.792,98.186,97.775,98.133
2025-08-19,98.149,98.317,97.94,98.282
2025-08-20,98.292,98.441,98.079,98.218
2025-08-21,98.254,98.684,98.184,98.622
2025-08-22,98.602,98.834,97.556,97.732
2025-08-25,97.725,98.543,97.714,98.434
2025-08-26,98.471,98.563,98.085,98.212
2025-08-27,98.245,98.733,98.155,98.184
2025-08-28,98.118,98.227,97.736,97.897
2025-08-29,97.869,98.134,97.693,97.855
2025-09-01,97.832,97.873,97.536,97.694
2025-09-02,97.646,98.595,97.624,98.305
2025-09-03,98.396,98.635,98.014,98.146
2025-09-04,98.15,98.44,98.08,98.265
2025-09-05,98.238,98.256,97.43,97.737
2025-09-08,97.79,97.942,97.418,97.443
2025-09-09,97.381,97.815,97.253,97.744
2025-09-10,97.831,97.932,97.595,97.805
2025-09-11,97.786,98.087,97.473,97.5
2025-09-12,97.518,97.864,97.491,97.615
2025-09-15,97.626,97.702,97.273,97.343
2025-09-16,97.338,97.388,96.556,96.656
2025-09-17,96.617,97.072,96.218,97.015
2025-09-18,96.926,97.604,96.837,97.362
2025-09-19,97.344,97.809,97.27,97.646
2025-09-22,97.649,97.823,97.299,97.3
2025-09-23,97.318,97.456,97.199,97.215
2025-09-24,97.239,97.921,97.221,97.839
2025-09-25,97.819,98.605,97.737,98.45
2025-09-26,98.495,98.53,98.134,98.182
2025-09-29,98.165,98.181,97.774,97.936
2025-09-30,97.91,98.045,97.632,97.794
2025-10-01,97.819,97.882,97.462,97.703
2025-10-02,97.704,98.131,97.522,97.857
2025-10-03,97.853,97.95,97.6,97.711
2025-10-06,97.957,98.499,97.957,98.112
2025-10-07,98.094,98.66,98.093,98.575
2025-10-08,98.61,99.06,98.591,98.821
2025-10-09,98.843,99.563,98.699,99.398
2025-10-10,99.393,99.429,98.813,98.854
2025-10-13,98.943,99.346,98.834,99.249
2025-10-14,99.3,99.475,98.988,99.032
2025-10-15,99.052,99.078,98.655,98.665
2025-10-16,98.668,98.701,98.298,98.339
2025-10-17,98.256,98.554,98.03,98.54
2025-10-20,98.668,98.668,98.386,98.592
2025-10-21,98.614,98.979,98.507,98.963
2025-10-22,98.967,99.139,98.786,98.881
2025-10-23,98.915,99.138,98.912,98.914
2025-10-24,98.94,99.1,98.728,98.938
2025-10-27,98.844,98.999,98.729,98.801
2025-10-28,98.746,98.947,98.565,98.73
2025-10-29,98.737,99.356,98.624,99.138
2025-10-30,99.136,99.724,98.915,99.522
2025-10-31,99.494,99.844,99.416,99.716
2025-11-03,99.754,99.988,99.708,99.883
2025-11-04,99.982,100.255,99.743,100.197
2025-11-05,100.18,100.36,100.059,100.161
2025-11-06,100.108,100.108,99.671,99.697
2025-11-07,99.759,99.872,99.398,99.556
2025-11-10,99.628,99.742,99.455,99.622
2025-11-11,99.66,99.738,99.287,99.463
2025-11-12,99.455,99.71,99.418,99.471
2025-11-13,99.516,99.591,98.991,99.228
2025-11-14,99.255,99.404,98.992,99.273
2025-11-17,99.266,99.598,99.245,99.533
2025-11-18,99.564,99.661,99.396,99.597
2025-11-19,99.578,100.243,99.494,100.113
2025-11-20,100.173,100.36,100.028,100.212
2025-11-21,100.161,100.395,99.99,100.196
2025-11-24,100.201,100.297,100.011,100.185
2025-11-25,100.211,100.261,99.654,99.792
2025-11-26,99.841,99.959,99.555,99.562
2025-11-27,99.503,99.709,99.406,99.533
2025-11-28,99.568,99.816,99.376,99.479
2025-12-01,99.48,99.513,99.009,99.407
2025-12-02,99.446,99.567,99.315,99.32
2025-12-03,99.282,99.288,98.82,98.868
2025-12-04,98.92,99.082,98.765,99.069
2025-12-05,99.04,99.125,98.807,98.986
2025-12-08,98.967,99.227,98.794,99.097
2025-12-09,99.052,99.312,98.954,99.242
2025-12-10,99.215,99.256,98.592,98.634
2025-12-11,98.555,98.763,98.134,98.334
2025-12-12,98.316,98.531,98.296,98.393
2025-12-15,98.401,98.477,98.136,98.252
2025-12-16,98.268,98.32,97.869,98.211
2025-12-17,98.208,98.639,98.175,98.394
2025-12-18,98.378,98.562,98.173,98.418
2025-12-19,98.462,98.749,98.42,98.718
2025-12-22,98.666,98.728,98.197,98.241
2025-12-23,98.197,98.197,97.852,97.882
2025-12-24,97.888,98.012,97.749,97.951
2025-12-26,97.915,98.134,97.859,98.053
2025-12-29,98.049,98.177,97.915,98.014
2025-12-30,98.01,98.269,97.939,98.217
2025-12-31,98.247,98.499,98.176,98.28
2026-01-02,98.235,98.494,98.145,98.433
2026-01-05,98.481,98.861,98.251,98.356
2026-01-06,98.411,98.626,98.161,98.595
2026-01-07,98.579,98.751,98.497,98.729
2026-01-08,98.736,98.984,98.679,98.844
2026-01-09,98.912,99.264,98.896,99.137
2026-01-12,99.165,99.246,98.672,98.892
2026-01-13,98.898,99.227,98.853,99.174
2026-01-14,99.186,99.248,98.933,99.058
2026-01-15,99.129,99.492,99.086,99.354
2026-01-16,99.369,99.483,99.163,99.375
2026-01-19,99.436,99.468,99.006,99.045
2026-01-20,99.138,99.139,98.246,98.559
2026-01-21,98.605,98.868,98.384,98.79
2026-01-22,98.787,98.827,98.262,98.267
2026-01-23,98.333,98.481,97.425,97.456
2026-01-26,97.025,97.333,96.806,97.057
2026-01-27,97.054,97.286,95.551,95.818
2026-01-28,95.965,96.787,95.859,96.337
2026-01-29,96.16,96.656,96.016,96.162
2026-01-30,96.165,97.149,96.165,97.147
2026-02-02,97.185,97.733,97.008,97.604
2026-02-03,97.519,97.692,97.298,97.381
2026-02-04,97.429,97.73,97.309,97.642
2026-02-05,97.673,97.986,97.607,97.946
2026-02-06,97.973,97.973,97.559,97.681
2026-02-09,97.7,97.761,96.793,96.869
2026-02-10,96.997,97.007,96.609,96.891
2026-02-11,96.914,97.272,96.494,96.907
2026-02-12,96.96,97.074,96.744,96.92
2026-02-13,96.937,97.156,96.802,96.884
2026-02-16,96.875,97.12,96.875,97.098
2026-02-17,97.124,97.546,97.072,97.107
2026-02-18,97.142,97.742,97.118,97.694
2026-02-19,97.732,98.074,97.572,97.819
2026-02-20,97.898,98.078,97.589,97.789
2026-02-23,97.698,97.853,97.355,97.696
2026-02-24,97.698,97.986,97.695,97.882
2026-02-25,97.854,98.002,97.622,97.643
2026-02-26,97.591,97.984,97.489,97.782
2026-02-27,97.751,97.851,97.561,97.646
2026-03-02,97.874,98.753,97.768,98.548
2026-03-03,98.556,99.683,98.435,99.071
2026-03-04,99.106,99.329,98.7,98.775
2026-03-05,98.772,99.413,98.667,99.061
2026-03-06,99.009,99.435,98.836,98.855
2026-03-09,98.855,99.695,98.698,98.727
2026-03-10,98.797,98.954,98.492,98.915
2026-03-11,98.937,99.299,98.699,99.252
2026-03-12,99.453,99.759,99.25,99.743
2026-03-13,99.692,100.54,99.586,100.494
2026-03-16,100.427,100.48,99.66,99.822
2026-03-17,99.863,100.115,99.503,99.562
2026-03-18,99.547,100.314,99.465,100.233
2026-03-19,100.233,100.306,98.975,99.162
2026-03-20,99.29,99.793,99.252,99.503
2026-03-23,99.681,100.148,98.88,99.146
2026-03-24,99.143,99.622,99.06,99.182
2026-03-25,99.198,99.665,99.071,99.637
2026-03-26,99.629,100.01,99.562,99.864
2026-03-27,99.871,100.206,99.803,100.193
2026-03-30,100.217,100.614,100.05,100.491
2026-03-31,100.585,100.643,99.808,99.856
2026-04-01,99.785,99.883,99.298,99.552
2026-04-02,99.539,100.263,99.447,100.017
2026-04-03,99.986,100.223,99.946,100.185
2026-04-06,100.181,100.286,99.757,99.989
2026-04-07,100.012,100.156,99.516,99.516
2026-04-08,98.951,99.179,98.525,98.998
2026-04-09,99.057,99.157,98.625,98.795
2026-04-10,98.869,99.007,98.541,98.697
2026-04-13,99.046,99.183,98.364,98.373
2026-04-14,98.373,98.414,97.969,98.105
2026-04-15,98.067,98.285,98.005,98.05
2026-04-16,98.012,98.292,97.832,98.179
2026-04-17,98.189,98.291,97.632,98.226
2026-04-20,98.277,98.395,98.006,98.053
2026-04-21,98.063,98.567,98.063,98.407
2026-04-22,98.402,98.643,98.211,98.606
2026-04-23,98.616,98.939,98.534,98.798
2026-04-24,98.821,98.915,98.489,98.51
2026-04-27,99.332,99.343,98.214,98.497
2026-04-28,98.467,98.874,98.426,98.594
2026-04-29,98.608,99.05,98.565,98.974
2026-04-30,98.851,99.093,98.009,98.091
2026-05-01,98.128,98.244,97.72,98.211
2026-05-04,98.052,98.536,97.97,98.48
2026-05-05,98.466,98.579,98.311,98.487
2026-05-06,98.308,98.342,97.625,98.014
2026-05-07,98.029,98.282,97.815,98.258
2026-05-08,98.245,98.277,97.829,97.842
2026-05-11,98.036,98.153,97.85,97.907
2026-05-12,97.963,98.46,97.951,98.289
2026-05-13,98.309,98.598,98.264,98.452
2026-05-14,98.463,98.907,98.416,98.869
2026-05-15,98.929,99.32,98.923,99.269
2026-05-18,99.278,99.409,98.944,98.956
2026-05-19,98.965,99.434,98.965,99.308
2026-05-20,99.271,99.472,98.966,99.125
2026-05-21,99.123,99.515,99.064,99.191
2026-05-22,99.199,99.412,99.172,99.319
2026-05-25,99.115,99.122,98.915,99.008
2026-05-26,98.988,99.251,98.988,99.143
2026-05-27,99.078,99.26,98.969,99.216
2026-05-28,99.265,99.544,98.945,98.992
2026-05-29,98.998,99.186,98.751,98.942
2026-06-01,98.957,99.385,98.919,99.18
2026-06-02,99.166,99.329,99.049,99.223
2026-06-03,99.29,99.552,99.191,99.55
2026-06-04,99.463,99.533,99.179,99.431
2026-06-05,99.432,100.109,99.163,100.071
2026-06-08,100.145,100.214,99.819,100.002
2026-06-09,100.034,100.077,99.679,99.994
2026-06-10,100.012,100.085,99.715,100.083
2026-06-11,100.115,100.314,99.586,99.675
2026-06-12,99.67,99.909,99.635,99.806
2026-06-15,99.536,99.714,99.384,99.661
2026-06-16,99.642,99.791,99.461,99.539
2026-06-17,99.52,100.574,99.491,100.387
2026-06-18,100.338,100.918,100.206,100.815
2026-06-19,100.813,101.127,100.697,100.76
2026-06-22,100.839,101.076,100.76,100.997
2026-06-23,101.005,101.433,100.952,101.389
2026-06-24,101.37,101.8,101.356,101.586
2026-06-25,101.597,101.746,101.305,101.44
2026-06-26,101.503,101.57,101.045,101.366
2026-06-29,101.368,101.394,101.071,101.111
2026-06-30,101.122,101.432,101.049,101.172
2026-07-01,101.218,101.595,101.19,101.412
2026-07-02,101.402,101.43,100.558,100.848
2026-07-03,100.913,100.992,100.603,100.878
2026-07-06,100.857,101.145,100.826,100.855
2026-07-07,100.842,101.148,100.803,101.121
2026-07-08,101.158,101.275,100.946,101.066
2026-07-09,101.035,101.039,100.786,100.936
2026-07-10,100.914,100.997,100.598,100.965