time,open,high,low,close
2025-12-17T06:00:00+08:00,98.219,98.224,98.211,98.219
2025-12-17T07:00:00+08:00,98.215,98.218,98.209,98.211
2025-12-17T08:00:00+08:00,98.208,98.214,98.193,98.201
2025-12-17T09:00:00+08:00,98.2,98.229,98.175,98.212
2025-12-17T10:00:00+08:00,98.215,98.316,98.213,98.304
2025-12-17T11:00:00+08:00,98.302,98.316,98.287,98.294
2025-12-17T12:00:00+08:00,98.297,98.395,98.29,98.386
2025-12-17T13:00:00+08:00,98.386,98.422,98.373,98.399
2025-12-17T14:00:00+08:00,98.4,98.557,98.385,98.539
2025-12-17T15:00:00+08:00,98.539,98.632,98.536,98.585
2025-12-17T16:00:00+08:00,98.586,98.639,98.53,98.549
2025-12-17T17:00:00+08:00,98.547,98.589,98.529,98.565
2025-12-17T18:00:00+08:00,98.566,98.592,98.505,98.506
2025-12-17T19:00:00+08:00,98.509,98.626,98.493,98.606
2025-12-17T20:00:00+08:00,98.606,98.61,98.48,98.484
2025-12-17T21:00:00+08:00,98.485,98.543,98.426,98.435
2025-12-17T22:00:00+08:00,98.436,98.481,98.357,98.376
2025-12-17T23:00:00+08:00,98.376,98.38,98.242,98.278
2025-12-18T00:00:00+08:00,98.281,98.36,98.253,98.347
2025-12-18T01:00:00+08:00,98.349,98.351,98.289,98.325
2025-12-18T02:00:00+08:00,98.326,98.39,98.279,98.375
2025-12-18T03:00:00+08:00,98.375,98.397,98.349,98.369
2025-12-18T04:00:00+08:00,98.369,98.409,98.351,98.4
2025-12-18T05:00:00+08:00,98.4,98.41,98.386,98.399
2025-12-18T06:00:00+08:00,98.398,98.404,98.371,98.393
2025-12-18T07:00:00+08:00,98.391,98.394,98.385,98.394
2025-12-18T08:00:00+08:00,98.378,98.391,98.352,98.354
2025-12-18T09:00:00+08:00,98.352,98.443,98.343,98.425
2025-12-18T10:00:00+08:00,98.424,98.435,98.39,98.407
2025-12-18T11:00:00+08:00,98.409,98.431,98.39,98.42
2025-12-18T12:00:00+08:00,98.422,98.426,98.39,98.391
2025-12-18T13:00:00+08:00,98.389,98.403,98.374,98.377
2025-12-18T14:00:00+08:00,98.376,98.428,98.364,98.389
2025-12-18T15:00:00+08:00,98.39,98.442,98.348,98.437
2025-12-18T16:00:00+08:00,98.438,98.485,98.418,98.457
2025-12-18T17:00:00+08:00,98.458,98.559,98.456,98.538
2025-12-18T18:00:00+08:00,98.54,98.562,98.493,98.505
2025-12-18T19:00:00+08:00,98.508,98.524,98.488,98.519
2025-12-18T20:00:00+08:00,98.519,98.548,98.464,98.526
2025-12-18T21:00:00+08:00,98.528,98.535,98.173,98.285
2025-12-18T22:00:00+08:00,98.285,98.368,98.22,98.36
2025-12-18T23:00:00+08:00,98.364,98.498,98.328,98.403
2025-12-19T00:00:00+08:00,98.403,98.43,98.28,98.406
2025-12-19T01:00:00+08:00,98.405,98.516,98.401,98.478
2025-12-19T02:00:00+08:00,98.474,98.508,98.433,98.47
2025-12-19T03:00:00+08:00,98.477,98.485,98.408,98.427
2025-12-19T04:00:00+08:00,98.431,98.471,98.408,98.457
2025-12-19T05:00:00+08:00,98.459,98.464,98.432,98.438
2025-12-19T06:00:00+08:00,98.444,98.46,98.433,98.439
2025-12-19T07:00:00+08:00,98.438,98.438,98.417,98.418
2025-12-19T08:00:00+08:00,98.462,98.463,98.431,98.437
2025-12-19T09:00:00+08:00,98.434,98.476,98.42,98.456
2025-12-19T10:00:00+08:00,98.454,98.487,98.425,98.482
2025-12-19T11:00:00+08:00,98.485,98.531,98.446,98.493
2025-12-19T12:00:00+08:00,98.493,98.551,98.474,98.536
2025-12-19T13:00:00+08:00,98.534,98.535,98.507,98.514
2025-12-19T14:00:00+08:00,98.519,98.604,98.501,98.517
2025-12-19T15:00:00+08:00,98.518,98.689,98.513,98.667
2025-12-19T16:00:00+08:00,98.672,98.68,98.603,98.641
2025-12-19T17:00:00+08:00,98.645,98.687,98.616,98.664
2025-12-19T18:00:00+08:00,98.668,98.704,98.629,98.655
2025-12-19T19:00:00+08:00,98.656,98.719,98.649,98.693
2025-12-19T20:00:00+08:00,98.698,98.72,98.649,98.689
2025-12-19T21:00:00+08:00,98.688,98.749,98.633,98.64
2025-12-19T22:00:00+08:00,98.643,98.643,98.5,98.588
2025-12-19T23:00:00+08:00,98.589,98.712,98.571,98.706
2025-12-20T00:00:00+08:00,98.708,98.711,98.62,98.62
2025-12-20T01:00:00+08:00,98.617,98.689,98.614,98.628
2025-12-20T02:00:00+08:00,98.629,98.635,98.565,98.622
2025-12-20T03:00:00+08:00,98.62,98.646,98.59,98.598
2025-12-20T04:00:00+08:00,98.6,98.738,98.579,98.714
2025-12-20T05:00:00+08:00,98.718,98.743,98.685,98.718
2025-12-22T07:00:00+08:00,98.666,98.728,98.663,98.697
2025-12-22T08:00:00+08:00,98.699,98.7,98.648,98.649
2025-12-22T09:00:00+08:00,98.65,98.656,98.61,98.619
2025-12-22T10:00:00+08:00,98.615,98.643,98.598,98.636
2025-12-22T11:00:00+08:00,98.638,98.655,98.61,98.62
2025-12-22T12:00:00+08:00,98.621,98.63,98.582,98.596
2025-12-22T13:00:00+08:00,98.599,98.626,98.582,98.62
2025-12-22T14:00:00+08:00,98.619,98.655,98.601,98.629
2025-12-22T15:00:00+08:00,98.627,98.636,98.525,98.544
2025-12-22T16:00:00+08:00,98.544,98.579,98.481,98.504
2025-12-22T17:00:00+08:00,98.506,98.556,98.495,98.519
2025-12-22T18:00:00+08:00,98.519,98.519,98.46,98.489
2025-12-22T19:00:00+08:00,98.487,98.509,98.46,98.476
2025-12-22T20:00:00+08:00,98.477,98.482,98.419,98.436
2025-12-22T21:00:00+08:00,98.44,98.44,98.323,98.358
2025-12-22T22:00:00+08:00,98.362,98.402,98.236,98.272
2025-12-22T23:00:00+08:00,98.277,98.307,98.222,98.247
2025-12-23T00:00:00+08:00,98.25,98.336,98.237,98.321
2025-12-23T01:00:00+08:00,98.321,98.321,98.197,98.246
2025-12-23T02:00:00+08:00,98.25,98.323,98.249,98.295
2025-12-23T03:00:00+08:00,98.296,98.331,98.281,98.286
2025-12-23T04:00:00+08:00,98.287,98.317,98.269,98.3
2025-12-23T05:00:00+08:00,98.304,98.306,98.258,98.26
2025-12-23T06:00:00+08:00,98.266,98.287,98.263,98.278
2025-12-23T07:00:00+08:00,98.276,98.276,98.24,98.241
2025-12-23T08:00:00+08:00,98.197,98.197,98.167,98.175
2025-12-23T09:00:00+08:00,98.173,98.197,98.108,98.131
2025-12-23T10:00:00+08:00,98.131,98.132,98.064,98.089
2025-12-23T11:00:00+08:00,98.088,98.111,98.067,98.073
2025-12-23T12:00:00+08:00,98.069,98.083,98.035,98.064
2025-12-23T13:00:00+08:00,98.064,98.074,98.027,98.068
2025-12-23T14:00:00+08:00,98.072,98.127,98.061,98.109
2025-12-23T15:00:00+08:00,98.107,98.122,98.036,98.046
2025-12-23T16:00:00+08:00,98.046,98.066,97.98,97.98
2025-12-23T17:00:00+08:00,97.979,97.992,97.912,97.921
2025-12-23T18:00:00+08:00,97.92,97.927,97.854,97.866
2025-12-23T19:00:00+08:00,97.867,97.927,97.854,97.905
2025-12-23T20:00:00+08:00,97.903,97.938,97.852,97.932
2025-12-23T21:00:00+08:00,97.933,98.056,97.897,98.056
2025-12-23T22:00:00+08:00,98.056,98.12,98.034,98.114
2025-12-23T23:00:00+08:00,98.116,98.142,98.031,98.069
2025-12-24T00:00:00+08:00,98.07,98.089,98.027,98.061
2025-12-24T01:00:00+08:00,98.063,98.102,98.039,98.087
2025-12-24T02:00:00+08:00,98.088,98.1,97.994,97.994
2025-12-24T03:00:00+08:00,97.993,97.997,97.937,97.941
2025-12-24T04:00:00+08:00,97.94,97.966,97.925,97.953
2025-12-24T05:00:00+08:00,97.953,97.959,97.879,97.903
2025-12-24T06:00:00+08:00,97.904,97.922,97.898,97.905
2025-12-24T07:00:00+08:00,97.908,97.911,97.882,97.882
2025-12-24T08:00:00+08:00,97.888,97.908,97.856,97.856
2025-12-24T09:00:00+08:00,97.856,97.886,97.768,97.774
2025-12-24T10:00:00+08:00,97.777,97.822,97.749,97.821
2025-12-24T11:00:00+08:00,97.826,97.914,97.824,97.91
2025-12-24T12:00:00+08:00,97.913,97.929,97.863,97.883
2025-12-24T13:00:00+08:00,97.883,97.886,97.815,97.829
2025-12-24T14:00:00+08:00,97.834,97.837,97.791,97.819
2025-12-24T15:00:00+08:00,97.818,97.907,97.806,97.895
2025-12-24T16:00:00+08:00,97.899,97.964,97.814,97.814
2025-12-24T17:00:00+08:00,97.812,97.847,97.796,97.818
2025-12-24T18:00:00+08:00,97.818,97.89,97.816,97.853
2025-12-24T19:00:00+08:00,97.854,97.887,97.834,97.867
2025-12-24T20:00:00+08:00,97.87,97.944,97.861,97.941
2025-12-24T21:00:00+08:00,97.943,97.951,97.898,97.924
2025-12-24T22:00:00+08:00,97.931,97.949,97.91,97.937
2025-12-24T23:00:00+08:00,97.937,97.973,97.921,97.945
2025-12-25T00:00:00+08:00,97.947,97.997,97.926,97.951
2025-12-25T01:00:00+08:00,97.953,98.012,97.928,97.975
2025-12-25T02:00:00+08:00,97.98,97.999,97.951,97.959
2025-12-25T03:00:00+08:00,97.957,97.961,97.938,97.94
2025-12-25T04:00:00+08:00,97.94,97.957,97.936,97.955
2025-12-25T05:00:00+08:00,97.954,97.971,97.952,97.962
2025-12-25T06:00:00+08:00,97.959,97.96,97.945,97.95
2025-12-25T07:00:00+08:00,97.949,97.957,97.945,97.951
2025-12-26T08:00:00+08:00,97.915,97.969,97.912,97.958
2025-12-26T09:00:00+08:00,97.959,97.972,97.9,97.939
2025-12-26T10:00:00+08:00,97.942,97.961,97.895,97.902
2025-12-26T11:00:00+08:00,97.907,97.958,97.901,97.947
2025-12-26T12:00:00+08:00,97.949,97.978,97.931,97.965
2025-12-26T13:00:00+08:00,97.968,97.999,97.945,97.957
2025-12-26T14:00:00+08:00,97.955,98.04,97.939,98.014
2025-12-26T15:00:00+08:00,98.014,98.075,98.007,98.054
2025-12-26T16:00:00+08:00,98.058,98.1,98.012,98.014
2025-12-26T17:00:00+08:00,98.016,98.092,98.01,98.081
2025-12-26T18:00:00+08:00,98.085,98.09,98.014,98.053
2025-12-26T19:00:00+08:00,98.052,98.052,97.991,98.022
2025-12-26T20:00:00+08:00,98.024,98.063,98.003,98.009
2025-12-26T21:00:00+08:00,98.006,98.007,97.859,97.906
2025-12-26T22:00:00+08:00,97.908,97.972,97.877,97.95
2025-12-26T23:00:00+08:00,97.95,98.027,97.88,97.99
2025-12-27T00:00:00+08:00,97.992,98.122,97.975,98.1
2025-12-27T01:00:00+08:00,98.104,98.134,98.06,98.065
2025-12-27T02:00:00+08:00,98.068,98.074,98.032,98.056
2025-12-27T03:00:00+08:00,98.055,98.08,98.021,98.021
2025-12-27T04:00:00+08:00,98.024,98.038,97.985,98.017
2025-12-27T05:00:00+08:00,98.02,98.084,98.004,98.053
2025-12-29T07:00:00+08:00,98.049,98.049,98.002,98.034
2025-12-29T08:00:00+08:00,98.035,98.035,97.936,97.971
2025-12-29T09:00:00+08:00,97.969,97.985,97.931,97.947
2025-12-29T10:00:00+08:00,97.95,98.014,97.94,98.002
2025-12-29T11:00:00+08:00,98.007,98.033,97.989,98.011
2025-12-29T12:00:00+08:00,98.012,98.076,98.012,98.076
2025-12-29T13:00:00+08:00,98.075,98.146,98.075,98.12
2025-12-29T14:00:00+08:00,98.125,98.134,98.036,98.036
2025-12-29T15:00:00+08:00,98.035,98.076,97.988,98.003
2025-12-29T16:00:00+08:00,98.005,98.053,97.946,97.983
2025-12-29T17:00:00+08:00,97.986,98.072,97.915,98.019
2025-12-29T18:00:00+08:00,98.023,98.079,97.981,98.077
2025-12-29T19:00:00+08:00,98.078,98.144,98.042,98.096
2025-12-29T20:00:00+08:00,98.099,98.174,98.08,98.125
2025-12-29T21:00:00+08:00,98.124,98.131,98.036,98.061
2025-12-29T22:00:00+08:00,98.062,98.087,97.916,97.968
2025-12-29T23:00:00+08:00,97.967,98.052,97.937,98.029
2025-12-30T00:00:00+08:00,98.029,98.129,98.025,98.116
2025-12-30T01:00:00+08:00,98.118,98.177,98.109,98.158
2025-12-30T02:00:00+08:00,98.16,98.171,98.111,98.128
2025-12-30T03:00:00+08:00,98.131,98.133,98.031,98.037
2025-12-30T04:00:00+08:00,98.039,98.068,98.02,98.035
2025-12-30T05:00:00+08:00,98.034,98.04,97.993,98.006
2025-12-30T06:00:00+08:00,98.009,98.048,98.009,98.039
2025-12-30T07:00:00+08:00,98.044,98.044,98.002,98.014
2025-12-30T08:00:00+08:00,98.01,98.046,98.01,98.033
2025-12-30T09:00:00+08:00,98.033,98.058,98.006,98.007
2025-12-30T10:00:00+08:00,98.012,98.046,97.995,98.032
2025-12-30T11:00:00+08:00,98.031,98.052,98.007,98.028
2025-12-30T12:00:00+08:00,98.031,98.036,97.976,97.983
2025-12-30T13:00:00+08:00,97.985,98.001,97.962,97.987
2025-12-30T14:00:00+08:00,97.985,97.993,97.946,97.965
2025-12-30T15:00:00+08:00,97.964,98.053,97.964,98.015
2025-12-30T16:00:00+08:00,98.019,98.038,97.973,98.033
2025-12-30T17:00:00+08:00,98.034,98.053,97.957,98.009
2025-12-30T18:00:00+08:00,98.013,98.013,97.939,97.976
2025-12-30T19:00:00+08:00,97.975,98.044,97.96,98.041
2025-12-30T20:00:00+08:00,98.046,98.092,98.04,98.088
2025-12-30T21:00:00+08:00,98.09,98.134,98.067,98.109
2025-12-30T22:00:00+08:00,98.107,98.157,98.102,98.128
2025-12-30T23:00:00+08:00,98.134,98.269,98.122,98.139
2025-12-31T00:00:00+08:00,98.139,98.184,98.086,98.099
2025-12-31T01:00:00+08:00,98.1,98.179,98.09,98.163
2025-12-31T02:00:00+08:00,98.164,98.222,98.137,98.205
2025-12-31T03:00:00+08:00,98.21,98.251,98.183,98.237
2025-12-31T04:00:00+08:00,98.236,98.259,98.207,98.254
2025-12-31T05:00:00+08:00,98.251,98.252,98.214,98.22
2025-12-31T06:00:00+08:00,98.224,98.234,98.214,98.228
2025-12-31T07:00:00+08:00,98.23,98.234,98.215,98.217
2025-12-31T08:00:00+08:00,98.247,98.254,98.222,98.227
2025-12-31T09:00:00+08:00,98.226,98.262,98.214,98.256
2025-12-31T10:00:00+08:00,98.259,98.287,98.256,98.276
2025-12-31T11:00:00+08:00,98.281,98.284,98.253,98.26
2025-12-31T12:00:00+08:00,98.262,98.33,98.262,98.324
2025-12-31T13:00:00+08:00,98.326,98.326,98.295,98.301
2025-12-31T14:00:00+08:00,98.302,98.344,98.297,98.312
2025-12-31T15:00:00+08:00,98.312,98.363,98.305,98.317
2025-12-31T16:00:00+08:00,98.315,98.436,98.294,98.418
2025-12-31T17:00:00+08:00,98.42,98.436,98.319,98.349
2025-12-31T18:00:00+08:00,98.347,98.389,98.305,98.332
2025-12-31T19:00:00+08:00,98.331,98.348,98.257,98.259
2025-12-31T20:00:00+08:00,98.258,98.259,98.188,98.202
2025-12-31T21:00:00+08:00,98.206,98.313,98.176,98.307
2025-12-31T22:00:00+08:00,98.306,98.409,98.302,98.4
2025-12-31T23:00:00+08:00,98.398,98.499,98.29,98.299
2026-01-01T00:00:00+08:00,98.303,98.412,98.262,98.371
2026-01-01T01:00:00+08:00,98.373,98.401,98.338,98.362
2026-01-01T02:00:00+08:00,98.365,98.407,98.342,98.371
2026-01-01T03:00:00+08:00,98.369,98.369,98.303,98.321
2026-01-01T04:00:00+08:00,98.325,98.325,98.229,98.236
2026-01-01T05:00:00+08:00,98.236,98.282,98.223,98.275
2026-01-01T06:00:00+08:00,98.277,98.279,98.274,98.279
2026-01-01T07:00:00+08:00,98.28,98.28,98.28,98.28
2026-01-02T08:00:00+08:00,98.235,98.235,98.194,98.195
2026-01-02T09:00:00+08:00,98.2,98.2,98.157,98.17
2026-01-02T10:00:00+08:00,98.168,98.187,98.145,98.181
2026-01-02T11:00:00+08:00,98.18,98.182,98.15,98.156
2026-01-02T12:00:00+08:00,98.156,98.23,98.156,98.226
2026-01-02T13:00:00+08:00,98.224,98.27,98.213,98.259
2026-01-02T14:00:00+08:00,98.263,98.327,98.261,98.309
2026-01-02T15:00:00+08:00,98.312,98.374,98.28,98.345
2026-01-02T16:00:00+08:00,98.347,98.424,98.322,98.39
2026-01-02T17:00:00+08:00,98.393,98.447,98.326,98.444
2026-01-02T18:00:00+08:00,98.442,98.492,98.422,98.441
2026-01-02T19:00:00+08:00,98.44,98.492,98.432,98.454
2026-01-02T20:00:00+08:00,98.454,98.464,98.422,98.446
2026-01-02T21:00:00+08:00,98.442,98.467,98.392,98.443
2026-01-02T22:00:00+08:00,98.444,98.483,98.377,98.394
2026-01-02T23:00:00+08:00,98.392,98.395,98.196,98.209
2026-01-03T00:00:00+08:00,98.206,98.346,98.187,98.324
2026-01-03T01:00:00+08:00,98.326,98.392,98.317,98.376
2026-01-03T02:00:00+08:00,98.375,98.494,98.373,98.465
2026-01-03T03:00:00+08:00,98.463,98.493,98.415,98.424
2026-01-03T04:00:00+08:00,98.423,98.478,98.42,98.453
2026-01-03T05:00:00+08:00,98.458,98.458,98.403,98.433
2026-01-05T07:00:00+08:00,98.481,98.569,98.471,98.557
2026-01-05T08:00:00+08:00,98.55,98.585,98.517,98.565
2026-01-05T09:00:00+08:00,98.567,98.596,98.537,98.581
2026-01-05T10:00:00+08:00,98.579,98.696,98.573,98.667
2026-01-05T11:00:00+08:00,98.666,98.788,98.651,98.774
2026-01-05T12:00:00+08:00,98.777,98.796,98.727,98.734
2026-01-05T13:00:00+08:00,98.736,98.747,98.697,98.704
2026-01-05T14:00:00+08:00,98.703,98.755,98.645,98.65
2026-01-05T15:00:00+08:00,98.652,98.712,98.647,98.69
2026-01-05T16:00:00+08:00,98.694,98.718,98.6,98.694
2026-01-05T17:00:00+08:00,98.689,98.762,98.658,98.692
2026-01-05T18:00:00+08:00,98.692,98.705,98.59,98.593
2026-01-05T19:00:00+08:00,98.593,98.65,98.576,98.638
2026-01-05T20:00:00+08:00,98.638,98.723,98.591,98.714
2026-01-05T21:00:00+08:00,98.718,98.861,98.713,98.729
2026-01-05T22:00:00+08:00,98.726,98.736,98.626,98.632
2026-01-05T23:00:00+08:00,98.634,98.634,98.461,98.461
2026-01-06T00:00:00+08:00,98.46,98.461,98.347,98.362
2026-01-06T01:00:00+08:00,98.367,98.397,98.319,98.36
2026-01-06T02:00:00+08:00,98.36,98.369,98.284,98.284
2026-01-06T03:00:00+08:00,98.285,98.299,98.251,98.27
2026-01-06T04:00:00+08:00,98.27,98.297,98.255,98.29
2026-01-06T05:00:00+08:00,98.29,98.334,98.281,98.322
2026-01-06T06:00:00+08:00,98.324,98.346,98.315,98.346
2026-01-06T07:00:00+08:00,98.342,98.36,98.334,98.356
2026-01-06T08:00:00+08:00,98.411,98.425,98.364,98.364
2026-01-06T09:00:00+08:00,98.363,98.404,98.296,98.296
2026-01-06T10:00:00+08:00,98.294,98.317,98.203,98.206
2026-01-06T11:00:00+08:00,98.206,98.248,98.199,98.227
2026-01-06T12:00:00+08:00,98.229,98.258,98.209,98.235
2026-01-06T13:00:00+08:00,98.239,98.284,98.209,98.272
2026-01-06T14:00:00+08:00,98.276,98.276,98.208,98.217
2026-01-06T15:00:00+08:00,98.218,98.283,98.161,98.262
2026-01-06T16:00:00+08:00,98.262,98.282,98.181,98.264
2026-01-06T17:00:00+08:00,98.265,98.407,98.263,98.373
2026-01-06T18:00:00+08:00,98.371,98.403,98.345,98.381
2026-01-06T19:00:00+08:00,98.381,98.449,98.38,98.435
2026-01-06T20:00:00+08:00,98.438,98.509,98.379,98.482
2026-01-06T21:00:00+08:00,98.483,98.512,98.388,98.401
2026-01-06T22:00:00+08:00,98.405,98.469,98.344,98.402
2026-01-06T23:00:00+08:00,98.409,98.624,98.407,98.536
2026-01-07T00:00:00+08:00,98.539,98.619,98.515,98.596
2026-01-07T01:00:00+08:00,98.599,98.606,98.508,98.51
2026-01-07T02:00:00+08:00,98.512,98.602,98.501,98.594
2026-01-07T03:00:00+08:00,98.598,98.626,98.572,98.579
2026-01-07T04:00:00+08:00,98.579,98.601,98.549,98.6
2026-01-07T05:00:00+08:00,98.598,98.621,98.59,98.598
2026-01-07T06:00:00+08:00,98.602,98.609,98.593,98.595
2026-01-07T07:00:00+08:00,98.596,98.599,98.588,98.595
2026-01-07T08:00:00+08:00,98.579,98.592,98.569,98.583
2026-01-07T09:00:00+08:00,98.583,98.602,98.526,98.559
2026-01-07T10:00:00+08:00,98.564,98.564,98.51,98.548
2026-01-07T11:00:00+08:00,98.549,98.549,98.508,98.522
2026-01-07T12:00:00+08:00,98.526,98.568,98.498,98.566
2026-01-07T13:00:00+08:00,98.567,98.568,98.534,98.542
2026-01-07T14:00:00+08:00,98.542,98.549,98.497,98.51
2026-01-07T15:00:00+08:00,98.507,98.658,98.5,98.635
2026-01-07T16:00:00+08:00,98.635,98.69,98.597,98.605
2026-01-07T17:00:00+08:00,98.608,98.64,98.594,98.609
2026-01-07T18:00:00+08:00,98.612,98.617,98.541,98.584
2026-01-07T19:00:00+08:00,98.586,98.608,98.553,98.579
2026-01-07T20:00:00+08:00,98.581,98.629,98.559,98.584
2026-01-07T21:00:00+08:00,98.586,98.631,98.525,98.543
2026-01-07T22:00:00+08:00,98.544,98.586,98.507,98.523
2026-01-07T23:00:00+08:00,98.522,98.666,98.519,98.601
2026-01-08T00:00:00+08:00,98.6,98.672,98.577,98.63
2026-01-08T01:00:00+08:00,98.629,98.644,98.581,98.627
2026-01-08T02:00:00+08:00,98.629,98.675,98.613,98.67
2026-01-08T03:00:00+08:00,98.672,98.706,98.658,98.685
2026-01-08T04:00:00+08:00,98.683,98.712,98.67,98.71
2026-01-08T05:00:00+08:00,98.711,98.751,98.711,98.74
2026-01-08T06:00:00+08:00,98.744,98.748,98.713,98.719
2026-01-08T07:00:00+08:00,98.718,98.732,98.717,98.729
2026-01-08T08:00:00+08:00,98.736,98.739,98.725,98.736
2026-01-08T09:00:00+08:00,98.737,98.771,98.719,98.758
2026-01-08T10:00:00+08:00,98.755,98.779,98.716,98.723
2026-01-08T11:00:00+08:00,98.723,98.727,98.679,98.705
2026-01-08T12:00:00+08:00,98.71,98.723,98.699,98.707
2026-01-08T13:00:00+08:00,98.709,98.734,98.692,98.696
2026-01-08T14:00:00+08:00,98.698,98.741,98.684,98.698
2026-01-08T15:00:00+08:00,98.695,98.742,98.688,98.733
2026-01-08T16:00:00+08:00,98.733,98.823,98.726,98.808
2026-01-08T17:00:00+08:00,98.81,98.827,98.773,98.777
2026-01-08T18:00:00+08:00,98.776,98.786,98.73,98.731
2026-01-08T19:00:00+08:00,98.731,98.768,98.722,98.754
2026-01-08T20:00:00+08:00,98.755,98.8,98.749,98.781
2026-01-08T21:00:00+08:00,98.783,98.901,98.739,98.87
2026-01-08T22:00:00+08:00,98.876,98.929,98.845,98.846
2026-01-08T23:00:00+08:00,98.845,98.881,98.78,98.823
2026-01-09T00:00:00+08:00,98.825,98.929,98.816,98.903
2026-01-09T01:00:00+08:00,98.903,98.973,98.888,98.915
2026-01-09T02:00:00+08:00,98.916,98.97,98.9,98.965
2026-01-09T03:00:00+08:00,98.97,98.984,98.93,98.933
2026-01-09T04:00:00+08:00,98.936,98.938,98.896,98.919
2026-01-09T05:00:00+08:00,98.924,98.928,98.838,98.863
2026-01-09T06:00:00+08:00,98.867,98.884,98.859,98.866
2026-01-09T07:00:00+08:00,98.864,98.869,98.844,98.844
2026-01-09T08:00:00+08:00,98.912,98.922,98.902,98.918
2026-01-09T09:00:00+08:00,98.922,98.97,98.9,98.965
2026-01-09T10:00:00+08:00,98.963,98.993,98.933,98.937
2026-01-09T11:00:00+08:00,98.934,98.942,98.905,98.926
2026-01-09T12:00:00+08:00,98.929,98.958,98.919,98.934
2026-01-09T13:00:00+08:00,98.933,98.985,98.927,98.972
2026-01-09T14:00:00+08:00,98.972,98.994,98.955,98.987
2026-01-09T15:00:00+08:00,98.986,99.058,98.981,98.981
2026-01-09T16:00:00+08:00,98.98,99.058,98.962,99.016
2026-01-09T17:00:00+08:00,99.016,99.072,98.993,99.064
2026-01-09T18:00:00+08:00,99.066,99.091,99.03,99.03
2026-01-09T19:00:00+08:00,99.029,99.061,99.019,99.022
2026-01-09T20:00:00+08:00,99.024,99.074,99.02,99.06
2026-01-09T21:00:00+08:00,99.059,99.165,98.896,99.009
2026-01-09T22:00:00+08:00,99.008,99.164,98.947,99.112
2026-01-09T23:00:00+08:00,99.112,99.264,99.077,99.085
2026-01-10T00:00:00+08:00,99.089,99.189,99.059,99.147
2026-01-10T01:00:00+08:00,99.147,99.191,99.133,99.165
2026-01-10T02:00:00+08:00,99.17,99.175,99.092,99.142
2026-01-10T03:00:00+08:00,99.142,99.146,99.101,99.132
2026-01-10T04:00:00+08:00,99.131,99.14,99.111,99.136
2026-01-10T05:00:00+08:00,99.138,99.186,99.122,99.137
2026-01-12T07:00:00+08:00,99.165,99.239,99.165,99.232
2026-01-12T08:00:00+08:00,99.231,99.246,98.893,98.896
2026-01-12T09:00:00+08:00,98.892,98.975,98.851,98.97
2026-01-12T10:00:00+08:00,98.972,99.017,98.922,99.013
2026-01-12T11:00:00+08:00,99.015,99.016,98.972,99.016
2026-01-12T12:00:00+08:00,99.017,99.038,98.999,99.011
2026-01-12T13:00:00+08:00,99.013,99.013,98.906,98.915
2026-01-12T14:00:00+08:00,98.917,98.954,98.887,98.912
2026-01-12T15:00:00+08:00,98.916,98.92,98.776,98.796
2026-01-12T16:00:00+08:00,98.798,98.845,98.724,98.759
2026-01-12T17:00:00+08:00,98.761,98.816,98.705,98.811
2026-01-12T18:00:00+08:00,98.809,98.859,98.771,98.774
2026-01-12T19:00:00+08:00,98.773,98.845,98.744,98.824
2026-01-12T20:00:00+08:00,98.823,98.841,98.753,98.795
2026-01-12T21:00:00+08:00,98.796,98.822,98.672,98.714
2026-01-12T22:00:00+08:00,98.714,98.854,98.711,98.824
2026-01-12T23:00:00+08:00,98.825,98.852,98.751,98.792
2026-01-13T00:00:00+08:00,98.787,98.88,98.782,98.878
2026-01-13T01:00:00+08:00,98.879,98.912,98.842,98.879
2026-01-13T02:00:00+08:00,98.884,98.915,98.866,98.89
2026-01-13T03:00:00+08:00,98.894,98.9,98.851,98.861
2026-01-13T04:00:00+08:00,98.862,98.924,98.854,98.913
2026-01-13T05:00:00+08:00,98.912,98.919,98.875,98.902
2026-01-13T06:00:00+08:00,98.903,98.903,98.873,98.878
2026-01-13T07:00:00+08:00,98.88,98.895,98.88,98.892
2026-01-13T08:00:00+08:00,98.898,98.936,98.898,98.905
2026-01-13T09:00:00+08:00,98.909,98.978,98.899,98.967
2026-01-13T10:00:00+08:00,98.967,98.978,98.931,98.972
2026-01-13T11:00:00+08:00,98.972,98.992,98.938,98.985
2026-01-13T12:00:00+08:00,98.989,98.992,98.929,98.938
2026-01-13T13:00:00+08:00,98.938,98.97,98.922,98.958
2026-01-13T14:00:00+08:00,98.958,99.032,98.958,98.98
2026-01-13T15:00:00+08:00,98.98,99.026,98.962,98.979
2026-01-13T16:00:00+08:00,98.979,99.023,98.944,98.947
2026-01-13T17:00:00+08:00,98.952,98.985,98.906,98.922
2026-01-13T18:00:00+08:00,98.922,98.97,98.909,98.958
2026-01-13T19:00:00+08:00,98.963,98.984,98.938,98.945
2026-01-13T20:00:00+08:00,98.946,99.051,98.943,99.035
2026-01-13T21:00:00+08:00,99.04,99.072,98.853,98.95
2026-01-13T22:00:00+08:00,98.954,99.049,98.912,98.991
2026-01-13T23:00:00+08:00,98.992,99.148,98.983,99.083
2026-01-14T00:00:00+08:00,99.085,99.227,99.061,99.141
2026-01-14T01:00:00+08:00,99.14,99.182,99.122,99.147
2026-01-14T02:00:00+08:00,99.148,99.188,99.09,99.099
2026-01-14T03:00:00+08:00,99.1,99.164,99.096,99.135
2026-01-14T04:00:00+08:00,99.133,99.163,99.122,99.151
2026-01-14T05:00:00+08:00,99.152,99.189,99.144,99.188
2026-01-14T06:00:00+08:00,99.185,99.186,99.167,99.169
2026-01-14T07:00:00+08:00,99.169,99.18,99.169,99.174
2026-01-14T08:00:00+08:00,99.186,99.203,99.182,99.187
2026-01-14T09:00:00+08:00,99.185,99.248,99.185,99.23
2026-01-14T10:00:00+08:00,99.231,99.248,99.169,99.176
2026-01-14T11:00:00+08:00,99.179,99.179,99.122,99.137
2026-01-14T12:00:00+08:00,99.136,99.168,99.127,99.163
2026-01-14T13:00:00+08:00,99.164,99.191,99.151,99.191
2026-01-14T14:00:00+08:00,99.189,99.195,99.112,99.118
2026-01-14T15:00:00+08:00,99.122,99.155,99.099,99.145
2026-01-14T16:00:00+08:00,99.146,99.178,99.106,99.119
2026-01-14T17:00:00+08:00,99.122,99.128,99.06,99.074
2026-01-14T18:00:00+08:00,99.075,99.11,99.02,99.043
2026-01-14T19:00:00+08:00,99.044,99.115,99.044,99.089
2026-01-14T20:00:00+08:00,99.092,99.099,98.997,98.997
2026-01-14T21:00:00+08:00,98.996,99.107,98.996,99.061
2026-01-14T22:00:00+08:00,99.062,99.077,98.951,98.975
2026-01-14T23:00:00+08:00,98.977,99.041,98.942,98.945
2026-01-15T00:00:00+08:00,98.946,99.002,98.933,98.984
2026-01-15T01:00:00+08:00,98.987,99.071,98.977,99.058
2026-01-15T02:00:00+08:00,99.063,99.123,99.059,99.121
2026-01-15T03:00:00+08:00,99.124,99.143,99.11,99.133
2026-01-15T04:00:00+08:00,99.134,99.134,99.063,99.112
2026-01-15T05:00:00+08:00,99.115,99.115,99.069,99.076
2026-01-15T06:00:00+08:00,99.078,99.083,99.051,99.065
2026-01-15T07:00:00+08:00,99.064,99.064,99.052,99.058
2026-01-15T08:00:00+08:00,99.129,99.135,99.115,99.115
2026-01-15T09:00:00+08:00,99.116,99.151,99.086,99.109
2026-01-15T10:00:00+08:00,99.111,99.141,99.093,99.119
2026-01-15T11:00:00+08:00,99.123,99.156,99.118,99.135
2026-01-15T12:00:00+08:00,99.14,99.181,99.131,99.172
2026-01-15T13:00:00+08:00,99.175,99.182,99.135,99.154
2026-01-15T14:00:00+08:00,99.153,99.201,99.127,99.183
2026-01-15T15:00:00+08:00,99.186,99.232,99.142,99.192
2026-01-15T16:00:00+08:00,99.192,99.222,99.159,99.192
2026-01-15T17:00:00+08:00,99.197,99.197,99.094,99.129
2026-01-15T18:00:00+08:00,99.128,99.161,99.108,99.148
2026-01-15T19:00:00+08:00,99.146,99.192,99.132,99.187
2026-01-15T20:00:00+08:00,99.189,99.268,99.16,99.251
2026-01-15T21:00:00+08:00,99.252,99.447,99.238,99.426
2026-01-15T22:00:00+08:00,99.432,99.492,99.345,99.428
2026-01-15T23:00:00+08:00,99.426,99.445,99.342,99.377
2026-01-16T00:00:00+08:00,99.377,99.409,99.313,99.366
2026-01-16T01:00:00+08:00,99.365,99.377,99.305,99.346
2026-01-16T02:00:00+08:00,99.346,99.346,99.298,99.302
2026-01-16T03:00:00+08:00,99.307,99.336,99.286,99.32
2026-01-16T04:00:00+08:00,99.32,99.396,99.307,99.389
2026-01-16T05:00:00+08:00,99.389,99.396,99.342,99.351
2026-01-16T06:00:00+08:00,99.357,99.367,99.349,99.365
2026-01-16T07:00:00+08:00,99.364,99.364,99.35,99.354
2026-01-16T08:00:00+08:00,99.369,99.402,99.369,99.385
2026-01-16T09:00:00+08:00,99.388,99.401,99.344,99.364
2026-01-16T10:00:00+08:00,99.362,99.369,99.264,99.316
2026-01-16T11:00:00+08:00,99.318,99.325,99.274,99.275
2026-01-16T12:00:00+08:00,99.277,99.299,99.272,99.297
2026-01-16T13:00:00+08:00,99.298,99.348,99.296,99.34
2026-01-16T14:00:00+08:00,99.342,99.369,99.325,99.33
2026-01-16T15:00:00+08:00,99.33,99.345,99.265,99.294
2026-01-16T16:00:00+08:00,99.291,99.314,99.264,99.31
2026-01-16T17:00:00+08:00,99.308,99.317,99.263,99.308
2026-01-16T18:00:00+08:00,99.308,99.309,99.226,99.259
2026-01-16T19:00:00+08:00,99.259,99.262,99.188,99.22
2026-01-16T20:00:00+08:00,99.22,99.278,99.204,99.234
2026-01-16T21:00:00+08:00,99.235,99.285,99.217,99.23
2026-01-16T22:00:00+08:00,99.237,99.279,99.21,99.233
2026-01-16T23:00:00+08:00,99.233,99.483,99.163,99.406
2026-01-17T00:00:00+08:00,99.408,99.408,99.309,99.374
2026-01-17T01:00:00+08:00,99.371,99.413,99.348,99.402
2026-01-17T02:00:00+08:00,99.406,99.452,99.376,99.405
2026-01-17T03:00:00+08:00,99.409,99.437,99.381,99.393
2026-01-17T04:00:00+08:00,99.392,99.395,99.348,99.371
2026-01-17T05:00:00+08:00,99.369,99.388,99.355,99.375
2026-01-19T07:00:00+08:00,99.436,99.468,99.134,99.147
2026-01-19T08:00:00+08:00,99.171,99.302,99.057,99.091
2026-01-19T09:00:00+08:00,99.09,99.181,99.084,99.177
2026-01-19T10:00:00+08:00,99.179,99.245,99.17,99.225
2026-01-19T11:00:00+08:00,99.221,99.239,99.174,99.186
2026-01-19T12:00:00+08:00,99.186,99.186,99.125,99.128
2026-01-19T13:00:00+08:00,99.129,99.169,99.085,99.161
2026-01-19T14:00:00+08:00,99.159,99.178,99.125,99.152
2026-01-19T15:00:00+08:00,99.149,99.222,99.061,99.202
2026-01-19T16:00:00+08:00,99.207,99.246,99.182,99.182
2026-01-19T17:00:00+08:00,99.181,99.285,99.141,99.178
2026-01-19T18:00:00+08:00,99.18,99.189,99.142,99.176
2026-01-19T19:00:00+08:00,99.174,99.215,99.161,99.169
2026-01-19T20:00:00+08:00,99.168,99.185,99.123,99.175
2026-01-19T21:00:00+08:00,99.17,99.173,99.093,99.12
2026-01-19T22:00:00+08:00,99.12,99.133,99.039,99.053
2026-01-19T23:00:00+08:00,99.058,99.117,99.024,99.068
2026-01-20T00:00:00+08:00,99.068,99.084,99.016,99.053
2026-01-20T01:00:00+08:00,99.055,99.068,99.018,99.025
2026-01-20T02:00:00+08:00,99.026,99.05,99.006,99.049
2026-01-20T03:00:00+08:00,99.051,99.057,99.025,99.052
2026-01-20T04:00:00+08:00,99.051,99.069,99.04,99.04
2026-01-20T05:00:00+08:00,99.042,99.063,99.036,99.046
2026-01-20T06:00:00+08:00,99.045,99.056,99.028,99.039
2026-01-20T07:00:00+08:00,99.039,99.05,99.035,99.045
2026-01-20T08:00:00+08:00,99.138,99.139,99.06,99.066
2026-01-20T09:00:00+08:00,99.067,99.093,99.035,99.037
2026-01-20T10:00:00+08:00,99.037,99.07,99.025,99.042
2026-01-20T11:00:00+08:00,99.039,99.042,98.935,98.951
2026-01-20T12:00:00+08:00,98.953,98.955,98.891,98.896
2026-01-20T13:00:00+08:00,98.9,98.921,98.844,98.918
2026-01-20T14:00:00+08:00,98.92,98.967,98.903,98.926
2026-01-20T15:00:00+08:00,98.926,98.971,98.726,98.751
2026-01-20T16:00:00+08:00,98.748,98.758,98.507,98.553
2026-01-20T17:00:00+08:00,98.552,98.56,98.436,98.493
2026-01-20T18:00:00+08:00,98.491,98.57,98.449,98.456
2026-01-20T19:00:00+08:00,98.453,98.526,98.405,98.441
2026-01-20T20:00:00+08:00,98.444,98.535,98.384,98.523
2026-01-20T21:00:00+08:00,98.524,98.566,98.246,98.469
2026-01-20T22:00:00+08:00,98.477,98.594,98.451,98.573
2026-01-20T23:00:00+08:00,98.574,98.596,98.432,98.508
2026-01-21T00:00:00+08:00,98.513,98.52,98.417,98.417
2026-01-21T01:00:00+08:00,98.422,98.495,98.393,98.483
2026-01-21T02:00:00+08:00,98.483,98.532,98.468,98.53
2026-01-21T03:00:00+08:00,98.529,98.652,98.519,98.641
2026-01-21T04:00:00+08:00,98.645,98.655,98.585,98.595
2026-01-21T05:00:00+08:00,98.597,98.605,98.54,98.552
2026-01-21T06:00:00+08:00,98.552,98.576,98.544,98.571
2026-01-21T07:00:00+08:00,98.568,98.568,98.557,98.559
2026-01-21T08:00:00+08:00,98.605,98.615,98.56,98.56
2026-01-21T09:00:00+08:00,98.559,98.563,98.454,98.495
2026-01-21T10:00:00+08:00,98.494,98.533,98.479,98.519
2026-01-21T11:00:00+08:00,98.511,98.639,98.503,98.581
2026-01-21T12:00:00+08:00,98.582,98.615,98.576,98.585
2026-01-21T13:00:00+08:00,98.586,98.615,98.566,98.603
2026-01-21T14:00:00+08:00,98.605,98.616,98.545,98.553
2026-01-21T15:00:00+08:00,98.555,98.631,98.524,98.569
2026-01-21T16:00:00+08:00,98.575,98.643,98.563,98.612
2026-01-21T17:00:00+08:00,98.611,98.71,98.601,98.695
2026-01-21T18:00:00+08:00,98.694,98.712,98.661,98.672
2026-01-21T19:00:00+08:00,98.671,98.693,98.56,98.614
2026-01-21T20:00:00+08:00,98.612,98.623,98.436,98.445
2026-01-21T21:00:00+08:00,98.443,98.509,98.384,98.411
2026-01-21T22:00:00+08:00,98.414,98.57,98.401,98.507
2026-01-21T23:00:00+08:00,98.509,98.677,98.471,98.666
2026-01-22T00:00:00+08:00,98.666,98.717,98.607,98.661
2026-01-22T01:00:00+08:00,98.666,98.717,98.601,98.66
2026-01-22T02:00:00+08:00,98.665,98.737,98.663,98.711
2026-01-22T03:00:00+08:00,98.711,98.868,98.646,98.761
2026-01-22T04:00:00+08:00,98.759,98.868,98.759,98.785
2026-01-22T05:00:00+08:00,98.784,98.805,98.753,98.781
2026-01-22T06:00:00+08:00,98.785,98.798,98.78,98.787
2026-01-22T07:00:00+08:00,98.789,98.793,98.784,98.79
2026-01-22T08:00:00+08:00,98.787,98.789,98.747,98.764
2026-01-22T09:00:00+08:00,98.765,98.811,98.75,98.758
2026-01-22T10:00:00+08:00,98.76,98.805,98.729,98.791
2026-01-22T11:00:00+08:00,98.792,98.795,98.763,98.772
2026-01-22T12:00:00+08:00,98.77,98.775,98.723,98.76
2026-01-22T13:00:00+08:00,98.761,98.815,98.761,98.785
2026-01-22T14:00:00+08:00,98.785,98.827,98.774,98.795
2026-01-22T15:00:00+08:00,98.793,98.82,98.736,98.768
2026-01-22T16:00:00+08:00,98.768,98.827,98.745,98.787
2026-01-22T17:00:00+08:00,98.782,98.792,98.704,98.734
2026-01-22T18:00:00+08:00,98.731,98.785,98.71,98.71
2026-01-22T19:00:00+08:00,98.716,98.78,98.666,98.691
2026-01-22T20:00:00+08:00,98.693,98.721,98.637,98.694
2026-01-22T21:00:00+08:00,98.697,98.701,98.593,98.621
2026-01-22T22:00:00+08:00,98.62,98.63,98.528,98.574
2026-01-22T23:00:00+08:00,98.574,98.583,98.437,98.438
2026-01-23T00:00:00+08:00,98.437,98.438,98.316,98.391
2026-01-23T01:00:00+08:00,98.393,98.47,98.319,98.332
2026-01-23T02:00:00+08:00,98.334,98.355,98.312,98.319
2026-01-23T03:00:00+08:00,98.321,98.381,98.316,98.358
2026-01-23T04:00:00+08:00,98.357,98.374,98.292,98.328
2026-01-23T05:00:00+08:00,98.33,98.34,98.278,98.287
2026-01-23T06:00:00+08:00,98.289,98.319,98.279,98.282
2026-01-23T07:00:00+08:00,98.282,98.282,98.262,98.267
2026-01-23T08:00:00+08:00,98.333,98.34,98.327,98.338
2026-01-23T09:00:00+08:00,98.339,98.351,98.297,98.341
2026-01-23T10:00:00+08:00,98.344,98.375,98.335,98.371
2026-01-23T11:00:00+08:00,98.369,98.392,98.347,98.384
2026-01-23T12:00:00+08:00,98.381,98.387,98.329,98.334
2026-01-23T13:00:00+08:00,98.333,98.341,98.303,98.333
2026-01-23T14:00:00+08:00,98.333,98.418,98.319,98.417
2026-01-23T15:00:00+08:00,98.418,98.481,98.259,98.407
2026-01-23T16:00:00+08:00,98.409,98.453,98.335,98.353
2026-01-23T17:00:00+08:00,98.35,98.364,98.296,98.349
2026-01-23T18:00:00+08:00,98.35,98.396,98.35,98.367
2026-01-23T19:00:00+08:00,98.368,98.392,98.32,98.342
2026-01-23T20:00:00+08:00,98.346,98.348,98.286,98.296
2026-01-23T21:00:00+08:00,98.297,98.362,98.256,98.354
2026-01-23T22:00:00+08:00,98.354,98.38,98.263,98.279
2026-01-23T23:00:00+08:00,98.28,98.281,98.147,98.158
2026-01-24T00:00:00+08:00,98.16,98.245,97.97,98.019
2026-01-24T01:00:00+08:00,98.017,98.031,97.705,97.764
2026-01-24T02:00:00+08:00,97.766,97.894,97.743,97.752
2026-01-24T03:00:00+08:00,97.757,97.761,97.557,97.599
2026-01-24T04:00:00+08:00,97.603,97.607,97.489,97.515
2026-01-24T05:00:00+08:00,97.52,97.523,97.425,97.456
2026-01-26T07:00:00+08:00,97.025,97.272,96.949,97.229
2026-01-26T08:00:00+08:00,97.254,97.333,97.162,97.174
2026-01-26T09:00:00+08:00,97.173,97.217,97.078,97.16
2026-01-26T10:00:00+08:00,97.164,97.174,96.995,97.065
2026-01-26T11:00:00+08:00,97.067,97.148,97.061,97.117
2026-01-26T12:00:00+08:00,97.118,97.169,97.038,97.117
2026-01-26T13:00:00+08:00,97.117,97.126,97.039,97.084
2026-01-26T14:00:00+08:00,97.085,97.198,97.085,97.181
2026-01-26T15:00:00+08:00,97.178,97.288,97.079,97.27
2026-01-26T16:00:00+08:00,97.271,97.272,97.064,97.141
2026-01-26T17:00:00+08:00,97.144,97.211,97.023,97.055
2026-01-26T18:00:00+08:00,97.06,97.125,97.04,97.074
2026-01-26T19:00:00+08:00,97.074,97.172,97.066,97.12
2026-01-26T20:00:00+08:00,97.124,97.274,97.112,97.262
2026-01-26T21:00:00+08:00,97.261,97.324,97.167,97.175
2026-01-26T22:00:00+08:00,97.173,97.2,96.975,96.977
2026-01-26T23:00:00+08:00,96.978,97.035,96.864,96.875
2026-01-27T00:00:00+08:00,96.874,96.995,96.806,96.954
2026-01-27T01:00:00+08:00,96.952,97.05,96.922,97.014
2026-01-27T02:00:00+08:00,97.013,97.034,96.934,97.03
2026-01-27T03:00:00+08:00,97.035,97.107,97.029,97.04
2026-01-27T04:00:00+08:00,97.039,97.056,96.996,97.022
2026-01-27T05:00:00+08:00,97.023,97.087,96.996,97.044
2026-01-27T06:00:00+08:00,97.045,97.075,97.039,97.056
2026-01-27T07:00:00+08:00,97.057,97.064,97.037,97.057
2026-01-27T08:00:00+08:00,97.054,97.085,97.054,97.078
2026-01-27T09:00:00+08:00,97.079,97.11,97.048,97.073
2026-01-27T10:00:00+08:00,97.075,97.091,96.918,96.965
2026-01-27T11:00:00+08:00,96.964,97.079,96.964,97.077
2026-01-27T12:00:00+08:00,97.074,97.155,97.057,97.135
2026-01-27T13:00:00+08:00,97.136,97.151,97.09,97.107
2026-01-27T14:00:00+08:00,97.111,97.138,97.059,97.133
2026-01-27T15:00:00+08:00,97.133,97.214,97.104,97.191
2026-01-27T16:00:00+08:00,97.19,97.286,97.166,97.207
2026-01-27T17:00:00+08:00,97.204,97.218,96.902,96.928
2026-01-27T18:00:00+08:00,96.929,97.061,96.917,96.929
2026-01-27T19:00:00+08:00,96.927,96.95,96.871,96.883
2026-01-27T20:00:00+08:00,96.883,96.896,96.588,96.62
2026-01-27T21:00:00+08:00,96.623,96.7,96.541,96.637
2026-01-27T22:00:00+08:00,96.636,96.67,96.386,96.469
2026-01-27T23:00:00+08:00,96.468,96.468,96.252,96.423
2026-01-28T00:00:00+08:00,96.422,96.433,96.159,96.228
2026-01-28T01:00:00+08:00,96.23,96.356,96.168,96.189
2026-01-28T02:00:00+08:00,96.187,96.26,96.137,96.214
2026-01-28T03:00:00+08:00,96.22,96.265,96.198,96.216
2026-01-28T04:00:00+08:00,96.214,96.247,95.551,95.842
2026-01-28T05:00:00+08:00,95.84,95.898,95.707,95.754
2026-01-28T06:00:00+08:00,95.765,95.799,95.749,95.761
2026-01-28T07:00:00+08:00,95.76,95.822,95.745,95.818
2026-01-28T08:00:00+08:00,95.965,95.987,95.951,95.976
2026-01-28T09:00:00+08:00,95.977,96.147,95.965,96.147
2026-01-28T10:00:00+08:00,96.148,96.19,96.086,96.104
2026-01-28T11:00:00+08:00,96.107,96.117,96.044,96.094
2026-01-28T12:00:00+08:00,96.099,96.137,96.045,96.054
2026-01-28T13:00:00+08:00,96.056,96.208,96.051,96.066
2026-01-28T14:00:00+08:00,96.067,96.109,96.003,96.079
2026-01-28T15:00:00+08:00,96.082,96.147,95.859,96.107
2026-01-28T16:00:00+08:00,96.108,96.254,96.002,96.177
2026-01-28T17:00:00+08:00,96.178,96.223,96.092,96.132
2026-01-28T18:00:00+08:00,96.134,96.217,96.056,96.106
2026-01-28T19:00:00+08:00,96.104,96.285,96.104,96.249
2026-01-28T20:00:00+08:00,96.251,96.259,96.12,96.154
2026-01-28T21:00:00+08:00,96.155,96.358,96.152,96.324
2026-01-28T22:00:00+08:00,96.327,96.349,96.162,96.27
2026-01-28T23:00:00+08:00,96.27,96.563,96.209,96.426
2026-01-29T00:00:00+08:00,96.424,96.627,96.378,96.478
2026-01-29T01:00:00+08:00,96.479,96.563,96.453,96.456
2026-01-29T02:00:00+08:00,96.461,96.67,96.454,96.605
2026-01-29T03:00:00+08:00,96.604,96.787,96.439,96.445
2026-01-29T04:00:00+08:00,96.45,96.514,96.359,96.394
2026-01-29T05:00:00+08:00,96.392,96.415,96.335,96.345
2026-01-29T06:00:00+08:00,96.35,96.354,96.336,96.342
2026-01-29T07:00:00+08:00,96.34,96.35,96.335,96.337
2026-01-29T08:00:00+08:00,96.16,96.183,96.15,96.182
2026-01-29T09:00:00+08:00,96.183,96.315,96.182,96.29
2026-01-29T10:00:00+08:00,96.292,96.354,96.176,96.197
2026-01-29T11:00:00+08:00,96.195,96.214,96.075,96.076
2026-01-29T12:00:00+08:00,96.08,96.164,96.053,96.057
2026-01-29T13:00:00+08:00,96.057,96.115,96.027,96.107
2026-01-29T14:00:00+08:00,96.109,96.159,96.054,96.083
2026-01-29T15:00:00+08:00,96.085,96.231,96.016,96.184
2026-01-29T16:00:00+08:00,96.186,96.288,96.096,96.238
2026-01-29T17:00:00+08:00,96.235,96.345,96.2,96.319
2026-01-29T18:00:00+08:00,96.318,96.447,96.3,96.431
2026-01-29T19:00:00+08:00,96.432,96.458,96.348,96.388
2026-01-29T20:00:00+08:00,96.387,96.415,96.26,96.261
2026-01-29T21:00:00+08:00,96.266,96.398,96.196,96.303
2026-01-29T22:00:00+08:00,96.302,96.323,96.157,96.175
2026-01-29T23:00:00+08:00,96.177,96.656,96.166,96.452
2026-01-30T00:00:00+08:00,96.453,96.463,96.271,96.335
2026-01-30T01:00:00+08:00,96.339,96.339,96.211,96.258
2026-01-30T02:00:00+08:00,96.26,96.323,96.201,96.239
2026-01-30T03:00:00+08:00,96.242,96.305,96.228,96.283
2026-01-30T04:00:00+08:00,96.287,96.328,96.17,96.202
2026-01-30T05:00:00+08:00,96.204,96.233,96.152,96.158
2026-01-30T06:00:00+08:00,96.16,96.208,96.159,96.159
2026-01-30T07:00:00+08:00,96.159,96.166,96.15,96.162
2026-01-30T08:00:00+08:00,96.165,96.454,96.165,96.444
2026-01-30T09:00:00+08:00,96.445,96.583,96.41,96.571
2026-01-30T10:00:00+08:00,96.574,96.738,96.536,96.568
2026-01-30T11:00:00+08:00,96.562,96.616,96.541,96.573
2026-01-30T12:00:00+08:00,96.577,96.583,96.478,96.547
2026-01-30T13:00:00+08:00,96.549,96.628,96.469,96.55
2026-01-30T14:00:00+08:00,96.551,96.629,96.484,96.592
2026-01-30T15:00:00+08:00,96.595,96.614,96.417,96.463
2026-01-30T16:00:00+08:00,96.465,96.547,96.415,96.493
2026-01-30T17:00:00+08:00,96.494,96.76,96.468,96.697
2026-01-30T18:00:00+08:00,96.701,96.718,96.582,96.611
2026-01-30T19:00:00+08:00,96.613,96.613,96.366,96.374
2026-01-30T20:00:00+08:00,96.377,96.605,96.32,96.579
2026-01-30T21:00:00+08:00,96.582,96.729,96.539,96.677
2026-01-30T22:00:00+08:00,96.676,96.735,96.602,96.702
2026-01-30T23:00:00+08:00,96.706,96.869,96.701,96.761
2026-01-31T00:00:00+08:00,96.766,96.915,96.753,96.83
2026-01-31T01:00:00+08:00,96.834,96.992,96.821,96.953
2026-01-31T02:00:00+08:00,96.953,97.102,96.866,96.907
2026-01-31T03:00:00+08:00,96.911,97.035,96.861,96.991
2026-01-31T04:00:00+08:00,96.99,97.126,96.987,97.124
2026-01-31T05:00:00+08:00,97.126,97.149,97.099,97.147
2026-02-02T07:00:00+08:00,97.185,97.298,97.146,97.225
2026-02-02T08:00:00+08:00,97.218,97.218,97.008,97.083
2026-02-02T09:00:00+08:00,97.086,97.206,97.048,97.054
2026-02-02T10:00:00+08:00,97.058,97.134,97.029,97.13
2026-02-02T11:00:00+08:00,97.132,97.137,97.057,97.116
2026-02-02T12:00:00+08:00,97.114,97.15,97.051,97.105
2026-02-02T13:00:00+08:00,97.108,97.272,97.103,97.201
2026-02-02T14:00:00+08:00,97.205,97.251,97.152,97.154
2026-02-02T15:00:00+08:00,97.153,97.184,97.098,97.169
2026-02-02T16:00:00+08:00,97.173,97.226,97.058,97.179
2026-02-02T17:00:00+08:00,97.177,97.224,97.067,97.084
2026-02-02T18:00:00+08:00,97.082,97.131,97.037,97.083
2026-02-02T19:00:00+08:00,97.087,97.113,97.029,97.083
2026-02-02T20:00:00+08:00,97.086,97.238,97.043,97.193
2026-02-02T21:00:00+08:00,97.198,97.445,97.193,97.421
2026-02-02T22:00:00+08:00,97.426,97.546,97.349,97.397
2026-02-02T23:00:00+08:00,97.404,97.665,97.404,97.655
2026-02-03T00:00:00+08:00,97.652,97.668,97.52,97.531
2026-02-03T01:00:00+08:00,97.535,97.603,97.482,97.566
2026-02-03T02:00:00+08:00,97.568,97.714,97.556,97.7
2026-02-03T03:00:00+08:00,97.701,97.733,97.612,97.631
2026-02-03T04:00:00+08:00,97.636,97.684,97.587,97.596
2026-02-03T05:00:00+08:00,97.596,97.622,97.574,97.608
2026-02-03T06:00:00+08:00,97.612,97.624,97.599,97.612
2026-02-03T07:00:00+08:00,97.614,97.633,97.599,97.604
2026-02-03T08:00:00+08:00,97.519,97.529,97.483,97.484
2026-02-03T09:00:00+08:00,97.485,97.53,97.432,97.439
2026-02-03T10:00:00+08:00,97.44,97.538,97.435,97.531
2026-02-03T11:00:00+08:00,97.534,97.538,97.435,97.457
2026-02-03T12:00:00+08:00,97.46,97.46,97.402,97.455
2026-02-03T13:00:00+08:00,97.455,97.487,97.421,97.456
2026-02-03T14:00:00+08:00,97.461,97.464,97.402,97.424
2026-02-03T15:00:00+08:00,97.425,97.45,97.34,97.398
2026-02-03T16:00:00+08:00,97.402,97.496,97.384,97.442
2026-02-03T17:00:00+08:00,97.445,97.613,97.423,97.613
2026-02-03T18:00:00+08:00,97.614,97.655,97.558,97.654
2026-02-03T19:00:00+08:00,97.653,97.689,97.601,97.652
2026-02-03T20:00:00+08:00,97.653,97.656,97.537,97.551
2026-02-03T21:00:00+08:00,97.553,97.582,97.474,97.569
2026-02-03T22:00:00+08:00,97.574,97.692,97.506,97.588
2026-02-03T23:00:00+08:00,97.586,97.629,97.406,97.407
2026-02-04T00:00:00+08:00,97.404,97.437,97.365,97.383
2026-02-04T01:00:00+08:00,97.384,97.413,97.298,97.405
2026-02-04T02:00:00+08:00,97.41,97.461,97.357,97.452
2026-02-04T03:00:00+08:00,97.456,97.487,97.405,97.436
2026-02-04T04:00:00+08:00,97.439,97.46,97.361,97.371
2026-02-04T05:00:00+08:00,97.372,97.395,97.342,97.388
2026-02-04T06:00:00+08:00,97.388,97.404,97.374,97.391
2026-02-04T07:00:00+08:00,97.396,97.396,97.369,97.381
2026-02-04T08:00:00+08:00,97.429,97.448,97.414,97.441
2026-02-04T09:00:00+08:00,97.446,97.463,97.337,97.369
2026-02-04T10:00:00+08:00,97.371,97.436,97.334,97.415
2026-02-04T11:00:00+08:00,97.417,97.437,97.383,97.387
2026-02-04T12:00:00+08:00,97.389,97.403,97.321,97.322
2026-02-04T13:00:00+08:00,97.323,97.352,97.314,97.336
2026-02-04T14:00:00+08:00,97.341,97.368,97.314,97.362
2026-02-04T15:00:00+08:00,97.36,97.416,97.331,97.362
2026-02-04T16:00:00+08:00,97.361,97.417,97.309,97.373
2026-02-04T17:00:00+08:00,97.372,97.526,97.345,97.501
2026-02-04T18:00:00+08:00,97.503,97.594,97.484,97.525
2026-02-04T19:00:00+08:00,97.524,97.596,97.516,97.545
2026-02-04T20:00:00+08:00,97.549,97.556,97.433,97.457
2026-02-04T21:00:00+08:00,97.46,97.532,97.406,97.447
2026-02-04T22:00:00+08:00,97.447,97.587,97.423,97.508
2026-02-04T23:00:00+08:00,97.51,97.688,97.474,97.672
2026-02-05T00:00:00+08:00,97.675,97.73,97.615,97.628
2026-02-05T01:00:00+08:00,97.635,97.688,97.543,97.679
2026-02-05T02:00:00+08:00,97.679,97.703,97.655,97.668
2026-02-05T03:00:00+08:00,97.667,97.715,97.609,97.616
2026-02-05T04:00:00+08:00,97.614,97.678,97.608,97.665
2026-02-05T05:00:00+08:00,97.666,97.67,97.627,97.638
2026-02-05T06:00:00+08:00,97.635,97.654,97.626,97.637
2026-02-05T07:00:00+08:00,97.642,97.646,97.638,97.642
2026-02-05T08:00:00+08:00,97.673,97.673,97.639,97.639
2026-02-05T09:00:00+08:00,97.638,97.673,97.629,97.656
2026-02-05T10:00:00+08:00,97.653,97.798,97.649,97.795
2026-02-05T11:00:00+08:00,97.798,97.812,97.75,97.766
2026-02-05T12:00:00+08:00,97.766,97.788,97.752,97.774
2026-02-05T13:00:00+08:00,97.775,97.807,97.767,97.781
2026-02-05T14:00:00+08:00,97.781,97.818,97.766,97.781
2026-02-05T15:00:00+08:00,97.784,97.784,97.698,97.742
2026-02-05T16:00:00+08:00,97.746,97.777,97.672,97.729
2026-02-05T17:00:00+08:00,97.731,97.915,97.727,97.91
2026-02-05T18:00:00+08:00,97.915,97.915,97.807,97.847
2026-02-05T19:00:00+08:00,97.846,97.857,97.771,97.781
2026-02-05T20:00:00+08:00,97.784,97.905,97.734,97.761
2026-02-05T21:00:00+08:00,97.761,97.806,97.625,97.65
2026-02-05T22:00:00+08:00,97.65,97.813,97.607,97.793
2026-02-05T23:00:00+08:00,97.795,97.9,97.692,97.848
2026-02-06T00:00:00+08:00,97.848,97.899,97.748,97.77
2026-02-06T01:00:00+08:00,97.775,97.81,97.746,97.765
2026-02-06T02:00:00+08:00,97.766,97.836,97.749,97.819
2026-02-06T03:00:00+08:00,97.824,97.832,97.792,97.825
2026-02-06T04:00:00+08:00,97.823,97.936,97.814,97.931
2026-02-06T05:00:00+08:00,97.931,97.986,97.92,97.965
2026-02-06T06:00:00+08:00,97.969,97.969,97.92,97.936
2026-02-06T07:00:00+08:00,97.937,97.966,97.936,97.946
2026-02-06T08:00:00+08:00,97.973,97.973,97.9,97.901
2026-02-06T09:00:00+08:00,97.901,97.936,97.857,97.878
2026-02-06T10:00:00+08:00,97.882,97.883,97.834,97.86
2026-02-06T11:00:00+08:00,97.861,97.875,97.841,97.862
2026-02-06T12:00:00+08:00,97.861,97.865,97.789,97.797
2026-02-06T13:00:00+08:00,97.795,97.8,97.756,97.775
2026-02-06T14:00:00+08:00,97.777,97.807,97.754,97.779
2026-02-06T15:00:00+08:00,97.776,97.852,97.773,97.841
2026-02-06T16:00:00+08:00,97.843,97.873,97.811,97.851
2026-02-06T17:00:00+08:00,97.853,97.87,97.793,97.835
2026-02-06T18:00:00+08:00,97.836,97.843,97.785,97.822
2026-02-06T19:00:00+08:00,97.827,97.876,97.814,97.833
2026-02-06T20:00:00+08:00,97.832,97.85,97.805,97.812
2026-02-06T21:00:00+08:00,97.811,97.818,97.695,97.698
2026-02-06T22:00:00+08:00,97.698,97.699,97.559,97.593
2026-02-06T23:00:00+08:00,97.591,97.718,97.568,97.597
2026-02-07T00:00:00+08:00,97.599,97.676,97.589,97.669
2026-02-07T01:00:00+08:00,97.67,97.685,97.596,97.617
2026-02-07T02:00:00+08:00,97.617,97.634,97.586,97.628
2026-02-07T03:00:00+08:00,97.626,97.661,97.615,97.631
2026-02-07T04:00:00+08:00,97.633,97.643,97.608,97.613
2026-02-07T05:00:00+08:00,97.612,97.685,97.598,97.681
2026-02-09T07:00:00+08:00,97.7,97.761,97.599,97.612
2026-02-09T08:00:00+08:00,97.621,97.627,97.514,97.556
2026-02-09T09:00:00+08:00,97.56,97.578,97.481,97.572
2026-02-09T10:00:00+08:00,97.571,97.653,97.57,97.617
2026-02-09T11:00:00+08:00,97.62,97.634,97.584,97.629
2026-02-09T12:00:00+08:00,97.631,97.631,97.562,97.565
2026-02-09T13:00:00+08:00,97.563,97.571,97.489,97.515
2026-02-09T14:00:00+08:00,97.515,97.516,97.344,97.397
2026-02-09T15:00:00+08:00,97.394,97.451,97.347,97.385
2026-02-09T16:00:00+08:00,97.389,97.443,97.338,97.35
2026-02-09T17:00:00+08:00,97.349,97.386,97.291,97.367
2026-02-09T18:00:00+08:00,97.368,97.426,97.32,97.374
2026-02-09T19:00:00+08:00,97.377,97.42,97.255,97.28
2026-02-09T20:00:00+08:00,97.28,97.28,97.15,97.159
2026-02-09T21:00:00+08:00,97.158,97.159,96.999,97.004
2026-02-09T22:00:00+08:00,97.006,97.019,96.881,96.892
2026-02-09T23:00:00+08:00,96.894,96.965,96.837,96.894
2026-02-10T00:00:00+08:00,96.897,97.034,96.86,97.007
2026-02-10T01:00:00+08:00,97.005,97.007,96.916,96.931
2026-02-10T02:00:00+08:00,96.933,96.964,96.856,96.864
2026-02-10T03:00:00+08:00,96.866,96.891,96.793,96.816
2026-02-10T04:00:00+08:00,96.814,96.863,96.81,96.86
2026-02-10T05:00:00+08:00,96.859,96.883,96.848,96.854
2026-02-10T06:00:00+08:00,96.858,96.892,96.856,96.873
2026-02-10T07:00:00+08:00,96.866,96.874,96.862,96.869
2026-02-10T08:00:00+08:00,96.997,97.007,96.953,96.953
2026-02-10T09:00:00+08:00,96.957,96.996,96.874,96.907
2026-02-10T10:00:00+08:00,96.906,96.909,96.821,96.822
2026-02-10T11:00:00+08:00,96.825,96.846,96.791,96.838
2026-02-10T12:00:00+08:00,96.841,96.874,96.824,96.856
2026-02-10T13:00:00+08:00,96.86,96.892,96.828,96.869
2026-02-10T14:00:00+08:00,96.869,96.923,96.833,96.91
2026-02-10T15:00:00+08:00,96.909,96.944,96.851,96.897
2026-02-10T16:00:00+08:00,96.894,96.95,96.85,96.89
2026-02-10T17:00:00+08:00,96.893,96.897,96.806,96.838
2026-02-10T18:00:00+08:00,96.838,96.875,96.799,96.847
2026-02-10T19:00:00+08:00,96.85,96.914,96.846,96.892
2026-02-10T20:00:00+08:00,96.889,96.961,96.842,96.924
2026-02-10T21:00:00+08:00,96.926,96.956,96.762,96.806
2026-02-10T22:00:00+08:00,96.809,96.82,96.609,96.702
2026-02-10T23:00:00+08:00,96.704,96.833,96.65,96.693
2026-02-11T00:00:00+08:00,96.693,96.814,96.685,96.805
2026-02-11T01:00:00+08:00,96.804,96.865,96.755,96.84
2026-02-11T02:00:00+08:00,96.841,96.899,96.835,96.886
2026-02-11T03:00:00+08:00,96.887,96.926,96.796,96.8
2026-02-11T04:00:00+08:00,96.801,96.86,96.788,96.858
2026-02-11T05:00:00+08:00,96.858,96.876,96.847,96.862
2026-02-11T06:00:00+08:00,96.864,96.884,96.84,96.877
2026-02-11T07:00:00+08:00,96.878,96.894,96.876,96.891
2026-02-11T08:00:00+08:00,96.914,96.914,96.793,96.818
2026-02-11T09:00:00+08:00,96.823,96.83,96.765,96.799
2026-02-11T10:00:00+08:00,96.799,96.799,96.656,96.684
2026-02-11T11:00:00+08:00,96.681,96.72,96.637,96.651
2026-02-11T12:00:00+08:00,96.65,96.668,96.607,96.655
2026-02-11T13:00:00+08:00,96.657,96.668,96.56,96.563
2026-02-11T14:00:00+08:00,96.564,96.61,96.494,96.59
2026-02-11T15:00:00+08:00,96.595,96.636,96.575,96.575
2026-02-11T16:00:00+08:00,96.574,96.617,96.553,96.559
2026-02-11T17:00:00+08:00,96.557,96.625,96.538,96.553
2026-02-11T18:00:00+08:00,96.557,96.583,96.494,96.532
2026-02-11T19:00:00+08:00,96.535,96.674,96.533,96.651
2026-02-11T20:00:00+08:00,96.65,96.745,96.642,96.729
2026-02-11T21:00:00+08:00,96.726,97.272,96.706,97.005
2026-02-11T22:00:00+08:00,97.012,97.047,96.838,96.974
2026-02-11T23:00:00+08:00,96.976,97.102,96.888,97.036
2026-02-12T00:00:00+08:00,97.039,97.076,96.803,96.806
2026-02-12T01:00:00+08:00,96.809,96.853,96.695,96.764
2026-02-12T02:00:00+08:00,96.769,96.829,96.733,96.781
2026-02-12T03:00:00+08:00,96.787,96.839,96.781,96.835
2026-02-12T04:00:00+08:00,96.836,96.931,96.825,96.924
2026-02-12T05:00:00+08:00,96.925,96.948,96.905,96.921
2026-02-12T06:00:00+08:00,96.924,96.924,96.884,96.893
2026-02-12T07:00:00+08:00,96.897,96.911,96.89,96.907
2026-02-12T08:00:00+08:00,96.96,96.96,96.873,96.874
2026-02-12T09:00:00+08:00,96.872,96.894,96.813,96.82
2026-02-12T10:00:00+08:00,96.822,96.843,96.775,96.802
2026-02-12T11:00:00+08:00,96.806,96.891,96.774,96.855
2026-02-12T12:00:00+08:00,96.856,96.946,96.823,96.937
2026-02-12T13:00:00+08:00,96.933,96.986,96.925,96.949
2026-02-12T14:00:00+08:00,96.951,97.074,96.911,96.999
2026-02-12T15:00:00+08:00,96.999,97.007,96.866,96.882
2026-02-12T16:00:00+08:00,96.884,96.911,96.815,96.837
2026-02-12T17:00:00+08:00,96.837,96.837,96.765,96.772
2026-02-12T18:00:00+08:00,96.774,96.859,96.769,96.845
2026-02-12T19:00:00+08:00,96.844,96.86,96.787,96.799
2026-02-12T20:00:00+08:00,96.8,96.986,96.788,96.937
2026-02-12T21:00:00+08:00,96.937,96.952,96.801,96.812
2026-02-12T22:00:00+08:00,96.814,96.866,96.76,96.804
2026-02-12T23:00:00+08:00,96.806,96.846,96.754,96.776
2026-02-13T00:00:00+08:00,96.776,96.952,96.744,96.9
2026-02-13T01:00:00+08:00,96.902,96.986,96.86,96.961
2026-02-13T02:00:00+08:00,96.966,97.03,96.93,96.976
2026-02-13T03:00:00+08:00,96.977,96.991,96.915,96.924
2026-02-13T04:00:00+08:00,96.927,96.973,96.911,96.913
2026-02-13T05:00:00+08:00,96.914,96.928,96.895,96.907
2026-02-13T06:00:00+08:00,96.909,96.94,96.895,96.895
2026-02-13T07:00:00+08:00,96.9,96.922,96.892,96.92
2026-02-13T08:00:00+08:00,96.937,96.955,96.904,96.904
2026-02-13T09:00:00+08:00,96.906,97.009,96.897,96.981
2026-02-13T10:00:00+08:00,96.977,97.009,96.934,96.956
2026-02-13T11:00:00+08:00,96.955,96.977,96.928,96.961
2026-02-13T12:00:00+08:00,96.958,97.027,96.949,97.008
2026-02-13T13:00:00+08:00,97.012,97.059,96.988,97.048
2026-02-13T14:00:00+08:00,97.047,97.094,97.016,97.079
2026-02-13T15:00:00+08:00,97.08,97.156,97.039,97.052
2026-02-13T16:00:00+08:00,97.053,97.078,97.014,97.018
2026-02-13T17:00:00+08:00,97.018,97.029,96.98,97.024
2026-02-13T18:00:00+08:00,97.026,97.081,97.024,97.063
2026-02-13T19:00:00+08:00,97.064,97.078,97.028,97.062
2026-02-13T20:00:00+08:00,97.059,97.083,97.02,97.028
2026-02-13T21:00:00+08:00,97.028,97.068,96.85,96.893
2026-02-13T22:00:00+08:00,96.9,97.017,96.893,96.993
2026-02-13T23:00:00+08:00,96.997,97.09,96.906,97.087
2026-02-14T00:00:00+08:00,97.091,97.097,96.888,96.913
2026-02-14T01:00:00+08:00,96.918,96.92,96.802,96.862
2026-02-14T02:00:00+08:00,96.861,96.88,96.826,96.865
2026-02-14T03:00:00+08:00,96.869,96.918,96.856,96.914
2026-02-14T04:00:00+08:00,96.919,96.936,96.849,96.859
2026-02-14T05:00:00+08:00,96.86,96.895,96.833,96.884
2026-02-16T07:00:00+08:00,96.875,96.942,96.875,96.915
2026-02-16T08:00:00+08:00,96.911,96.977,96.909,96.972
2026-02-16T09:00:00+08:00,96.974,96.997,96.928,96.935
2026-02-16T10:00:00+08:00,96.938,96.966,96.923,96.938
2026-02-16T11:00:00+08:00,96.938,96.962,96.917,96.932
2026-02-16T12:00:00+08:00,96.932,96.985,96.917,96.976
2026-02-16T13:00:00+08:00,96.975,96.989,96.947,96.962
2026-02-16T14:00:00+08:00,96.961,96.97,96.909,96.941
2026-02-16T15:00:00+08:00,96.945,96.998,96.94,96.973
2026-02-16T16:00:00+08:00,96.972,97.017,96.906,96.956
2026-02-16T17:00:00+08:00,96.957,97.012,96.923,97
2026-02-16T18:00:00+08:00,97.005,97.023,96.981,96.986
2026-02-16T19:00:00+08:00,96.985,97.028,96.985,97.011
2026-02-16T20:00:00+08:00,97.009,97.078,96.99,97.058
2026-02-16T21:00:00+08:00,97.061,97.097,97.026,97.05
2026-02-16T22:00:00+08:00,97.054,97.067,96.987,97.04
2026-02-16T23:00:00+08:00,97.04,97.093,97.034,97.063
2026-02-17T00:00:00+08:00,97.061,97.119,97.043,97.081
2026-02-17T01:00:00+08:00,97.085,97.12,97.072,97.104
2026-02-17T02:00:00+08:00,97.102,97.103,97.083,97.095
2026-02-17T03:00:00+08:00,97.099,97.099,97.065,97.067
2026-02-17T04:00:00+08:00,97.066,97.078,97.056,97.072
2026-02-17T05:00:00+08:00,97.076,97.097,97.068,97.088
2026-02-17T06:00:00+08:00,97.089,97.092,97.077,97.086
2026-02-17T07:00:00+08:00,97.083,97.099,97.083,97.098
2026-02-17T08:00:00+08:00,97.124,97.126,97.096,97.11
2026-02-17T09:00:00+08:00,97.108,97.143,97.103,97.105
2026-02-17T10:00:00+08:00,97.106,97.137,97.083,97.12
2026-02-17T11:00:00+08:00,97.119,97.147,97.118,97.127
2026-02-17T12:00:00+08:00,97.129,97.147,97.105,97.12
2026-02-17T13:00:00+08:00,97.119,97.152,97.105,97.113
2026-02-17T14:00:00+08:00,97.111,97.111,97.077,97.094
2026-02-17T15:00:00+08:00,97.093,97.247,97.093,97.22
2026-02-17T16:00:00+08:00,97.219,97.237,97.101,97.119
2026-02-17T17:00:00+08:00,97.114,97.132,97.072,97.1
2026-02-17T18:00:00+08:00,97.103,97.146,97.085,97.128
2026-02-17T19:00:00+08:00,97.129,97.278,97.118,97.235
2026-02-17T20:00:00+08:00,97.232,97.278,97.199,97.269
2026-02-17T21:00:00+08:00,97.271,97.395,97.258,97.353
2026-02-17T22:00:00+08:00,97.355,97.403,97.326,97.379
2026-02-17T23:00:00+08:00,97.38,97.546,97.373,97.497
2026-02-18T00:00:00+08:00,97.496,97.501,97.291,97.315
2026-02-18T01:00:00+08:00,97.317,97.327,97.232,97.246
2026-02-18T02:00:00+08:00,97.246,97.255,97.136,97.165
2026-02-18T03:00:00+08:00,97.17,97.205,97.153,97.154
2026-02-18T04:00:00+08:00,97.159,97.172,97.131,97.142
2026-02-18T05:00:00+08:00,97.139,97.149,97.114,97.115
2026-02-18T06:00:00+08:00,97.117,97.146,97.115,97.132
2026-02-18T07:00:00+08:00,97.126,97.127,97.107,97.107
2026-02-18T08:00:00+08:00,97.142,97.161,97.118,97.158
2026-02-18T09:00:00+08:00,97.157,97.211,97.157,97.188
2026-02-18T10:00:00+08:00,97.191,97.247,97.191,97.21
2026-02-18T11:00:00+08:00,97.213,97.244,97.191,97.243
2026-02-18T12:00:00+08:00,97.247,97.258,97.218,97.237
2026-02-18T13:00:00+08:00,97.239,97.24,97.199,97.201
2026-02-18T14:00:00+08:00,97.201,97.244,97.186,97.194
2026-02-18T15:00:00+08:00,97.2,97.302,97.185,97.282
2026-02-18T16:00:00+08:00,97.288,97.328,97.248,97.301
2026-02-18T17:00:00+08:00,97.301,97.315,97.242,97.26
2026-02-18T18:00:00+08:00,97.265,97.309,97.229,97.301
2026-02-18T19:00:00+08:00,97.302,97.311,97.239,97.258
2026-02-18T20:00:00+08:00,97.255,97.266,97.171,97.229
2026-02-18T21:00:00+08:00,97.229,97.37,97.162,97.369
2026-02-18T22:00:00+08:00,97.371,97.479,97.34,97.464
2026-02-18T23:00:00+08:00,97.467,97.477,97.377,97.409
2026-02-19T00:00:00+08:00,97.412,97.513,97.371,97.513
2026-02-19T01:00:00+08:00,97.514,97.588,97.479,97.556
2026-02-19T02:00:00+08:00,97.559,97.699,97.542,97.666
2026-02-19T03:00:00+08:00,97.667,97.732,97.63,97.704
2026-02-19T04:00:00+08:00,97.703,97.741,97.677,97.731
2026-02-19T05:00:00+08:00,97.733,97.742,97.707,97.74
2026-02-19T06:00:00+08:00,97.74,97.74,97.705,97.711
2026-02-19T07:00:00+08:00,97.709,97.717,97.693,97.694
2026-02-19T08:00:00+08:00,97.732,97.732,97.684,97.701
2026-02-19T09:00:00+08:00,97.702,97.711,97.662,97.682
2026-02-19T10:00:00+08:00,97.682,97.711,97.662,97.705
2026-02-19T11:00:00+08:00,97.708,97.757,97.685,97.728
2026-02-19T12:00:00+08:00,97.726,97.777,97.72,97.745
2026-02-19T13:00:00+08:00,97.745,97.769,97.731,97.748
2026-02-19T14:00:00+08:00,97.751,97.762,97.642,97.665
2026-02-19T15:00:00+08:00,97.664,97.709,97.613,97.632
2026-02-19T16:00:00+08:00,97.629,97.655,97.582,97.618
2026-02-19T17:00:00+08:00,97.617,97.656,97.572,97.631
2026-02-19T18:00:00+08:00,97.632,97.717,97.608,97.703
2026-02-19T19:00:00+08:00,97.706,97.793,97.687,97.766
2026-02-19T20:00:00+08:00,97.768,97.873,97.757,97.853
2026-02-19T21:00:00+08:00,97.858,97.98,97.853,97.873
2026-02-19T22:00:00+08:00,97.875,98.074,97.867,98.002
2026-02-19T23:00:00+08:00,98.011,98.032,97.81,97.901
2026-02-20T00:00:00+08:00,97.901,97.945,97.842,97.928
2026-02-20T01:00:00+08:00,97.932,97.963,97.882,97.901
2026-02-20T02:00:00+08:00,97.9,97.907,97.821,97.865
2026-02-20T03:00:00+08:00,97.868,97.959,97.836,97.926
2026-02-20T04:00:00+08:00,97.924,97.927,97.877,97.883
2026-02-20T05:00:00+08:00,97.885,97.888,97.799,97.834
2026-02-20T06:00:00+08:00,97.839,97.854,97.823,97.84
2026-02-20T07:00:00+08:00,97.841,97.845,97.816,97.819
2026-02-20T08:00:00+08:00,97.898,97.898,97.842,97.868
2026-02-20T09:00:00+08:00,97.869,97.989,97.855,97.957
2026-02-20T10:00:00+08:00,97.957,98.002,97.949,97.992
2026-02-20T11:00:00+08:00,97.995,97.995,97.949,97.966
2026-02-20T12:00:00+08:00,97.965,97.999,97.937,97.993
2026-02-20T13:00:00+08:00,97.997,98.018,97.955,97.977
2026-02-20T14:00:00+08:00,97.979,97.999,97.952,97.96
2026-02-20T15:00:00+08:00,97.96,98.025,97.881,98.017
2026-02-20T16:00:00+08:00,98.018,98.078,97.928,97.962
2026-02-20T17:00:00+08:00,97.963,97.984,97.88,97.902
2026-02-20T18:00:00+08:00,97.906,97.969,97.878,97.899
2026-02-20T19:00:00+08:00,97.901,97.933,97.87,97.887
2026-02-20T20:00:00+08:00,97.888,97.919,97.863,97.901
2026-02-20T21:00:00+08:00,97.902,97.976,97.782,97.889
2026-02-20T22:00:00+08:00,97.89,97.988,97.879,97.908
2026-02-20T23:00:00+08:00,97.908,98.002,97.589,97.711
2026-02-21T00:00:00+08:00,97.71,97.831,97.632,97.781
2026-02-21T01:00:00+08:00,97.778,97.903,97.747,97.776
2026-02-21T02:00:00+08:00,97.781,97.809,97.642,97.743
2026-02-21T03:00:00+08:00,97.746,97.815,97.716,97.795
2026-02-21T04:00:00+08:00,97.798,97.822,97.739,97.758
2026-02-21T05:00:00+08:00,97.756,97.804,97.705,97.789
2026-02-23T07:00:00+08:00,97.698,97.705,97.38,97.384
2026-02-23T08:00:00+08:00,97.411,97.482,97.355,97.379
2026-02-23T09:00:00+08:00,97.378,97.461,97.36,97.426
2026-02-23T10:00:00+08:00,97.425,97.441,97.381,97.414
2026-02-23T11:00:00+08:00,97.418,97.504,97.413,97.45
2026-02-23T12:00:00+08:00,97.448,97.492,97.445,97.475
2026-02-23T13:00:00+08:00,97.476,97.521,97.472,97.488
2026-02-23T14:00:00+08:00,97.486,97.508,97.373,97.453
2026-02-23T15:00:00+08:00,97.452,97.504,97.432,97.461
2026-02-23T16:00:00+08:00,97.462,97.59,97.45,97.56
2026-02-23T17:00:00+08:00,97.563,97.643,97.536,97.634
2026-02-23T18:00:00+08:00,97.634,97.684,97.631,97.655
2026-02-23T19:00:00+08:00,97.657,97.788,97.651,97.759
2026-02-23T20:00:00+08:00,97.76,97.853,97.76,97.79
2026-02-23T21:00:00+08:00,97.79,97.816,97.649,97.659
2026-02-23T22:00:00+08:00,97.662,97.68,97.561,97.58
2026-02-23T23:00:00+08:00,97.582,97.665,97.532,97.652
2026-02-24T00:00:00+08:00,97.653,97.702,97.566,97.586
2026-02-24T01:00:00+08:00,97.583,97.69,97.549,97.635
2026-02-24T02:00:00+08:00,97.636,97.675,97.624,97.643
2026-02-24T03:00:00+08:00,97.645,97.728,97.627,97.707
2026-02-24T04:00:00+08:00,97.705,97.737,97.691,97.725
2026-02-24T05:00:00+08:00,97.723,97.749,97.698,97.736
2026-02-24T06:00:00+08:00,97.739,97.739,97.709,97.722
2026-02-24T07:00:00+08:00,97.719,97.727,97.696,97.696
2026-02-24T08:00:00+08:00,97.698,97.744,97.695,97.74
2026-02-24T09:00:00+08:00,97.744,97.882,97.741,97.798
2026-02-24T10:00:00+08:00,97.797,97.821,97.757,97.763
2026-02-24T11:00:00+08:00,97.761,97.843,97.746,97.842
2026-02-24T12:00:00+08:00,97.842,97.908,97.828,97.888
2026-02-24T13:00:00+08:00,97.894,97.899,97.813,97.815
2026-02-24T14:00:00+08:00,97.815,97.828,97.787,97.797
2026-02-24T15:00:00+08:00,97.798,97.949,97.796,97.916
2026-02-24T16:00:00+08:00,97.918,97.957,97.829,97.855
2026-02-24T17:00:00+08:00,97.858,97.866,97.774,97.812
2026-02-24T18:00:00+08:00,97.815,97.854,97.778,97.838
2026-02-24T19:00:00+08:00,97.838,97.878,97.832,97.872
2026-02-24T20:00:00+08:00,97.874,97.935,97.856,97.871
2026-02-24T21:00:00+08:00,97.872,97.972,97.862,97.939
2026-02-24T22:00:00+08:00,97.937,97.986,97.895,97.913
2026-02-24T23:00:00+08:00,97.916,97.966,97.837,97.891
2026-02-25T00:00:00+08:00,97.892,97.897,97.746,97.762
2026-02-25T01:00:00+08:00,97.766,97.819,97.756,97.793
2026-02-25T02:00:00+08:00,97.795,97.85,97.777,97.841
2026-02-25T03:00:00+08:00,97.845,97.86,97.794,97.843
2026-02-25T04:00:00+08:00,97.841,97.876,97.803,97.876
2026-02-25T05:00:00+08:00,97.878,97.9,97.86,97.899
2026-02-25T06:00:00+08:00,97.898,97.898,97.859,97.876
2026-02-25T07:00:00+08:00,97.876,97.883,97.875,97.882
2026-02-25T08:00:00+08:00,97.854,97.867,97.821,97.833
2026-02-25T09:00:00+08:00,97.834,97.856,97.8,97.837
2026-02-25T10:00:00+08:00,97.837,97.84,97.706,97.711
2026-02-25T11:00:00+08:00,97.712,97.811,97.696,97.766
2026-02-25T12:00:00+08:00,97.768,97.796,97.715,97.728
2026-02-25T13:00:00+08:00,97.728,97.734,97.655,97.672
2026-02-25T14:00:00+08:00,97.672,97.7,97.647,97.655
2026-02-25T15:00:00+08:00,97.657,97.726,97.643,97.726
2026-02-25T16:00:00+08:00,97.726,97.817,97.706,97.813
2026-02-25T17:00:00+08:00,97.813,97.863,97.799,97.842
2026-02-25T18:00:00+08:00,97.845,97.918,97.839,97.917
2026-02-25T19:00:00+08:00,97.919,98.002,97.912,97.967
2026-02-25T20:00:00+08:00,97.968,97.97,97.864,97.868
2026-02-25T21:00:00+08:00,97.87,97.969,97.829,97.963
2026-02-25T22:00:00+08:00,97.969,97.972,97.835,97.869
2026-02-25T23:00:00+08:00,97.867,97.874,97.735,97.738
2026-02-26T00:00:00+08:00,97.737,97.75,97.689,97.704
2026-02-26T01:00:00+08:00,97.706,97.714,97.622,97.679
2026-02-26T02:00:00+08:00,97.679,97.707,97.65,97.703
2026-02-26T03:00:00+08:00,97.705,97.727,97.668,97.699
2026-02-26T04:00:00+08:00,97.698,97.706,97.671,97.696
2026-02-26T05:00:00+08:00,97.696,97.717,97.645,97.663
2026-02-26T06:00:00+08:00,97.661,97.684,97.643,97.654
2026-02-26T07:00:00+08:00,97.652,97.653,97.634,97.643
2026-02-26T08:00:00+08:00,97.591,97.609,97.571,97.572
2026-02-26T09:00:00+08:00,97.573,97.583,97.497,97.505
2026-02-26T10:00:00+08:00,97.503,97.617,97.489,97.58
2026-02-26T11:00:00+08:00,97.579,97.602,97.541,97.591
2026-02-26T12:00:00+08:00,97.59,97.636,97.577,97.58
2026-02-26T13:00:00+08:00,97.583,97.597,97.535,97.569
2026-02-26T14:00:00+08:00,97.568,97.615,97.545,97.577
2026-02-26T15:00:00+08:00,97.579,97.655,97.579,97.602
2026-02-26T16:00:00+08:00,97.603,97.72,97.6,97.703
2026-02-26T17:00:00+08:00,97.703,97.746,97.68,97.742
2026-02-26T18:00:00+08:00,97.74,97.762,97.725,97.725
2026-02-26T19:00:00+08:00,97.724,97.741,97.681,97.739
2026-02-26T20:00:00+08:00,97.737,97.749,97.665,97.667
2026-02-26T21:00:00+08:00,97.667,97.718,97.613,97.703
2026-02-26T22:00:00+08:00,97.702,97.74,97.61,97.642
2026-02-26T23:00:00+08:00,97.644,97.887,97.633,97.751
2026-02-27T00:00:00+08:00,97.75,97.853,97.747,97.805
2026-02-27T01:00:00+08:00,97.803,97.983,97.795,97.969
2026-02-27T02:00:00+08:00,97.97,97.984,97.877,97.909
2026-02-27T03:00:00+08:00,97.909,97.918,97.781,97.791
2026-02-27T04:00:00+08:00,97.789,97.799,97.744,97.763
2026-02-27T05:00:00+08:00,97.765,97.797,97.748,97.796
2026-02-27T06:00:00+08:00,97.798,97.823,97.778,97.79
2026-02-27T07:00:00+08:00,97.788,97.794,97.778,97.782
2026-02-27T08:00:00+08:00,97.751,97.778,97.739,97.769
2026-02-27T09:00:00+08:00,97.774,97.824,97.718,97.819
2026-02-27T10:00:00+08:00,97.818,97.818,97.726,97.731
2026-02-27T11:00:00+08:00,97.732,97.737,97.692,97.71
2026-02-27T12:00:00+08:00,97.711,97.724,97.631,97.647
2026-02-27T13:00:00+08:00,97.648,97.702,97.645,97.688
2026-02-27T14:00:00+08:00,97.691,97.753,97.668,97.733
2026-02-27T15:00:00+08:00,97.734,97.799,97.641,97.676
2026-02-27T16:00:00+08:00,97.678,97.713,97.611,97.704
2026-02-27T17:00:00+08:00,97.703,97.791,97.688,97.774
2026-02-27T18:00:00+08:00,97.776,97.792,97.724,97.767
2026-02-27T19:00:00+08:00,97.766,97.791,97.725,97.757
2026-02-27T20:00:00+08:00,97.755,97.766,97.693,97.732
2026-02-27T21:00:00+08:00,97.734,97.851,97.715,97.834
2026-02-27T22:00:00+08:00,97.833,97.844,97.648,97.789
2026-02-27T23:00:00+08:00,97.792,97.797,97.621,97.709
2026-02-28T00:00:00+08:00,97.712,97.728,97.587,97.623
2026-02-28T01:00:00+08:00,97.623,97.655,97.583,97.643
2026-02-28T02:00:00+08:00,97.642,97.666,97.608,97.617
2026-02-28T03:00:00+08:00,97.619,97.626,97.576,97.608
2026-02-28T04:00:00+08:00,97.606,97.653,97.561,97.651
2026-02-28T05:00:00+08:00,97.654,97.685,97.626,97.646
2026-03-02T07:00:00+08:00,97.874,98.034,97.83,98.022
2026-03-02T08:00:00+08:00,98.004,98.094,97.916,97.922
2026-03-02T09:00:00+08:00,97.923,97.947,97.792,97.805
2026-03-02T10:00:00+08:00,97.806,97.901,97.795,97.832
2026-03-02T11:00:00+08:00,97.831,97.835,97.768,97.828
2026-03-02T12:00:00+08:00,97.829,97.908,97.817,97.871
2026-03-02T13:00:00+08:00,97.876,98.035,97.876,98.033
2026-03-02T14:00:00+08:00,98.034,98.273,98.031,98.257
2026-03-02T15:00:00+08:00,98.257,98.47,98.249,98.384
2026-03-02T16:00:00+08:00,98.385,98.566,98.336,98.37
2026-03-02T17:00:00+08:00,98.368,98.381,98.195,98.274
2026-03-02T18:00:00+08:00,98.275,98.276,98.151,98.212
2026-03-02T19:00:00+08:00,98.212,98.294,98.181,98.241
2026-03-02T20:00:00+08:00,98.244,98.488,98.242,98.477
2026-03-02T21:00:00+08:00,98.475,98.557,98.392,98.534
2026-03-02T22:00:00+08:00,98.536,98.565,98.344,98.405
2026-03-02T23:00:00+08:00,98.406,98.687,98.406,98.683
2026-03-03T00:00:00+08:00,98.687,98.753,98.564,98.596
2026-03-03T01:00:00+08:00,98.601,98.619,98.454,98.457
2026-03-03T02:00:00+08:00,98.463,98.603,98.461,98.534
2026-03-03T03:00:00+08:00,98.534,98.541,98.368,98.381
2026-03-03T04:00:00+08:00,98.386,98.652,98.368,98.55
2026-03-03T05:00:00+08:00,98.551,98.56,98.514,98.549
2026-03-03T06:00:00+08:00,98.557,98.588,98.536,98.571
2026-03-03T07:00:00+08:00,98.568,98.575,98.544,98.548
2026-03-03T08:00:00+08:00,98.556,98.571,98.518,98.523
2026-03-03T09:00:00+08:00,98.525,98.55,98.435,98.498
2026-03-03T10:00:00+08:00,98.503,98.587,98.477,98.516
2026-03-03T11:00:00+08:00,98.514,98.58,98.487,98.547
2026-03-03T12:00:00+08:00,98.544,98.639,98.52,98.629
2026-03-03T13:00:00+08:00,98.628,98.739,98.597,98.727
2026-03-03T14:00:00+08:00,98.727,98.765,98.686,98.698
2026-03-03T15:00:00+08:00,98.702,98.889,98.697,98.88
2026-03-03T16:00:00+08:00,98.884,99.073,98.867,99.04
2026-03-03T17:00:00+08:00,99.039,99.221,98.985,99.16
2026-03-03T18:00:00+08:00,99.171,99.296,99.111,99.288
2026-03-03T19:00:00+08:00,99.291,99.384,99.194,99.228
2026-03-03T20:00:00+08:00,99.227,99.276,99.074,99.087
2026-03-03T21:00:00+08:00,99.084,99.261,99.073,99.259
2026-03-03T22:00:00+08:00,99.257,99.437,99.202,99.421
2026-03-03T23:00:00+08:00,99.425,99.683,99.301,99.366
2026-03-04T00:00:00+08:00,99.366,99.392,99.115,99.137
2026-03-04T01:00:00+08:00,99.134,99.25,99.132,99.227
2026-03-04T02:00:00+08:00,99.231,99.233,98.974,99.04
2026-03-04T03:00:00+08:00,99.038,99.157,98.949,99.052
2026-03-04T04:00:00+08:00,99.051,99.054,98.956,99.015
2026-03-04T05:00:00+08:00,99.017,99.082,99.006,99.061
2026-03-04T06:00:00+08:00,99.063,99.069,99.012,99.052
2026-03-04T07:00:00+08:00,99.051,99.072,99.051,99.071
2026-03-04T08:00:00+08:00,99.106,99.188,99.106,99.182
2026-03-04T09:00:00+08:00,99.18,99.329,99.15,99.191
2026-03-04T10:00:00+08:00,99.193,99.205,99.11,99.159
2026-03-04T11:00:00+08:00,99.163,99.184,99.067,99.074
2026-03-04T12:00:00+08:00,99.072,99.202,99.049,99.187
2026-03-04T13:00:00+08:00,99.188,99.243,99.141,99.188
2026-03-04T14:00:00+08:00,99.187,99.241,99.017,99.058
2026-03-04T15:00:00+08:00,99.064,99.064,98.902,98.993
2026-03-04T16:00:00+08:00,98.994,99.147,98.989,99.111
2026-03-04T17:00:00+08:00,99.111,99.157,98.943,99.026
2026-03-04T18:00:00+08:00,99.025,99.025,98.732,98.864
2026-03-04T19:00:00+08:00,98.863,98.881,98.7,98.846
2026-03-04T20:00:00+08:00,98.848,98.924,98.729,98.895
2026-03-04T21:00:00+08:00,98.895,98.898,98.723,98.886
2026-03-04T22:00:00+08:00,98.892,98.959,98.81,98.928
2026-03-04T23:00:00+08:00,98.937,98.983,98.804,98.807
2026-03-05T00:00:00+08:00,98.808,98.872,98.749,98.8
2026-03-05T01:00:00+08:00,98.801,98.884,98.754,98.83
2026-03-05T02:00:00+08:00,98.829,98.916,98.828,98.908
2026-03-05T03:00:00+08:00,98.904,98.906,98.752,98.768
2026-03-05T04:00:00+08:00,98.771,98.783,98.739,98.776
2026-03-05T05:00:00+08:00,98.776,98.808,98.755,98.806
2026-03-05T06:00:00+08:00,98.809,98.851,98.805,98.811
2026-03-05T07:00:00+08:00,98.813,98.815,98.772,98.775
2026-03-05T08:00:00+08:00,98.772,98.772,98.69,98.69
2026-03-05T09:00:00+08:00,98.691,98.827,98.667,98.823
2026-03-05T10:00:00+08:00,98.828,98.876,98.795,98.859
2026-03-05T11:00:00+08:00,98.855,98.979,98.842,98.956
2026-03-05T12:00:00+08:00,98.958,99.016,98.947,98.994
2026-03-05T13:00:00+08:00,98.994,99.114,98.955,99.114
2026-03-05T14:00:00+08:00,99.112,99.161,98.968,99.007
2026-03-05T15:00:00+08:00,99.01,99.054,98.931,99.026
2026-03-05T16:00:00+08:00,99.025,99.201,99.025,99.08
2026-03-05T17:00:00+08:00,99.084,99.102,98.742,98.9
2026-03-05T18:00:00+08:00,98.902,99.024,98.853,98.981
2026-03-05T19:00:00+08:00,98.986,99.027,98.927,98.97
2026-03-05T20:00:00+08:00,98.974,99,98.877,98.913
2026-03-05T21:00:00+08:00,98.914,99.156,98.888,99.116
2026-03-05T22:00:00+08:00,99.118,99.144,99.029,99.055
2026-03-05T23:00:00+08:00,99.057,99.32,98.999,99.214
2026-03-06T00:00:00+08:00,99.218,99.413,99.194,99.23
2026-03-06T01:00:00+08:00,99.23,99.315,99.176,99.218
2026-03-06T02:00:00+08:00,99.216,99.336,99.188,99.223
2026-03-06T03:00:00+08:00,99.226,99.34,99.209,99.316
2026-03-06T04:00:00+08:00,99.316,99.335,99.016,99.066
2026-03-06T05:00:00+08:00,99.068,99.082,99.013,99.039
2026-03-06T06:00:00+08:00,99.044,99.068,99.036,99.051
2026-03-06T07:00:00+08:00,99.052,99.061,99.038,99.061
2026-03-06T08:00:00+08:00,99.009,99.023,98.995,99.01
2026-03-06T09:00:00+08:00,99.012,99.048,98.944,98.979
2026-03-06T10:00:00+08:00,98.984,98.99,98.942,98.977
2026-03-06T11:00:00+08:00,98.976,98.98,98.943,98.949
2026-03-06T12:00:00+08:00,98.949,99.014,98.942,99.007
2026-03-06T13:00:00+08:00,99.007,99.079,98.986,99.074
2026-03-06T14:00:00+08:00,99.076,99.106,99.013,99.015
2026-03-06T15:00:00+08:00,99.018,99.052,98.963,98.971
2026-03-06T16:00:00+08:00,98.973,99.049,98.958,99.043
2026-03-06T17:00:00+08:00,99.042,99.299,99.042,99.274
2026-03-06T18:00:00+08:00,99.276,99.293,99.195,99.226
2026-03-06T19:00:00+08:00,99.231,99.365,99.209,99.354
2026-03-06T20:00:00+08:00,99.348,99.417,99.281,99.385
2026-03-06T21:00:00+08:00,99.388,99.388,99.063,99.351
2026-03-06T22:00:00+08:00,99.356,99.435,99.219,99.232
2026-03-06T23:00:00+08:00,99.229,99.229,99.052,99.149
2026-03-07T00:00:00+08:00,99.146,99.149,98.889,98.95
2026-03-07T01:00:00+08:00,98.952,99.037,98.916,99.02
2026-03-07T02:00:00+08:00,99.023,99.046,98.836,98.997
2026-03-07T03:00:00+08:00,99.002,99.015,98.919,98.985
2026-03-07T04:00:00+08:00,98.987,99.031,98.931,98.962
2026-03-07T05:00:00+08:00,98.962,98.969,98.854,98.855
2026-03-09T05:00:00+08:00,98.855,98.855,98.855,98.855
2026-03-09T06:00:00+08:00,99.332,99.461,99.301,99.423
2026-03-09T07:00:00+08:00,99.454,99.576,99.422,99.549
2026-03-09T08:00:00+08:00,99.554,99.633,99.504,99.618
2026-03-09T09:00:00+08:00,99.62,99.695,99.579,99.683
2026-03-09T10:00:00+08:00,99.677,99.683,99.535,99.557
2026-03-09T11:00:00+08:00,99.563,99.65,99.528,99.614
2026-03-09T12:00:00+08:00,99.617,99.618,99.511,99.544
2026-03-09T13:00:00+08:00,99.548,99.563,99.22,99.247
2026-03-09T14:00:00+08:00,99.251,99.417,99.24,99.416
2026-03-09T15:00:00+08:00,99.422,99.466,99.241,99.269
2026-03-09T16:00:00+08:00,99.268,99.586,99.241,99.488
2026-03-09T17:00:00+08:00,99.49,99.504,99.188,99.319
2026-03-09T18:00:00+08:00,99.318,99.377,99.256,99.271
2026-03-09T19:00:00+08:00,99.278,99.311,99.216,99.281
2026-03-09T20:00:00+08:00,99.282,99.371,99.228,99.347
2026-03-09T21:00:00+08:00,99.347,99.348,99.089,99.187
2026-03-09T22:00:00+08:00,99.19,99.386,99.167,99.206
2026-03-09T23:00:00+08:00,99.211,99.211,99.03,99.054
2026-03-10T00:00:00+08:00,99.057,99.106,98.977,99.07
2026-03-10T01:00:00+08:00,99.07,99.161,99.061,99.161
2026-03-10T02:00:00+08:00,99.161,99.177,99.115,99.175
2026-03-10T03:00:00+08:00,99.179,99.186,98.736,98.904
2026-03-10T04:00:00+08:00,98.908,98.908,98.716,98.728
2026-03-10T05:00:00+08:00,98.734,98.752,98.716,98.717
2026-03-10T06:00:00+08:00,98.72,98.741,98.698,98.727
2026-03-10T07:00:00+08:00,98.797,98.881,98.797,98.865
2026-03-10T08:00:00+08:00,98.869,98.902,98.722,98.777
2026-03-10T09:00:00+08:00,98.777,98.884,98.761,98.821
2026-03-10T10:00:00+08:00,98.823,98.895,98.778,98.888
2026-03-10T11:00:00+08:00,98.89,98.933,98.868,98.92
2026-03-10T12:00:00+08:00,98.919,98.939,98.87,98.886
2026-03-10T13:00:00+08:00,98.887,98.889,98.814,98.814
2026-03-10T14:00:00+08:00,98.813,98.813,98.681,98.716
2026-03-10T15:00:00+08:00,98.717,98.743,98.492,98.519
2026-03-10T16:00:00+08:00,98.52,98.682,98.514,98.658
2026-03-10T17:00:00+08:00,98.662,98.672,98.556,98.619
2026-03-10T18:00:00+08:00,98.621,98.826,98.619,98.689
2026-03-10T19:00:00+08:00,98.69,98.709,98.591,98.694
2026-03-10T20:00:00+08:00,98.696,98.814,98.667,98.712
2026-03-10T21:00:00+08:00,98.713,98.758,98.605,98.735
2026-03-10T22:00:00+08:00,98.736,98.775,98.592,98.604
2026-03-10T23:00:00+08:00,98.61,98.678,98.56,98.624
2026-03-11T00:00:00+08:00,98.626,98.7,98.585,98.607
2026-03-11T01:00:00+08:00,98.605,98.677,98.497,98.648
2026-03-11T02:00:00+08:00,98.65,98.892,98.642,98.824
2026-03-11T03:00:00+08:00,98.824,98.953,98.793,98.909
2026-03-11T04:00:00+08:00,98.909,98.954,98.891,98.932
2026-03-11T05:00:00+08:00,98.932,98.952,98.914,98.931
2026-03-11T06:00:00+08:00,98.929,98.932,98.912,98.915
2026-03-11T07:00:00+08:00,98.937,98.943,98.918,98.928
2026-03-11T08:00:00+08:00,98.93,98.967,98.826,98.888
2026-03-11T09:00:00+08:00,98.89,98.933,98.814,98.826
2026-03-11T10:00:00+08:00,98.83,98.886,98.791,98.82
2026-03-11T11:00:00+08:00,98.819,98.826,98.771,98.779
2026-03-11T12:00:00+08:00,98.778,98.802,98.741,98.751
2026-03-11T13:00:00+08:00,98.753,98.779,98.732,98.769
2026-03-11T14:00:00+08:00,98.773,98.777,98.699,98.75
2026-03-11T15:00:00+08:00,98.757,98.904,98.702,98.878
2026-03-11T16:00:00+08:00,98.875,98.991,98.85,98.926
2026-03-11T17:00:00+08:00,98.925,99.078,98.92,99.059
2026-03-11T18:00:00+08:00,99.064,99.066,98.913,98.933
2026-03-11T19:00:00+08:00,98.938,99.037,98.912,99.025
2026-03-11T20:00:00+08:00,99.029,99.184,98.938,99.154
2026-03-11T21:00:00+08:00,99.154,99.174,99.067,99.069
2026-03-11T22:00:00+08:00,99.073,99.134,98.931,99.131
2026-03-11T23:00:00+08:00,99.132,99.278,99.11,99.274
2026-03-12T00:00:00+08:00,99.276,99.293,99.191,99.223
2026-03-12T01:00:00+08:00,99.228,99.299,99.185,99.224
2026-03-12T02:00:00+08:00,99.225,99.287,99.209,99.23
2026-03-12T03:00:00+08:00,99.23,99.258,99.194,99.215
2026-03-12T04:00:00+08:00,99.214,99.279,99.214,99.266
2026-03-12T05:00:00+08:00,99.269,99.269,99.21,99.21
2026-03-12T06:00:00+08:00,99.207,99.253,99.207,99.252
2026-03-12T07:00:00+08:00,99.453,99.466,99.437,99.446
2026-03-12T08:00:00+08:00,99.444,99.516,99.378,99.406
2026-03-12T09:00:00+08:00,99.412,99.417,99.325,99.365
2026-03-12T10:00:00+08:00,99.367,99.51,99.335,99.47
2026-03-12T11:00:00+08:00,99.475,99.509,99.456,99.472
2026-03-12T12:00:00+08:00,99.469,99.528,99.458,99.517
2026-03-12T13:00:00+08:00,99.516,99.522,99.428,99.476
2026-03-12T14:00:00+08:00,99.476,99.478,99.372,99.397
2026-03-12T15:00:00+08:00,99.398,99.437,99.352,99.362
2026-03-12T16:00:00+08:00,99.364,99.441,99.315,99.407
2026-03-12T17:00:00+08:00,99.409,99.434,99.292,99.304
2026-03-12T18:00:00+08:00,99.304,99.383,99.286,99.321
2026-03-12T19:00:00+08:00,99.322,99.349,99.25,99.324
2026-03-12T20:00:00+08:00,99.323,99.508,99.319,99.464
2026-03-12T21:00:00+08:00,99.466,99.604,99.379,99.567
2026-03-12T22:00:00+08:00,99.572,99.665,99.522,99.63
2026-03-12T23:00:00+08:00,99.635,99.733,99.593,99.646
2026-03-13T00:00:00+08:00,99.646,99.714,99.563,99.655
2026-03-13T01:00:00+08:00,99.653,99.684,99.574,99.66
2026-03-13T02:00:00+08:00,99.663,99.741,99.643,99.737
2026-03-13T03:00:00+08:00,99.738,99.75,99.69,99.719
2026-03-13T04:00:00+08:00,99.719,99.759,99.707,99.748
2026-03-13T05:00:00+08:00,99.751,99.754,99.731,99.737
2026-03-13T06:00:00+08:00,99.741,99.753,99.723,99.743
2026-03-13T07:00:00+08:00,99.692,99.695,99.66,99.669
2026-03-13T08:00:00+08:00,99.67,99.675,99.596,99.628
2026-03-13T09:00:00+08:00,99.63,99.71,99.586,99.697
2026-03-13T10:00:00+08:00,99.693,99.747,99.647,99.72
2026-03-13T11:00:00+08:00,99.72,99.795,99.706,99.757
2026-03-13T12:00:00+08:00,99.758,99.856,99.758,99.82
2026-03-13T13:00:00+08:00,99.826,99.84,99.785,99.833
2026-03-13T14:00:00+08:00,99.835,99.957,99.81,99.954
2026-03-13T15:00:00+08:00,99.957,100.166,99.951,100.135
2026-03-13T16:00:00+08:00,100.139,100.299,100.127,100.202
2026-03-13T17:00:00+08:00,100.203,100.203,100.097,100.177
2026-03-13T18:00:00+08:00,100.178,100.197,100.055,100.148
2026-03-13T19:00:00+08:00,100.15,100.181,100.057,100.07
2026-03-13T20:00:00+08:00,100.072,100.125,99.943,100.029
2026-03-13T21:00:00+08:00,100.03,100.064,99.91,99.983
2026-03-13T22:00:00+08:00,99.988,100.186,99.954,100.176
2026-03-13T23:00:00+08:00,100.173,100.36,100.156,100.311
2026-03-14T00:00:00+08:00,100.31,100.365,100.259,100.322
2026-03-14T01:00:00+08:00,100.326,100.378,100.288,100.32
2026-03-14T02:00:00+08:00,100.319,100.394,100.315,100.362
2026-03-14T03:00:00+08:00,100.364,100.477,100.349,100.459
2026-03-14T04:00:00+08:00,100.459,100.54,100.453,100.494
2026-03-16T06:00:00+08:00,100.427,100.48,100.37,100.393
2026-03-16T07:00:00+08:00,100.386,100.418,100.346,100.35
2026-03-16T08:00:00+08:00,100.352,100.353,100.188,100.192
2026-03-16T09:00:00+08:00,100.193,100.313,100.181,100.237
2026-03-16T10:00:00+08:00,100.24,100.274,100.229,100.266
2026-03-16T11:00:00+08:00,100.261,100.287,100.208,100.233
2026-03-16T12:00:00+08:00,100.235,100.308,100.227,100.307
2026-03-16T13:00:00+08:00,100.31,100.34,100.286,100.324
2026-03-16T14:00:00+08:00,100.328,100.402,100.298,100.34
2026-03-16T15:00:00+08:00,100.343,100.462,100.309,100.375
2026-03-16T16:00:00+08:00,100.379,100.386,100.246,100.25
2026-03-16T17:00:00+08:00,100.253,100.277,100.191,100.218
2026-03-16T18:00:00+08:00,100.217,100.234,100.029,100.04
2026-03-16T19:00:00+08:00,100.039,100.065,99.94,99.993
2026-03-16T20:00:00+08:00,99.991,100.042,99.92,100.038
2026-03-16T21:00:00+08:00,100.042,100.042,99.815,99.823
2026-03-16T22:00:00+08:00,99.826,99.978,99.799,99.917
2026-03-16T23:00:00+08:00,99.921,99.986,99.829,99.945
2026-03-17T00:00:00+08:00,99.945,100.016,99.853,99.902
2026-03-17T01:00:00+08:00,99.903,99.929,99.814,99.91
2026-03-17T02:00:00+08:00,99.912,99.912,99.664,99.712
2026-03-17T03:00:00+08:00,99.711,99.809,99.66,99.797
2026-03-17T04:00:00+08:00,99.799,99.827,99.775,99.81
2026-03-17T05:00:00+08:00,99.807,99.813,99.784,99.802
2026-03-17T06:00:00+08:00,99.801,99.824,99.796,99.822
2026-03-17T07:00:00+08:00,99.863,99.876,99.845,99.859
2026-03-17T08:00:00+08:00,99.86,99.944,99.858,99.92
2026-03-17T09:00:00+08:00,99.922,99.969,99.899,99.919
2026-03-17T10:00:00+08:00,99.917,99.939,99.881,99.909
2026-03-17T11:00:00+08:00,99.908,99.929,99.846,99.926
2026-03-17T12:00:00+08:00,99.929,99.945,99.855,99.877
2026-03-17T13:00:00+08:00,99.877,100.037,99.86,100.027
2026-03-17T14:00:00+08:00,100.025,100.115,100.001,100.001
2026-03-17T15:00:00+08:00,100.002,100.021,99.846,99.895
2026-03-17T16:00:00+08:00,99.897,99.936,99.722,99.771
2026-03-17T17:00:00+08:00,99.773,99.795,99.673,99.728
2026-03-17T18:00:00+08:00,99.731,99.818,99.728,99.8
2026-03-17T19:00:00+08:00,99.803,99.813,99.701,99.796
2026-03-17T20:00:00+08:00,99.797,99.823,99.676,99.681
2026-03-17T21:00:00+08:00,99.683,99.683,99.523,99.607
2026-03-17T22:00:00+08:00,99.609,99.678,99.551,99.601
2026-03-17T23:00:00+08:00,99.602,99.707,99.556,99.665
2026-03-18T00:00:00+08:00,99.667,99.718,99.604,99.634
2026-03-18T01:00:00+08:00,99.636,99.647,99.55,99.553
2026-03-18T02:00:00+08:00,99.555,99.576,99.503,99.574
2026-03-18T03:00:00+08:00,99.577,99.606,99.546,99.594
2026-03-18T04:00:00+08:00,99.593,99.596,99.55,99.556
2026-03-18T05:00:00+08:00,99.558,99.586,99.558,99.57
2026-03-18T06:00:00+08:00,99.574,99.574,99.561,99.562
2026-03-18T07:00:00+08:00,99.547,99.556,99.54,99.551
2026-03-18T08:00:00+08:00,99.556,99.614,99.512,99.608
2026-03-18T09:00:00+08:00,99.605,99.614,99.548,99.598
2026-03-18T10:00:00+08:00,99.602,99.611,99.561,99.599
2026-03-18T11:00:00+08:00,99.602,99.608,99.573,99.576
2026-03-18T12:00:00+08:00,99.579,99.579,99.519,99.532
2026-03-18T13:00:00+08:00,99.533,99.536,99.487,99.491
2026-03-18T14:00:00+08:00,99.492,99.55,99.465,99.524
2026-03-18T15:00:00+08:00,99.527,99.661,99.501,99.631
2026-03-18T16:00:00+08:00,99.631,99.708,99.597,99.61
2026-03-18T17:00:00+08:00,99.614,99.674,99.561,99.566
2026-03-18T18:00:00+08:00,99.565,99.624,99.541,99.581
2026-03-18T19:00:00+08:00,99.583,99.657,99.469,99.53
2026-03-18T20:00:00+08:00,99.535,99.866,99.522,99.853
2026-03-18T21:00:00+08:00,99.857,99.981,99.803,99.812
2026-03-18T22:00:00+08:00,99.815,99.895,99.722,99.786
2026-03-18T23:00:00+08:00,99.792,99.829,99.702,99.82
2026-03-19T00:00:00+08:00,99.821,99.855,99.738,99.814
2026-03-19T01:00:00+08:00,99.818,99.888,99.774,99.777
2026-03-19T02:00:00+08:00,99.78,100.086,99.71,100.086
2026-03-19T03:00:00+08:00,100.087,100.173,100.055,100.165
2026-03-19T04:00:00+08:00,100.167,100.314,100.16,100.293
2026-03-19T05:00:00+08:00,100.29,100.294,100.161,100.178
2026-03-19T06:00:00+08:00,100.177,100.233,100.177,100.233
2026-03-19T07:00:00+08:00,100.233,100.247,100.191,100.21
2026-03-19T08:00:00+08:00,100.212,100.22,100.125,100.126
2026-03-19T09:00:00+08:00,100.128,100.131,100.044,100.105
2026-03-19T10:00:00+08:00,100.107,100.136,99.994,100.07
2026-03-19T11:00:00+08:00,100.071,100.116,100.055,100.112
2026-03-19T12:00:00+08:00,100.115,100.181,100.112,100.161
2026-03-19T13:00:00+08:00,100.163,100.208,100.145,100.194
2026-03-19T14:00:00+08:00,100.195,100.225,100.109,100.188
2026-03-19T15:00:00+08:00,100.191,100.266,100.093,100.225
2026-03-19T16:00:00+08:00,100.226,100.306,100.173,100.245
2026-03-19T17:00:00+08:00,100.247,100.247,100.015,100.053
2026-03-19T18:00:00+08:00,100.057,100.153,100.049,100.097
2026-03-19T19:00:00+08:00,100.102,100.16,100.047,100.049
2026-03-19T20:00:00+08:00,100.047,100.182,99.963,99.986
2026-03-19T21:00:00+08:00,99.988,100.083,99.638,99.71
2026-03-19T22:00:00+08:00,99.713,99.828,99.609,99.7
2026-03-19T23:00:00+08:00,99.706,99.837,99.535,99.709
2026-03-20T00:00:00+08:00,99.713,99.723,99.554,99.569
2026-03-20T01:00:00+08:00,99.573,99.575,99.335,99.383
2026-03-20T02:00:00+08:00,99.386,99.45,99.224,99.232
2026-03-20T03:00:00+08:00,99.233,99.256,98.975,99.204
2026-03-20T04:00:00+08:00,99.21,99.242,99.184,99.192
2026-03-20T05:00:00+08:00,99.194,99.233,99.182,99.233
2026-03-20T06:00:00+08:00,99.235,99.235,99.154,99.162
2026-03-20T07:00:00+08:00,99.29,99.3,99.266,99.284
2026-03-20T08:00:00+08:00,99.287,99.319,99.252,99.288
2026-03-20T09:00:00+08:00,99.287,99.371,99.255,99.36
2026-03-20T10:00:00+08:00,99.355,99.395,99.34,99.381
2026-03-20T11:00:00+08:00,99.386,99.442,99.381,99.44
2026-03-20T12:00:00+08:00,99.44,99.452,99.415,99.447
2026-03-20T13:00:00+08:00,99.449,99.476,99.408,99.476
2026-03-20T14:00:00+08:00,99.475,99.476,99.382,99.439
2026-03-20T15:00:00+08:00,99.442,99.471,99.305,99.313
2026-03-20T16:00:00+08:00,99.311,99.357,99.259,99.357
2026-03-20T17:00:00+08:00,99.359,99.541,99.331,99.533
2026-03-20T18:00:00+08:00,99.534,99.638,99.452,99.474
2026-03-20T19:00:00+08:00,99.475,99.491,99.318,99.368
2026-03-20T20:00:00+08:00,99.368,99.447,99.308,99.431
2026-03-20T21:00:00+08:00,99.426,99.641,99.422,99.63
2026-03-20T22:00:00+08:00,99.633,99.793,99.622,99.727
2026-03-20T23:00:00+08:00,99.729,99.731,99.554,99.698
2026-03-21T00:00:00+08:00,99.701,99.709,99.527,99.578
2026-03-21T01:00:00+08:00,99.58,99.636,99.484,99.57
2026-03-21T02:00:00+08:00,99.572,99.662,99.477,99.645
2026-03-21T03:00:00+08:00,99.649,99.669,99.54,99.587
2026-03-21T04:00:00+08:00,99.589,99.589,99.497,99.503
2026-03-23T06:00:00+08:00,99.681,99.685,99.555,99.586
2026-03-23T07:00:00+08:00,99.583,99.591,99.526,99.544
2026-03-23T08:00:00+08:00,99.547,99.724,99.513,99.681
2026-03-23T09:00:00+08:00,99.684,99.687,99.545,99.614
2026-03-23T10:00:00+08:00,99.612,99.708,99.581,99.677
2026-03-23T11:00:00+08:00,99.677,99.719,99.641,99.677
2026-03-23T12:00:00+08:00,99.68,99.682,99.637,99.645
2026-03-23T13:00:00+08:00,99.644,99.784,99.628,99.783
2026-03-23T14:00:00+08:00,99.784,99.89,99.784,99.811
2026-03-23T15:00:00+08:00,99.81,99.862,99.732,99.839
2026-03-23T16:00:00+08:00,99.843,99.843,99.683,99.81
2026-03-23T17:00:00+08:00,99.809,100.099,99.792,100.064
2026-03-23T18:00:00+08:00,100.068,100.148,100.037,100.147
2026-03-23T19:00:00+08:00,100.148,100.148,99.128,99.583
2026-03-23T20:00:00+08:00,99.583,99.656,99.114,99.13
2026-03-23T21:00:00+08:00,99.132,99.379,99.105,99.216
2026-03-23T22:00:00+08:00,99.218,99.239,98.88,99.07
2026-03-23T23:00:00+08:00,99.074,99.351,98.954,99.338
2026-03-24T00:00:00+08:00,99.34,99.407,99.223,99.298
2026-03-24T01:00:00+08:00,99.294,99.33,99.14,99.197
2026-03-24T02:00:00+08:00,99.198,99.271,98.931,98.95
2026-03-24T03:00:00+08:00,98.954,99.128,98.947,99.121
2026-03-24T04:00:00+08:00,99.125,99.162,99.118,99.136
2026-03-24T05:00:00+08:00,99.14,99.14,99.108,99.114
2026-03-24T06:00:00+08:00,99.117,99.154,99.115,99.146
2026-03-24T07:00:00+08:00,99.143,99.19,99.139,99.177
2026-03-24T08:00:00+08:00,99.18,99.375,99.174,99.323
2026-03-24T09:00:00+08:00,99.327,99.407,99.277,99.366
2026-03-24T10:00:00+08:00,99.37,99.385,99.304,99.362
2026-03-24T11:00:00+08:00,99.364,99.396,99.336,99.385
2026-03-24T12:00:00+08:00,99.388,99.447,99.381,99.41
2026-03-24T13:00:00+08:00,99.41,99.447,99.338,99.372
2026-03-24T14:00:00+08:00,99.372,99.409,99.303,99.307
2026-03-24T15:00:00+08:00,99.308,99.324,99.099,99.168
2026-03-24T16:00:00+08:00,99.171,99.358,99.168,99.339
2026-03-24T17:00:00+08:00,99.343,99.408,99.269,99.28
2026-03-24T18:00:00+08:00,99.282,99.369,99.266,99.292
2026-03-24T19:00:00+08:00,99.292,99.4,99.221,99.328
2026-03-24T20:00:00+08:00,99.326,99.401,99.274,99.371
2026-03-24T21:00:00+08:00,99.367,99.506,99.328,99.426
2026-03-24T22:00:00+08:00,99.432,99.432,99.207,99.345
2026-03-24T23:00:00+08:00,99.341,99.444,99.277,99.44
2026-03-25T00:00:00+08:00,99.441,99.478,99.344,99.424
2026-03-25T01:00:00+08:00,99.428,99.622,99.421,99.494
2026-03-25T02:00:00+08:00,99.497,99.559,99.353,99.434
2026-03-25T03:00:00+08:00,99.434,99.434,99.351,99.41
2026-03-25T04:00:00+08:00,99.41,99.432,99.06,99.225
2026-03-25T05:00:00+08:00,99.229,99.255,99.189,99.195
2026-03-25T06:00:00+08:00,99.198,99.213,99.182,99.182
2026-03-25T07:00:00+08:00,99.198,99.213,99.181,99.19
2026-03-25T08:00:00+08:00,99.193,99.197,99.071,99.117
2026-03-25T09:00:00+08:00,99.121,99.208,99.111,99.205
2026-03-25T10:00:00+08:00,99.21,99.299,99.196,99.28
2026-03-25T11:00:00+08:00,99.282,99.299,99.265,99.283
2026-03-25T12:00:00+08:00,99.281,99.333,99.28,99.328
2026-03-25T13:00:00+08:00,99.33,99.41,99.327,99.39
2026-03-25T14:00:00+08:00,99.392,99.422,99.329,99.356
2026-03-25T15:00:00+08:00,99.358,99.429,99.294,99.358
2026-03-25T16:00:00+08:00,99.359,99.4,99.178,99.274
2026-03-25T17:00:00+08:00,99.275,99.389,99.237,99.325
2026-03-25T18:00:00+08:00,99.331,99.352,99.275,99.282
2026-03-25T19:00:00+08:00,99.283,99.339,99.224,99.259
2026-03-25T20:00:00+08:00,99.255,99.405,99.192,99.366
2026-03-25T21:00:00+08:00,99.368,99.516,99.306,99.506
2026-03-25T22:00:00+08:00,99.511,99.556,99.399,99.419
2026-03-25T23:00:00+08:00,99.418,99.592,99.391,99.544
2026-03-26T00:00:00+08:00,99.547,99.644,99.494,99.559
2026-03-26T01:00:00+08:00,99.561,99.582,99.45,99.494
2026-03-26T02:00:00+08:00,99.496,99.634,99.477,99.6
2026-03-26T03:00:00+08:00,99.597,99.653,99.597,99.621
2026-03-26T04:00:00+08:00,99.624,99.665,99.617,99.639
2026-03-26T05:00:00+08:00,99.645,99.645,99.612,99.627
2026-03-26T06:00:00+08:00,99.629,99.643,99.62,99.637
2026-03-26T07:00:00+08:00,99.629,99.643,99.621,99.624
2026-03-26T08:00:00+08:00,99.628,99.688,99.6,99.656
2026-03-26T09:00:00+08:00,99.658,99.66,99.602,99.627
2026-03-26T10:00:00+08:00,99.622,99.7,99.614,99.674
2026-03-26T11:00:00+08:00,99.676,99.681,99.581,99.592
2026-03-26T12:00:00+08:00,99.594,99.602,99.562,99.587
2026-03-26T13:00:00+08:00,99.589,99.667,99.579,99.667
2026-03-26T14:00:00+08:00,99.667,99.7,99.587,99.591
2026-03-26T15:00:00+08:00,99.592,99.719,99.592,99.703
2026-03-26T16:00:00+08:00,99.704,99.754,99.661,99.669
2026-03-26T17:00:00+08:00,99.672,99.724,99.632,99.672
2026-03-26T18:00:00+08:00,99.669,99.7,99.626,99.681
2026-03-26T19:00:00+08:00,99.684,99.924,99.668,99.918
2026-03-26T20:00:00+08:00,99.919,99.933,99.836,99.845
2026-03-26T21:00:00+08:00,99.847,99.847,99.701,99.775
2026-03-26T22:00:00+08:00,99.776,99.814,99.679,99.749
2026-03-26T23:00:00+08:00,99.749,99.891,99.726,99.817
2026-03-27T00:00:00+08:00,99.819,99.898,99.806,99.867
2026-03-27T01:00:00+08:00,99.87,99.957,99.848,99.957
2026-03-27T02:00:00+08:00,99.958,99.96,99.893,99.9
2026-03-27T03:00:00+08:00,99.901,99.993,99.894,99.992
2026-03-27T04:00:00+08:00,99.994,100.01,99.74,99.94
2026-03-27T05:00:00+08:00,99.943,99.944,99.867,99.895
2026-03-27T06:00:00+08:00,99.898,99.906,99.863,99.864
2026-03-27T07:00:00+08:00,99.871,99.888,99.864,99.885
2026-03-27T08:00:00+08:00,99.884,99.961,99.853,99.901
2026-03-27T09:00:00+08:00,99.905,99.912,99.821,99.828
2026-03-27T10:00:00+08:00,99.829,99.863,99.807,99.845
2026-03-27T11:00:00+08:00,99.845,99.886,99.83,99.852
2026-03-27T12:00:00+08:00,99.851,99.868,99.814,99.822
2026-03-27T13:00:00+08:00,99.824,99.869,99.803,99.844
2026-03-27T14:00:00+08:00,99.846,99.899,99.812,99.893
2026-03-27T15:00:00+08:00,99.898,100.026,99.893,100.013
2026-03-27T16:00:00+08:00,100.012,100.029,99.955,99.983
2026-03-27T17:00:00+08:00,99.988,100.045,99.956,100.012
2026-03-27T18:00:00+08:00,100.012,100.07,99.959,100.064
2026-03-27T19:00:00+08:00,100.064,100.118,100.039,100.103
2026-03-27T20:00:00+08:00,100.104,100.149,100.045,100.066
2026-03-27T21:00:00+08:00,100.068,100.086,99.93,100.005
2026-03-27T22:00:00+08:00,100.003,100.003,99.901,99.965
2026-03-27T23:00:00+08:00,99.965,100.076,99.837,100.07
2026-03-28T00:00:00+08:00,100.076,100.115,100.026,100.089
2026-03-28T01:00:00+08:00,100.089,100.206,100.021,100.163
2026-03-28T02:00:00+08:00,100.163,100.203,100.116,100.15
2026-03-28T03:00:00+08:00,100.152,100.183,100.109,100.117
2026-03-28T04:00:00+08:00,100.118,100.193,100.098,100.193
2026-03-30T06:00:00+08:00,100.217,100.342,100.214,100.334
2026-03-30T07:00:00+08:00,100.328,100.342,100.291,100.309
2026-03-30T08:00:00+08:00,100.307,100.322,100.136,100.172
2026-03-30T09:00:00+08:00,100.174,100.207,100.143,100.19
2026-03-30T10:00:00+08:00,100.19,100.222,100.111,100.142
2026-03-30T11:00:00+08:00,100.145,100.151,100.077,100.098
2026-03-30T12:00:00+08:00,100.101,100.113,100.05,100.109
2026-03-30T13:00:00+08:00,100.113,100.132,100.067,100.086
2026-03-30T14:00:00+08:00,100.087,100.133,100.052,100.125
2026-03-30T15:00:00+08:00,100.128,100.261,100.122,100.241
2026-03-30T16:00:00+08:00,100.245,100.3,100.238,100.266
2026-03-30T17:00:00+08:00,100.265,100.34,100.245,100.252
2026-03-30T18:00:00+08:00,100.253,100.292,100.222,100.285
2026-03-30T19:00:00+08:00,100.288,100.315,100.202,100.311
2026-03-30T20:00:00+08:00,100.31,100.39,100.285,100.316
2026-03-30T21:00:00+08:00,100.317,100.494,100.278,100.483
2026-03-30T22:00:00+08:00,100.486,100.561,100.437,100.462
2026-03-30T23:00:00+08:00,100.466,100.614,100.455,100.526
2026-03-31T00:00:00+08:00,100.528,100.577,100.489,100.493
2026-03-31T01:00:00+08:00,100.495,100.534,100.46,100.522
2026-03-31T02:00:00+08:00,100.524,100.525,100.459,100.508
2026-03-31T03:00:00+08:00,100.508,100.568,100.5,100.522
2026-03-31T04:00:00+08:00,100.524,100.546,100.501,100.509
2026-03-31T05:00:00+08:00,100.507,100.534,100.464,100.509
2026-03-31T06:00:00+08:00,100.508,100.508,100.487,100.491
2026-03-31T07:00:00+08:00,100.585,100.585,100.558,100.568
2026-03-31T08:00:00+08:00,100.571,100.643,100.426,100.435
2026-03-31T09:00:00+08:00,100.439,100.459,100.304,100.405
2026-03-31T10:00:00+08:00,100.407,100.427,100.369,100.396
2026-03-31T11:00:00+08:00,100.399,100.476,100.39,100.453
2026-03-31T12:00:00+08:00,100.458,100.458,100.419,100.451
2026-03-31T13:00:00+08:00,100.449,100.489,100.42,100.474
2026-03-31T14:00:00+08:00,100.476,100.509,100.431,100.451
2026-03-31T15:00:00+08:00,100.452,100.521,100.429,100.441
2026-03-31T16:00:00+08:00,100.44,100.487,100.388,100.453
2026-03-31T17:00:00+08:00,100.452,100.481,100.422,100.462
2026-03-31T18:00:00+08:00,100.465,100.549,100.448,100.538
2026-03-31T19:00:00+08:00,100.544,100.55,100.289,100.29
2026-03-31T20:00:00+08:00,100.288,100.322,100.166,100.216
2026-03-31T21:00:00+08:00,100.217,100.244,100.008,100.011
2026-03-31T22:00:00+08:00,100.014,100.239,99.973,100.181
2026-03-31T23:00:00+08:00,100.183,100.236,100.063,100.206
2026-04-01T00:00:00+08:00,100.208,100.238,99.886,100.004
2026-04-01T01:00:00+08:00,100.006,100.012,99.868,99.995
2026-04-01T02:00:00+08:00,99.995,100,99.902,99.96
2026-04-01T03:00:00+08:00,99.964,100.014,99.838,99.847
2026-04-01T04:00:00+08:00,99.849,99.89,99.808,99.885
2026-04-01T05:00:00+08:00,99.886,99.899,99.863,99.863
2026-04-01T06:00:00+08:00,99.862,99.871,99.839,99.856
2026-04-01T07:00:00+08:00,99.785,99.794,99.727,99.731
2026-04-01T08:00:00+08:00,99.733,99.764,99.685,99.73
2026-04-01T09:00:00+08:00,99.733,99.883,99.727,99.825
2026-04-01T10:00:00+08:00,99.827,99.837,99.747,99.77
2026-04-01T11:00:00+08:00,99.77,99.852,99.763,99.838
2026-04-01T12:00:00+08:00,99.839,99.853,99.79,99.795
2026-04-01T13:00:00+08:00,99.797,99.804,99.691,99.748
2026-04-01T14:00:00+08:00,99.749,99.782,99.527,99.533
2026-04-01T15:00:00+08:00,99.537,99.663,99.497,99.651
2026-04-01T16:00:00+08:00,99.653,99.691,99.414,99.516
2026-04-01T17:00:00+08:00,99.517,99.626,99.467,99.535
2026-04-01T18:00:00+08:00,99.534,99.548,99.453,99.487
2026-04-01T19:00:00+08:00,99.489,99.501,99.393,99.408
2026-04-01T20:00:00+08:00,99.41,99.528,99.322,99.463
2026-04-01T21:00:00+08:00,99.462,99.514,99.32,99.424
2026-04-01T22:00:00+08:00,99.427,99.489,99.312,99.335
2026-04-01T23:00:00+08:00,99.333,99.463,99.298,99.392
2026-04-02T00:00:00+08:00,99.395,99.472,99.341,99.341
2026-04-02T01:00:00+08:00,99.34,99.527,99.301,99.521
2026-04-02T02:00:00+08:00,99.528,99.659,99.522,99.651
2026-04-02T03:00:00+08:00,99.649,99.669,99.59,99.619
2026-04-02T04:00:00+08:00,99.619,99.619,99.546,99.564
2026-04-02T05:00:00+08:00,99.565,99.589,99.547,99.552
2026-04-02T06:00:00+08:00,99.557,99.562,99.551,99.552
2026-04-02T07:00:00+08:00,99.539,99.563,99.538,99.56
2026-04-02T08:00:00+08:00,99.562,99.58,99.484,99.503
2026-04-02T09:00:00+08:00,99.507,99.926,99.447,99.884
2026-04-02T10:00:00+08:00,99.884,99.96,99.827,99.937
2026-04-02T11:00:00+08:00,99.942,100.012,99.924,99.992
2026-04-02T12:00:00+08:00,99.997,100.052,99.979,100.016
2026-04-02T13:00:00+08:00,100.017,100.114,99.998,100.113
2026-04-02T14:00:00+08:00,100.114,100.172,100.029,100.04
2026-04-02T15:00:00+08:00,100.037,100.172,100.024,100.074
2026-04-02T16:00:00+08:00,100.075,100.157,100.055,100.146
2026-04-02T17:00:00+08:00,100.15,100.175,100.088,100.128
2026-04-02T18:00:00+08:00,100.125,100.24,100.125,100.234
2026-04-02T19:00:00+08:00,100.237,100.263,100.173,100.184
2026-04-02T20:00:00+08:00,100.189,100.189,100.082,100.13
2026-04-02T21:00:00+08:00,100.131,100.171,100.066,100.071
2026-04-02T22:00:00+08:00,100.074,100.105,99.855,99.917
2026-04-02T23:00:00+08:00,99.919,99.979,99.853,99.941
2026-04-03T00:00:00+08:00,99.943,99.988,99.922,99.984
2026-04-03T01:00:00+08:00,99.988,100.025,99.921,100.013
2026-04-03T02:00:00+08:00,100.012,100.062,99.998,100.028
2026-04-03T03:00:00+08:00,100.032,100.054,99.975,100.05
2026-04-03T04:00:00+08:00,100.052,100.06,100.006,100.015
2026-04-03T05:00:00+08:00,100.015,100.035,99.988,99.992
2026-04-03T06:00:00+08:00,99.999,100.02,99.997,100.017
2026-04-03T07:00:00+08:00,99.986,99.99,99.981,99.984
2026-04-03T08:00:00+08:00,99.988,100.013,99.953,100.009
2026-04-03T09:00:00+08:00,100.009,100.048,99.998,100.041
2026-04-03T10:00:00+08:00,100.04,100.065,100.014,100.036
2026-04-03T11:00:00+08:00,100.035,100.05,100.022,100.027
2026-04-03T12:00:00+08:00,100.026,100.046,100.025,100.045
2026-04-03T13:00:00+08:00,100.048,100.077,100.012,100.015
2026-04-03T14:00:00+08:00,100.014,100.04,99.99,100.002
2026-04-03T15:00:00+08:00,100.006,100.006,99.953,99.978
2026-04-03T16:00:00+08:00,99.98,100.007,99.963,99.977
2026-04-03T17:00:00+08:00,99.978,99.998,99.961,99.981
2026-04-03T18:00:00+08:00,99.981,99.998,99.946,99.976
2026-04-03T19:00:00+08:00,99.976,99.999,99.964,99.978
2026-04-03T20:00:00+08:00,99.976,100.16,99.969,100.09
2026-04-03T21:00:00+08:00,100.092,100.107,100.029,100.052
2026-04-03T22:00:00+08:00,100.051,100.166,100.044,100.164
2026-04-03T23:00:00+08:00,100.162,100.18,100.113,100.165
2026-04-04T00:00:00+08:00,100.167,100.186,100.162,100.186
2026-04-04T01:00:00+08:00,100.187,100.192,100.171,100.179
2026-04-04T02:00:00+08:00,100.18,100.221,100.174,100.217
2026-04-04T03:00:00+08:00,100.219,100.223,100.211,100.221
2026-04-04T04:00:00+08:00,100.223,100.223,100.113,100.185
2026-04-06T06:00:00+08:00,100.181,100.286,100.179,100.217
2026-04-06T07:00:00+08:00,100.215,100.269,100.197,100.262
2026-04-06T08:00:00+08:00,100.265,100.266,100.195,100.238
2026-04-06T09:00:00+08:00,100.24,100.275,100.21,100.272
2026-04-06T10:00:00+08:00,100.274,100.274,100.099,100.151
2026-04-06T11:00:00+08:00,100.151,100.181,100.135,100.168
2026-04-06T12:00:00+08:00,100.168,100.17,100.117,100.127
2026-04-06T13:00:00+08:00,100.13,100.135,100.083,100.116
2026-04-06T14:00:00+08:00,100.12,100.145,100.04,100.071
2026-04-06T15:00:00+08:00,100.07,100.133,99.794,99.828
2026-04-06T16:00:00+08:00,99.827,99.891,99.795,99.881
2026-04-06T17:00:00+08:00,99.88,99.938,99.844,99.915
2026-04-06T18:00:00+08:00,99.919,99.988,99.883,99.928
2026-04-06T19:00:00+08:00,99.934,99.994,99.918,99.954
2026-04-06T20:00:00+08:00,99.955,99.977,99.87,99.885
2026-04-06T21:00:00+08:00,99.887,99.915,99.833,99.847
2026-04-06T22:00:00+08:00,99.836,99.98,99.757,99.976
2026-04-06T23:00:00+08:00,99.978,100.047,99.976,99.982
2026-04-07T00:00:00+08:00,99.984,99.996,99.95,99.978
2026-04-07T01:00:00+08:00,99.982,100.07,99.963,100.013
2026-04-07T02:00:00+08:00,100.018,100.03,99.919,99.981
2026-04-07T03:00:00+08:00,99.979,100.017,99.969,99.998
2026-04-07T04:00:00+08:00,99.998,100.014,99.983,99.998
2026-04-07T05:00:00+08:00,100.003,100.005,99.974,99.997
2026-04-07T06:00:00+08:00,99.996,99.997,99.989,99.989
2026-04-07T07:00:00+08:00,100.012,100.012,99.997,100.005
2026-04-07T08:00:00+08:00,100.006,100.047,99.987,100.044
2026-04-07T09:00:00+08:00,100.045,100.139,100.023,100.118
2026-04-07T10:00:00+08:00,100.12,100.156,100.098,100.115
2026-04-07T11:00:00+08:00,100.117,100.125,100.07,100.077
2026-04-07T12:00:00+08:00,100.073,100.083,100.027,100.035
2026-04-07T13:00:00+08:00,100.034,100.106,100.026,100.055
2026-04-07T14:00:00+08:00,100.06,100.083,99.988,99.998
2026-04-07T15:00:00+08:00,100.001,100.063,99.991,100.038
2026-04-07T16:00:00+08:00,100.042,100.045,99.769,99.782
2026-04-07T17:00:00+08:00,99.784,99.887,99.769,99.883
2026-04-07T18:00:00+08:00,99.885,100.024,99.876,99.984
2026-04-07T19:00:00+08:00,99.982,100.022,99.926,99.94
2026-04-07T20:00:00+08:00,99.938,99.983,99.868,99.936
2026-04-07T21:00:00+08:00,99.937,99.995,99.907,99.953
2026-04-07T22:00:00+08:00,99.955,99.998,99.804,99.902
2026-04-07T23:00:00+08:00,99.9,99.961,99.861,99.901
2026-04-08T00:00:00+08:00,99.904,99.904,99.836,99.884
2026-04-08T01:00:00+08:00,99.883,99.919,99.804,99.828
2026-04-08T02:00:00+08:00,99.828,99.878,99.782,99.858
2026-04-08T03:00:00+08:00,99.856,99.872,99.629,99.678
2026-04-08T04:00:00+08:00,99.68,99.694,99.603,99.664
2026-04-08T05:00:00+08:00,99.672,99.681,99.632,99.64
2026-04-08T06:00:00+08:00,99.635,99.635,99.516,99.516
2026-04-08T07:00:00+08:00,98.951,98.962,98.91,98.926
2026-04-08T08:00:00+08:00,98.931,99.06,98.84,99.006
2026-04-08T09:00:00+08:00,99.01,99.02,98.866,98.944
2026-04-08T10:00:00+08:00,98.943,98.998,98.887,98.961
2026-04-08T11:00:00+08:00,98.957,99.006,98.936,98.975
2026-04-08T12:00:00+08:00,98.972,98.973,98.887,98.916
2026-04-08T13:00:00+08:00,98.917,98.944,98.685,98.801
2026-04-08T14:00:00+08:00,98.805,98.869,98.689,98.776
2026-04-08T15:00:00+08:00,98.78,98.91,98.735,98.774
2026-04-08T16:00:00+08:00,98.778,98.968,98.741,98.88
2026-04-08T17:00:00+08:00,98.883,98.911,98.815,98.903
2026-04-08T18:00:00+08:00,98.901,98.923,98.805,98.822
2026-04-08T19:00:00+08:00,98.825,98.86,98.657,98.715
2026-04-08T20:00:00+08:00,98.714,98.785,98.554,98.586
2026-04-08T21:00:00+08:00,98.589,98.811,98.525,98.763
2026-04-08T22:00:00+08:00,98.764,98.818,98.707,98.77
2026-04-08T23:00:00+08:00,98.773,98.867,98.763,98.858
2026-04-09T00:00:00+08:00,98.858,98.923,98.838,98.881
2026-04-09T01:00:00+08:00,98.885,98.983,98.857,98.929
2026-04-09T02:00:00+08:00,98.932,99.134,98.884,99.133
2026-04-09T03:00:00+08:00,99.134,99.179,98.969,98.985
2026-04-09T04:00:00+08:00,98.984,99.045,98.974,99.038
2026-04-09T05:00:00+08:00,99.036,99.049,98.99,99.002
2026-04-09T06:00:00+08:00,99.001,99.019,98.995,98.998
2026-04-09T07:00:00+08:00,99.057,99.075,99.045,99.064
2026-04-09T08:00:00+08:00,99.069,99.118,99.056,99.099
2026-04-09T09:00:00+08:00,99.097,99.157,99.057,99.069
2026-04-09T10:00:00+08:00,99.072,99.089,99.023,99.036
2026-04-09T11:00:00+08:00,99.034,99.074,99.022,99.054
2026-04-09T12:00:00+08:00,99.052,99.058,98.991,99.03
2026-04-09T13:00:00+08:00,99.033,99.092,99.02,99.078
2026-04-09T14:00:00+08:00,99.081,99.132,99.049,99.05
2026-04-09T15:00:00+08:00,99.053,99.117,99.014,99.065
2026-04-09T16:00:00+08:00,99.065,99.1,98.991,99.013
2026-04-09T17:00:00+08:00,99.016,99.048,98.967,99.004
2026-04-09T18:00:00+08:00,99.009,99.04,98.969,99.037
2026-04-09T19:00:00+08:00,99.042,99.054,98.871,98.884
2026-04-09T20:00:00+08:00,98.886,98.974,98.879,98.919
2026-04-09T21:00:00+08:00,98.923,98.944,98.843,98.934
2026-04-09T22:00:00+08:00,98.939,99.021,98.885,98.946
2026-04-09T23:00:00+08:00,98.946,99.012,98.745,98.755
2026-04-10T00:00:00+08:00,98.759,98.774,98.668,98.715
2026-04-10T01:00:00+08:00,98.713,98.717,98.625,98.687
2026-04-10T02:00:00+08:00,98.692,98.835,98.684,98.817
2026-04-10T03:00:00+08:00,98.819,98.831,98.745,98.811
2026-04-10T04:00:00+08:00,98.813,98.842,98.806,98.808
2026-04-10T05:00:00+08:00,98.808,98.826,98.773,98.795
2026-04-10T06:00:00+08:00,98.794,98.806,98.792,98.795
2026-04-10T07:00:00+08:00,98.869,98.886,98.865,98.875
2026-04-10T08:00:00+08:00,98.88,98.932,98.88,98.914
2026-04-10T09:00:00+08:00,98.916,98.929,98.848,98.864
2026-04-10T10:00:00+08:00,98.86,98.922,98.857,98.889
2026-04-10T11:00:00+08:00,98.893,98.898,98.856,98.864
2026-04-10T12:00:00+08:00,98.866,98.895,98.853,98.889
2026-04-10T13:00:00+08:00,98.889,98.93,98.883,98.909
2026-04-10T14:00:00+08:00,98.907,98.963,98.881,98.946
2026-04-10T15:00:00+08:00,98.948,98.998,98.901,98.994
2026-04-10T16:00:00+08:00,98.995,99.007,98.906,98.943
2026-04-10T17:00:00+08:00,98.946,98.952,98.783,98.783
2026-04-10T18:00:00+08:00,98.787,98.821,98.749,98.765
2026-04-10T19:00:00+08:00,98.765,98.773,98.724,98.735
2026-04-10T20:00:00+08:00,98.739,98.752,98.641,98.678
2026-04-10T21:00:00+08:00,98.676,98.691,98.556,98.632
2026-04-10T22:00:00+08:00,98.631,98.704,98.541,98.653
2026-04-10T23:00:00+08:00,98.655,98.703,98.563,98.698
2026-04-11T00:00:00+08:00,98.701,98.778,98.685,98.719
2026-04-11T01:00:00+08:00,98.725,98.739,98.684,98.707
2026-04-11T02:00:00+08:00,98.706,98.745,98.618,98.65
2026-04-11T03:00:00+08:00,98.649,98.68,98.642,98.68
2026-04-11T04:00:00+08:00,98.682,98.713,98.659,98.697
2026-04-13T06:00:00+08:00,99.046,99.165,99.046,99.12
2026-04-13T07:00:00+08:00,99.12,99.183,99.093,99.096
2026-04-13T08:00:00+08:00,99.092,99.136,99.019,99.019
2026-04-13T09:00:00+08:00,99.018,99.073,98.995,99.028
2026-04-13T10:00:00+08:00,99.026,99.041,99.001,99.014
2026-04-13T11:00:00+08:00,99.016,99.039,99.006,99.009
2026-04-13T12:00:00+08:00,99.014,99.031,98.996,99.025
2026-04-13T13:00:00+08:00,99.027,99.048,99.005,99.012
2026-04-13T14:00:00+08:00,99.011,99.066,98.951,99.01
2026-04-13T15:00:00+08:00,99.012,99.012,98.895,98.908
2026-04-13T16:00:00+08:00,98.909,98.999,98.898,98.975
2026-04-13T17:00:00+08:00,98.977,98.997,98.937,98.978
2026-04-13T18:00:00+08:00,98.98,99.006,98.916,98.933
2026-04-13T19:00:00+08:00,98.934,99.031,98.884,99.025
2026-04-13T20:00:00+08:00,99.027,99.038,98.896,98.908
2026-04-13T21:00:00+08:00,98.91,98.92,98.762,98.808
2026-04-13T22:00:00+08:00,98.811,98.845,98.675,98.743
2026-04-13T23:00:00+08:00,98.743,98.816,98.737,98.769
2026-04-14T00:00:00+08:00,98.769,98.793,98.595,98.603
2026-04-14T01:00:00+08:00,98.612,98.624,98.53,98.561
2026-04-14T02:00:00+08:00,98.566,98.566,98.365,98.366
2026-04-14T03:00:00+08:00,98.366,98.433,98.364,98.399
2026-04-14T04:00:00+08:00,98.397,98.428,98.383,98.415
2026-04-14T05:00:00+08:00,98.418,98.439,98.402,98.416
2026-04-14T06:00:00+08:00,98.415,98.416,98.37,98.373
2026-04-14T07:00:00+08:00,98.373,98.373,98.342,98.344
2026-04-14T08:00:00+08:00,98.34,98.388,98.33,98.336
2026-04-14T09:00:00+08:00,98.338,98.389,98.327,98.384
2026-04-14T10:00:00+08:00,98.385,98.414,98.368,98.374
2026-04-14T11:00:00+08:00,98.377,98.39,98.317,98.325
2026-04-14T12:00:00+08:00,98.328,98.341,98.299,98.316
2026-04-14T13:00:00+08:00,98.319,98.379,98.297,98.343
2026-04-14T14:00:00+08:00,98.343,98.393,98.252,98.252
2026-04-14T15:00:00+08:00,98.256,98.258,98.114,98.22
2026-04-14T16:00:00+08:00,98.219,98.265,98.189,98.202
2026-04-14T17:00:00+08:00,98.202,98.202,98.12,98.155
2026-04-14T18:00:00+08:00,98.158,98.158,98.076,98.085
2026-04-14T19:00:00+08:00,98.088,98.092,98.002,98.053
2026-04-14T20:00:00+08:00,98.056,98.102,97.996,97.996
2026-04-14T21:00:00+08:00,97.995,98.099,97.977,98.051
2026-04-14T22:00:00+08:00,98.055,98.082,97.969,97.99
2026-04-14T23:00:00+08:00,97.994,98.153,97.99,98.136
2026-04-15T00:00:00+08:00,98.138,98.154,98.09,98.108
2026-04-15T01:00:00+08:00,98.108,98.129,98.062,98.085
2026-04-15T02:00:00+08:00,98.087,98.143,98.076,98.123
2026-04-15T03:00:00+08:00,98.125,98.143,98.11,98.131
2026-04-15T04:00:00+08:00,98.135,98.136,98.098,98.099
2026-04-15T05:00:00+08:00,98.106,98.134,98.092,98.125
2026-04-15T06:00:00+08:00,98.121,98.121,98.104,98.105
2026-04-15T07:00:00+08:00,98.067,98.082,98.054,98.078
2026-04-15T08:00:00+08:00,98.08,98.144,98.073,98.103
2026-04-15T09:00:00+08:00,98.104,98.144,98.084,98.134
2026-04-15T10:00:00+08:00,98.137,98.23,98.131,98.199
2026-04-15T11:00:00+08:00,98.2,98.223,98.152,98.166
2026-04-15T12:00:00+08:00,98.169,98.176,98.149,98.159
2026-04-15T13:00:00+08:00,98.16,98.161,98.088,98.138
2026-04-15T14:00:00+08:00,98.14,98.191,98.08,98.191
2026-04-15T15:00:00+08:00,98.191,98.192,98.131,98.168
2026-04-15T16:00:00+08:00,98.17,98.171,98.079,98.13
2026-04-15T17:00:00+08:00,98.132,98.237,98.11,98.2
2026-04-15T18:00:00+08:00,98.199,98.285,98.165,98.244
2026-04-15T19:00:00+08:00,98.245,98.284,98.212,98.215
2026-04-15T20:00:00+08:00,98.22,98.265,98.166,98.197
2026-04-15T21:00:00+08:00,98.199,98.207,98.112,98.171
2026-04-15T22:00:00+08:00,98.174,98.192,98.055,98.092
2026-04-15T23:00:00+08:00,98.091,98.106,98.005,98.079
2026-04-16T00:00:00+08:00,98.085,98.088,98.035,98.049
2026-04-16T01:00:00+08:00,98.053,98.121,98.042,98.102
2026-04-16T02:00:00+08:00,98.105,98.114,98.043,98.055
2026-04-16T03:00:00+08:00,98.055,98.074,98.026,98.059
2026-04-16T04:00:00+08:00,98.058,98.099,98.058,98.084
2026-04-16T05:00:00+08:00,98.079,98.094,98.056,98.084
2026-04-16T06:00:00+08:00,98.081,98.081,98.047,98.05
2026-04-16T07:00:00+08:00,98.012,98.013,98.003,98.008
2026-04-16T08:00:00+08:00,98.006,98.033,97.992,97.994
2026-04-16T09:00:00+08:00,97.992,98.068,97.975,98.024
2026-04-16T10:00:00+08:00,98.026,98.028,97.899,97.901
2026-04-16T11:00:00+08:00,97.899,97.94,97.832,97.935
2026-04-16T12:00:00+08:00,97.938,97.977,97.935,97.963
2026-04-16T13:00:00+08:00,97.968,98.024,97.961,98.014
2026-04-16T14:00:00+08:00,98.015,98.092,97.988,98.005
2026-04-16T15:00:00+08:00,98.01,98.11,97.988,98.099
2026-04-16T16:00:00+08:00,98.1,98.214,98.09,98.155
2026-04-16T17:00:00+08:00,98.154,98.231,98.145,98.207
2026-04-16T18:00:00+08:00,98.212,98.268,98.205,98.208
2026-04-16T19:00:00+08:00,98.213,98.213,98.138,98.162
2026-04-16T20:00:00+08:00,98.161,98.23,98.159,98.19
2026-04-16T21:00:00+08:00,98.189,98.281,98.162,98.245
2026-04-16T22:00:00+08:00,98.248,98.291,98.188,98.269
2026-04-16T23:00:00+08:00,98.271,98.289,98.186,98.187
2026-04-17T00:00:00+08:00,98.189,98.286,98.144,98.244
2026-04-17T01:00:00+08:00,98.246,98.292,98.238,98.263
2026-04-17T02:00:00+08:00,98.265,98.269,98.206,98.215
2026-04-17T03:00:00+08:00,98.213,98.214,98.165,98.205
2026-04-17T04:00:00+08:00,98.21,98.225,98.191,98.203
2026-04-17T05:00:00+08:00,98.213,98.233,98.2,98.207
2026-04-17T06:00:00+08:00,98.207,98.207,98.179,98.179
2026-04-17T07:00:00+08:00,98.189,98.214,98.189,98.211
2026-04-17T08:00:00+08:00,98.212,98.242,98.199,98.235
2026-04-17T09:00:00+08:00,98.233,98.272,98.228,98.255
2026-04-17T10:00:00+08:00,98.256,98.28,98.24,98.246
2026-04-17T11:00:00+08:00,98.247,98.269,98.194,98.207
2026-04-17T12:00:00+08:00,98.21,98.224,98.2,98.215
2026-04-17T13:00:00+08:00,98.215,98.238,98.204,98.225
2026-04-17T14:00:00+08:00,98.227,98.291,98.21,98.273
2026-04-17T15:00:00+08:00,98.272,98.272,98.195,98.198
2026-04-17T16:00:00+08:00,98.202,98.21,98.095,98.104
2026-04-17T17:00:00+08:00,98.104,98.128,98.067,98.103
2026-04-17T18:00:00+08:00,98.103,98.128,98.083,98.118
2026-04-17T19:00:00+08:00,98.119,98.138,98.075,98.107
2026-04-17T20:00:00+08:00,98.11,98.11,97.756,97.764
2026-04-17T21:00:00+08:00,97.766,97.828,97.632,97.749
2026-04-17T22:00:00+08:00,97.755,97.825,97.694,97.825
2026-04-17T23:00:00+08:00,97.826,97.951,97.808,97.936
2026-04-18T00:00:00+08:00,97.938,97.999,97.898,97.938
2026-04-18T01:00:00+08:00,97.938,98.045,97.937,97.97
2026-04-18T02:00:00+08:00,97.974,98.136,97.958,98.096
2026-04-18T03:00:00+08:00,98.099,98.207,98.064,98.194
2026-04-18T04:00:00+08:00,98.196,98.24,98.166,98.226
2026-04-20T06:00:00+08:00,98.277,98.293,98.273,98.282
2026-04-20T07:00:00+08:00,98.283,98.306,98.273,98.3
2026-04-20T08:00:00+08:00,98.3,98.306,98.267,98.275
2026-04-20T09:00:00+08:00,98.275,98.368,98.275,98.312
2026-04-20T10:00:00+08:00,98.316,98.326,98.271,98.308
2026-04-20T11:00:00+08:00,98.305,98.327,98.261,98.283
2026-04-20T12:00:00+08:00,98.286,98.316,98.268,98.291
2026-04-20T13:00:00+08:00,98.295,98.395,98.283,98.349
2026-04-20T14:00:00+08:00,98.35,98.395,98.26,98.26
2026-04-20T15:00:00+08:00,98.259,98.341,98.19,98.297
2026-04-20T16:00:00+08:00,98.298,98.318,98.265,98.292
2026-04-20T17:00:00+08:00,98.295,98.318,98.237,98.239
2026-04-20T18:00:00+08:00,98.236,98.264,98.207,98.21
2026-04-20T19:00:00+08:00,98.21,98.225,98.155,98.213
2026-04-20T20:00:00+08:00,98.217,98.306,98.213,98.229
2026-04-20T21:00:00+08:00,98.229,98.26,98.083,98.129
2026-04-20T22:00:00+08:00,98.131,98.232,98.112,98.149
2026-04-20T23:00:00+08:00,98.154,98.178,98.006,98.049
2026-04-21T00:00:00+08:00,98.051,98.069,98.015,98.043
2026-04-21T01:00:00+08:00,98.045,98.082,98.02,98.063
2026-04-21T02:00:00+08:00,98.065,98.107,98.012,98.095
2026-04-21T03:00:00+08:00,98.096,98.098,98.032,98.063
2026-04-21T04:00:00+08:00,98.063,98.084,98.047,98.05
2026-04-21T05:00:00+08:00,98.054,98.068,98.046,98.056
2026-04-21T06:00:00+08:00,98.054,98.054,98.041,98.053
2026-04-21T07:00:00+08:00,98.063,98.077,98.063,98.077
2026-04-21T08:00:00+08:00,98.073,98.111,98.068,98.096
2026-04-21T09:00:00+08:00,98.097,98.116,98.071,98.109
2026-04-21T10:00:00+08:00,98.109,98.136,98.096,98.119
2026-04-21T11:00:00+08:00,98.118,98.163,98.115,98.146
2026-04-21T12:00:00+08:00,98.151,98.161,98.138,98.147
2026-04-21T13:00:00+08:00,98.149,98.15,98.086,98.124
2026-04-21T14:00:00+08:00,98.126,98.159,98.107,98.132
2026-04-21T15:00:00+08:00,98.138,98.228,98.116,98.224
2026-04-21T16:00:00+08:00,98.225,98.309,98.214,98.248
2026-04-21T17:00:00+08:00,98.25,98.297,98.244,98.274
2026-04-21T18:00:00+08:00,98.275,98.292,98.253,98.256
2026-04-21T19:00:00+08:00,98.259,98.291,98.191,98.194
2026-04-21T20:00:00+08:00,98.198,98.298,98.187,98.257
2026-04-21T21:00:00+08:00,98.259,98.263,98.162,98.198
2026-04-21T22:00:00+08:00,98.195,98.314,98.123,98.309
2026-04-21T23:00:00+08:00,98.314,98.39,98.249,98.316
2026-04-22T00:00:00+08:00,98.32,98.41,98.292,98.403
2026-04-22T01:00:00+08:00,98.405,98.567,98.242,98.374
2026-04-22T02:00:00+08:00,98.374,98.494,98.348,98.393
2026-04-22T03:00:00+08:00,98.396,98.567,98.312,98.535
2026-04-22T04:00:00+08:00,98.533,98.549,98.311,98.383
2026-04-22T05:00:00+08:00,98.386,98.44,98.347,98.411
2026-04-22T06:00:00+08:00,98.408,98.413,98.388,98.407
2026-04-22T07:00:00+08:00,98.402,98.402,98.373,98.376
2026-04-22T08:00:00+08:00,98.378,98.378,98.31,98.363
2026-04-22T09:00:00+08:00,98.364,98.403,98.334,98.354
2026-04-22T10:00:00+08:00,98.356,98.397,98.328,98.389
2026-04-22T11:00:00+08:00,98.391,98.407,98.371,98.402
2026-04-22T12:00:00+08:00,98.407,98.407,98.368,98.391
2026-04-22T13:00:00+08:00,98.392,98.396,98.211,98.296
2026-04-22T14:00:00+08:00,98.294,98.344,98.268,98.304
2026-04-22T15:00:00+08:00,98.31,98.34,98.264,98.272
2026-04-22T16:00:00+08:00,98.274,98.332,98.244,98.287
2026-04-22T17:00:00+08:00,98.289,98.34,98.258,98.333
2026-04-22T18:00:00+08:00,98.332,98.364,98.291,98.3
2026-04-22T19:00:00+08:00,98.301,98.443,98.301,98.419
2026-04-22T20:00:00+08:00,98.422,98.498,98.396,98.485
2026-04-22T21:00:00+08:00,98.485,98.501,98.339,98.364
2026-04-22T22:00:00+08:00,98.366,98.527,98.347,98.524
2026-04-22T23:00:00+08:00,98.527,98.567,98.49,98.56
2026-04-23T00:00:00+08:00,98.562,98.588,98.542,98.566
2026-04-23T01:00:00+08:00,98.566,98.577,98.524,98.568
2026-04-23T02:00:00+08:00,98.57,98.598,98.552,98.59
2026-04-23T03:00:00+08:00,98.592,98.625,98.572,98.621
2026-04-23T04:00:00+08:00,98.62,98.643,98.602,98.616
2026-04-23T05:00:00+08:00,98.62,98.621,98.586,98.599
2026-04-23T06:00:00+08:00,98.599,98.606,98.592,98.606
2026-04-23T07:00:00+08:00,98.616,98.618,98.602,98.615
2026-04-23T08:00:00+08:00,98.618,98.737,98.553,98.562
2026-04-23T09:00:00+08:00,98.566,98.6,98.552,98.594
2026-04-23T10:00:00+08:00,98.596,98.7,98.584,98.689
2026-04-23T11:00:00+08:00,98.691,98.714,98.658,98.708
2026-04-23T12:00:00+08:00,98.711,98.711,98.67,98.671
2026-04-23T13:00:00+08:00,98.672,98.678,98.626,98.628
2026-04-23T14:00:00+08:00,98.628,98.663,98.615,98.654
2026-04-23T15:00:00+08:00,98.657,98.706,98.592,98.649
2026-04-23T16:00:00+08:00,98.653,98.677,98.63,98.646
2026-04-23T17:00:00+08:00,98.646,98.724,98.641,98.703
2026-04-23T18:00:00+08:00,98.704,98.801,98.689,98.788
2026-04-23T19:00:00+08:00,98.787,98.803,98.642,98.689
2026-04-23T20:00:00+08:00,98.693,98.751,98.644,98.716
2026-04-23T21:00:00+08:00,98.716,98.781,98.677,98.72
2026-04-23T22:00:00+08:00,98.721,98.748,98.534,98.573
2026-04-23T23:00:00+08:00,98.571,98.662,98.541,98.633
2026-04-24T00:00:00+08:00,98.638,98.682,98.633,98.659
2026-04-24T01:00:00+08:00,98.657,98.939,98.653,98.739
2026-04-24T02:00:00+08:00,98.741,98.775,98.688,98.77
2026-04-24T03:00:00+08:00,98.774,98.841,98.763,98.794
2026-04-24T04:00:00+08:00,98.796,98.844,98.796,98.826
2026-04-24T05:00:00+08:00,98.825,98.843,98.786,98.795
2026-04-24T06:00:00+08:00,98.796,98.806,98.794,98.798
2026-04-24T07:00:00+08:00,98.821,98.83,98.818,98.825
2026-04-24T08:00:00+08:00,98.829,98.837,98.784,98.813
2026-04-24T09:00:00+08:00,98.812,98.834,98.788,98.79
2026-04-24T10:00:00+08:00,98.79,98.87,98.785,98.863
2026-04-24T11:00:00+08:00,98.862,98.915,98.855,98.875
2026-04-24T12:00:00+08:00,98.874,98.889,98.841,98.862
2026-04-24T13:00:00+08:00,98.863,98.884,98.828,98.836
2026-04-24T14:00:00+08:00,98.837,98.872,98.813,98.858
2026-04-24T15:00:00+08:00,98.861,98.88,98.752,98.774
2026-04-24T16:00:00+08:00,98.77,98.821,98.733,98.775
2026-04-24T17:00:00+08:00,98.777,98.813,98.764,98.795
2026-04-24T18:00:00+08:00,98.8,98.808,98.679,98.679
2026-04-24T19:00:00+08:00,98.679,98.688,98.558,98.591
2026-04-24T20:00:00+08:00,98.596,98.692,98.564,98.637
2026-04-24T21:00:00+08:00,98.636,98.725,98.608,98.664
2026-04-24T22:00:00+08:00,98.668,98.705,98.568,98.646
2026-04-24T23:00:00+08:00,98.647,98.679,98.528,98.545
2026-04-25T00:00:00+08:00,98.542,98.581,98.526,98.527
2026-04-25T01:00:00+08:00,98.527,98.578,98.517,98.565
2026-04-25T02:00:00+08:00,98.568,98.588,98.518,98.533
2026-04-25T03:00:00+08:00,98.529,98.544,98.505,98.522
2026-04-25T04:00:00+08:00,98.521,98.538,98.489,98.51
2026-04-27T06:00:00+08:00,99.332,99.343,98.592,98.626
2026-04-27T07:00:00+08:00,98.623,98.645,98.609,98.642
2026-04-27T08:00:00+08:00,98.641,98.641,98.555,98.559
2026-04-27T09:00:00+08:00,98.561,98.561,98.459,98.481
2026-04-27T10:00:00+08:00,98.483,98.512,98.448,98.463
2026-04-27T11:00:00+08:00,98.462,98.464,98.41,98.433
2026-04-27T12:00:00+08:00,98.436,98.467,98.413,98.456
2026-04-27T13:00:00+08:00,98.455,98.502,98.446,98.499
2026-04-27T14:00:00+08:00,98.504,98.546,98.443,98.443
2026-04-27T15:00:00+08:00,98.441,98.445,98.34,98.346
2026-04-27T16:00:00+08:00,98.351,98.372,98.262,98.286
2026-04-27T17:00:00+08:00,98.288,98.336,98.262,98.322
2026-04-27T18:00:00+08:00,98.325,98.35,98.276,98.284
2026-04-27T19:00:00+08:00,98.289,98.343,98.279,98.318
2026-04-27T20:00:00+08:00,98.321,98.322,98.214,98.308
2026-04-27T21:00:00+08:00,98.31,98.373,98.241,98.343
2026-04-27T22:00:00+08:00,98.342,98.378,98.264,98.353
2026-04-27T23:00:00+08:00,98.357,98.411,98.354,98.395
2026-04-28T00:00:00+08:00,98.399,98.451,98.376,98.444
2026-04-28T01:00:00+08:00,98.443,98.497,98.414,98.463
2026-04-28T02:00:00+08:00,98.466,98.504,98.452,98.496
2026-04-28T03:00:00+08:00,98.498,98.501,98.455,98.495
2026-04-28T04:00:00+08:00,98.497,98.498,98.473,98.484
2026-04-28T05:00:00+08:00,98.485,98.485,98.47,98.476
2026-04-28T06:00:00+08:00,98.48,98.497,98.475,98.497
2026-04-28T07:00:00+08:00,98.467,98.477,98.463,98.463
2026-04-28T08:00:00+08:00,98.462,98.512,98.426,98.503
2026-04-28T09:00:00+08:00,98.505,98.564,98.502,98.563
2026-04-28T10:00:00+08:00,98.564,98.594,98.555,98.592
2026-04-28T11:00:00+08:00,98.589,98.594,98.482,98.507
2026-04-28T12:00:00+08:00,98.512,98.527,98.484,98.523
2026-04-28T13:00:00+08:00,98.521,98.587,98.514,98.582
2026-04-28T14:00:00+08:00,98.585,98.719,98.56,98.717
2026-04-28T15:00:00+08:00,98.719,98.726,98.623,98.676
2026-04-28T16:00:00+08:00,98.678,98.705,98.611,98.648
2026-04-28T17:00:00+08:00,98.649,98.769,98.648,98.73
2026-04-28T18:00:00+08:00,98.73,98.759,98.712,98.742
2026-04-28T19:00:00+08:00,98.747,98.852,98.706,98.838
2026-04-28T20:00:00+08:00,98.84,98.874,98.695,98.711
2026-04-28T21:00:00+08:00,98.713,98.785,98.667,98.706
2026-04-28T22:00:00+08:00,98.709,98.776,98.676,98.733
2026-04-28T23:00:00+08:00,98.734,98.734,98.609,98.616
2026-04-29T00:00:00+08:00,98.618,98.682,98.595,98.642
2026-04-29T01:00:00+08:00,98.644,98.678,98.588,98.618
2026-04-29T02:00:00+08:00,98.621,98.645,98.602,98.64
2026-04-29T03:00:00+08:00,98.644,98.674,98.611,98.654
2026-04-29T04:00:00+08:00,98.654,98.656,98.613,98.632
2026-04-29T05:00:00+08:00,98.636,98.636,98.615,98.625
2026-04-29T06:00:00+08:00,98.62,98.62,98.591,98.594
2026-04-29T07:00:00+08:00,98.608,98.608,98.593,98.593
2026-04-29T08:00:00+08:00,98.591,98.613,98.565,98.598
2026-04-29T09:00:00+08:00,98.598,98.675,98.595,98.634
2026-04-29T10:00:00+08:00,98.635,98.668,98.594,98.663
2026-04-29T11:00:00+08:00,98.662,98.682,98.637,98.674
2026-04-29T12:00:00+08:00,98.677,98.684,98.66,98.678
2026-04-29T13:00:00+08:00,98.679,98.733,98.674,98.719
2026-04-29T14:00:00+08:00,98.719,98.754,98.695,98.722
2026-04-29T15:00:00+08:00,98.72,98.728,98.66,98.678
2026-04-29T16:00:00+08:00,98.682,98.753,98.608,98.724
2026-04-29T17:00:00+08:00,98.728,98.758,98.706,98.753
2026-04-29T18:00:00+08:00,98.755,98.761,98.673,98.674
2026-04-29T19:00:00+08:00,98.675,98.722,98.664,98.711
2026-04-29T20:00:00+08:00,98.714,98.774,98.663,98.749
2026-04-29T21:00:00+08:00,98.748,98.895,98.716,98.862
2026-04-29T22:00:00+08:00,98.865,98.898,98.732,98.75
2026-04-29T23:00:00+08:00,98.749,98.862,98.736,98.807
2026-04-30T00:00:00+08:00,98.808,98.882,98.771,98.875
2026-04-30T01:00:00+08:00,98.88,98.913,98.817,98.817
2026-04-30T02:00:00+08:00,98.822,99.05,98.808,98.961
2026-04-30T03:00:00+08:00,98.963,99.003,98.901,98.94
2026-04-30T04:00:00+08:00,98.942,98.983,98.929,98.949
2026-04-30T05:00:00+08:00,98.948,98.961,98.91,98.953
2026-04-30T06:00:00+08:00,98.956,98.977,98.939,98.974
2026-04-30T07:00:00+08:00,98.851,98.861,98.846,98.858
2026-04-30T08:00:00+08:00,98.853,98.901,98.811,98.9
2026-04-30T09:00:00+08:00,98.903,98.94,98.878,98.919
2026-04-30T10:00:00+08:00,98.924,99.019,98.909,98.985
2026-04-30T11:00:00+08:00,98.987,99.003,98.953,98.992
2026-04-30T12:00:00+08:00,98.995,99.093,98.987,99.058
2026-04-30T13:00:00+08:00,99.057,99.075,99.016,99.071
2026-04-30T14:00:00+08:00,99.075,99.09,98.975,98.984
2026-04-30T15:00:00+08:00,98.985,98.985,98.84,98.876
2026-04-30T16:00:00+08:00,98.878,98.878,98.749,98.822
2026-04-30T17:00:00+08:00,98.824,98.846,98.675,98.691
2026-04-30T18:00:00+08:00,98.693,98.727,98.349,98.357
2026-04-30T19:00:00+08:00,98.36,98.458,98.202,98.358
2026-04-30T20:00:00+08:00,98.359,98.528,98.355,98.473
2026-04-30T21:00:00+08:00,98.475,98.533,98.372,98.483
2026-04-30T22:00:00+08:00,98.485,98.5,98.116,98.164
2026-04-30T23:00:00+08:00,98.167,98.213,98.12,98.165
2026-05-01T00:00:00+08:00,98.168,98.2,98.108,98.174
2026-05-01T01:00:00+08:00,98.174,98.199,98.111,98.16
2026-05-01T02:00:00+08:00,98.163,98.163,98.026,98.054
2026-05-01T03:00:00+08:00,98.056,98.091,98.009,98.073
2026-05-01T04:00:00+08:00,98.078,98.108,98.054,98.098
2026-05-01T05:00:00+08:00,98.096,98.11,98.073,98.08
2026-05-01T06:00:00+08:00,98.08,98.092,98.07,98.091
2026-05-01T07:00:00+08:00,98.128,98.148,98.127,98.144
2026-05-01T08:00:00+08:00,98.147,98.184,98.135,98.156
2026-05-01T09:00:00+08:00,98.154,98.184,98.122,98.143
2026-05-01T10:00:00+08:00,98.146,98.171,98.116,98.133
2026-05-01T11:00:00+08:00,98.135,98.156,98.096,98.149
2026-05-01T12:00:00+08:00,98.151,98.195,98.135,98.186
2026-05-01T13:00:00+08:00,98.187,98.23,98.183,98.223
2026-05-01T14:00:00+08:00,98.225,98.24,97.9,97.999
2026-05-01T15:00:00+08:00,98.005,98.109,98.003,98.081
2026-05-01T16:00:00+08:00,98.085,98.101,97.972,98.015
2026-05-01T17:00:00+08:00,98.018,98.113,98.005,98.106
2026-05-01T18:00:00+08:00,98.108,98.112,98.004,98.021
2026-05-01T19:00:00+08:00,98.022,98.022,97.912,97.966
2026-05-01T20:00:00+08:00,97.97,97.993,97.821,97.922
2026-05-01T21:00:00+08:00,97.925,98.021,97.871,97.885
2026-05-01T22:00:00+08:00,97.884,97.892,97.72,97.863
2026-05-01T23:00:00+08:00,97.864,97.969,97.838,97.95
2026-05-02T00:00:00+08:00,97.952,98.08,97.929,98.08
2026-05-02T01:00:00+08:00,98.084,98.146,98.063,98.113
2026-05-02T02:00:00+08:00,98.118,98.221,98.108,98.156
2026-05-02T03:00:00+08:00,98.16,98.233,98.15,98.221
2026-05-02T04:00:00+08:00,98.221,98.244,98.201,98.211
2026-05-04T06:00:00+08:00,98.052,98.158,98.042,98.103
2026-05-04T07:00:00+08:00,98.111,98.165,98.104,98.162
2026-05-04T08:00:00+08:00,98.165,98.202,98.136,98.151
2026-05-04T09:00:00+08:00,98.153,98.215,98.129,98.177
2026-05-04T10:00:00+08:00,98.174,98.211,98.16,98.168
2026-05-04T11:00:00+08:00,98.173,98.202,97.97,98.019
2026-05-04T12:00:00+08:00,98.024,98.14,98.008,98.126
2026-05-04T13:00:00+08:00,98.126,98.156,98.097,98.115
2026-05-04T14:00:00+08:00,98.113,98.204,98.078,98.16
2026-05-04T15:00:00+08:00,98.161,98.267,98.16,98.244
2026-05-04T16:00:00+08:00,98.246,98.292,98.216,98.246
2026-05-04T17:00:00+08:00,98.244,98.27,98.208,98.262
2026-05-04T18:00:00+08:00,98.266,98.481,98.263,98.353
2026-05-04T19:00:00+08:00,98.35,98.434,98.327,98.433
2026-05-04T20:00:00+08:00,98.431,98.438,98.297,98.325
2026-05-04T21:00:00+08:00,98.331,98.372,98.25,98.276
2026-05-04T22:00:00+08:00,98.276,98.341,98.247,98.321
2026-05-04T23:00:00+08:00,98.327,98.457,98.269,98.42
2026-05-05T00:00:00+08:00,98.42,98.536,98.394,98.527
2026-05-05T01:00:00+08:00,98.525,98.533,98.412,98.443
2026-05-05T02:00:00+08:00,98.444,98.477,98.359,98.374
2026-05-05T03:00:00+08:00,98.378,98.433,98.368,98.425
2026-05-05T04:00:00+08:00,98.424,98.502,98.424,98.473
2026-05-05T05:00:00+08:00,98.474,98.475,98.448,98.464
2026-05-05T06:00:00+08:00,98.458,98.486,98.452,98.48
2026-05-05T07:00:00+08:00,98.466,98.469,98.46,98.466
2026-05-05T08:00:00+08:00,98.465,98.519,98.447,98.506
2026-05-05T09:00:00+08:00,98.51,98.551,98.487,98.499
2026-05-05T10:00:00+08:00,98.501,98.503,98.462,98.497
2026-05-05T11:00:00+08:00,98.499,98.529,98.489,98.523
2026-05-05T12:00:00+08:00,98.526,98.575,98.5,98.568
2026-05-05T13:00:00+08:00,98.573,98.579,98.516,98.531
2026-05-05T14:00:00+08:00,98.535,98.555,98.473,98.495
2026-05-05T15:00:00+08:00,98.498,98.498,98.403,98.462
2026-05-05T16:00:00+08:00,98.464,98.486,98.406,98.461
2026-05-05T17:00:00+08:00,98.466,98.547,98.454,98.47
2026-05-05T18:00:00+08:00,98.472,98.5,98.42,98.48
2026-05-05T19:00:00+08:00,98.483,98.545,98.453,98.497
2026-05-05T20:00:00+08:00,98.5,98.54,98.435,98.485
2026-05-05T21:00:00+08:00,98.487,98.488,98.385,98.433
2026-05-05T22:00:00+08:00,98.436,98.479,98.371,98.375
2026-05-05T23:00:00+08:00,98.374,98.404,98.311,98.359
2026-05-06T00:00:00+08:00,98.358,98.44,98.341,98.437
2026-05-06T01:00:00+08:00,98.439,98.469,98.41,98.447
2026-05-06T02:00:00+08:00,98.45,98.467,98.434,98.444
2026-05-06T03:00:00+08:00,98.442,98.49,98.432,98.48
2026-05-06T04:00:00+08:00,98.481,98.501,98.465,98.492
2026-05-06T05:00:00+08:00,98.492,98.492,98.468,98.487
2026-05-06T06:00:00+08:00,98.485,98.49,98.482,98.487
2026-05-06T07:00:00+08:00,98.308,98.319,98.296,98.315
2026-05-06T08:00:00+08:00,98.317,98.342,98.258,98.268
2026-05-06T09:00:00+08:00,98.27,98.291,98.233,98.268
2026-05-06T10:00:00+08:00,98.269,98.324,98.242,98.309
2026-05-06T11:00:00+08:00,98.309,98.317,98.275,98.306
2026-05-06T12:00:00+08:00,98.306,98.317,97.89,97.998
2026-05-06T13:00:00+08:00,98.002,98.096,97.989,98.068
2026-05-06T14:00:00+08:00,98.071,98.116,98.058,98.079
2026-05-06T15:00:00+08:00,98.082,98.16,98.002,98.002
2026-05-06T16:00:00+08:00,98.002,98.084,97.79,97.849
2026-05-06T17:00:00+08:00,97.851,97.909,97.777,97.784
2026-05-06T18:00:00+08:00,97.782,97.863,97.625,97.677
2026-05-06T19:00:00+08:00,97.682,97.844,97.669,97.83
2026-05-06T20:00:00+08:00,97.831,97.964,97.829,97.956
2026-05-06T21:00:00+08:00,97.956,98.008,97.911,97.963
2026-05-06T22:00:00+08:00,97.968,98.015,97.882,97.957
2026-05-06T23:00:00+08:00,97.962,98.017,97.955,98.004
2026-05-07T00:00:00+08:00,98.002,98.084,98.002,98.065
2026-05-07T01:00:00+08:00,98.066,98.081,97.983,98.043
2026-05-07T02:00:00+08:00,98.042,98.06,98.002,98.023
2026-05-07T03:00:00+08:00,98.022,98.035,97.978,98.035
2026-05-07T04:00:00+08:00,98.035,98.053,98.007,98.029
2026-05-07T05:00:00+08:00,98.027,98.036,98.007,98.008
2026-05-07T06:00:00+08:00,98.012,98.016,98.003,98.014
2026-05-07T07:00:00+08:00,98.029,98.054,98.024,98.05
2026-05-07T08:00:00+08:00,98.048,98.056,97.982,98.03
2026-05-07T09:00:00+08:00,98.03,98.045,97.903,97.945
2026-05-07T10:00:00+08:00,97.946,97.984,97.928,97.976
2026-05-07T11:00:00+08:00,97.978,98.038,97.976,98.034
2026-05-07T12:00:00+08:00,98.038,98.044,97.989,98.014
2026-05-07T13:00:00+08:00,98.016,98.025,97.992,98.012
2026-05-07T14:00:00+08:00,98.013,98.058,97.945,98.022
2026-05-07T15:00:00+08:00,98.026,98.026,97.856,97.885
2026-05-07T16:00:00+08:00,97.883,97.914,97.842,97.864
2026-05-07T17:00:00+08:00,97.864,97.91,97.823,97.873
2026-05-07T18:00:00+08:00,97.873,97.901,97.824,97.889
2026-05-07T19:00:00+08:00,97.891,97.925,97.873,97.877
2026-05-07T20:00:00+08:00,97.878,97.893,97.815,97.85
2026-05-07T21:00:00+08:00,97.855,97.905,97.821,97.886
2026-05-07T22:00:00+08:00,97.887,97.923,97.816,97.828
2026-05-07T23:00:00+08:00,97.825,97.948,97.816,97.946
2026-05-08T00:00:00+08:00,97.948,98.005,97.927,97.984
2026-05-08T01:00:00+08:00,97.983,98.163,97.98,98.061
2026-05-08T02:00:00+08:00,98.064,98.141,98.046,98.066
2026-05-08T03:00:00+08:00,98.064,98.201,98.036,98.201
2026-05-08T04:00:00+08:00,98.199,98.282,98.117,98.273
2026-05-08T05:00:00+08:00,98.277,98.277,98.213,98.241
2026-05-08T06:00:00+08:00,98.243,98.275,98.243,98.258
2026-05-08T07:00:00+08:00,98.245,98.245,98.221,98.229
2026-05-08T08:00:00+08:00,98.227,98.264,98.195,98.262
2026-05-08T09:00:00+08:00,98.264,98.264,98.205,98.216
2026-05-08T10:00:00+08:00,98.219,98.277,98.215,98.247
2026-05-08T11:00:00+08:00,98.248,98.254,98.199,98.239
2026-05-08T12:00:00+08:00,98.242,98.253,98.186,98.191
2026-05-08T13:00:00+08:00,98.19,98.207,98.156,98.165
2026-05-08T14:00:00+08:00,98.17,98.17,98.079,98.108
2026-05-08T15:00:00+08:00,98.11,98.133,98.085,98.123
2026-05-08T16:00:00+08:00,98.123,98.134,97.951,97.965
2026-05-08T17:00:00+08:00,97.969,97.969,97.893,97.928
2026-05-08T18:00:00+08:00,97.93,97.986,97.902,97.975
2026-05-08T19:00:00+08:00,97.977,97.988,97.938,97.949
2026-05-08T20:00:00+08:00,97.951,98.015,97.879,97.93
2026-05-08T21:00:00+08:00,97.931,97.99,97.829,97.893
2026-05-08T22:00:00+08:00,97.897,97.978,97.888,97.915
2026-05-08T23:00:00+08:00,97.92,97.972,97.885,97.925
2026-05-09T00:00:00+08:00,97.927,97.956,97.888,97.949
2026-05-09T01:00:00+08:00,97.951,97.957,97.911,97.94
2026-05-09T02:00:00+08:00,97.94,97.952,97.867,97.9
2026-05-09T03:00:00+08:00,97.901,97.92,97.868,97.892
2026-05-09T04:00:00+08:00,97.896,97.903,97.834,97.842
2026-05-11T06:00:00+08:00,98.036,98.077,98.022,98.032
2026-05-11T07:00:00+08:00,98.031,98.034,97.986,98.008
2026-05-11T08:00:00+08:00,98.013,98.036,97.974,97.995
2026-05-11T09:00:00+08:00,97.993,98.065,97.989,98.055
2026-05-11T10:00:00+08:00,98.052,98.083,98.029,98.083
2026-05-11T11:00:00+08:00,98.084,98.104,98.076,98.101
2026-05-11T12:00:00+08:00,98.104,98.15,98.098,98.143
2026-05-11T13:00:00+08:00,98.145,98.153,98.109,98.143
2026-05-11T14:00:00+08:00,98.141,98.141,98.004,98.008
2026-05-11T15:00:00+08:00,98.003,98.028,97.965,97.992
2026-05-11T16:00:00+08:00,97.991,97.998,97.915,97.985
2026-05-11T17:00:00+08:00,97.985,98.022,97.964,98.019
2026-05-11T18:00:00+08:00,98.023,98.042,97.973,98.014
2026-05-11T19:00:00+08:00,98.017,98.038,97.957,98.004
2026-05-11T20:00:00+08:00,98.006,98.035,97.955,97.971
2026-05-11T21:00:00+08:00,97.973,97.973,97.862,97.881
2026-05-11T22:00:00+08:00,97.886,97.923,97.85,97.894
2026-05-11T23:00:00+08:00,97.897,97.912,97.851,97.888
2026-05-12T00:00:00+08:00,97.887,97.95,97.885,97.939
2026-05-12T01:00:00+08:00,97.937,97.962,97.903,97.91
2026-05-12T02:00:00+08:00,97.913,97.958,97.894,97.956
2026-05-12T03:00:00+08:00,97.955,97.978,97.94,97.961
2026-05-12T04:00:00+08:00,97.959,97.989,97.933,97.936
2026-05-12T05:00:00+08:00,97.939,97.948,97.92,97.925
2026-05-12T06:00:00+08:00,97.921,97.921,97.903,97.907
2026-05-12T07:00:00+08:00,97.963,97.974,97.951,97.965
2026-05-12T08:00:00+08:00,97.969,98.066,97.965,98.062
2026-05-12T09:00:00+08:00,98.062,98.145,98.047,98.11
2026-05-12T10:00:00+08:00,98.114,98.135,98.087,98.102
2026-05-12T11:00:00+08:00,98.103,98.164,98.099,98.152
2026-05-12T12:00:00+08:00,98.153,98.16,98.12,98.139
2026-05-12T13:00:00+08:00,98.141,98.185,98.032,98.095
2026-05-12T14:00:00+08:00,98.097,98.21,98.061,98.208
2026-05-12T15:00:00+08:00,98.21,98.284,98.198,98.257
2026-05-12T16:00:00+08:00,98.261,98.328,98.232,98.27
2026-05-12T17:00:00+08:00,98.274,98.285,98.221,98.25
2026-05-12T18:00:00+08:00,98.252,98.294,98.223,98.291
2026-05-12T19:00:00+08:00,98.297,98.338,98.229,98.27
2026-05-12T20:00:00+08:00,98.274,98.34,98.224,98.245
2026-05-12T21:00:00+08:00,98.247,98.413,98.223,98.393
2026-05-12T22:00:00+08:00,98.396,98.399,98.327,98.338
2026-05-12T23:00:00+08:00,98.342,98.46,98.335,98.367
2026-05-13T00:00:00+08:00,98.372,98.411,98.327,98.405
2026-05-13T01:00:00+08:00,98.406,98.41,98.357,98.36
2026-05-13T02:00:00+08:00,98.366,98.396,98.292,98.297
2026-05-13T03:00:00+08:00,98.299,98.301,98.239,98.294
2026-05-13T04:00:00+08:00,98.297,98.314,98.286,98.291
2026-05-13T05:00:00+08:00,98.295,98.321,98.285,98.296
2026-05-13T06:00:00+08:00,98.293,98.297,98.289,98.289
2026-05-13T07:00:00+08:00,98.309,98.329,98.304,98.325
2026-05-13T08:00:00+08:00,98.327,98.351,98.303,98.309
2026-05-13T09:00:00+08:00,98.311,98.359,98.264,98.293
2026-05-13T10:00:00+08:00,98.292,98.311,98.265,98.301
2026-05-13T11:00:00+08:00,98.305,98.343,98.294,98.319
2026-05-13T12:00:00+08:00,98.319,98.348,98.313,98.331
2026-05-13T13:00:00+08:00,98.334,98.335,98.305,98.317
2026-05-13T14:00:00+08:00,98.317,98.435,98.313,98.423
2026-05-13T15:00:00+08:00,98.424,98.503,98.391,98.501
2026-05-13T16:00:00+08:00,98.502,98.54,98.459,98.518
2026-05-13T17:00:00+08:00,98.519,98.588,98.508,98.512
2026-05-13T18:00:00+08:00,98.513,98.555,98.46,98.481
2026-05-13T19:00:00+08:00,98.486,98.498,98.445,98.483
2026-05-13T20:00:00+08:00,98.487,98.598,98.456,98.566
2026-05-13T21:00:00+08:00,98.568,98.569,98.484,98.501
2026-05-13T22:00:00+08:00,98.503,98.554,98.483,98.518
2026-05-13T23:00:00+08:00,98.522,98.522,98.441,98.492
2026-05-14T00:00:00+08:00,98.491,98.519,98.435,98.511
2026-05-14T01:00:00+08:00,98.513,98.547,98.49,98.545
2026-05-14T02:00:00+08:00,98.548,98.551,98.504,98.524
2026-05-14T03:00:00+08:00,98.523,98.523,98.479,98.498
2026-05-14T04:00:00+08:00,98.503,98.511,98.475,98.481
2026-05-14T05:00:00+08:00,98.487,98.498,98.458,98.47
2026-05-14T06:00:00+08:00,98.471,98.472,98.449,98.452
2026-05-14T07:00:00+08:00,98.463,98.469,98.46,98.465
2026-05-14T08:00:00+08:00,98.466,98.479,98.441,98.452
2026-05-14T09:00:00+08:00,98.453,98.494,98.45,98.485
2026-05-14T10:00:00+08:00,98.489,98.501,98.47,98.494
2026-05-14T11:00:00+08:00,98.496,98.515,98.473,98.495
2026-05-14T12:00:00+08:00,98.496,98.502,98.438,98.469
2026-05-14T13:00:00+08:00,98.471,98.511,98.464,98.509
2026-05-14T14:00:00+08:00,98.511,98.523,98.416,98.444
2026-05-14T15:00:00+08:00,98.448,98.548,98.44,98.539
2026-05-14T16:00:00+08:00,98.541,98.555,98.477,98.493
2026-05-14T17:00:00+08:00,98.499,98.538,98.485,98.527
2026-05-14T18:00:00+08:00,98.531,98.553,98.484,98.527
2026-05-14T19:00:00+08:00,98.525,98.591,98.524,98.589
2026-05-14T20:00:00+08:00,98.591,98.606,98.538,98.601
2026-05-14T21:00:00+08:00,98.6,98.7,98.545,98.644
2026-05-14T22:00:00+08:00,98.644,98.738,98.564,98.738
2026-05-14T23:00:00+08:00,98.739,98.789,98.724,98.739
2026-05-15T00:00:00+08:00,98.741,98.829,98.733,98.785
2026-05-15T01:00:00+08:00,98.782,98.813,98.757,98.808
2026-05-15T02:00:00+08:00,98.809,98.843,98.808,98.819
2026-05-15T03:00:00+08:00,98.82,98.89,98.804,98.876
2026-05-15T04:00:00+08:00,98.877,98.907,98.863,98.877
2026-05-15T05:00:00+08:00,98.882,98.889,98.844,98.869
2026-05-15T06:00:00+08:00,98.868,98.878,98.865,98.869
2026-05-15T07:00:00+08:00,98.929,98.954,98.923,98.951
2026-05-15T08:00:00+08:00,98.949,99.033,98.935,99.008
2026-05-15T09:00:00+08:00,99.008,99.086,98.997,99.081
2026-05-15T10:00:00+08:00,99.08,99.097,99.001,99.034
2026-05-15T11:00:00+08:00,99.035,99.057,99.021,99.041
2026-05-15T12:00:00+08:00,99.041,99.094,99.038,99.088
2026-05-15T13:00:00+08:00,99.086,99.199,99.086,99.198
2026-05-15T14:00:00+08:00,99.2,99.202,99.105,99.162
2026-05-15T15:00:00+08:00,99.165,99.186,99.038,99.131
2026-05-15T16:00:00+08:00,99.133,99.195,99.12,99.178
2026-05-15T17:00:00+08:00,99.182,99.293,99.176,99.212
2026-05-15T18:00:00+08:00,99.209,99.214,98.98,99.03
2026-05-15T19:00:00+08:00,99.035,99.199,99.026,99.182
2026-05-15T20:00:00+08:00,99.183,99.281,99.179,99.223
2026-05-15T21:00:00+08:00,99.225,99.294,99.177,99.269
2026-05-15T22:00:00+08:00,99.27,99.287,99.153,99.213
2026-05-15T23:00:00+08:00,99.214,99.302,99.202,99.256
2026-05-16T00:00:00+08:00,99.257,99.281,99.206,99.219
2026-05-16T01:00:00+08:00,99.219,99.244,99.174,99.242
2026-05-16T02:00:00+08:00,99.242,99.32,99.239,99.283
2026-05-16T03:00:00+08:00,99.283,99.308,99.271,99.293
2026-05-16T04:00:00+08:00,99.293,99.313,99.267,99.269
2026-05-18T06:00:00+08:00,99.278,99.298,99.251,99.282
2026-05-18T07:00:00+08:00,99.28,99.373,99.277,99.362
2026-05-18T08:00:00+08:00,99.365,99.404,99.309,99.383
2026-05-18T09:00:00+08:00,99.382,99.409,99.331,99.345
2026-05-18T10:00:00+08:00,99.344,99.376,99.322,99.357
2026-05-18T11:00:00+08:00,99.361,99.362,99.312,99.325
2026-05-18T12:00:00+08:00,99.327,99.336,99.289,99.324
2026-05-18T13:00:00+08:00,99.327,99.35,99.297,99.301
2026-05-18T14:00:00+08:00,99.303,99.307,99.17,99.18
2026-05-18T15:00:00+08:00,99.179,99.226,99.143,99.209
2026-05-18T16:00:00+08:00,99.21,99.231,99.092,99.117
2026-05-18T17:00:00+08:00,99.12,99.18,99.113,99.179
2026-05-18T18:00:00+08:00,99.181,99.248,99.166,99.245
2026-05-18T19:00:00+08:00,99.248,99.248,99.059,99.123
2026-05-18T20:00:00+08:00,99.124,99.128,98.98,99.028
2026-05-18T21:00:00+08:00,99.033,99.096,99.002,99.048
2026-05-18T22:00:00+08:00,99.051,99.116,99.029,99.1
2026-05-18T23:00:00+08:00,99.104,99.172,99.013,99.044
2026-05-19T00:00:00+08:00,99.049,99.073,98.971,99.026
2026-05-19T01:00:00+08:00,99.024,99.041,99.002,99.039
2026-05-19T02:00:00+08:00,99.045,99.193,99.037,99.193
2026-05-19T03:00:00+08:00,99.193,99.194,98.978,99.018
2026-05-19T04:00:00+08:00,99.019,99.019,98.946,98.983
2026-05-19T05:00:00+08:00,98.984,99.004,98.952,98.963
2026-05-19T06:00:00+08:00,98.962,98.963,98.944,98.956
2026-05-19T07:00:00+08:00,98.965,98.992,98.965,98.99
2026-05-19T08:00:00+08:00,98.991,99.086,98.982,99.081
2026-05-19T09:00:00+08:00,99.08,99.093,99.02,99.073
2026-05-19T10:00:00+08:00,99.074,99.116,99.065,99.09
2026-05-19T11:00:00+08:00,99.09,99.11,99.068,99.104
2026-05-19T12:00:00+08:00,99.107,99.148,99.087,99.141
2026-05-19T13:00:00+08:00,99.145,99.165,99.095,99.096
2026-05-19T14:00:00+08:00,99.098,99.155,99.072,99.148
2026-05-19T15:00:00+08:00,99.151,99.189,99.121,99.143
2026-05-19T16:00:00+08:00,99.147,99.239,99.137,99.236
2026-05-19T17:00:00+08:00,99.238,99.293,99.232,99.24
2026-05-19T18:00:00+08:00,99.245,99.311,99.186,99.223
2026-05-19T19:00:00+08:00,99.222,99.259,99.21,99.256
2026-05-19T20:00:00+08:00,99.257,99.261,99.177,99.25
2026-05-19T21:00:00+08:00,99.251,99.371,99.248,99.283
2026-05-19T22:00:00+08:00,99.286,99.434,99.263,99.399
2026-05-19T23:00:00+08:00,99.395,99.422,99.336,99.346
2026-05-20T00:00:00+08:00,99.348,99.393,99.264,99.282
2026-05-20T01:00:00+08:00,99.281,99.287,99.244,99.259
2026-05-20T02:00:00+08:00,99.26,99.334,99.234,99.327
2026-05-20T03:00:00+08:00,99.328,99.334,99.285,99.309
2026-05-20T04:00:00+08:00,99.312,99.332,99.304,99.315
2026-05-20T05:00:00+08:00,99.32,99.328,99.296,99.299
2026-05-20T06:00:00+08:00,99.299,99.312,99.299,99.308
2026-05-20T07:00:00+08:00,99.271,99.311,99.271,99.308
2026-05-20T08:00:00+08:00,99.311,99.354,99.286,99.35
2026-05-20T09:00:00+08:00,99.352,99.412,99.337,99.378
2026-05-20T10:00:00+08:00,99.373,99.394,99.321,99.362
2026-05-20T11:00:00+08:00,99.36,99.38,99.298,99.324
2026-05-20T12:00:00+08:00,99.321,99.374,99.285,99.371
2026-05-20T13:00:00+08:00,99.373,99.405,99.336,99.382
2026-05-20T14:00:00+08:00,99.384,99.409,99.292,99.382
2026-05-20T15:00:00+08:00,99.387,99.419,99.343,99.414
2026-05-20T16:00:00+08:00,99.416,99.471,99.389,99.419
2026-05-20T17:00:00+08:00,99.424,99.443,99.387,99.443
2026-05-20T18:00:00+08:00,99.445,99.449,99.329,99.343
2026-05-20T19:00:00+08:00,99.342,99.376,99.294,99.333
2026-05-20T20:00:00+08:00,99.334,99.379,99.307,99.369
2026-05-20T21:00:00+08:00,99.371,99.427,99.353,99.415
2026-05-20T22:00:00+08:00,99.417,99.472,99.124,99.165
2026-05-20T23:00:00+08:00,99.167,99.223,98.966,99.157
2026-05-21T00:00:00+08:00,99.16,99.16,99.064,99.118
2026-05-21T01:00:00+08:00,99.121,99.178,99.11,99.172
2026-05-21T02:00:00+08:00,99.177,99.199,99.053,99.092
2026-05-21T03:00:00+08:00,99.091,99.113,99.055,99.109
2026-05-21T04:00:00+08:00,99.11,99.145,99.105,99.136
2026-05-21T05:00:00+08:00,99.138,99.146,99.11,99.124
2026-05-21T06:00:00+08:00,99.125,99.133,99.118,99.125
2026-05-21T07:00:00+08:00,99.123,99.156,99.12,99.14
2026-05-21T08:00:00+08:00,99.144,99.16,99.107,99.111
2026-05-21T09:00:00+08:00,99.11,99.157,99.064,99.134
2026-05-21T10:00:00+08:00,99.139,99.219,99.116,99.206
2026-05-21T11:00:00+08:00,99.207,99.209,99.162,99.194
2026-05-21T12:00:00+08:00,99.195,99.196,99.157,99.168
2026-05-21T13:00:00+08:00,99.172,99.206,99.156,99.174
2026-05-21T14:00:00+08:00,99.172,99.221,99.14,99.189
2026-05-21T15:00:00+08:00,99.192,99.356,99.181,99.272
2026-05-21T16:00:00+08:00,99.274,99.278,99.078,99.169
2026-05-21T17:00:00+08:00,99.168,99.185,99.091,99.134
2026-05-21T18:00:00+08:00,99.132,99.334,99.112,99.28
2026-05-21T19:00:00+08:00,99.279,99.347,99.204,99.328
2026-05-21T20:00:00+08:00,99.332,99.373,99.259,99.354
2026-05-21T21:00:00+08:00,99.358,99.515,99.333,99.386
2026-05-21T22:00:00+08:00,99.389,99.461,99.359,99.388
2026-05-21T23:00:00+08:00,99.384,99.477,99.382,99.42
2026-05-22T00:00:00+08:00,99.424,99.447,99.367,99.371
2026-05-22T01:00:00+08:00,99.37,99.395,99.092,99.137
2026-05-22T02:00:00+08:00,99.139,99.283,99.098,99.258
2026-05-22T03:00:00+08:00,99.259,99.259,99.146,99.166
2026-05-22T04:00:00+08:00,99.171,99.214,99.154,99.203
2026-05-22T05:00:00+08:00,99.2,99.208,99.175,99.189
2026-05-22T06:00:00+08:00,99.186,99.203,99.186,99.191
2026-05-22T07:00:00+08:00,99.199,99.21,99.191,99.2
2026-05-22T08:00:00+08:00,99.203,99.252,99.201,99.237
2026-05-22T09:00:00+08:00,99.238,99.269,99.223,99.268
2026-05-22T10:00:00+08:00,99.269,99.271,99.226,99.245
2026-05-22T11:00:00+08:00,99.25,99.272,99.234,99.249
2026-05-22T12:00:00+08:00,99.248,99.255,99.219,99.223
2026-05-22T13:00:00+08:00,99.224,99.288,99.209,99.274
2026-05-22T14:00:00+08:00,99.276,99.298,99.24,99.268
2026-05-22T15:00:00+08:00,99.271,99.333,99.264,99.276
2026-05-22T16:00:00+08:00,99.278,99.3,99.211,99.27
2026-05-22T17:00:00+08:00,99.272,99.351,99.267,99.294
2026-05-22T18:00:00+08:00,99.297,99.358,99.266,99.347
2026-05-22T19:00:00+08:00,99.344,99.374,99.315,99.353
2026-05-22T20:00:00+08:00,99.354,99.371,99.28,99.29
2026-05-22T21:00:00+08:00,99.293,99.323,99.172,99.291
2026-05-22T22:00:00+08:00,99.292,99.412,99.292,99.342
2026-05-22T23:00:00+08:00,99.342,99.36,99.287,99.315
2026-05-23T00:00:00+08:00,99.32,99.34,99.247,99.248
2026-05-23T01:00:00+08:00,99.251,99.263,99.186,99.229
2026-05-23T02:00:00+08:00,99.234,99.26,99.217,99.239
2026-05-23T03:00:00+08:00,99.243,99.293,99.226,99.29
2026-05-23T04:00:00+08:00,99.289,99.349,99.286,99.319
2026-05-25T06:00:00+08:00,99.115,99.122,98.992,99.005
2026-05-25T07:00:00+08:00,99.006,99.028,98.979,99.025
2026-05-25T08:00:00+08:00,99.023,99.05,98.957,99.039
2026-05-25T09:00:00+08:00,99.043,99.045,98.951,99.016
2026-05-25T10:00:00+08:00,99.02,99.035,98.988,99.027
2026-05-25T11:00:00+08:00,99.029,99.051,99.012,99.037
2026-05-25T12:00:00+08:00,99.039,99.052,98.985,99.001
2026-05-25T13:00:00+08:00,99.003,99.032,98.975,99.023
2026-05-25T14:00:00+08:00,99.025,99.039,98.987,99.011
2026-05-25T15:00:00+08:00,99.009,99.106,99.008,99.043
2026-05-25T16:00:00+08:00,99.042,99.073,98.978,98.982
2026-05-25T17:00:00+08:00,98.984,99.004,98.968,98.995
2026-05-25T18:00:00+08:00,98.998,99.002,98.979,98.993
2026-05-25T19:00:00+08:00,98.996,99.014,98.927,98.977
2026-05-25T20:00:00+08:00,98.975,98.985,98.915,98.947
2026-05-25T21:00:00+08:00,98.953,99.016,98.937,99.016
2026-05-25T22:00:00+08:00,99.018,99.022,98.963,98.989
2026-05-25T23:00:00+08:00,98.99,99.006,98.948,98.98
2026-05-26T00:00:00+08:00,98.984,99.021,98.978,98.989
2026-05-26T01:00:00+08:00,98.989,98.996,98.966,98.973
2026-05-26T02:00:00+08:00,98.974,98.988,98.968,98.974
2026-05-26T03:00:00+08:00,98.977,98.985,98.968,98.98
2026-05-26T04:00:00+08:00,98.977,98.992,98.972,98.975
2026-05-26T05:00:00+08:00,98.979,99.014,98.973,98.993
2026-05-26T06:00:00+08:00,98.995,99.012,98.995,99.008
2026-05-26T07:00:00+08:00,98.988,99.038,98.988,99.038
2026-05-26T08:00:00+08:00,99.04,99.06,99.014,99.023
2026-05-26T09:00:00+08:00,99.025,99.086,99.016,99.059
2026-05-26T10:00:00+08:00,99.062,99.082,99.046,99.054
2026-05-26T11:00:00+08:00,99.06,99.06,99.028,99.041
2026-05-26T12:00:00+08:00,99.039,99.091,99.038,99.089
2026-05-26T13:00:00+08:00,99.091,99.115,99.087,99.114
2026-05-26T14:00:00+08:00,99.114,99.12,99.056,99.09
2026-05-26T15:00:00+08:00,99.089,99.164,99.054,99.075
2026-05-26T16:00:00+08:00,99.077,99.097,99.044,99.081
2026-05-26T17:00:00+08:00,99.083,99.103,99.023,99.031
2026-05-26T18:00:00+08:00,99.033,99.063,99.014,99.034
2026-05-26T19:00:00+08:00,99.036,99.108,99.014,99.1
2026-05-26T20:00:00+08:00,99.102,99.129,99.088,99.121
2026-05-26T21:00:00+08:00,99.128,99.213,99.114,99.16
2026-05-26T22:00:00+08:00,99.165,99.184,99.124,99.179
2026-05-26T23:00:00+08:00,99.179,99.251,99.178,99.23
2026-05-27T00:00:00+08:00,99.227,99.229,99.156,99.195
2026-05-27T01:00:00+08:00,99.2,99.223,99.166,99.208
2026-05-27T02:00:00+08:00,99.209,99.212,99.156,99.169
2026-05-27T03:00:00+08:00,99.17,99.185,99.14,99.145
2026-05-27T04:00:00+08:00,99.147,99.157,99.132,99.145
2026-05-27T05:00:00+08:00,99.149,99.178,99.143,99.146
2026-05-27T06:00:00+08:00,99.145,99.145,99.137,99.143
2026-05-27T07:00:00+08:00,99.078,99.103,99.073,99.103
2026-05-27T08:00:00+08:00,99.1,99.103,99.072,99.097
2026-05-27T09:00:00+08:00,99.101,99.14,99.084,99.135
2026-05-27T10:00:00+08:00,99.139,99.139,99.093,99.095
2026-05-27T11:00:00+08:00,99.097,99.109,99.064,99.093
2026-05-27T12:00:00+08:00,99.097,99.098,99.071,99.082
2026-05-27T13:00:00+08:00,99.079,99.11,99.062,99.107
2026-05-27T14:00:00+08:00,99.108,99.124,99.04,99.065
2026-05-27T15:00:00+08:00,99.067,99.114,99.042,99.111
2026-05-27T16:00:00+08:00,99.113,99.124,99.072,99.084
2026-05-27T17:00:00+08:00,99.089,99.096,99.041,99.072
2026-05-27T18:00:00+08:00,99.073,99.137,99.069,99.114
2026-05-27T19:00:00+08:00,99.119,99.173,99.101,99.145
2026-05-27T20:00:00+08:00,99.144,99.166,98.969,99.091
2026-05-27T21:00:00+08:00,99.092,99.12,99.049,99.093
2026-05-27T22:00:00+08:00,99.095,99.245,99.016,99.242
2026-05-27T23:00:00+08:00,99.243,99.26,99.154,99.202
2026-05-28T00:00:00+08:00,99.204,99.242,99.176,99.181
2026-05-28T01:00:00+08:00,99.179,99.258,99.175,99.218
2026-05-28T02:00:00+08:00,99.221,99.254,99.197,99.205
2026-05-28T03:00:00+08:00,99.204,99.222,99.185,99.207
2026-05-28T04:00:00+08:00,99.207,99.234,99.19,99.23
2026-05-28T05:00:00+08:00,99.234,99.234,99.195,99.212
2026-05-28T06:00:00+08:00,99.212,99.22,99.211,99.216
2026-05-28T07:00:00+08:00,99.265,99.306,99.264,99.298
2026-05-28T08:00:00+08:00,99.296,99.313,99.26,99.282
2026-05-28T09:00:00+08:00,99.28,99.369,99.279,99.365
2026-05-28T10:00:00+08:00,99.366,99.369,99.32,99.343
2026-05-28T11:00:00+08:00,99.342,99.537,99.335,99.536
2026-05-28T12:00:00+08:00,99.537,99.544,99.49,99.497
2026-05-28T13:00:00+08:00,99.494,99.515,99.407,99.43
2026-05-28T14:00:00+08:00,99.429,99.435,99.327,99.344
2026-05-28T15:00:00+08:00,99.347,99.351,99.286,99.337
2026-05-28T16:00:00+08:00,99.338,99.386,99.31,99.326
2026-05-28T17:00:00+08:00,99.329,99.348,99.289,99.344
2026-05-28T18:00:00+08:00,99.346,99.41,99.326,99.407
2026-05-28T19:00:00+08:00,99.412,99.412,99.276,99.312
2026-05-28T20:00:00+08:00,99.315,99.323,99.153,99.172
2026-05-28T21:00:00+08:00,99.174,99.233,99.122,99.223
2026-05-28T22:00:00+08:00,99.228,99.256,99.001,99.061
2026-05-28T23:00:00+08:00,99.062,99.062,98.988,99.04
2026-05-29T00:00:00+08:00,99.042,99.062,98.945,98.961
2026-05-29T01:00:00+08:00,98.959,99.005,98.958,98.98
2026-05-29T02:00:00+08:00,98.983,99.035,98.965,99.021
2026-05-29T03:00:00+08:00,99.02,99.033,98.987,99.019
2026-05-29T04:00:00+08:00,99.019,99.036,99.004,99.005
2026-05-29T05:00:00+08:00,99.008,99.008,98.987,98.999
2026-05-29T06:00:00+08:00,98.998,99,98.991,98.992
2026-05-29T07:00:00+08:00,98.998,99,98.985,98.993
2026-05-29T08:00:00+08:00,98.994,99.026,98.97,99.016
2026-05-29T09:00:00+08:00,99.014,99.048,98.957,99.039
2026-05-29T10:00:00+08:00,99.041,99.044,99.005,99.04
2026-05-29T11:00:00+08:00,99.042,99.101,99.036,99.092
2026-05-29T12:00:00+08:00,99.097,99.108,99.069,99.071
2026-05-29T13:00:00+08:00,99.068,99.079,99.039,99.054
2026-05-29T14:00:00+08:00,99.057,99.057,98.975,98.979
2026-05-29T15:00:00+08:00,98.983,99.109,98.98,99.072
2026-05-29T16:00:00+08:00,99.075,99.186,99.075,99.166
2026-05-29T17:00:00+08:00,99.169,99.177,99.079,99.092
2026-05-29T18:00:00+08:00,99.092,99.12,99.068,99.077
2026-05-29T19:00:00+08:00,99.078,99.094,99.027,99.03
2026-05-29T20:00:00+08:00,99.032,99.085,99.024,99.03
2026-05-29T21:00:00+08:00,99.032,99.049,98.991,99.035
2026-05-29T22:00:00+08:00,99.038,99.086,98.825,98.852
2026-05-29T23:00:00+08:00,98.853,98.861,98.751,98.812
2026-05-30T00:00:00+08:00,98.815,98.891,98.803,98.854
2026-05-30T01:00:00+08:00,98.854,98.931,98.84,98.929
2026-05-30T02:00:00+08:00,98.932,98.936,98.868,98.908
2026-05-30T03:00:00+08:00,98.908,98.908,98.863,98.892
2026-05-30T04:00:00+08:00,98.891,98.944,98.891,98.942
2026-06-01T06:00:00+08:00,98.96,99.015,98.953,98.991
2026-06-01T07:00:00+08:00,98.992,99.015,98.97,99.012
2026-06-01T08:00:00+08:00,99.016,99.056,98.993,99.039
2026-06-01T09:00:00+08:00,99.039,99.073,99.034,99.055
2026-06-01T10:00:00+08:00,99.056,99.066,99.04,99.044
2026-06-01T11:00:00+08:00,99.042,99.081,99.022,99.066
2026-06-01T12:00:00+08:00,99.068,99.07,99.027,99.029
2026-06-01T13:00:00+08:00,99.028,99.031,98.992,99.009
2026-06-01T14:00:00+08:00,99.012,99.021,98.919,98.922
2026-06-01T15:00:00+08:00,98.927,99.027,98.921,98.989
2026-06-01T16:00:00+08:00,98.991,99.005,98.958,98.975
2026-06-01T17:00:00+08:00,98.979,99.052,98.953,99.036
2026-06-01T18:00:00+08:00,99.037,99.062,99.033,99.049
2026-06-01T19:00:00+08:00,99.05,99.088,99.045,99.061
2026-06-01T20:00:00+08:00,99.063,99.073,99.033,99.054
2026-06-01T21:00:00+08:00,99.056,99.364,99.053,99.352
2026-06-01T22:00:00+08:00,99.359,99.385,99.293,99.3
2026-06-01T23:00:00+08:00,99.302,99.306,99.198,99.243
2026-06-02T00:00:00+08:00,99.247,99.3,99.177,99.185
2026-06-02T01:00:00+08:00,99.181,99.223,99.13,99.153
2026-06-02T02:00:00+08:00,99.158,99.202,99.152,99.201
2026-06-02T03:00:00+08:00,99.205,99.224,99.175,99.191
2026-06-02T04:00:00+08:00,99.194,99.203,99.173,99.196
2026-06-02T05:00:00+08:00,99.199,99.199,99.154,99.168
2026-06-02T06:00:00+08:00,99.169,99.183,99.169,99.18
2026-06-02T07:00:00+08:00,99.166,99.177,99.165,99.174
2026-06-02T08:00:00+08:00,99.17,99.22,99.168,99.205
2026-06-02T09:00:00+08:00,99.206,99.226,99.163,99.213
2026-06-02T10:00:00+08:00,99.215,99.218,99.183,99.21
2026-06-02T11:00:00+08:00,99.208,99.213,99.177,99.183
2026-06-02T12:00:00+08:00,99.186,99.188,99.149,99.157
2026-06-02T13:00:00+08:00,99.155,99.17,99.143,99.165
2026-06-02T14:00:00+08:00,99.163,99.163,99.05,99.061
2026-06-02T15:00:00+08:00,99.06,99.105,99.058,99.078
2026-06-02T16:00:00+08:00,99.08,99.143,99.049,99.131
2026-06-02T17:00:00+08:00,99.133,99.153,99.116,99.128
2026-06-02T18:00:00+08:00,99.126,99.158,99.105,99.124
2026-06-02T19:00:00+08:00,99.127,99.129,99.062,99.08
2026-06-02T20:00:00+08:00,99.085,99.097,99.054,99.084
2026-06-02T21:00:00+08:00,99.089,99.154,99.067,99.122
2026-06-02T22:00:00+08:00,99.125,99.184,99.077,99.127
2026-06-02T23:00:00+08:00,99.128,99.166,99.103,99.132
2026-06-03T00:00:00+08:00,99.128,99.237,99.126,99.222
2026-06-03T01:00:00+08:00,99.224,99.287,99.211,99.277
2026-06-03T02:00:00+08:00,99.276,99.329,99.21,99.219
2026-06-03T03:00:00+08:00,99.216,99.22,99.191,99.202
2026-06-03T04:00:00+08:00,99.207,99.221,99.186,99.213
2026-06-03T05:00:00+08:00,99.211,99.225,99.196,99.22
2026-06-03T06:00:00+08:00,99.215,99.231,99.212,99.223
2026-06-03T07:00:00+08:00,99.29,99.306,99.29,99.296
2026-06-03T08:00:00+08:00,99.296,99.302,99.217,99.235
2026-06-03T09:00:00+08:00,99.237,99.253,99.191,99.222
2026-06-03T10:00:00+08:00,99.226,99.259,99.2,99.236
2026-06-03T11:00:00+08:00,99.237,99.255,99.227,99.245
2026-06-03T12:00:00+08:00,99.248,99.272,99.24,99.261
2026-06-03T13:00:00+08:00,99.263,99.316,99.25,99.316
2026-06-03T14:00:00+08:00,99.315,99.373,99.289,99.336
2026-06-03T15:00:00+08:00,99.34,99.366,99.25,99.311
2026-06-03T16:00:00+08:00,99.309,99.402,99.294,99.38
2026-06-03T17:00:00+08:00,99.385,99.385,99.327,99.35
2026-06-03T18:00:00+08:00,99.352,99.355,99.274,99.33
2026-06-03T19:00:00+08:00,99.329,99.337,99.285,99.323
2026-06-03T20:00:00+08:00,99.325,99.484,99.322,99.461
2026-06-03T21:00:00+08:00,99.46,99.491,99.421,99.461
2026-06-03T22:00:00+08:00,99.465,99.516,99.403,99.405
2026-06-03T23:00:00+08:00,99.407,99.479,99.399,99.467
2026-06-04T00:00:00+08:00,99.47,99.549,99.46,99.508
2026-06-04T01:00:00+08:00,99.512,99.543,99.482,99.532
2026-06-04T02:00:00+08:00,99.535,99.552,99.516,99.528
2026-06-04T03:00:00+08:00,99.529,99.536,99.507,99.53
2026-06-04T04:00:00+08:00,99.534,99.54,99.518,99.538
2026-06-04T05:00:00+08:00,99.536,99.537,99.511,99.521
2026-06-04T06:00:00+08:00,99.521,99.55,99.518,99.55
2026-06-04T07:00:00+08:00,99.463,99.463,99.436,99.448
2026-06-04T08:00:00+08:00,99.451,99.471,99.42,99.458
2026-06-04T09:00:00+08:00,99.46,99.478,99.433,99.439
2026-06-04T10:00:00+08:00,99.437,99.467,99.428,99.44
2026-06-04T11:00:00+08:00,99.441,99.499,99.437,99.47
2026-06-04T12:00:00+08:00,99.472,99.487,99.405,99.437
2026-06-04T13:00:00+08:00,99.441,99.483,99.433,99.445
2026-06-04T14:00:00+08:00,99.447,99.462,99.396,99.444
2026-06-04T15:00:00+08:00,99.441,99.533,99.427,99.486
2026-06-04T16:00:00+08:00,99.485,99.492,99.408,99.421
2026-06-04T17:00:00+08:00,99.421,99.424,99.31,99.329
2026-06-04T18:00:00+08:00,99.327,99.336,99.283,99.301
2026-06-04T19:00:00+08:00,99.303,99.303,99.181,99.202
2026-06-04T20:00:00+08:00,99.198,99.259,99.179,99.237
2026-06-04T21:00:00+08:00,99.241,99.27,99.222,99.246
2026-06-04T22:00:00+08:00,99.252,99.319,99.225,99.301
2026-06-04T23:00:00+08:00,99.302,99.364,99.295,99.318
2026-06-05T00:00:00+08:00,99.32,99.351,99.303,99.348
2026-06-05T01:00:00+08:00,99.352,99.385,99.346,99.377
2026-06-05T02:00:00+08:00,99.375,99.425,99.367,99.413
2026-06-05T03:00:00+08:00,99.414,99.444,99.403,99.432
2026-06-05T04:00:00+08:00,99.432,99.468,99.427,99.447
2026-06-05T05:00:00+08:00,99.451,99.451,99.402,99.423
2026-06-05T06:00:00+08:00,99.425,99.434,99.425,99.431
2026-06-05T07:00:00+08:00,99.432,99.437,99.425,99.432
2026-06-05T08:00:00+08:00,99.433,99.446,99.42,99.427
2026-06-05T09:00:00+08:00,99.432,99.459,99.416,99.427
2026-06-05T10:00:00+08:00,99.426,99.435,99.399,99.419
2026-06-05T11:00:00+08:00,99.419,99.427,99.406,99.414
2026-06-05T12:00:00+08:00,99.413,99.423,99.396,99.403
2026-06-05T13:00:00+08:00,99.407,99.413,99.378,99.409
2026-06-05T14:00:00+08:00,99.411,99.426,99.347,99.348
2026-06-05T15:00:00+08:00,99.35,99.354,99.237,99.277
2026-06-05T16:00:00+08:00,99.279,99.279,99.222,99.249
2026-06-05T17:00:00+08:00,99.253,99.266,99.189,99.218
2026-06-05T18:00:00+08:00,99.216,99.22,99.163,99.196
2026-06-05T19:00:00+08:00,99.201,99.236,99.187,99.193
2026-06-05T20:00:00+08:00,99.197,99.615,99.182,99.615
2026-06-05T21:00:00+08:00,99.616,99.701,99.504,99.7
2026-06-05T22:00:00+08:00,99.702,99.863,99.639,99.805
2026-06-05T23:00:00+08:00,99.804,99.997,99.795,99.991
2026-06-06T00:00:00+08:00,99.993,100.076,99.986,99.996
2026-06-06T01:00:00+08:00,99.998,100.095,99.99,100.069
2026-06-06T02:00:00+08:00,100.068,100.105,100.032,100.067
2026-06-06T03:00:00+08:00,100.069,100.102,100.039,100.054
2026-06-06T04:00:00+08:00,100.054,100.109,100.046,100.071
2026-06-08T06:00:00+08:00,100.145,100.174,100.104,100.154
2026-06-08T07:00:00+08:00,100.154,100.154,100.078,100.084
2026-06-08T08:00:00+08:00,100.089,100.091,100,100
2026-06-08T09:00:00+08:00,100,100.167,99.988,100.068
2026-06-08T10:00:00+08:00,100.07,100.115,100.034,100.056
2026-06-08T11:00:00+08:00,100.056,100.079,100.026,100.028
2026-06-08T12:00:00+08:00,100.027,100.047,100.007,100.036
2026-06-08T13:00:00+08:00,100.037,100.124,99.966,100.111
2026-06-08T14:00:00+08:00,100.11,100.144,100.068,100.133
2026-06-08T15:00:00+08:00,100.129,100.137,100.03,100.117
2026-06-08T16:00:00+08:00,100.122,100.158,100.069,100.151
2026-06-08T17:00:00+08:00,100.153,100.214,100.103,100.113
2026-06-08T18:00:00+08:00,100.115,100.135,99.99,100.032
2026-06-08T19:00:00+08:00,100.035,100.035,99.874,99.936
2026-06-08T20:00:00+08:00,99.936,99.952,99.884,99.905
2026-06-08T21:00:00+08:00,99.906,99.921,99.819,99.919
2026-06-08T22:00:00+08:00,99.925,100.013,99.894,99.932
2026-06-08T23:00:00+08:00,99.932,99.988,99.892,99.935
2026-06-09T00:00:00+08:00,99.937,99.971,99.918,99.969
2026-06-09T01:00:00+08:00,99.971,100.004,99.953,99.974
2026-06-09T02:00:00+08:00,99.974,100.048,99.941,100.046
2026-06-09T03:00:00+08:00,100.047,100.047,99.999,100.023
2026-06-09T04:00:00+08:00,100.023,100.026,100,100.013
2026-06-09T05:00:00+08:00,100.013,100.013,99.966,99.979
2026-06-09T06:00:00+08:00,99.981,100.005,99.977,100.002
2026-06-09T07:00:00+08:00,100.034,100.051,100.032,100.047
2026-06-09T08:00:00+08:00,100.05,100.057,100.023,100.027
2026-06-09T09:00:00+08:00,100.029,100.032,99.955,99.955
2026-06-09T10:00:00+08:00,99.955,99.979,99.949,99.974
2026-06-09T11:00:00+08:00,99.976,99.995,99.952,99.972
2026-06-09T12:00:00+08:00,99.973,99.983,99.89,99.909
2026-06-09T13:00:00+08:00,99.908,99.951,99.878,99.901
2026-06-09T14:00:00+08:00,99.905,99.913,99.828,99.908
2026-06-09T15:00:00+08:00,99.91,99.958,99.887,99.944
2026-06-09T16:00:00+08:00,99.946,99.963,99.85,99.865
2026-06-09T17:00:00+08:00,99.863,99.868,99.786,99.806
2026-06-09T18:00:00+08:00,99.808,99.817,99.75,99.769
2026-06-09T19:00:00+08:00,99.769,99.77,99.698,99.71
2026-06-09T20:00:00+08:00,99.714,99.737,99.692,99.709
2026-06-09T21:00:00+08:00,99.713,99.782,99.679,99.769
2026-06-09T22:00:00+08:00,99.77,99.837,99.715,99.817
2026-06-09T23:00:00+08:00,99.819,99.95,99.776,99.862
2026-06-10T00:00:00+08:00,99.866,100.077,99.855,99.989
2026-06-10T01:00:00+08:00,99.986,99.991,99.884,99.922
2026-06-10T02:00:00+08:00,99.923,99.936,99.885,99.909
2026-06-10T03:00:00+08:00,99.909,99.981,99.906,99.967
2026-06-10T04:00:00+08:00,99.971,99.976,99.939,99.956
2026-06-10T05:00:00+08:00,99.958,100.008,99.937,99.985
2026-06-10T06:00:00+08:00,99.985,100.002,99.98,99.994
2026-06-10T07:00:00+08:00,100.012,100.031,100.011,100.018
2026-06-10T08:00:00+08:00,100.017,100.032,99.959,99.966
2026-06-10T09:00:00+08:00,99.964,100.015,99.953,99.996
2026-06-10T10:00:00+08:00,100,100.003,99.943,99.97
2026-06-10T11:00:00+08:00,99.97,99.97,99.897,99.909
2026-06-10T12:00:00+08:00,99.914,99.956,99.907,99.94
2026-06-10T13:00:00+08:00,99.944,99.952,99.872,99.879
2026-06-10T14:00:00+08:00,99.877,99.923,99.849,99.923
2026-06-10T15:00:00+08:00,99.922,99.939,99.851,99.888
2026-06-10T16:00:00+08:00,99.889,99.934,99.886,99.903
2026-06-10T17:00:00+08:00,99.905,99.923,99.849,99.864
2026-06-10T18:00:00+08:00,99.866,99.919,99.856,99.908
2026-06-10T19:00:00+08:00,99.911,100.015,99.899,100.008
2026-06-10T20:00:00+08:00,100.01,100.013,99.796,99.923
2026-06-10T21:00:00+08:00,99.922,99.926,99.715,99.803
2026-06-10T22:00:00+08:00,99.804,99.905,99.768,99.893
2026-06-10T23:00:00+08:00,99.896,100.017,99.864,99.919
2026-06-11T00:00:00+08:00,99.923,99.924,99.853,99.898
2026-06-11T01:00:00+08:00,99.901,99.969,99.872,99.907
2026-06-11T02:00:00+08:00,99.91,99.947,99.867,99.946
2026-06-11T03:00:00+08:00,99.944,100.007,99.944,100.006
2026-06-11T04:00:00+08:00,100.007,100.05,100.005,100.044
2026-06-11T05:00:00+08:00,100.048,100.048,100.01,100.038
2026-06-11T06:00:00+08:00,100.038,100.085,100.037,100.083
2026-06-11T07:00:00+08:00,100.115,100.115,100.038,100.053
2026-06-11T08:00:00+08:00,100.051,100.052,99.991,99.993
2026-06-11T09:00:00+08:00,99.994,99.999,99.881,99.905
2026-06-11T10:00:00+08:00,99.903,99.967,99.903,99.952
2026-06-11T11:00:00+08:00,99.949,99.98,99.942,99.966
2026-06-11T12:00:00+08:00,99.966,99.988,99.925,99.94
2026-06-11T13:00:00+08:00,99.944,99.97,99.919,99.952
2026-06-11T14:00:00+08:00,99.958,100.012,99.955,100.003
2026-06-11T15:00:00+08:00,100.005,100.011,99.913,99.992
2026-06-11T16:00:00+08:00,99.991,100.106,99.986,100.089
2026-06-11T17:00:00+08:00,100.092,100.113,100.054,100.076
2026-06-11T18:00:00+08:00,100.08,100.159,100.076,100.1
2026-06-11T19:00:00+08:00,100.102,100.102,100.032,100.055
2026-06-11T20:00:00+08:00,100.056,100.218,100.032,100.059
2026-06-11T21:00:00+08:00,100.06,100.208,100.052,100.125
2026-06-11T22:00:00+08:00,100.123,100.249,100.118,100.224
2026-06-11T23:00:00+08:00,100.226,100.244,100.162,100.232
2026-06-12T00:00:00+08:00,100.229,100.283,100.219,100.267
2026-06-12T01:00:00+08:00,100.266,100.314,99.812,99.91
2026-06-12T02:00:00+08:00,99.913,99.996,99.785,99.858
2026-06-12T03:00:00+08:00,99.86,99.86,99.586,99.674
2026-06-12T04:00:00+08:00,99.676,99.707,99.636,99.694
2026-06-12T05:00:00+08:00,99.694,99.71,99.67,99.7
2026-06-12T06:00:00+08:00,99.697,99.698,99.665,99.675
2026-06-12T07:00:00+08:00,99.67,99.742,99.67,99.735
2026-06-12T08:00:00+08:00,99.738,99.805,99.727,99.785
2026-06-12T09:00:00+08:00,99.786,99.839,99.779,99.83
2026-06-12T10:00:00+08:00,99.833,99.836,99.776,99.81
2026-06-12T11:00:00+08:00,99.812,99.824,99.742,99.764
2026-06-12T12:00:00+08:00,99.761,99.791,99.74,99.77
2026-06-12T13:00:00+08:00,99.768,99.881,99.753,99.879
2026-06-12T14:00:00+08:00,99.881,99.881,99.774,99.784
2026-06-12T15:00:00+08:00,99.786,99.909,99.778,99.826
2026-06-12T16:00:00+08:00,99.826,99.837,99.662,99.73
2026-06-12T17:00:00+08:00,99.73,99.754,99.635,99.668
2026-06-12T18:00:00+08:00,99.67,99.788,99.658,99.748
2026-06-12T19:00:00+08:00,99.751,99.78,99.71,99.776
2026-06-12T20:00:00+08:00,99.775,99.87,99.769,99.84
2026-06-12T21:00:00+08:00,99.84,99.853,99.718,99.8
2026-06-12T22:00:00+08:00,99.802,99.822,99.714,99.745
2026-06-12T23:00:00+08:00,99.747,99.756,99.663,99.747
2026-06-13T00:00:00+08:00,99.749,99.78,99.717,99.739
2026-06-13T01:00:00+08:00,99.738,99.757,99.713,99.739
2026-06-13T02:00:00+08:00,99.741,99.763,99.712,99.745
2026-06-13T03:00:00+08:00,99.746,99.785,99.718,99.765
2026-06-13T04:00:00+08:00,99.765,99.812,99.764,99.806
2026-06-15T06:00:00+08:00,99.536,99.536,99.423,99.476
2026-06-15T07:00:00+08:00,99.478,99.523,99.471,99.515
2026-06-15T08:00:00+08:00,99.514,99.56,99.447,99.554
2026-06-15T09:00:00+08:00,99.559,99.59,99.546,99.577
2026-06-15T10:00:00+08:00,99.58,99.604,99.543,99.556
2026-06-15T11:00:00+08:00,99.558,99.56,99.507,99.514
2026-06-15T12:00:00+08:00,99.519,99.528,99.447,99.454
2026-06-15T13:00:00+08:00,99.458,99.458,99.384,99.424
2026-06-15T14:00:00+08:00,99.426,99.565,99.42,99.518
2026-06-15T15:00:00+08:00,99.523,99.553,99.486,99.525
2026-06-15T16:00:00+08:00,99.527,99.592,99.492,99.564
2026-06-15T17:00:00+08:00,99.563,99.567,99.49,99.527
2026-06-15T18:00:00+08:00,99.526,99.557,99.469,99.508
2026-06-15T19:00:00+08:00,99.507,99.553,99.481,99.536
2026-06-15T20:00:00+08:00,99.536,99.564,99.457,99.479
2026-06-15T21:00:00+08:00,99.479,99.506,99.44,99.462
2026-06-15T22:00:00+08:00,99.467,99.539,99.44,99.504
2026-06-15T23:00:00+08:00,99.508,99.601,99.507,99.588
2026-06-16T00:00:00+08:00,99.591,99.598,99.543,99.558
2026-06-16T01:00:00+08:00,99.561,99.595,99.555,99.586
2026-06-16T02:00:00+08:00,99.585,99.633,99.561,99.63
2026-06-16T03:00:00+08:00,99.628,99.709,99.616,99.707
2026-06-16T04:00:00+08:00,99.705,99.714,99.672,99.673
2026-06-16T05:00:00+08:00,99.676,99.685,99.631,99.67
2026-06-16T06:00:00+08:00,99.672,99.676,99.658,99.661
2026-06-16T07:00:00+08:00,99.642,99.656,99.638,99.653
2026-06-16T08:00:00+08:00,99.656,99.681,99.636,99.637
2026-06-16T09:00:00+08:00,99.639,99.685,99.619,99.676
2026-06-16T10:00:00+08:00,99.677,99.721,99.668,99.68
2026-06-16T11:00:00+08:00,99.676,99.717,99.674,99.694
2026-06-16T12:00:00+08:00,99.699,99.791,99.69,99.756
2026-06-16T13:00:00+08:00,99.759,99.788,99.741,99.783
2026-06-16T14:00:00+08:00,99.786,99.791,99.691,99.694
2026-06-16T15:00:00+08:00,99.697,99.711,99.636,99.636
2026-06-16T16:00:00+08:00,99.639,99.658,99.578,99.585
2026-06-16T17:00:00+08:00,99.582,99.63,99.563,99.616
2026-06-16T18:00:00+08:00,99.622,99.623,99.528,99.532
2026-06-16T19:00:00+08:00,99.534,99.651,99.534,99.639
2026-06-16T20:00:00+08:00,99.641,99.694,99.618,99.627
2026-06-16T21:00:00+08:00,99.629,99.675,99.596,99.664
2026-06-16T22:00:00+08:00,99.662,99.701,99.547,99.556
2026-06-16T23:00:00+08:00,99.554,99.613,99.467,99.502
2026-06-17T00:00:00+08:00,99.506,99.525,99.461,99.511
2026-06-17T01:00:00+08:00,99.516,99.543,99.509,99.534
2026-06-17T02:00:00+08:00,99.535,99.569,99.514,99.539
2026-06-17T03:00:00+08:00,99.537,99.582,99.514,99.566
2026-06-17T04:00:00+08:00,99.565,99.578,99.551,99.558
2026-06-17T05:00:00+08:00,99.558,99.561,99.523,99.55
2026-06-17T06:00:00+08:00,99.549,99.549,99.537,99.539
2026-06-17T07:00:00+08:00,99.52,99.556,99.52,99.551
2026-06-17T08:00:00+08:00,99.554,99.556,99.495,99.505
2026-06-17T09:00:00+08:00,99.509,99.536,99.491,99.524
2026-06-17T10:00:00+08:00,99.523,99.54,99.498,99.54
2026-06-17T11:00:00+08:00,99.543,99.548,99.518,99.532
2026-06-17T12:00:00+08:00,99.532,99.535,99.501,99.507
2026-06-17T13:00:00+08:00,99.51,99.528,99.492,99.516
2026-06-17T14:00:00+08:00,99.516,99.582,99.504,99.55
2026-06-17T15:00:00+08:00,99.552,99.574,99.504,99.533
2026-06-17T16:00:00+08:00,99.535,99.618,99.533,99.579
2026-06-17T17:00:00+08:00,99.577,99.589,99.547,99.566
2026-06-17T18:00:00+08:00,99.567,99.631,99.563,99.623
2026-06-17T19:00:00+08:00,99.622,99.713,99.621,99.67
2026-06-17T20:00:00+08:00,99.668,99.677,99.589,99.596
2026-06-17T21:00:00+08:00,99.595,99.643,99.585,99.624
2026-06-17T22:00:00+08:00,99.631,99.743,99.621,99.7
2026-06-17T23:00:00+08:00,99.704,99.722,99.669,99.679
2026-06-18T00:00:00+08:00,99.683,99.711,99.672,99.684
2026-06-18T01:00:00+08:00,99.686,99.704,99.634,99.636
2026-06-18T02:00:00+08:00,99.655,100.112,99.655,100.088
2026-06-18T03:00:00+08:00,100.094,100.574,100.072,100.462
2026-06-18T04:00:00+08:00,100.463,100.509,100.359,100.384
2026-06-18T05:00:00+08:00,100.387,100.399,100.358,100.373
2026-06-18T06:00:00+08:00,100.372,100.393,100.361,100.387
2026-06-18T07:00:00+08:00,100.338,100.359,100.338,100.35
2026-06-18T08:00:00+08:00,100.35,100.35,100.239,100.291
2026-06-18T09:00:00+08:00,100.294,100.295,100.239,100.283
2026-06-18T10:00:00+08:00,100.287,100.311,100.242,100.265
2026-06-18T11:00:00+08:00,100.266,100.272,100.222,100.229
2026-06-18T12:00:00+08:00,100.232,100.255,100.209,100.235
2026-06-18T13:00:00+08:00,100.24,100.337,100.225,100.333
2026-06-18T14:00:00+08:00,100.336,100.336,100.206,100.265
2026-06-18T15:00:00+08:00,100.264,100.372,100.247,100.317
2026-06-18T16:00:00+08:00,100.321,100.581,100.315,100.578
2026-06-18T17:00:00+08:00,100.579,100.631,100.54,100.613
2026-06-18T18:00:00+08:00,100.615,100.749,100.612,100.739
2026-06-18T19:00:00+08:00,100.744,100.803,100.705,100.783
2026-06-18T20:00:00+08:00,100.785,100.807,100.596,100.673
2026-06-18T21:00:00+08:00,100.677,100.73,100.566,100.653
2026-06-18T22:00:00+08:00,100.656,100.693,100.546,100.558
2026-06-18T23:00:00+08:00,100.557,100.744,100.546,100.744
2026-06-19T00:00:00+08:00,100.745,100.806,100.714,100.777
2026-06-19T01:00:00+08:00,100.78,100.811,100.711,100.81
2026-06-19T02:00:00+08:00,100.811,100.851,100.785,100.849
2026-06-19T03:00:00+08:00,100.851,100.918,100.787,100.838
2026-06-19T04:00:00+08:00,100.838,100.853,100.785,100.83
2026-06-19T05:00:00+08:00,100.833,100.833,100.77,100.791
2026-06-19T06:00:00+08:00,100.792,100.825,100.792,100.815
2026-06-19T07:00:00+08:00,100.813,100.837,100.81,100.83
2026-06-19T08:00:00+08:00,100.827,100.829,100.755,100.777
2026-06-19T09:00:00+08:00,100.779,100.865,100.76,100.862
2026-06-19T10:00:00+08:00,100.86,100.875,100.817,100.849
2026-06-19T11:00:00+08:00,100.847,100.953,100.847,100.95
2026-06-19T12:00:00+08:00,100.948,101.063,100.945,101.051
2026-06-19T13:00:00+08:00,101.054,101.127,100.984,101.007
2026-06-19T14:00:00+08:00,101.01,101.024,100.922,100.925
2026-06-19T15:00:00+08:00,100.927,100.941,100.87,100.912
2026-06-19T16:00:00+08:00,100.915,100.916,100.756,100.766
2026-06-19T17:00:00+08:00,100.768,100.803,100.753,100.785
2026-06-19T18:00:00+08:00,100.787,100.846,100.769,100.778
2026-06-19T19:00:00+08:00,100.783,100.806,100.74,100.793
2026-06-19T20:00:00+08:00,100.795,100.795,100.699,100.726
2026-06-19T21:00:00+08:00,100.724,100.85,100.718,100.806
2026-06-19T22:00:00+08:00,100.809,100.85,100.761,100.773
2026-06-19T23:00:00+08:00,100.775,100.829,100.721,100.816
2026-06-20T00:00:00+08:00,100.819,100.833,100.774,100.781
2026-06-20T01:00:00+08:00,100.786,100.79,100.707,100.736
2026-06-20T02:00:00+08:00,100.738,100.746,100.697,100.727
2026-06-20T03:00:00+08:00,100.725,100.737,100.712,100.736
2026-06-20T04:00:00+08:00,100.735,100.764,100.721,100.76
2026-06-22T06:00:00+08:00,100.839,100.87,100.81,100.85
2026-06-22T07:00:00+08:00,100.851,100.885,100.823,100.851
2026-06-22T08:00:00+08:00,100.85,100.885,100.815,100.816
2026-06-22T09:00:00+08:00,100.82,100.843,100.76,100.842
2026-06-22T10:00:00+08:00,100.845,100.873,100.807,100.825
2026-06-22T11:00:00+08:00,100.824,100.913,100.814,100.9
2026-06-22T12:00:00+08:00,100.905,100.936,100.898,100.914
2026-06-22T13:00:00+08:00,100.917,100.924,100.851,100.923
2026-06-22T14:00:00+08:00,100.927,100.94,100.86,100.881
2026-06-22T15:00:00+08:00,100.887,100.991,100.862,100.978
2026-06-22T16:00:00+08:00,100.979,101.017,100.92,100.944
2026-06-22T17:00:00+08:00,100.942,100.946,100.841,100.877
2026-06-22T18:00:00+08:00,100.877,100.891,100.823,100.879
2026-06-22T19:00:00+08:00,100.882,100.938,100.853,100.932
2026-06-22T20:00:00+08:00,100.934,100.937,100.803,100.861
2026-06-22T21:00:00+08:00,100.862,101.043,100.861,101.041
2026-06-22T22:00:00+08:00,101.042,101.056,100.816,100.87
2026-06-22T23:00:00+08:00,100.872,100.998,100.821,100.987
2026-06-23T00:00:00+08:00,100.99,101.035,100.981,100.992
2026-06-23T01:00:00+08:00,100.996,101.019,100.977,100.998
2026-06-23T02:00:00+08:00,100.997,101.033,100.981,101.02
2026-06-23T03:00:00+08:00,101.024,101.076,101.011,101.024
2026-06-23T04:00:00+08:00,101.028,101.028,100.995,101.002
2026-06-23T05:00:00+08:00,101,101.009,100.986,100.996
2026-06-23T06:00:00+08:00,101.001,101.001,100.994,100.997
2026-06-23T07:00:00+08:00,101.005,101.021,101.005,101.013
2026-06-23T08:00:00+08:00,101.018,101.045,101.005,101.015
2026-06-23T09:00:00+08:00,101.012,101.053,101.009,101.022
2026-06-23T10:00:00+08:00,101.022,101.036,100.98,101.033
2026-06-23T11:00:00+08:00,101.036,101.084,100.999,101.003
2026-06-23T12:00:00+08:00,101.003,101.085,100.998,101.078
2026-06-23T13:00:00+08:00,101.076,101.092,101.042,101.061
2026-06-23T14:00:00+08:00,101.064,101.107,101.024,101.076
2026-06-23T15:00:00+08:00,101.077,101.151,100.952,101.13
2026-06-23T16:00:00+08:00,101.132,101.186,101.084,101.166
2026-06-23T17:00:00+08:00,101.162,101.181,101.131,101.132
2026-06-23T18:00:00+08:00,101.137,101.249,101.12,101.213
2026-06-23T19:00:00+08:00,101.218,101.335,101.192,101.327
2026-06-23T20:00:00+08:00,101.331,101.335,101.255,101.294
2026-06-23T21:00:00+08:00,101.298,101.33,101.209,101.281
2026-06-23T22:00:00+08:00,101.284,101.39,101.267,101.351
2026-06-23T23:00:00+08:00,101.351,101.402,101.328,101.369
2026-06-24T00:00:00+08:00,101.371,101.406,101.354,101.399
2026-06-24T01:00:00+08:00,101.404,101.423,101.383,101.4
2026-06-24T02:00:00+08:00,101.4,101.433,101.392,101.408
2026-06-24T03:00:00+08:00,101.407,101.411,101.368,101.392
2026-06-24T04:00:00+08:00,101.395,101.407,101.37,101.376
2026-06-24T05:00:00+08:00,101.38,101.38,101.352,101.36
2026-06-24T06:00:00+08:00,101.36,101.393,101.36,101.389
2026-06-24T07:00:00+08:00,101.37,101.393,101.356,101.392
2026-06-24T08:00:00+08:00,101.393,101.433,101.366,101.41
2026-06-24T09:00:00+08:00,101.409,101.448,101.394,101.4
2026-06-24T10:00:00+08:00,101.402,101.473,101.391,101.468
2026-06-24T11:00:00+08:00,101.472,101.512,101.447,101.458
2026-06-24T12:00:00+08:00,101.46,101.503,101.455,101.488
2026-06-24T13:00:00+08:00,101.487,101.493,101.456,101.465
2026-06-24T14:00:00+08:00,101.467,101.552,101.41,101.541
2026-06-24T15:00:00+08:00,101.54,101.59,101.519,101.589
2026-06-24T16:00:00+08:00,101.59,101.687,101.555,101.578
2026-06-24T17:00:00+08:00,101.58,101.644,101.568,101.635
2026-06-24T18:00:00+08:00,101.635,101.696,101.633,101.68
2026-06-24T19:00:00+08:00,101.685,101.708,101.604,101.672
2026-06-24T20:00:00+08:00,101.674,101.792,101.628,101.765
2026-06-24T21:00:00+08:00,101.767,101.8,101.628,101.657
2026-06-24T22:00:00+08:00,101.659,101.732,101.605,101.701
2026-06-24T23:00:00+08:00,101.702,101.712,101.552,101.645
2026-06-25T00:00:00+08:00,101.646,101.655,101.493,101.556
2026-06-25T01:00:00+08:00,101.559,101.653,101.542,101.647
2026-06-25T02:00:00+08:00,101.65,101.65,101.56,101.608
2026-06-25T03:00:00+08:00,101.608,101.646,101.577,101.62
2026-06-25T04:00:00+08:00,101.622,101.633,101.566,101.575
2026-06-25T05:00:00+08:00,101.573,101.593,101.545,101.568
2026-06-25T06:00:00+08:00,101.569,101.586,101.568,101.586
2026-06-25T07:00:00+08:00,101.597,101.613,101.589,101.605
2026-06-25T08:00:00+08:00,101.605,101.651,101.594,101.606
2026-06-25T09:00:00+08:00,101.608,101.608,101.485,101.57
2026-06-25T10:00:00+08:00,101.572,101.584,101.509,101.527
2026-06-25T11:00:00+08:00,101.529,101.532,101.475,101.484
2026-06-25T12:00:00+08:00,101.484,101.511,101.471,101.499
2026-06-25T13:00:00+08:00,101.505,101.56,101.491,101.549
2026-06-25T14:00:00+08:00,101.551,101.614,101.532,101.605
2026-06-25T15:00:00+08:00,101.606,101.661,101.534,101.54
2026-06-25T16:00:00+08:00,101.543,101.543,101.443,101.482
2026-06-25T17:00:00+08:00,101.482,101.535,101.447,101.535
2026-06-25T18:00:00+08:00,101.532,101.68,101.532,101.659
2026-06-25T19:00:00+08:00,101.658,101.746,101.658,101.717
2026-06-25T20:00:00+08:00,101.72,101.729,101.507,101.595
2026-06-25T21:00:00+08:00,101.597,101.627,101.46,101.508
2026-06-25T22:00:00+08:00,101.503,101.512,101.339,101.403
2026-06-25T23:00:00+08:00,101.408,101.422,101.307,101.33
2026-06-26T00:00:00+08:00,101.331,101.415,101.305,101.41
2026-06-26T01:00:00+08:00,101.411,101.439,101.387,101.415
2026-06-26T02:00:00+08:00,101.417,101.458,101.376,101.431
2026-06-26T03:00:00+08:00,101.429,101.464,101.379,101.423
2026-06-26T04:00:00+08:00,101.427,101.458,101.411,101.458
2026-06-26T05:00:00+08:00,101.458,101.461,101.415,101.425
2026-06-26T06:00:00+08:00,101.426,101.442,101.424,101.44
2026-06-26T07:00:00+08:00,101.503,101.521,101.499,101.509
2026-06-26T08:00:00+08:00,101.511,101.515,101.472,101.485
2026-06-26T09:00:00+08:00,101.487,101.539,101.453,101.518
2026-06-26T10:00:00+08:00,101.522,101.57,101.496,101.532
2026-06-26T11:00:00+08:00,101.531,101.539,101.424,101.426
2026-06-26T12:00:00+08:00,101.429,101.443,101.384,101.384
2026-06-26T13:00:00+08:00,101.389,101.399,101.342,101.36
2026-06-26T14:00:00+08:00,101.362,101.433,101.346,101.403
2026-06-26T15:00:00+08:00,101.402,101.421,101.303,101.331
2026-06-26T16:00:00+08:00,101.332,101.356,101.185,101.228
2026-06-26T17:00:00+08:00,101.23,101.267,101.143,101.189
2026-06-26T18:00:00+08:00,101.189,101.236,101.178,101.199
2026-06-26T19:00:00+08:00,101.202,101.289,101.193,101.251
2026-06-26T20:00:00+08:00,101.257,101.259,101.045,101.09
2026-06-26T21:00:00+08:00,101.095,101.185,101.072,101.083
2026-06-26T22:00:00+08:00,101.085,101.314,101.056,101.31
2026-06-26T23:00:00+08:00,101.314,101.324,101.184,101.219
2026-06-27T00:00:00+08:00,101.224,101.372,101.215,101.327
2026-06-27T01:00:00+08:00,101.331,101.366,101.301,101.354
2026-06-27T02:00:00+08:00,101.356,101.362,101.315,101.357
2026-06-27T03:00:00+08:00,101.358,101.385,101.322,101.336
2026-06-27T04:00:00+08:00,101.343,101.392,101.307,101.366
2026-06-29T06:00:00+08:00,101.368,101.393,101.36,101.366
2026-06-29T07:00:00+08:00,101.364,101.391,101.353,101.366
2026-06-29T08:00:00+08:00,101.369,101.38,101.34,101.348
2026-06-29T09:00:00+08:00,101.349,101.376,101.323,101.368
2026-06-29T10:00:00+08:00,101.37,101.371,101.296,101.345
2026-06-29T11:00:00+08:00,101.347,101.376,101.324,101.375
2026-06-29T12:00:00+08:00,101.376,101.394,101.362,101.381
2026-06-29T13:00:00+08:00,101.385,101.385,101.288,101.292
2026-06-29T14:00:00+08:00,101.295,101.308,101.154,101.164
2026-06-29T15:00:00+08:00,101.172,101.26,101.168,101.248
2026-06-29T16:00:00+08:00,101.25,101.331,101.216,101.31
2026-06-29T17:00:00+08:00,101.311,101.316,101.245,101.248
2026-06-29T18:00:00+08:00,101.249,101.281,101.227,101.236
2026-06-29T19:00:00+08:00,101.237,101.277,101.188,101.2
2026-06-29T20:00:00+08:00,101.207,101.275,101.207,101.255
2026-06-29T21:00:00+08:00,101.253,101.269,101.191,101.213
2026-06-29T22:00:00+08:00,101.216,101.26,101.135,101.146
2026-06-29T23:00:00+08:00,101.148,101.179,101.123,101.129
2026-06-30T00:00:00+08:00,101.131,101.131,101.071,101.106
2026-06-30T01:00:00+08:00,101.109,101.139,101.083,101.091
2026-06-30T02:00:00+08:00,101.096,101.11,101.079,101.107
2026-06-30T03:00:00+08:00,101.107,101.13,101.083,101.096
2026-06-30T04:00:00+08:00,101.099,101.127,101.084,101.121
2026-06-30T05:00:00+08:00,101.124,101.133,101.099,101.107
2026-06-30T06:00:00+08:00,101.107,101.113,101.105,101.111
2026-06-30T07:00:00+08:00,101.122,101.147,101.122,101.146
2026-06-30T08:00:00+08:00,101.147,101.243,101.143,101.193
2026-06-30T09:00:00+08:00,101.191,101.298,101.181,101.288
2026-06-30T10:00:00+08:00,101.284,101.301,101.259,101.283
2026-06-30T11:00:00+08:00,101.285,101.329,101.267,101.317
2026-06-30T12:00:00+08:00,101.318,101.379,101.309,101.379
2026-06-30T13:00:00+08:00,101.379,101.425,101.35,101.413
2026-06-30T14:00:00+08:00,101.418,101.428,101.271,101.276
2026-06-30T15:00:00+08:00,101.279,101.325,101.226,101.314
2026-06-30T16:00:00+08:00,101.319,101.432,101.311,101.361
2026-06-30T17:00:00+08:00,101.36,101.394,101.332,101.34
2026-06-30T18:00:00+08:00,101.344,101.377,101.299,101.301
2026-06-30T19:00:00+08:00,101.306,101.432,101.3,101.376
2026-06-30T20:00:00+08:00,101.38,101.426,101.313,101.36
2026-06-30T21:00:00+08:00,101.362,101.373,101.269,101.345
2026-06-30T22:00:00+08:00,101.349,101.389,101.059,101.071
2026-06-30T23:00:00+08:00,101.072,101.216,101.049,101.206
2026-07-01T00:00:00+08:00,101.208,101.249,101.199,101.236
2026-07-01T01:00:00+08:00,101.238,101.238,101.167,101.176
2026-07-01T02:00:00+08:00,101.177,101.192,101.137,101.186
2026-07-01T03:00:00+08:00,101.191,101.222,101.129,101.133
2026-07-01T04:00:00+08:00,101.132,101.178,101.123,101.169
2026-07-01T05:00:00+08:00,101.168,101.191,101.152,101.16
2026-07-01T06:00:00+08:00,101.161,101.179,101.161,101.172
2026-07-01T07:00:00+08:00,101.218,101.246,101.218,101.244
2026-07-01T08:00:00+08:00,101.24,101.288,101.234,101.273
2026-07-01T09:00:00+08:00,101.277,101.328,101.272,101.318
2026-07-01T10:00:00+08:00,101.322,101.332,101.291,101.319
2026-07-01T11:00:00+08:00,101.318,101.353,101.296,101.332
2026-07-01T12:00:00+08:00,101.329,101.347,101.272,101.289
2026-07-01T13:00:00+08:00,101.29,101.319,101.27,101.301
2026-07-01T14:00:00+08:00,101.301,101.349,101.278,101.317
2026-07-01T15:00:00+08:00,101.32,101.396,101.306,101.325
2026-07-01T16:00:00+08:00,101.329,101.375,101.316,101.359
2026-07-01T17:00:00+08:00,101.363,101.43,101.339,101.416
2026-07-01T18:00:00+08:00,101.419,101.426,101.317,101.336
2026-07-01T19:00:00+08:00,101.337,101.43,101.33,101.43
2026-07-01T20:00:00+08:00,101.43,101.54,101.41,101.521
2026-07-01T21:00:00+08:00,101.521,101.595,101.19,101.314
2026-07-01T22:00:00+08:00,101.316,101.363,101.222,101.289
2026-07-01T23:00:00+08:00,101.292,101.396,101.278,101.352
2026-07-02T00:00:00+08:00,101.354,101.374,101.268,101.359
2026-07-02T01:00:00+08:00,101.363,101.391,101.336,101.379
2026-07-02T02:00:00+08:00,101.384,101.43,101.367,101.391
2026-07-02T03:00:00+08:00,101.392,101.41,101.378,101.401
2026-07-02T04:00:00+08:00,101.4,101.444,101.396,101.415
2026-07-02T05:00:00+08:00,101.421,101.421,101.392,101.406
2026-07-02T06:00:00+08:00,101.404,101.415,101.4,101.412
2026-07-02T07:00:00+08:00,101.402,101.408,101.398,101.407
2026-07-02T08:00:00+08:00,101.408,101.43,101.365,101.416
2026-07-02T09:00:00+08:00,101.415,101.418,101.337,101.371
2026-07-02T10:00:00+08:00,101.374,101.376,101.316,101.367
2026-07-02T11:00:00+08:00,101.371,101.402,101.357,101.359
2026-07-02T12:00:00+08:00,101.361,101.362,101.317,101.327
2026-07-02T13:00:00+08:00,101.333,101.36,101.314,101.327
2026-07-02T14:00:00+08:00,101.325,101.327,101.097,101.208
2026-07-02T15:00:00+08:00,101.212,101.25,101.065,101.078
2026-07-02T16:00:00+08:00,101.08,101.082,100.922,100.931
2026-07-02T17:00:00+08:00,100.934,101.042,100.926,101.026
2026-07-02T18:00:00+08:00,101.027,101.106,101.024,101.051
2026-07-02T19:00:00+08:00,101.053,101.153,101.027,101.128
2026-07-02T20:00:00+08:00,101.131,101.205,100.558,100.732
2026-07-02T21:00:00+08:00,100.736,100.831,100.688,100.707
2026-07-02T22:00:00+08:00,100.712,100.852,100.652,100.764
2026-07-02T23:00:00+08:00,100.765,100.797,100.705,100.75
2026-07-03T00:00:00+08:00,100.755,100.847,100.744,100.82
2026-07-03T01:00:00+08:00,100.822,100.899,100.817,100.878
2026-07-03T02:00:00+08:00,100.881,100.887,100.828,100.857
2026-07-03T03:00:00+08:00,100.861,100.916,100.854,100.883
2026-07-03T04:00:00+08:00,100.885,100.892,100.845,100.869
2026-07-03T05:00:00+08:00,100.874,100.886,100.848,100.855
2026-07-03T06:00:00+08:00,100.853,100.857,100.845,100.848
2026-07-03T07:00:00+08:00,100.913,100.976,100.913,100.973
2026-07-03T08:00:00+08:00,100.976,100.992,100.889,100.89
2026-07-03T09:00:00+08:00,100.892,100.898,100.768,100.839
2026-07-03T10:00:00+08:00,100.841,100.848,100.771,100.807
2026-07-03T11:00:00+08:00,100.806,100.833,100.795,100.8
2026-07-03T12:00:00+08:00,100.799,100.814,100.758,100.758
2026-07-03T13:00:00+08:00,100.758,100.762,100.683,100.744
2026-07-03T14:00:00+08:00,100.746,100.746,100.603,100.691
2026-07-03T15:00:00+08:00,100.694,100.748,100.654,100.681
2026-07-03T16:00:00+08:00,100.682,100.735,100.672,100.729
2026-07-03T17:00:00+08:00,100.731,100.817,100.726,100.814
2026-07-03T18:00:00+08:00,100.816,100.817,100.749,100.774
2026-07-03T19:00:00+08:00,100.779,100.783,100.704,100.756
2026-07-03T20:00:00+08:00,100.755,100.795,100.745,100.793
2026-07-03T21:00:00+08:00,100.794,100.859,100.789,100.841
2026-07-03T22:00:00+08:00,100.845,100.853,100.779,100.823
2026-07-03T23:00:00+08:00,100.824,100.875,100.809,100.854
2026-07-04T00:00:00+08:00,100.854,100.879,100.84,100.857
2026-07-04T01:00:00+08:00,100.857,100.857,100.826,100.834
2026-07-04T02:00:00+08:00,100.833,100.851,100.825,100.843
2026-07-04T03:00:00+08:00,100.846,100.872,100.835,100.866
2026-07-04T04:00:00+08:00,100.87,100.888,100.862,100.878
2026-07-06T06:00:00+08:00,100.857,100.878,100.826,100.873
2026-07-06T07:00:00+08:00,100.875,100.904,100.861,100.872
2026-07-06T08:00:00+08:00,100.878,100.918,100.847,100.87
2026-07-06T09:00:00+08:00,100.874,100.972,100.866,100.971
2026-07-06T10:00:00+08:00,100.969,100.977,100.918,100.928
2026-07-06T11:00:00+08:00,100.928,100.978,100.914,100.951
2026-07-06T12:00:00+08:00,100.95,100.956,100.929,100.948
2026-07-06T13:00:00+08:00,100.951,101.028,100.947,101.025
2026-07-06T14:00:00+08:00,101.028,101.071,100.987,101.048
2026-07-06T15:00:00+08:00,101.055,101.097,100.999,101.006
2026-07-06T16:00:00+08:00,101.006,101.107,101,101.069
2026-07-06T17:00:00+08:00,101.068,101.136,101.067,101.12
2026-07-06T18:00:00+08:00,101.124,101.145,101.052,101.067
2026-07-06T19:00:00+08:00,101.07,101.115,101.061,101.086
2026-07-06T20:00:00+08:00,101.09,101.138,101.052,101.118
2026-07-06T21:00:00+08:00,101.122,101.137,101.038,101.107
2026-07-06T22:00:00+08:00,101.11,101.128,101.053,101.081
2026-07-06T23:00:00+08:00,101.083,101.089,101,101.009
2026-07-07T00:00:00+08:00,101.007,101.014,100.956,100.967
2026-07-07T01:00:00+08:00,100.967,100.972,100.897,100.916
2026-07-07T02:00:00+08:00,100.919,100.929,100.838,100.854
2026-07-07T03:00:00+08:00,100.857,100.895,100.854,100.867
2026-07-07T04:00:00+08:00,100.866,100.886,100.858,100.871
2026-07-07T05:00:00+08:00,100.873,100.875,100.842,100.844
2026-07-07T06:00:00+08:00,100.847,100.858,100.842,100.855
2026-07-07T07:00:00+08:00,100.842,100.871,100.84,100.869
2026-07-07T08:00:00+08:00,100.871,100.902,100.862,100.898
2026-07-07T09:00:00+08:00,100.899,100.908,100.803,100.837
2026-07-07T10:00:00+08:00,100.838,100.876,100.816,100.876
2026-07-07T11:00:00+08:00,100.873,100.894,100.837,100.887
2026-07-07T12:00:00+08:00,100.89,100.892,100.853,100.89
2026-07-07T13:00:00+08:00,100.89,100.949,100.875,100.922
2026-07-07T14:00:00+08:00,100.923,100.976,100.916,100.952
2026-07-07T15:00:00+08:00,100.954,100.978,100.903,100.972
2026-07-07T16:00:00+08:00,100.975,100.977,100.887,100.939
2026-07-07T17:00:00+08:00,100.944,100.978,100.928,100.976
2026-07-07T18:00:00+08:00,100.974,100.999,100.919,100.923
2026-07-07T19:00:00+08:00,100.928,100.975,100.873,100.927
2026-07-07T20:00:00+08:00,100.931,100.942,100.852,100.902
2026-07-07T21:00:00+08:00,100.901,100.952,100.866,100.917
2026-07-07T22:00:00+08:00,100.921,101.007,100.885,100.922
2026-07-07T23:00:00+08:00,100.924,100.993,100.909,100.989
2026-07-08T00:00:00+08:00,100.992,101.02,100.965,100.983
2026-07-08T01:00:00+08:00,100.986,100.996,100.935,100.945
2026-07-08T02:00:00+08:00,100.947,101.034,100.93,101.021
2026-07-08T03:00:00+08:00,101.027,101.126,101.02,101.058
2026-07-08T04:00:00+08:00,101.061,101.103,101.049,101.092
2026-07-08T05:00:00+08:00,101.088,101.148,101.071,101.119
2026-07-08T06:00:00+08:00,101.119,101.136,101.116,101.121
2026-07-08T07:00:00+08:00,101.158,101.194,101.158,101.186
2026-07-08T08:00:00+08:00,101.189,101.196,101.109,101.138
2026-07-08T09:00:00+08:00,101.14,101.215,101.123,101.155
2026-07-08T10:00:00+08:00,101.159,101.167,101.107,101.117
2026-07-08T11:00:00+08:00,101.119,101.119,101.07,101.095
2026-07-08T12:00:00+08:00,101.097,101.125,101.086,101.094
2026-07-08T13:00:00+08:00,101.097,101.107,101.037,101.054
2026-07-08T14:00:00+08:00,101.057,101.066,100.987,101.016
2026-07-08T15:00:00+08:00,101.016,101.061,100.95,100.983
2026-07-08T16:00:00+08:00,100.984,101.183,100.97,101.134
2026-07-08T17:00:00+08:00,101.136,101.239,101.099,101.152
2026-07-08T18:00:00+08:00,101.155,101.174,101.066,101.125
2026-07-08T19:00:00+08:00,101.126,101.256,101.121,101.219
2026-07-08T20:00:00+08:00,101.223,101.224,101.128,101.223
2026-07-08T21:00:00+08:00,101.225,101.225,101.077,101.113
2026-07-08T22:00:00+08:00,101.112,101.17,101.086,101.141
2026-07-08T23:00:00+08:00,101.143,101.275,101.11,101.244
2026-07-09T00:00:00+08:00,101.248,101.248,101.076,101.082
2026-07-09T01:00:00+08:00,101.083,101.083,100.98,101.047
2026-07-09T02:00:00+08:00,101.05,101.063,100.961,100.989
2026-07-09T03:00:00+08:00,100.989,101.01,100.946,100.97
2026-07-09T04:00:00+08:00,100.971,101.078,100.968,101.069
2026-07-09T05:00:00+08:00,101.071,101.071,101.029,101.05
2026-07-09T06:00:00+08:00,101.055,101.066,101.05,101.066
2026-07-09T07:00:00+08:00,101.035,101.039,101.02,101.027
2026-07-09T08:00:00+08:00,101.024,101.025,100.943,100.983
2026-07-09T09:00:00+08:00,100.982,101.038,100.968,100.983
2026-07-09T10:00:00+08:00,100.985,101.008,100.964,100.996
2026-07-09T11:00:00+08:00,101,101.011,100.945,100.976
2026-07-09T12:00:00+08:00,100.979,101,100.966,100.97
2026-07-09T13:00:00+08:00,100.972,100.975,100.913,100.935
2026-07-09T14:00:00+08:00,100.936,100.936,100.786,100.844
2026-07-09T15:00:00+08:00,100.842,100.931,100.839,100.903
2026-07-09T16:00:00+08:00,100.907,100.978,100.88,100.97
2026-07-09T17:00:00+08:00,100.969,100.998,100.938,100.946
2026-07-09T18:00:00+08:00,100.948,101.032,100.94,101.014
2026-07-09T19:00:00+08:00,101.017,101.039,100.973,100.979
2026-07-09T20:00:00+08:00,100.981,101.021,100.922,101.008
2026-07-09T21:00:00+08:00,101.01,101.014,100.898,100.9
2026-07-09T22:00:00+08:00,100.904,100.958,100.84,100.936
2026-07-09T23:00:00+08:00,100.936,100.966,100.863,100.873
2026-07-10T00:00:00+08:00,100.872,100.904,100.847,100.887
2026-07-10T01:00:00+08:00,100.89,100.906,100.854,100.872
2026-07-10T02:00:00+08:00,100.875,100.924,100.868,100.903
2026-07-10T03:00:00+08:00,100.9,100.972,100.897,100.951
2026-07-10T04:00:00+08:00,100.956,100.956,100.931,100.937
2026-07-10T05:00:00+08:00,100.934,100.948,100.918,100.94
2026-07-10T06:00:00+08:00,100.94,100.948,100.936,100.936
2026-07-10T07:00:00+08:00,100.914,100.92,100.91,100.913
2026-07-10T08:00:00+08:00,100.915,100.938,100.806,100.829
2026-07-10T09:00:00+08:00,100.83,100.85,100.714,100.731
2026-07-10T10:00:00+08:00,100.735,100.742,100.598,100.625
2026-07-10T11:00:00+08:00,100.628,100.716,100.614,100.696
2026-07-10T12:00:00+08:00,100.701,100.787,100.696,100.76
2026-07-10T13:00:00+08:00,100.761,100.817,100.736,100.778
2026-07-10T14:00:00+08:00,100.782,100.791,100.714,100.767
2026-07-10T15:00:00+08:00,100.769,100.822,100.764,100.815
2026-07-10T16:00:00+08:00,100.816,100.87,100.774,100.867
2026-07-10T17:00:00+08:00,100.867,100.898,100.837,100.893
2026-07-10T18:00:00+08:00,100.895,100.895,100.813,100.825
2026-07-10T19:00:00+08:00,100.83,100.893,100.812,100.848
2026-07-10T20:00:00+08:00,100.847,100.901,100.766,100.853
2026-07-10T21:00:00+08:00,100.855,100.938,100.853,100.927
2026-07-10T22:00:00+08:00,100.93,100.991,100.867,100.915
2026-07-10T23:00:00+08:00,100.918,100.926,100.75,100.758
2026-07-11T00:00:00+08:00,100.76,100.826,100.727,100.824
2026-07-11T01:00:00+08:00,100.829,100.939,100.816,100.933
2026-07-11T02:00:00+08:00,100.932,100.989,100.929,100.95
2026-07-11T03:00:00+08:00,100.955,100.979,100.95,100.962
2026-07-11T04:00:00+08:00,100.963,100.997,100.945,100.965